2026-02-06 04:35:56,373 - gmail-watcher - ERROR - Gmail credentials not found at ./config/gmail_credentials.json
2026-02-06 04:35:56,397 - gmail-watcher - ERROR - Please download credentials from Google Cloud Console
2026-02-06 04:37:26,583 - gmail-watcher - ERROR - Gmail credentials not found at ./config/gmail_credentials.json
2026-02-06 04:37:26,608 - gmail-watcher - ERROR - Please download credentials from Google Cloud Console
2026-02-06 04:38:41,221 - gmail-watcher - ERROR - Gmail credentials not found at ./config/gmail_credentials.json
2026-02-06 04:38:41,224 - gmail-watcher - ERROR - Please download credentials from Google Cloud Console
2026-02-06 04:39:18,113 - gmail-watcher - ERROR - Gmail credentials not found at ./config/gmail_credentials.json
2026-02-06 04:39:18,116 - gmail-watcher - ERROR - Please download credentials from Google Cloud Console
2026-02-06 04:39:56,215 - gmail-watcher - ERROR - Gmail credentials not found at ./config/gmail_credentials.json
2026-02-06 04:39:56,226 - gmail-watcher - ERROR - Please download credentials from Google Cloud Console
2026-02-06 04:40:28,132 - gmail-watcher - ERROR - Gmail credentials not found at ./config/gmail_credentials.json
2026-02-06 04:40:28,134 - gmail-watcher - ERROR - Please download credentials from Google Cloud Console
2026-02-06 04:41:01,042 - gmail-watcher - ERROR - Gmail credentials not found at ./config/gmail_credentials.json
2026-02-06 04:41:01,056 - gmail-watcher - ERROR - Please download credentials from Google Cloud Console
2026-02-06 04:41:41,168 - gmail-watcher - ERROR - Gmail credentials not found at ./config/gmail_credentials.json
2026-02-06 04:41:41,171 - gmail-watcher - ERROR - Please download credentials from Google Cloud Console
2026-02-06 04:42:32,244 - gmail-watcher - ERROR - Gmail credentials not found at ./config/gmail_credentials.json
2026-02-06 04:42:32,252 - gmail-watcher - ERROR - Please download credentials from Google Cloud Console
2026-02-06 04:43:38,450 - gmail-watcher - ERROR - Gmail credentials not found at ./config/gmail_credentials.json
2026-02-06 04:43:38,478 - gmail-watcher - ERROR - Please download credentials from Google Cloud Console
2026-02-06 04:44:30,615 - gmail-watcher - ERROR - Gmail credentials not found at ./config/gmail_credentials.json
2026-02-06 04:44:30,625 - gmail-watcher - ERROR - Please download credentials from Google Cloud Console
2026-02-06 04:44:59,673 - gmail-watcher - ERROR - Gmail credentials not found at ./config/gmail_credentials.json
2026-02-06 04:44:59,678 - gmail-watcher - ERROR - Please download credentials from Google Cloud Console
2026-02-06 04:45:29,249 - gmail-watcher - ERROR - Gmail credentials not found at ./config/gmail_credentials.json
2026-02-06 04:45:29,252 - gmail-watcher - ERROR - Please download credentials from Google Cloud Console
2026-02-06 04:45:53,073 - gmail-watcher - ERROR - Gmail credentials not found at ./config/gmail_credentials.json
2026-02-06 04:45:53,076 - gmail-watcher - ERROR - Please download credentials from Google Cloud Console
2026-02-06 04:46:19,383 - gmail-watcher - ERROR - Gmail credentials not found at ./config/gmail_credentials.json
2026-02-06 04:46:19,385 - gmail-watcher - ERROR - Please download credentials from Google Cloud Console
2026-02-06 04:46:41,983 - gmail-watcher - ERROR - Gmail credentials not found at ./config/gmail_credentials.json
2026-02-06 04:46:41,986 - gmail-watcher - ERROR - Please download credentials from Google Cloud Console
2026-02-06 04:47:19,746 - gmail-watcher - ERROR - Gmail credentials not found at ./config/gmail_credentials.json
2026-02-06 04:47:19,761 - gmail-watcher - ERROR - Please download credentials from Google Cloud Console
2026-02-06 04:48:34,717 - gmail-watcher - INFO - Starting Gmail OAuth flow
2026-02-06 21:22:58,110 - gmail-watcher - INFO - Received SIGINT, initiating graceful shutdown
2026-02-06 21:27:37,226 - gmail-watcher - INFO - Starting Gmail OAuth flow
2026-02-11 13:43:20,868 - gmail-watcher - INFO - Starting Gmail OAuth flow
2026-02-11 21:23:01,450 - gmail-watcher - INFO - Received SIGINT, initiating graceful shutdown
2026-02-11 21:26:05,353 - gmail-watcher - INFO - Starting Gmail OAuth flow
2026-02-12 01:19:27,281 - gmail-watcher - INFO - Starting Gmail OAuth flow
2026-02-12 01:24:33,965 - gmail-watcher - INFO - Received SIGINT, initiating graceful shutdown
2026-02-12 01:26:36,548 - gmail-watcher - INFO - Starting Gmail OAuth flow
2026-02-12 01:27:10,221 - gmail-watcher - INFO - Received SIGINT, initiating graceful shutdown
2026-02-14 02:44:04,493 - gmail-watcher - INFO - Starting Gmail OAuth flow
2026-02-14 02:49:08,477 - gmail-watcher - INFO - Starting Gmail OAuth flow
2026-02-14 02:52:20,468 - gmail-watcher - INFO - Starting Gmail OAuth flow
2026-02-15 02:07:28,472 - gmail-watcher - INFO - Starting Gmail OAuth flow
2026-02-15 12:43:29,847 - gmail-watcher - INFO - Starting Gmail OAuth flow
2026-02-16 22:40:08,381 - gmail-watcher - INFO - Starting Gmail OAuth flow
2026-02-18 15:11:29,864 - gmail-watcher - INFO - Starting Gmail OAuth flow
2026-02-18 15:13:41,831 - gmail-watcher - INFO - Starting Gmail OAuth flow
2026-02-18 15:14:42,231 - gmail-watcher - INFO - Gmail API service initialized
2026-02-18 15:14:42,231 - gmail-watcher - INFO - Starting GmailWatcher
2026-02-18 15:14:49,437 - gmail-watcher - INFO - Created task file: EMAIL_19c374bf_20260218151449.md
2026-02-18 15:14:49,466 - gmail-watcher - INFO - Created task file: EMAIL_19c37393_20260218151449.md
2026-02-18 15:14:49,475 - gmail-watcher - INFO - Created task file: EMAIL_19186f4b_20260218151449.md
2026-02-18 15:54:13,461 - gmail-watcher - INFO - Gmail API service initialized
2026-02-18 15:54:13,464 - gmail-watcher - INFO - Starting GmailWatcher
2026-02-18 16:00:38,757 - gmail-watcher - INFO - Received SIGINT, initiating graceful shutdown
2026-02-18 16:00:39,516 - gmail-watcher - INFO - Cleaning up GmailWatcher
2026-02-18 16:00:39,521 - gmail-watcher - INFO - GmailWatcher stopped
2026-02-18 16:00:41,011 - gmail-watcher - INFO - Gmail API service initialized
2026-02-18 16:00:41,012 - gmail-watcher - INFO - Starting GmailWatcher
2026-02-18 16:03:25,413 - gmail-watcher - INFO - Received SIGINT, initiating graceful shutdown
2026-02-18 16:03:26,127 - gmail-watcher - INFO - Cleaning up GmailWatcher
2026-02-18 16:03:26,127 - gmail-watcher - INFO - GmailWatcher stopped
2026-02-18 16:05:28,455 - gmail-watcher - INFO - Starting Gmail OAuth flow
2026-02-18 16:05:42,798 - gmail-watcher - INFO - Gmail API service initialized
2026-02-18 16:05:42,800 - gmail-watcher - INFO - Starting GmailWatcher
2026-02-18 16:07:09,107 - gmail-watcher - INFO - Received SIGINT, initiating graceful shutdown
2026-02-18 16:07:09,796 - gmail-watcher - INFO - Cleaning up GmailWatcher
2026-02-18 16:07:09,805 - gmail-watcher - INFO - GmailWatcher stopped
2026-02-18 16:31:54,000 - gmail-watcher - INFO - Starting Gmail OAuth flow
2026-02-18 16:33:50,510 - gmail-watcher - INFO - Starting Gmail OAuth flow
2026-02-18 16:34:05,494 - gmail-watcher - INFO - Gmail API service initialized
2026-02-18 16:34:05,496 - gmail-watcher - INFO - Starting GmailWatcher
2026-02-18 16:34:12,532 - gmail-watcher - INFO - Received SIGINT, initiating graceful shutdown
2026-02-18 16:34:12,817 - gmail-watcher - INFO - Cleaning up GmailWatcher
2026-02-18 16:34:12,818 - gmail-watcher - INFO - GmailWatcher stopped
2026-02-18 17:50:58,508 - gmail-watcher - ERROR - Error checking Gmail: [WinError 10053] An established connection was aborted by the software in your host machine
2026-02-18 17:52:59,215 - gmail-watcher - ERROR - Error checking Gmail: [WinError 10053] An established connection was aborted by the software in your host machine
2026-02-18 17:55:00,423 - gmail-watcher - ERROR - Error checking Gmail: [WinError 10054] An existing connection was forcibly closed by the remote host
2026-02-18 17:57:00,935 - gmail-watcher - ERROR - Error checking Gmail: [WinError 10054] An existing connection was forcibly closed by the remote host
2026-02-18 18:05:56,708 - gmail-watcher - ERROR - Error checking Gmail: [WinError 10054] An existing connection was forcibly closed by the remote host
2026-02-18 18:09:29,580 - gmail-watcher - INFO - Refreshing Gmail token
2026-02-18 18:09:31,579 - gmail-watcher - INFO - Gmail API service initialized
2026-02-18 18:09:31,580 - gmail-watcher - INFO - Starting GmailWatcher
2026-02-18 18:32:03,536 - gmail-watcher - INFO - Gmail API service initialized
2026-02-18 18:32:03,536 - gmail-watcher - INFO - Starting GmailWatcher
2026-02-18 19:35:32,267 - gmail-watcher - ERROR - Error checking Gmail: [WinError 10054] An existing connection was forcibly closed by the remote host
2026-02-18 22:24:18,605 - gmail-watcher - ERROR - Error checking Gmail: [WinError 10053] An established connection was aborted by the software in your host machine
2026-02-18 22:26:19,046 - gmail-watcher - ERROR - Error checking Gmail: [WinError 10053] An established connection was aborted by the software in your host machine
2026-02-18 22:28:23,251 - gmail-watcher - ERROR - Error checking Gmail: [WinError 10054] An existing connection was forcibly closed by the remote host
2026-02-18 22:30:23,464 - gmail-watcher - ERROR - Error checking Gmail: [WinError 10054] An existing connection was forcibly closed by the remote host
2026-02-18 23:59:35,183 - gmail-watcher - ERROR - Error checking Gmail: [WinError 10054] An existing connection was forcibly closed by the remote host
2026-02-19 00:48:05,040 - gmail-watcher - ERROR - Error checking Gmail: [WinError 10054] An existing connection was forcibly closed by the remote host
2026-02-19 01:14:02,604 - gmail-watcher - ERROR - Error checking Gmail: [WinError 10054] An existing connection was forcibly closed by the remote host
2026-02-19 13:56:47,093 - gmail-watcher - ERROR - Error checking Gmail: [WinError 10053] An established connection was aborted by the software in your host machine
2026-02-19 13:58:47,640 - gmail-watcher - ERROR - Error checking Gmail: [WinError 10053] An established connection was aborted by the software in your host machine
2026-02-19 14:00:48,459 - gmail-watcher - ERROR - Error checking Gmail: [WinError 10054] An existing connection was forcibly closed by the remote host
2026-02-19 14:02:48,727 - gmail-watcher - ERROR - Error checking Gmail: [WinError 10054] An existing connection was forcibly closed by the remote host
2026-02-19 14:23:14,546 - gmail-watcher - ERROR - Error checking Gmail: [WinError 10054] An existing connection was forcibly closed by the remote host
2026-02-19 14:57:40,544 - gmail-watcher - ERROR - Error checking Gmail: [WinError 10053] An established connection was aborted by the software in your host machine
2026-02-19 14:59:40,710 - gmail-watcher - ERROR - Error checking Gmail: [WinError 10053] An established connection was aborted by the software in your host machine
2026-02-19 15:45:49,746 - gmail-watcher - INFO - Refreshing Gmail token
2026-02-19 15:45:55,384 - gmail-watcher - INFO - Gmail API service initialized
2026-02-19 15:45:55,385 - gmail-watcher - INFO - Starting GmailWatcher
2026-02-19 15:48:27,789 - gmail-watcher - INFO - Gmail API service initialized
2026-02-19 15:48:27,790 - gmail-watcher - INFO - Starting GmailWatcher
2026-02-19 23:24:36,335 - gmail-watcher - INFO - Refreshing Gmail token
2026-02-19 23:24:36,854 - gmail-watcher - INFO - Gmail API service initialized
2026-02-19 23:24:36,854 - gmail-watcher - INFO - Starting GmailWatcher
2026-02-20 00:05:48,134 - gmail-watcher - INFO - Gmail API service initialized
2026-02-20 00:05:48,134 - gmail-watcher - INFO - Starting GmailWatcher
2026-02-20 02:11:37,815 - gmail-watcher - INFO - Refreshing Gmail token
2026-02-20 02:11:38,860 - gmail-watcher - INFO - Gmail API service initialized
2026-02-20 02:11:38,860 - gmail-watcher - INFO - Starting GmailWatcher
2026-02-20 02:11:40,390 - gmail-watcher - INFO - Created task file: EMAIL_19c779e0_20260220021140.md
2026-02-20 02:17:21,549 - gmail-watcher - INFO - Received SIGINT, initiating graceful shutdown
2026-02-20 02:17:22,443 - gmail-watcher - INFO - Cleaning up GmailWatcher
2026-02-20 02:17:22,444 - gmail-watcher - INFO - GmailWatcher stopped
2026-02-20 02:17:27,600 - gmail-watcher - INFO - Gmail API service initialized
2026-02-20 02:17:27,600 - gmail-watcher - INFO - Starting GmailWatcher
2026-02-20 02:17:29,048 - gmail-watcher - INFO - Created task file: EMAIL_19c77c35_20260220021729.md
2026-02-20 02:18:40,069 - gmail-watcher - INFO - Received SIGINT, initiating graceful shutdown
2026-02-20 02:18:40,205 - gmail-watcher - INFO - Cleaning up GmailWatcher
2026-02-20 02:18:40,206 - gmail-watcher - INFO - GmailWatcher stopped
2026-02-22 02:58:29,999 - gmail-watcher - INFO - Refreshing Gmail token
2026-02-22 02:58:32,406 - gmail-watcher - INFO - Gmail API service initialized
2026-02-22 02:58:32,406 - gmail-watcher - INFO - Starting GmailWatcher
2026-02-22 11:57:40,539 - gmail-watcher - INFO - Refreshing Gmail token
2026-02-22 11:57:41,886 - gmail-watcher - INFO - Gmail API service initialized
2026-02-22 11:57:41,886 - gmail-watcher - INFO - Starting GmailWatcher
2026-02-22 12:07:55,921 - gmail-watcher - ERROR - Error checking Gmail: [WinError 10054] An existing connection was forcibly closed by the remote host
2026-02-22 12:09:57,496 - gmail-watcher - ERROR - Error checking Gmail: [WinError 10054] An existing connection was forcibly closed by the remote host
2026-02-22 12:18:16,524 - gmail-watcher - INFO - Gmail API service initialized
2026-02-22 12:18:16,527 - gmail-watcher - INFO - Starting GmailWatcher
2026-02-22 12:18:29,884 - gmail-watcher - INFO - Gmail API service initialized
2026-02-22 12:18:29,884 - gmail-watcher - INFO - Starting GmailWatcher
2026-02-22 14:38:32,741 - gmail-watcher - ERROR - Error checking Gmail: [WinError 10054] An existing connection was forcibly closed by the remote host
2026-02-22 16:04:51,301 - gmail-watcher - INFO - Created task file: EMAIL_19c8504b_20260222160451.md
2026-02-22 16:33:10,260 - gmail-watcher - ERROR - Error checking Gmail: [WinError 10054] An existing connection was forcibly closed by the remote host
2026-02-22 16:35:11,648 - gmail-watcher - ERROR - Error checking Gmail: [WinError 10054] An existing connection was forcibly closed by the remote host
2026-02-22 16:43:20,800 - gmail-watcher - ERROR - Error checking Gmail: [WinError 10053] An established connection was aborted by the software in your host machine
2026-02-22 16:45:22,614 - gmail-watcher - ERROR - Error checking Gmail: [WinError 10053] An established connection was aborted by the software in your host machine
2026-02-22 19:22:40,983 - gmail-watcher - ERROR - Error checking Gmail: [WinError 10054] An existing connection was forcibly closed by the remote host
2026-02-22 23:40:19,723 - gmail-watcher - ERROR - Error checking Gmail: [WinError 10053] An established connection was aborted by the software in your host machine
2026-02-22 23:42:20,878 - gmail-watcher - ERROR - Error checking Gmail: [WinError 10053] An established connection was aborted by the software in your host machine
2026-02-22 23:44:22,547 - gmail-watcher - ERROR - Error checking Gmail: [WinError 10054] An existing connection was forcibly closed by the remote host
2026-02-22 23:46:24,036 - gmail-watcher - ERROR - Error checking Gmail: [WinError 10054] An existing connection was forcibly closed by the remote host
2026-02-23 02:15:05,680 - gmail-watcher - ERROR - Error checking Gmail: [WinError 10054] An existing connection was forcibly closed by the remote host
2026-02-23 02:19:07,308 - gmail-watcher - INFO - Created task file: EMAIL_19c8736a_20260223021907.md
2026-02-23 13:42:00,512 - gmail-watcher - ERROR - Error checking Gmail: [WinError 10053] An established connection was aborted by the software in your host machine
2026-02-23 13:44:01,510 - gmail-watcher - ERROR - Error checking Gmail: [WinError 10053] An established connection was aborted by the software in your host machine
2026-02-23 13:46:02,348 - gmail-watcher - ERROR - Error checking Gmail: [WinError 10054] An existing connection was forcibly closed by the remote host
2026-02-23 13:48:02,497 - gmail-watcher - ERROR - Error checking Gmail: [WinError 10054] An existing connection was forcibly closed by the remote host
2026-02-23 17:14:49,923 - gmail-watcher - ERROR - Error checking Gmail: [WinError 10053] An established connection was aborted by the software in your host machine
2026-02-23 17:16:52,409 - gmail-watcher - ERROR - Error checking Gmail: [WinError 10053] An established connection was aborted by the software in your host machine
2026-02-23 17:18:54,571 - gmail-watcher - ERROR - Error checking Gmail: [WinError 10054] An existing connection was forcibly closed by the remote host
2026-02-23 17:20:55,869 - gmail-watcher - ERROR - Error checking Gmail: [WinError 10054] An existing connection was forcibly closed by the remote host
2026-02-23 22:06:51,082 - gmail-watcher - ERROR - Error checking Gmail: [WinError 10053] An established connection was aborted by the software in your host machine
2026-02-23 22:08:53,419 - gmail-watcher - ERROR - Error checking Gmail: [WinError 10053] An established connection was aborted by the software in your host machine
2026-02-23 22:10:56,167 - gmail-watcher - ERROR - Error checking Gmail: [WinError 10054] An existing connection was forcibly closed by the remote host
2026-02-23 22:12:57,011 - gmail-watcher - ERROR - Error checking Gmail: [WinError 10054] An existing connection was forcibly closed by the remote host
2026-02-24 06:18:16,796 - gmail-watcher - ERROR - Error checking Gmail: [WinError 10054] An existing connection was forcibly closed by the remote host
2026-02-24 12:14:43,338 - gmail-watcher - ERROR - Error checking Gmail: [WinError 10054] An existing connection was forcibly closed by the remote host
2026-02-24 12:16:50,734 - gmail-watcher - ERROR - Error checking Gmail: [WinError 10054] An existing connection was forcibly closed by the remote host
2026-02-24 12:18:52,357 - gmail-watcher - ERROR - Error checking Gmail: [WinError 10054] An existing connection was forcibly closed by the remote host
2026-02-24 15:43:56,727 - gmail-watcher - INFO - Refreshing Gmail token
2026-02-24 15:43:58,136 - gmail-watcher - INFO - Gmail API service initialized
2026-02-24 15:43:58,136 - gmail-watcher - INFO - Starting GmailWatcher
2026-02-24 15:43:59,659 - gmail-watcher - INFO - Created task file: EMAIL_19c8f345_20260224154359.md
2026-02-24 16:35:52,892 - gmail-watcher - ERROR - Error checking Gmail: [WinError 10054] An existing connection was forcibly closed by the remote host
2026-02-24 17:34:43,798 - gmail-watcher - ERROR - Error checking Gmail: [WinError 10054] An existing connection was forcibly closed by the remote host
2026-02-24 17:36:45,605 - gmail-watcher - ERROR - Error checking Gmail: [WinError 10054] An existing connection was forcibly closed by the remote host
2026-02-24 17:38:47,083 - gmail-watcher - ERROR - Error checking Gmail: [WinError 10053] An established connection was aborted by the software in your host machine
2026-02-24 17:40:48,574 - gmail-watcher - ERROR - Error checking Gmail: [WinError 10053] An established connection was aborted by the software in your host machine
2026-02-26 19:34:08,560 - gmail-watcher - INFO - Refreshing Gmail token
2026-02-26 19:34:12,419 - gmail-watcher - INFO - Gmail API service initialized
2026-02-26 19:34:12,419 - gmail-watcher - INFO - Starting GmailWatcher
2026-02-26 22:02:59,950 - gmail-watcher - ERROR - Error checking Gmail: Unable to find the server at oauth2.googleapis.com
2026-02-26 22:05:00,585 - gmail-watcher - ERROR - Error checking Gmail: Unable to find the server at oauth2.googleapis.com
2026-02-26 22:07:04,333 - gmail-watcher - ERROR - Error checking Gmail: [WinError 10054] An existing connection was forcibly closed by the remote host
2026-02-26 22:09:06,733 - gmail-watcher - ERROR - Error checking Gmail: [WinError 10054] An existing connection was forcibly closed by the remote host
2026-02-26 22:48:20,198 - gmail-watcher - ERROR - Error checking Gmail: [WinError 10054] An existing connection was forcibly closed by the remote host
2026-02-26 22:50:24,466 - gmail-watcher - ERROR - Error checking Gmail: [WinError 10054] An existing connection was forcibly closed by the remote host
2026-02-26 22:54:32,320 - gmail-watcher - ERROR - Error checking Gmail: [WinError 10054] An existing connection was forcibly closed by the remote host
2026-02-26 22:56:34,059 - gmail-watcher - ERROR - Error checking Gmail: [WinError 10054] An existing connection was forcibly closed by the remote host
2026-02-26 23:04:50,508 - gmail-watcher - ERROR - Error checking Gmail: [WinError 10053] An established connection was aborted by the software in your host machine
2026-02-26 23:06:54,005 - gmail-watcher - ERROR - Error checking Gmail: [WinError 10053] An established connection was aborted by the software in your host machine
2026-02-27 05:00:09,318 - gmail-watcher - ERROR - Error checking Gmail: [WinError 10054] An existing connection was forcibly closed by the remote host
2026-02-27 16:52:12,208 - gmail-watcher - ERROR - Error checking Gmail: [WinError 10053] An established connection was aborted by the software in your host machine
2026-02-27 16:54:18,928 - gmail-watcher - ERROR - Error checking Gmail: [WinError 10053] An established connection was aborted by the software in your host machine
2026-02-27 16:56:21,295 - gmail-watcher - ERROR - Error checking Gmail: [WinError 10054] An existing connection was forcibly closed by the remote host
2026-02-27 16:58:22,938 - gmail-watcher - ERROR - Error checking Gmail: [WinError 10054] An existing connection was forcibly closed by the remote host
2026-02-27 19:13:13,427 - gmail-watcher - INFO - Refreshing Gmail token
2026-02-27 19:13:17,392 - gmail-watcher - INFO - Gmail API service initialized
2026-02-27 19:13:17,393 - gmail-watcher - INFO - Starting GmailWatcher
2026-02-27 23:35:19,425 - gmail-watcher - ERROR - Error checking Gmail: [WinError 10053] An established connection was aborted by the software in your host machine
2026-02-27 23:37:20,042 - gmail-watcher - ERROR - Error checking Gmail: [WinError 10053] An established connection was aborted by the software in your host machine
2026-02-27 23:39:21,037 - gmail-watcher - ERROR - Error checking Gmail: [WinError 10054] An existing connection was forcibly closed by the remote host
2026-02-27 23:41:21,445 - gmail-watcher - ERROR - Error checking Gmail: [WinError 10054] An existing connection was forcibly closed by the remote host
2026-02-28 01:49:11,790 - gmail-watcher - ERROR - Error checking Gmail: Unable to find the server at gmail.googleapis.com
2026-02-28 01:59:16,373 - gmail-watcher - ERROR - Error checking Gmail: [WinError 10054] An existing connection was forcibly closed by the remote host
2026-02-28 02:29:26,872 - gmail-watcher - ERROR - Error checking Gmail: [WinError 10053] An established connection was aborted by the software in your host machine
2026-02-28 02:31:27,041 - gmail-watcher - ERROR - Error checking Gmail: [WinError 10053] An established connection was aborted by the software in your host machine
2026-02-28 07:20:48,915 - gmail-watcher - ERROR - Error checking Gmail: [WinError 10053] An established connection was aborted by the software in your host machine
2026-02-28 07:22:49,283 - gmail-watcher - ERROR - Error checking Gmail: [WinError 10053] An established connection was aborted by the software in your host machine
2026-02-28 07:24:50,715 - gmail-watcher - ERROR - Error checking Gmail: [WinError 10054] An existing connection was forcibly closed by the remote host
2026-02-28 07:26:51,153 - gmail-watcher - ERROR - Error checking Gmail: [WinError 10054] An existing connection was forcibly closed by the remote host
2026-02-28 14:57:28,001 - gmail-watcher - ERROR - Error checking Gmail: [WinError 10053] An established connection was aborted by the software in your host machine
2026-02-28 14:59:28,548 - gmail-watcher - ERROR - Error checking Gmail: [WinError 10053] An established connection was aborted by the software in your host machine
2026-02-28 15:01:29,639 - gmail-watcher - ERROR - Error checking Gmail: [WinError 10054] An existing connection was forcibly closed by the remote host
2026-02-28 15:03:29,793 - gmail-watcher - ERROR - Error checking Gmail: [WinError 10054] An existing connection was forcibly closed by the remote host
2026-02-28 19:35:30,533 - gmail-watcher - ERROR - Error checking Gmail: [WinError 10054] An existing connection was forcibly closed by the remote host
2026-02-28 19:37:33,045 - gmail-watcher - ERROR - Error checking Gmail: [WinError 10053] An established connection was aborted by the software in your host machine
2026-02-28 19:39:33,439 - gmail-watcher - ERROR - Error checking Gmail: [WinError 10053] An established connection was aborted by the software in your host machine
2026-02-28 21:41:15,659 - gmail-watcher - ERROR - Error checking Gmail: [WinError 10053] An established connection was aborted by the software in your host machine
2026-02-28 21:43:15,860 - gmail-watcher - ERROR - Error checking Gmail: [WinError 10053] An established connection was aborted by the software in your host machine
2026-02-28 21:45:17,078 - gmail-watcher - ERROR - Error checking Gmail: [WinError 10054] An existing connection was forcibly closed by the remote host
2026-02-28 21:47:17,322 - gmail-watcher - ERROR - Error checking Gmail: [WinError 10054] An existing connection was forcibly closed by the remote host
2026-02-28 22:16:46,558 - gmail-watcher - ERROR - Error checking Gmail: [WinError 10054] An existing connection was forcibly closed by the remote host
2026-02-28 23:00:50,751 - gmail-watcher - ERROR - Error checking Gmail: The read operation timed out
2026-03-01 00:30:40,685 - gmail-watcher - ERROR - Error checking Gmail: [WinError 10054] An existing connection was forcibly closed by the remote host
2026-03-01 15:06:26,475 - gmail-watcher - ERROR - Error checking Gmail: [WinError 10053] An established connection was aborted by the software in your host machine
2026-03-01 15:08:26,779 - gmail-watcher - ERROR - Error checking Gmail: [WinError 10053] An established connection was aborted by the software in your host machine
2026-03-01 15:10:27,885 - gmail-watcher - ERROR - Error checking Gmail: ('invalid_grant: Token has been expired or revoked.', {'error': 'invalid_grant', 'error_description': 'Token has been expired or revoked.'})
2026-03-01 15:12:28,442 - gmail-watcher - ERROR - Error checking Gmail: ('invalid_grant: Token has been expired or revoked.', {'error': 'invalid_grant', 'error_description': 'Token has been expired or revoked.'})
2026-03-01 15:14:29,096 - gmail-watcher - ERROR - Error checking Gmail: ('invalid_grant: Token has been expired or revoked.', {'error': 'invalid_grant', 'error_description': 'Token has been expired or revoked.'})
2026-03-01 15:16:29,716 - gmail-watcher - ERROR - Error checking Gmail: ('invalid_grant: Token has been expired or revoked.', {'error': 'invalid_grant', 'error_description': 'Token has been expired or revoked.'})
2026-03-01 15:18:30,410 - gmail-watcher - ERROR - Error checking Gmail: ('invalid_grant: Token has been expired or revoked.', {'error': 'invalid_grant', 'error_description': 'Token has been expired or revoked.'})
2026-03-01 15:20:30,845 - gmail-watcher - ERROR - Error checking Gmail: ('invalid_grant: Token has been expired or revoked.', {'error': 'invalid_grant', 'error_description': 'Token has been expired or revoked.'})
2026-03-01 15:22:31,248 - gmail-watcher - ERROR - Error checking Gmail: ('invalid_grant: Token has been expired or revoked.', {'error': 'invalid_grant', 'error_description': 'Token has been expired or revoked.'})
2026-03-01 15:24:31,602 - gmail-watcher - ERROR - Error checking Gmail: ('invalid_grant: Token has been expired or revoked.', {'error': 'invalid_grant', 'error_description': 'Token has been expired or revoked.'})
2026-03-01 15:26:32,015 - gmail-watcher - ERROR - Error checking Gmail: ('invalid_grant: Token has been expired or revoked.', {'error': 'invalid_grant', 'error_description': 'Token has been expired or revoked.'})
2026-03-01 15:28:32,340 - gmail-watcher - ERROR - Error checking Gmail: ('invalid_grant: Token has been expired or revoked.', {'error': 'invalid_grant', 'error_description': 'Token has been expired or revoked.'})
2026-03-01 15:30:32,873 - gmail-watcher - ERROR - Error checking Gmail: ('invalid_grant: Token has been expired or revoked.', {'error': 'invalid_grant', 'error_description': 'Token has been expired or revoked.'})
2026-03-01 15:32:33,757 - gmail-watcher - ERROR - Error checking Gmail: ('invalid_grant: Token has been expired or revoked.', {'error': 'invalid_grant', 'error_description': 'Token has been expired or revoked.'})
2026-03-01 15:34:34,268 - gmail-watcher - ERROR - Error checking Gmail: ('invalid_grant: Token has been expired or revoked.', {'error': 'invalid_grant', 'error_description': 'Token has been expired or revoked.'})
2026-03-01 15:36:36,538 - gmail-watcher - ERROR - Error checking Gmail: ('invalid_grant: Token has been expired or revoked.', {'error': 'invalid_grant', 'error_description': 'Token has been expired or revoked.'})
2026-03-01 15:38:37,433 - gmail-watcher - ERROR - Error checking Gmail: ('invalid_grant: Token has been expired or revoked.', {'error': 'invalid_grant', 'error_description': 'Token has been expired or revoked.'})
2026-03-01 15:40:37,812 - gmail-watcher - ERROR - Error checking Gmail: ('invalid_grant: Token has been expired or revoked.', {'error': 'invalid_grant', 'error_description': 'Token has been expired or revoked.'})
2026-03-01 19:26:08,087 - gmail-watcher - ERROR - Error checking Gmail: [WinError 10054] An existing connection was forcibly closed by the remote host
2026-03-01 19:28:15,303 - gmail-watcher - ERROR - Error checking Gmail: ('invalid_grant: Token has been expired or revoked.', {'error': 'invalid_grant', 'error_description': 'Token has been expired or revoked.'})
2026-03-01 19:42:09,147 - gmail-watcher - ERROR - Error checking Gmail: [WinError 10054] An existing connection was forcibly closed by the remote host
2026-03-01 19:44:10,658 - gmail-watcher - ERROR - Error checking Gmail: ('invalid_grant: Token has been expired or revoked.', {'error': 'invalid_grant', 'error_description': 'Token has been expired or revoked.'})
2026-03-01 19:46:11,058 - gmail-watcher - ERROR - Error checking Gmail: ('invalid_grant: Token has been expired or revoked.', {'error': 'invalid_grant', 'error_description': 'Token has been expired or revoked.'})
2026-03-01 19:48:12,098 - gmail-watcher - ERROR - Error checking Gmail: ('invalid_grant: Token has been expired or revoked.', {'error': 'invalid_grant', 'error_description': 'Token has been expired or revoked.'})
2026-03-01 19:50:12,425 - gmail-watcher - ERROR - Error checking Gmail: ('invalid_grant: Token has been expired or revoked.', {'error': 'invalid_grant', 'error_description': 'Token has been expired or revoked.'})
2026-03-01 19:52:12,831 - gmail-watcher - ERROR - Error checking Gmail: ('invalid_grant: Token has been expired or revoked.', {'error': 'invalid_grant', 'error_description': 'Token has been expired or revoked.'})
2026-03-01 19:54:13,191 - gmail-watcher - ERROR - Error checking Gmail: ('invalid_grant: Token has been expired or revoked.', {'error': 'invalid_grant', 'error_description': 'Token has been expired or revoked.'})
2026-03-01 19:56:13,593 - gmail-watcher - ERROR - Error checking Gmail: ('invalid_grant: Token has been expired or revoked.', {'error': 'invalid_grant', 'error_description': 'Token has been expired or revoked.'})
2026-03-01 19:58:13,911 - gmail-watcher - ERROR - Error checking Gmail: ('invalid_grant: Token has been expired or revoked.', {'error': 'invalid_grant', 'error_description': 'Token has been expired or revoked.'})
2026-03-01 20:00:14,302 - gmail-watcher - ERROR - Error checking Gmail: ('invalid_grant: Token has been expired or revoked.', {'error': 'invalid_grant', 'error_description': 'Token has been expired or revoked.'})
2026-03-01 20:02:14,653 - gmail-watcher - ERROR - Error checking Gmail: ('invalid_grant: Token has been expired or revoked.', {'error': 'invalid_grant', 'error_description': 'Token has been expired or revoked.'})
2026-03-01 20:04:15,020 - gmail-watcher - ERROR - Error checking Gmail: ('invalid_grant: Token has been expired or revoked.', {'error': 'invalid_grant', 'error_description': 'Token has been expired or revoked.'})
2026-03-01 20:06:15,348 - gmail-watcher - ERROR - Error checking Gmail: ('invalid_grant: Token has been expired or revoked.', {'error': 'invalid_grant', 'error_description': 'Token has been expired or revoked.'})
2026-03-01 20:08:15,662 - gmail-watcher - ERROR - Error checking Gmail: ('invalid_grant: Token has been expired or revoked.', {'error': 'invalid_grant', 'error_description': 'Token has been expired or revoked.'})
2026-03-01 20:10:16,008 - gmail-watcher - ERROR - Error checking Gmail: ('invalid_grant: Token has been expired or revoked.', {'error': 'invalid_grant', 'error_description': 'Token has been expired or revoked.'})
2026-03-01 20:12:16,385 - gmail-watcher - ERROR - Error checking Gmail: ('invalid_grant: Token has been expired or revoked.', {'error': 'invalid_grant', 'error_description': 'Token has been expired or revoked.'})
2026-03-01 20:14:16,770 - gmail-watcher - ERROR - Error checking Gmail: ('invalid_grant: Token has been expired or revoked.', {'error': 'invalid_grant', 'error_description': 'Token has been expired or revoked.'})
2026-03-01 20:16:17,126 - gmail-watcher - ERROR - Error checking Gmail: ('invalid_grant: Token has been expired or revoked.', {'error': 'invalid_grant', 'error_description': 'Token has been expired or revoked.'})
2026-03-01 20:18:17,410 - gmail-watcher - ERROR - Error checking Gmail: ('invalid_grant: Token has been expired or revoked.', {'error': 'invalid_grant', 'error_description': 'Token has been expired or revoked.'})
2026-03-01 20:20:17,813 - gmail-watcher - ERROR - Error checking Gmail: ('invalid_grant: Token has been expired or revoked.', {'error': 'invalid_grant', 'error_description': 'Token has been expired or revoked.'})
2026-03-01 20:22:18,168 - gmail-watcher - ERROR - Error checking Gmail: ('invalid_grant: Token has been expired or revoked.', {'error': 'invalid_grant', 'error_description': 'Token has been expired or revoked.'})
2026-03-01 20:24:19,155 - gmail-watcher - ERROR - Error checking Gmail: ('invalid_grant: Token has been expired or revoked.', {'error': 'invalid_grant', 'error_description': 'Token has been expired or revoked.'})
2026-03-01 20:26:19,391 - gmail-watcher - ERROR - Error checking Gmail: ('invalid_grant: Token has been expired or revoked.', {'error': 'invalid_grant', 'error_description': 'Token has been expired or revoked.'})
2026-03-01 20:28:19,689 - gmail-watcher - ERROR - Error checking Gmail: ('invalid_grant: Token has been expired or revoked.', {'error': 'invalid_grant', 'error_description': 'Token has been expired or revoked.'})
2026-03-01 20:30:20,007 - gmail-watcher - ERROR - Error checking Gmail: ('invalid_grant: Token has been expired or revoked.', {'error': 'invalid_grant', 'error_description': 'Token has been expired or revoked.'})
2026-03-01 20:32:20,252 - gmail-watcher - ERROR - Error checking Gmail: ('invalid_grant: Token has been expired or revoked.', {'error': 'invalid_grant', 'error_description': 'Token has been expired or revoked.'})
2026-03-01 20:34:45,398 - gmail-watcher - ERROR - Error checking Gmail: [WinError 10054] An existing connection was forcibly closed by the remote host
2026-03-01 21:50:18,681 - gmail-watcher - ERROR - Error checking Gmail: ('invalid_grant: Token has been expired or revoked.', {'error': 'invalid_grant', 'error_description': 'Token has been expired or revoked.'})
2026-03-01 21:52:19,552 - gmail-watcher - ERROR - Error checking Gmail: ('invalid_grant: Token has been expired or revoked.', {'error': 'invalid_grant', 'error_description': 'Token has been expired or revoked.'})
2026-03-01 21:54:20,099 - gmail-watcher - ERROR - Error checking Gmail: ('invalid_grant: Token has been expired or revoked.', {'error': 'invalid_grant', 'error_description': 'Token has been expired or revoked.'})
2026-03-01 21:56:20,412 - gmail-watcher - ERROR - Error checking Gmail: ('invalid_grant: Token has been expired or revoked.', {'error': 'invalid_grant', 'error_description': 'Token has been expired or revoked.'})
2026-03-01 21:58:21,039 - gmail-watcher - ERROR - Error checking Gmail: ('invalid_grant: Token has been expired or revoked.', {'error': 'invalid_grant', 'error_description': 'Token has been expired or revoked.'})
2026-03-01 22:00:23,628 - gmail-watcher - ERROR - Error checking Gmail: ('invalid_grant: Token has been expired or revoked.', {'error': 'invalid_grant', 'error_description': 'Token has been expired or revoked.'})
2026-03-01 22:02:24,385 - gmail-watcher - ERROR - Error checking Gmail: ('invalid_grant: Token has been expired or revoked.', {'error': 'invalid_grant', 'error_description': 'Token has been expired or revoked.'})
2026-03-01 22:04:26,330 - gmail-watcher - ERROR - Error checking Gmail: ('invalid_grant: Token has been expired or revoked.', {'error': 'invalid_grant', 'error_description': 'Token has been expired or revoked.'})
2026-03-01 22:06:27,418 - gmail-watcher - ERROR - Error checking Gmail: ('invalid_grant: Token has been expired or revoked.', {'error': 'invalid_grant', 'error_description': 'Token has been expired or revoked.'})
2026-03-01 22:08:28,286 - gmail-watcher - ERROR - Error checking Gmail: ('invalid_grant: Token has been expired or revoked.', {'error': 'invalid_grant', 'error_description': 'Token has been expired or revoked.'})
2026-03-01 22:10:30,403 - gmail-watcher - ERROR - Error checking Gmail: ('invalid_grant: Token has been expired or revoked.', {'error': 'invalid_grant', 'error_description': 'Token has been expired or revoked.'})
2026-03-01 22:12:31,096 - gmail-watcher - ERROR - Error checking Gmail: ('invalid_grant: Token has been expired or revoked.', {'error': 'invalid_grant', 'error_description': 'Token has been expired or revoked.'})
2026-03-01 22:14:33,192 - gmail-watcher - ERROR - Error checking Gmail: ('invalid_grant: Token has been expired or revoked.', {'error': 'invalid_grant', 'error_description': 'Token has been expired or revoked.'})
2026-03-01 22:16:34,118 - gmail-watcher - ERROR - Error checking Gmail: ('invalid_grant: Token has been expired or revoked.', {'error': 'invalid_grant', 'error_description': 'Token has been expired or revoked.'})
2026-03-01 22:18:34,533 - gmail-watcher - ERROR - Error checking Gmail: ('invalid_grant: Token has been expired or revoked.', {'error': 'invalid_grant', 'error_description': 'Token has been expired or revoked.'})
2026-03-01 22:20:36,129 - gmail-watcher - ERROR - Error checking Gmail: ('invalid_grant: Token has been expired or revoked.', {'error': 'invalid_grant', 'error_description': 'Token has been expired or revoked.'})
2026-03-01 22:22:36,688 - gmail-watcher - ERROR - Error checking Gmail: ('invalid_grant: Token has been expired or revoked.', {'error': 'invalid_grant', 'error_description': 'Token has been expired or revoked.'})
2026-03-01 22:24:37,022 - gmail-watcher - ERROR - Error checking Gmail: ('invalid_grant: Token has been expired or revoked.', {'error': 'invalid_grant', 'error_description': 'Token has been expired or revoked.'})
2026-03-01 22:26:38,201 - gmail-watcher - ERROR - Error checking Gmail: ('invalid_grant: Token has been expired or revoked.', {'error': 'invalid_grant', 'error_description': 'Token has been expired or revoked.'})
2026-03-01 22:28:38,964 - gmail-watcher - ERROR - Error checking Gmail: ('invalid_grant: Token has been expired or revoked.', {'error': 'invalid_grant', 'error_description': 'Token has been expired or revoked.'})
2026-03-01 22:30:39,304 - gmail-watcher - ERROR - Error checking Gmail: ('invalid_grant: Token has been expired or revoked.', {'error': 'invalid_grant', 'error_description': 'Token has been expired or revoked.'})
2026-03-01 22:32:39,581 - gmail-watcher - ERROR - Error checking Gmail: ('invalid_grant: Token has been expired or revoked.', {'error': 'invalid_grant', 'error_description': 'Token has been expired or revoked.'})
2026-03-01 22:34:40,501 - gmail-watcher - ERROR - Error checking Gmail: ('invalid_grant: Token has been expired or revoked.', {'error': 'invalid_grant', 'error_description': 'Token has been expired or revoked.'})
2026-03-01 22:36:41,562 - gmail-watcher - ERROR - Error checking Gmail: ('invalid_grant: Token has been expired or revoked.', {'error': 'invalid_grant', 'error_description': 'Token has been expired or revoked.'})
2026-03-01 22:38:42,218 - gmail-watcher - ERROR - Error checking Gmail: ('invalid_grant: Token has been expired or revoked.', {'error': 'invalid_grant', 'error_description': 'Token has been expired or revoked.'})
2026-03-01 22:40:44,701 - gmail-watcher - ERROR - Error checking Gmail: ('invalid_grant: Token has been expired or revoked.', {'error': 'invalid_grant', 'error_description': 'Token has been expired or revoked.'})
2026-03-01 22:42:47,325 - gmail-watcher - ERROR - Error checking Gmail: ('invalid_grant: Token has been expired or revoked.', {'error': 'invalid_grant', 'error_description': 'Token has been expired or revoked.'})
2026-03-01 22:44:52,108 - gmail-watcher - ERROR - Error checking Gmail: ('invalid_grant: Token has been expired or revoked.', {'error': 'invalid_grant', 'error_description': 'Token has been expired or revoked.'})
2026-03-01 22:46:54,823 - gmail-watcher - ERROR - Error checking Gmail: ('invalid_grant: Token has been expired or revoked.', {'error': 'invalid_grant', 'error_description': 'Token has been expired or revoked.'})
2026-03-01 22:48:56,480 - gmail-watcher - ERROR - Error checking Gmail: ('invalid_grant: Token has been expired or revoked.', {'error': 'invalid_grant', 'error_description': 'Token has been expired or revoked.'})
2026-03-01 22:50:57,536 - gmail-watcher - ERROR - Error checking Gmail: ('invalid_grant: Token has been expired or revoked.', {'error': 'invalid_grant', 'error_description': 'Token has been expired or revoked.'})
2026-03-01 22:52:59,909 - gmail-watcher - ERROR - Error checking Gmail: ('invalid_grant: Token has been expired or revoked.', {'error': 'invalid_grant', 'error_description': 'Token has been expired or revoked.'})
2026-03-01 22:55:02,063 - gmail-watcher - ERROR - Error checking Gmail: ('invalid_grant: Token has been expired or revoked.', {'error': 'invalid_grant', 'error_description': 'Token has been expired or revoked.'})
2026-03-01 22:57:02,937 - gmail-watcher - ERROR - Error checking Gmail: ('invalid_grant: Token has been expired or revoked.', {'error': 'invalid_grant', 'error_description': 'Token has been expired or revoked.'})
2026-03-01 22:59:03,552 - gmail-watcher - ERROR - Error checking Gmail: ('invalid_grant: Token has been expired or revoked.', {'error': 'invalid_grant', 'error_description': 'Token has been expired or revoked.'})
2026-03-01 23:01:04,133 - gmail-watcher - ERROR - Error checking Gmail: ('invalid_grant: Token has been expired or revoked.', {'error': 'invalid_grant', 'error_description': 'Token has been expired or revoked.'})
2026-03-01 23:03:04,900 - gmail-watcher - ERROR - Error checking Gmail: ('invalid_grant: Token has been expired or revoked.', {'error': 'invalid_grant', 'error_description': 'Token has been expired or revoked.'})
2026-03-02 00:22:59,520 - gmail-watcher - ERROR - Error checking Gmail: [WinError 10054] An existing connection was forcibly closed by the remote host
2026-03-02 00:25:00,065 - gmail-watcher - ERROR - Error checking Gmail: ('invalid_grant: Token has been expired or revoked.', {'error': 'invalid_grant', 'error_description': 'Token has been expired or revoked.'})
2026-03-02 00:27:00,404 - gmail-watcher - ERROR - Error checking Gmail: ('invalid_grant: Token has been expired or revoked.', {'error': 'invalid_grant', 'error_description': 'Token has been expired or revoked.'})
2026-03-02 00:29:00,701 - gmail-watcher - ERROR - Error checking Gmail: ('invalid_grant: Token has been expired or revoked.', {'error': 'invalid_grant', 'error_description': 'Token has been expired or revoked.'})
2026-03-02 00:31:00,984 - gmail-watcher - ERROR - Error checking Gmail: ('invalid_grant: Token has been expired or revoked.', {'error': 'invalid_grant', 'error_description': 'Token has been expired or revoked.'})
2026-03-02 00:33:01,228 - gmail-watcher - ERROR - Error checking Gmail: ('invalid_grant: Token has been expired or revoked.', {'error': 'invalid_grant', 'error_description': 'Token has been expired or revoked.'})
2026-03-02 00:35:01,502 - gmail-watcher - ERROR - Error checking Gmail: ('invalid_grant: Token has been expired or revoked.', {'error': 'invalid_grant', 'error_description': 'Token has been expired or revoked.'})
2026-03-02 00:37:01,974 - gmail-watcher - ERROR - Error checking Gmail: ('invalid_grant: Token has been expired or revoked.', {'error': 'invalid_grant', 'error_description': 'Token has been expired or revoked.'})
2026-03-02 01:49:57,820 - gmail-watcher - ERROR - Error checking Gmail: [WinError 10054] An existing connection was forcibly closed by the remote host
2026-03-02 01:51:58,642 - gmail-watcher - ERROR - Error checking Gmail: [WinError 10054] An existing connection was forcibly closed by the remote host
2026-03-02 01:54:00,628 - gmail-watcher - ERROR - Error checking Gmail: ('invalid_grant: Token has been expired or revoked.', {'error': 'invalid_grant', 'error_description': 'Token has been expired or revoked.'})
2026-03-02 01:56:01,402 - gmail-watcher - ERROR - Error checking Gmail: ('invalid_grant: Token has been expired or revoked.', {'error': 'invalid_grant', 'error_description': 'Token has been expired or revoked.'})
2026-03-02 01:58:02,040 - gmail-watcher - ERROR - Error checking Gmail: ('invalid_grant: Token has been expired or revoked.', {'error': 'invalid_grant', 'error_description': 'Token has been expired or revoked.'})
2026-03-02 02:00:02,421 - gmail-watcher - ERROR - Error checking Gmail: ('invalid_grant: Token has been expired or revoked.', {'error': 'invalid_grant', 'error_description': 'Token has been expired or revoked.'})
2026-03-02 02:02:03,985 - gmail-watcher - ERROR - Error checking Gmail: ('invalid_grant: Token has been expired or revoked.', {'error': 'invalid_grant', 'error_description': 'Token has been expired or revoked.'})
2026-03-02 02:04:04,676 - gmail-watcher - ERROR - Error checking Gmail: ('invalid_grant: Token has been expired or revoked.', {'error': 'invalid_grant', 'error_description': 'Token has been expired or revoked.'})
2026-03-02 02:06:05,135 - gmail-watcher - ERROR - Error checking Gmail: ('invalid_grant: Token has been expired or revoked.', {'error': 'invalid_grant', 'error_description': 'Token has been expired or revoked.'})
2026-03-02 02:08:09,268 - gmail-watcher - ERROR - Error checking Gmail: ('invalid_grant: Token has been expired or revoked.', {'error': 'invalid_grant', 'error_description': 'Token has been expired or revoked.'})
2026-03-02 02:10:09,956 - gmail-watcher - ERROR - Error checking Gmail: ('invalid_grant: Token has been expired or revoked.', {'error': 'invalid_grant', 'error_description': 'Token has been expired or revoked.'})
2026-03-02 02:12:10,742 - gmail-watcher - ERROR - Error checking Gmail: ('invalid_grant: Token has been expired or revoked.', {'error': 'invalid_grant', 'error_description': 'Token has been expired or revoked.'})
2026-03-02 02:14:11,094 - gmail-watcher - ERROR - Error checking Gmail: ('invalid_grant: Token has been expired or revoked.', {'error': 'invalid_grant', 'error_description': 'Token has been expired or revoked.'})
2026-03-02 02:16:11,344 - gmail-watcher - ERROR - Error checking Gmail: ('invalid_grant: Token has been expired or revoked.', {'error': 'invalid_grant', 'error_description': 'Token has been expired or revoked.'})
2026-03-02 02:18:11,755 - gmail-watcher - ERROR - Error checking Gmail: ('invalid_grant: Token has been expired or revoked.', {'error': 'invalid_grant', 'error_description': 'Token has been expired or revoked.'})
2026-03-02 02:20:12,651 - gmail-watcher - ERROR - Error checking Gmail: ('invalid_grant: Token has been expired or revoked.', {'error': 'invalid_grant', 'error_description': 'Token has been expired or revoked.'})
2026-03-02 02:22:12,922 - gmail-watcher - ERROR - Error checking Gmail: ('invalid_grant: Token has been expired or revoked.', {'error': 'invalid_grant', 'error_description': 'Token has been expired or revoked.'})
2026-03-02 02:24:13,585 - gmail-watcher - ERROR - Error checking Gmail: ('invalid_grant: Token has been expired or revoked.', {'error': 'invalid_grant', 'error_description': 'Token has been expired or revoked.'})
2026-03-02 02:26:13,852 - gmail-watcher - ERROR - Error checking Gmail: ('invalid_grant: Token has been expired or revoked.', {'error': 'invalid_grant', 'error_description': 'Token has been expired or revoked.'})
2026-03-02 02:28:14,101 - gmail-watcher - ERROR - Error checking Gmail: ('invalid_grant: Token has been expired or revoked.', {'error': 'invalid_grant', 'error_description': 'Token has been expired or revoked.'})
2026-03-02 02:30:14,921 - gmail-watcher - ERROR - Error checking Gmail: ('invalid_grant: Token has been expired or revoked.', {'error': 'invalid_grant', 'error_description': 'Token has been expired or revoked.'})
2026-03-02 02:32:15,880 - gmail-watcher - ERROR - Error checking Gmail: ('invalid_grant: Token has been expired or revoked.', {'error': 'invalid_grant', 'error_description': 'Token has been expired or revoked.'})
2026-03-02 02:34:16,116 - gmail-watcher - ERROR - Error checking Gmail: ('invalid_grant: Token has been expired or revoked.', {'error': 'invalid_grant', 'error_description': 'Token has been expired or revoked.'})
2026-03-02 02:36:16,827 - gmail-watcher - ERROR - Error checking Gmail: ('invalid_grant: Token has been expired or revoked.', {'error': 'invalid_grant', 'error_description': 'Token has been expired or revoked.'})
2026-03-02 02:38:17,213 - gmail-watcher - ERROR - Error checking Gmail: ('invalid_grant: Token has been expired or revoked.', {'error': 'invalid_grant', 'error_description': 'Token has been expired or revoked.'})
2026-03-02 02:40:17,819 - gmail-watcher - ERROR - Error checking Gmail: ('invalid_grant: Token has been expired or revoked.', {'error': 'invalid_grant', 'error_description': 'Token has been expired or revoked.'})
2026-03-02 02:42:18,403 - gmail-watcher - ERROR - Error checking Gmail: ('invalid_grant: Token has been expired or revoked.', {'error': 'invalid_grant', 'error_description': 'Token has been expired or revoked.'})
2026-03-02 02:44:18,938 - gmail-watcher - ERROR - Error checking Gmail: ('invalid_grant: Token has been expired or revoked.', {'error': 'invalid_grant', 'error_description': 'Token has been expired or revoked.'})
2026-03-02 02:46:19,497 - gmail-watcher - ERROR - Error checking Gmail: ('invalid_grant: Token has been expired or revoked.', {'error': 'invalid_grant', 'error_description': 'Token has been expired or revoked.'})
2026-03-02 02:48:19,979 - gmail-watcher - ERROR - Error checking Gmail: ('invalid_grant: Token has been expired or revoked.', {'error': 'invalid_grant', 'error_description': 'Token has been expired or revoked.'})
2026-03-02 02:50:20,358 - gmail-watcher - ERROR - Error checking Gmail: ('invalid_grant: Token has been expired or revoked.', {'error': 'invalid_grant', 'error_description': 'Token has been expired or revoked.'})
2026-03-02 02:52:20,723 - gmail-watcher - ERROR - Error checking Gmail: ('invalid_grant: Token has been expired or revoked.', {'error': 'invalid_grant', 'error_description': 'Token has been expired or revoked.'})
2026-03-02 02:54:21,226 - gmail-watcher - ERROR - Error checking Gmail: ('invalid_grant: Token has been expired or revoked.', {'error': 'invalid_grant', 'error_description': 'Token has been expired or revoked.'})
2026-03-02 02:56:22,239 - gmail-watcher - ERROR - Error checking Gmail: ('invalid_grant: Token has been expired or revoked.', {'error': 'invalid_grant', 'error_description': 'Token has been expired or revoked.'})
2026-03-02 02:58:22,597 - gmail-watcher - ERROR - Error checking Gmail: ('invalid_grant: Token has been expired or revoked.', {'error': 'invalid_grant', 'error_description': 'Token has been expired or revoked.'})
2026-03-02 03:00:23,282 - gmail-watcher - ERROR - Error checking Gmail: ('invalid_grant: Token has been expired or revoked.', {'error': 'invalid_grant', 'error_description': 'Token has been expired or revoked.'})
2026-03-02 03:02:24,032 - gmail-watcher - ERROR - Error checking Gmail: ('invalid_grant: Token has been expired or revoked.', {'error': 'invalid_grant', 'error_description': 'Token has been expired or revoked.'})
2026-03-02 03:04:25,975 - gmail-watcher - ERROR - Error checking Gmail: ('invalid_grant: Token has been expired or revoked.', {'error': 'invalid_grant', 'error_description': 'Token has been expired or revoked.'})
2026-03-03 00:28:06,497 - gmail-watcher - ERROR - Error checking Gmail: [WinError 10054] An existing connection was forcibly closed by the remote host
2026-03-03 00:30:07,576 - gmail-watcher - ERROR - Error checking Gmail: [WinError 10054] An existing connection was forcibly closed by the remote host
2026-03-03 00:32:08,313 - gmail-watcher - ERROR - Error checking Gmail: ('invalid_grant: Token has been expired or revoked.', {'error': 'invalid_grant', 'error_description': 'Token has been expired or revoked.'})
2026-03-03 00:34:08,765 - gmail-watcher - ERROR - Error checking Gmail: ('invalid_grant: Token has been expired or revoked.', {'error': 'invalid_grant', 'error_description': 'Token has been expired or revoked.'})
2026-03-03 00:36:09,080 - gmail-watcher - ERROR - Error checking Gmail: ('invalid_grant: Token has been expired or revoked.', {'error': 'invalid_grant', 'error_description': 'Token has been expired or revoked.'})
2026-03-03 00:38:09,334 - gmail-watcher - ERROR - Error checking Gmail: ('invalid_grant: Token has been expired or revoked.', {'error': 'invalid_grant', 'error_description': 'Token has been expired or revoked.'})
2026-03-03 00:40:12,242 - gmail-watcher - ERROR - Error checking Gmail: ('invalid_grant: Token has been expired or revoked.', {'error': 'invalid_grant', 'error_description': 'Token has been expired or revoked.'})
2026-03-03 00:42:12,517 - gmail-watcher - ERROR - Error checking Gmail: ('invalid_grant: Token has been expired or revoked.', {'error': 'invalid_grant', 'error_description': 'Token has been expired or revoked.'})
2026-03-03 00:44:12,813 - gmail-watcher - ERROR - Error checking Gmail: ('invalid_grant: Token has been expired or revoked.', {'error': 'invalid_grant', 'error_description': 'Token has been expired or revoked.'})
2026-03-03 00:46:13,465 - gmail-watcher - ERROR - Error checking Gmail: ('invalid_grant: Token has been expired or revoked.', {'error': 'invalid_grant', 'error_description': 'Token has been expired or revoked.'})
2026-03-03 00:48:13,721 - gmail-watcher - ERROR - Error checking Gmail: ('invalid_grant: Token has been expired or revoked.', {'error': 'invalid_grant', 'error_description': 'Token has been expired or revoked.'})
2026-03-03 00:50:14,164 - gmail-watcher - ERROR - Error checking Gmail: ('invalid_grant: Token has been expired or revoked.', {'error': 'invalid_grant', 'error_description': 'Token has been expired or revoked.'})
2026-03-03 00:52:14,454 - gmail-watcher - ERROR - Error checking Gmail: ('invalid_grant: Token has been expired or revoked.', {'error': 'invalid_grant', 'error_description': 'Token has been expired or revoked.'})
2026-03-03 00:54:14,705 - gmail-watcher - ERROR - Error checking Gmail: ('invalid_grant: Token has been expired or revoked.', {'error': 'invalid_grant', 'error_description': 'Token has been expired or revoked.'})
2026-03-03 00:56:15,119 - gmail-watcher - ERROR - Error checking Gmail: ('invalid_grant: Token has been expired or revoked.', {'error': 'invalid_grant', 'error_description': 'Token has been expired or revoked.'})
2026-03-03 00:58:15,395 - gmail-watcher - ERROR - Error checking Gmail: ('invalid_grant: Token has been expired or revoked.', {'error': 'invalid_grant', 'error_description': 'Token has been expired or revoked.'})
2026-03-03 01:00:15,740 - gmail-watcher - ERROR - Error checking Gmail: ('invalid_grant: Token has been expired or revoked.', {'error': 'invalid_grant', 'error_description': 'Token has been expired or revoked.'})
2026-03-03 14:45:47,271 - gmail-watcher - ERROR - Error checking Gmail: [WinError 10054] An existing connection was forcibly closed by the remote host
2026-03-03 14:47:48,642 - gmail-watcher - ERROR - Error checking Gmail: [WinError 10054] An existing connection was forcibly closed by the remote host
2026-03-03 14:49:50,303 - gmail-watcher - ERROR - Error checking Gmail: ('invalid_grant: Token has been expired or revoked.', {'error': 'invalid_grant', 'error_description': 'Token has been expired or revoked.'})
2026-03-03 14:51:51,653 - gmail-watcher - ERROR - Error checking Gmail: ('invalid_grant: Token has been expired or revoked.', {'error': 'invalid_grant', 'error_description': 'Token has been expired or revoked.'})
2026-03-03 14:53:53,478 - gmail-watcher - ERROR - Error checking Gmail: ('invalid_grant: Token has been expired or revoked.', {'error': 'invalid_grant', 'error_description': 'Token has been expired or revoked.'})
2026-03-03 14:55:54,310 - gmail-watcher - ERROR - Error checking Gmail: ('invalid_grant: Token has been expired or revoked.', {'error': 'invalid_grant', 'error_description': 'Token has been expired or revoked.'})
2026-03-03 14:57:55,175 - gmail-watcher - ERROR - Error checking Gmail: ('invalid_grant: Token has been expired or revoked.', {'error': 'invalid_grant', 'error_description': 'Token has been expired or revoked.'})
2026-03-03 14:59:55,988 - gmail-watcher - ERROR - Error checking Gmail: ('invalid_grant: Token has been expired or revoked.', {'error': 'invalid_grant', 'error_description': 'Token has been expired or revoked.'})
2026-03-03 15:01:56,615 - gmail-watcher - ERROR - Error checking Gmail: ('invalid_grant: Token has been expired or revoked.', {'error': 'invalid_grant', 'error_description': 'Token has been expired or revoked.'})
2026-03-03 15:04:01,807 - gmail-watcher - ERROR - Error checking Gmail: ('invalid_grant: Token has been expired or revoked.', {'error': 'invalid_grant', 'error_description': 'Token has been expired or revoked.'})
2026-03-03 15:06:04,914 - gmail-watcher - ERROR - Error checking Gmail: ('invalid_grant: Token has been expired or revoked.', {'error': 'invalid_grant', 'error_description': 'Token has been expired or revoked.'})
2026-03-03 15:08:13,919 - gmail-watcher - ERROR - Error checking Gmail: ('invalid_grant: Token has been expired or revoked.', {'error': 'invalid_grant', 'error_description': 'Token has been expired or revoked.'})
2026-03-03 15:10:14,315 - gmail-watcher - ERROR - Error checking Gmail: ('invalid_grant: Token has been expired or revoked.', {'error': 'invalid_grant', 'error_description': 'Token has been expired or revoked.'})
2026-03-03 15:12:15,292 - gmail-watcher - ERROR - Error checking Gmail: ('invalid_grant: Token has been expired or revoked.', {'error': 'invalid_grant', 'error_description': 'Token has been expired or revoked.'})
2026-03-03 15:14:16,103 - gmail-watcher - ERROR - Error checking Gmail: ('invalid_grant: Token has been expired or revoked.', {'error': 'invalid_grant', 'error_description': 'Token has been expired or revoked.'})
2026-03-03 15:16:16,759 - gmail-watcher - ERROR - Error checking Gmail: ('invalid_grant: Token has been expired or revoked.', {'error': 'invalid_grant', 'error_description': 'Token has been expired or revoked.'})
2026-03-03 15:18:18,607 - gmail-watcher - ERROR - Error checking Gmail: ('invalid_grant: Token has been expired or revoked.', {'error': 'invalid_grant', 'error_description': 'Token has been expired or revoked.'})
2026-03-03 15:20:18,948 - gmail-watcher - ERROR - Error checking Gmail: ('invalid_grant: Token has been expired or revoked.', {'error': 'invalid_grant', 'error_description': 'Token has been expired or revoked.'})
2026-03-03 15:22:19,293 - gmail-watcher - ERROR - Error checking Gmail: ('invalid_grant: Token has been expired or revoked.', {'error': 'invalid_grant', 'error_description': 'Token has been expired or revoked.'})
2026-03-03 15:24:21,318 - gmail-watcher - ERROR - Error checking Gmail: ('invalid_grant: Token has been expired or revoked.', {'error': 'invalid_grant', 'error_description': 'Token has been expired or revoked.'})
2026-03-03 15:26:21,679 - gmail-watcher - ERROR - Error checking Gmail: ('invalid_grant: Token has been expired or revoked.', {'error': 'invalid_grant', 'error_description': 'Token has been expired or revoked.'})
2026-03-03 15:28:21,951 - gmail-watcher - ERROR - Error checking Gmail: ('invalid_grant: Token has been expired or revoked.', {'error': 'invalid_grant', 'error_description': 'Token has been expired or revoked.'})
2026-03-03 15:30:23,027 - gmail-watcher - ERROR - Error checking Gmail: ('invalid_grant: Token has been expired or revoked.', {'error': 'invalid_grant', 'error_description': 'Token has been expired or revoked.'})
2026-03-03 15:32:23,341 - gmail-watcher - ERROR - Error checking Gmail: ('invalid_grant: Token has been expired or revoked.', {'error': 'invalid_grant', 'error_description': 'Token has been expired or revoked.'})
2026-03-03 15:34:24,388 - gmail-watcher - ERROR - Error checking Gmail: ('invalid_grant: Token has been expired or revoked.', {'error': 'invalid_grant', 'error_description': 'Token has been expired or revoked.'})
2026-03-03 15:36:24,893 - gmail-watcher - ERROR - Error checking Gmail: ('invalid_grant: Token has been expired or revoked.', {'error': 'invalid_grant', 'error_description': 'Token has been expired or revoked.'})
2026-03-03 15:38:25,198 - gmail-watcher - ERROR - Error checking Gmail: ('invalid_grant: Token has been expired or revoked.', {'error': 'invalid_grant', 'error_description': 'Token has been expired or revoked.'})
2026-03-03 15:40:25,510 - gmail-watcher - ERROR - Error checking Gmail: ('invalid_grant: Token has been expired or revoked.', {'error': 'invalid_grant', 'error_description': 'Token has been expired or revoked.'})
2026-03-03 15:42:27,113 - gmail-watcher - ERROR - Error checking Gmail: ('invalid_grant: Token has been expired or revoked.', {'error': 'invalid_grant', 'error_description': 'Token has been expired or revoked.'})
2026-03-03 15:44:27,443 - gmail-watcher - ERROR - Error checking Gmail: ('invalid_grant: Token has been expired or revoked.', {'error': 'invalid_grant', 'error_description': 'Token has been expired or revoked.'})
2026-03-03 15:46:28,133 - gmail-watcher - ERROR - Error checking Gmail: ('invalid_grant: Token has been expired or revoked.', {'error': 'invalid_grant', 'error_description': 'Token has been expired or revoked.'})
2026-03-03 15:48:28,634 - gmail-watcher - ERROR - Error checking Gmail: ('invalid_grant: Token has been expired or revoked.', {'error': 'invalid_grant', 'error_description': 'Token has been expired or revoked.'})
2026-03-03 15:50:31,426 - gmail-watcher - ERROR - Error checking Gmail: ('invalid_grant: Token has been expired or revoked.', {'error': 'invalid_grant', 'error_description': 'Token has been expired or revoked.'})
2026-03-03 15:52:32,882 - gmail-watcher - ERROR - Error checking Gmail: ('invalid_grant: Token has been expired or revoked.', {'error': 'invalid_grant', 'error_description': 'Token has been expired or revoked.'})
2026-03-03 15:54:34,185 - gmail-watcher - ERROR - Error checking Gmail: ('invalid_grant: Token has been expired or revoked.', {'error': 'invalid_grant', 'error_description': 'Token has been expired or revoked.'})
2026-03-03 15:56:34,897 - gmail-watcher - ERROR - Error checking Gmail: ('invalid_grant: Token has been expired or revoked.', {'error': 'invalid_grant', 'error_description': 'Token has been expired or revoked.'})
2026-03-03 15:58:36,318 - gmail-watcher - ERROR - Error checking Gmail: ('invalid_grant: Token has been expired or revoked.', {'error': 'invalid_grant', 'error_description': 'Token has been expired or revoked.'})
2026-03-03 16:00:36,978 - gmail-watcher - ERROR - Error checking Gmail: ('invalid_grant: Token has been expired or revoked.', {'error': 'invalid_grant', 'error_description': 'Token has been expired or revoked.'})
2026-03-03 16:02:37,384 - gmail-watcher - ERROR - Error checking Gmail: ('invalid_grant: Token has been expired or revoked.', {'error': 'invalid_grant', 'error_description': 'Token has been expired or revoked.'})
2026-03-03 16:04:38,550 - gmail-watcher - ERROR - Error checking Gmail: ('invalid_grant: Token has been expired or revoked.', {'error': 'invalid_grant', 'error_description': 'Token has been expired or revoked.'})
2026-03-03 16:06:39,728 - gmail-watcher - ERROR - Error checking Gmail: ('invalid_grant: Token has been expired or revoked.', {'error': 'invalid_grant', 'error_description': 'Token has been expired or revoked.'})
2026-03-03 16:08:40,255 - gmail-watcher - ERROR - Error checking Gmail: ('invalid_grant: Token has been expired or revoked.', {'error': 'invalid_grant', 'error_description': 'Token has been expired or revoked.'})
2026-03-03 16:10:40,569 - gmail-watcher - ERROR - Error checking Gmail: ('invalid_grant: Token has been expired or revoked.', {'error': 'invalid_grant', 'error_description': 'Token has been expired or revoked.'})
2026-03-03 16:12:40,812 - gmail-watcher - ERROR - Error checking Gmail: ('invalid_grant: Token has been expired or revoked.', {'error': 'invalid_grant', 'error_description': 'Token has been expired or revoked.'})
2026-03-03 16:14:41,564 - gmail-watcher - ERROR - Error checking Gmail: ('invalid_grant: Token has been expired or revoked.', {'error': 'invalid_grant', 'error_description': 'Token has been expired or revoked.'})
2026-03-03 16:16:42,023 - gmail-watcher - ERROR - Error checking Gmail: ('invalid_grant: Token has been expired or revoked.', {'error': 'invalid_grant', 'error_description': 'Token has been expired or revoked.'})
2026-03-03 16:18:42,300 - gmail-watcher - ERROR - Error checking Gmail: ('invalid_grant: Token has been expired or revoked.', {'error': 'invalid_grant', 'error_description': 'Token has been expired or revoked.'})
2026-03-03 16:20:43,379 - gmail-watcher - ERROR - Error checking Gmail: ('invalid_grant: Token has been expired or revoked.', {'error': 'invalid_grant', 'error_description': 'Token has been expired or revoked.'})
2026-03-03 17:18:57,914 - gmail-watcher - ERROR - Error checking Gmail: [WinError 10054] An existing connection was forcibly closed by the remote host
2026-03-03 17:20:58,054 - gmail-watcher - ERROR - Error checking Gmail: [WinError 10054] An existing connection was forcibly closed by the remote host
2026-03-03 17:22:58,643 - gmail-watcher - ERROR - Error checking Gmail: ('invalid_grant: Token has been expired or revoked.', {'error': 'invalid_grant', 'error_description': 'Token has been expired or revoked.'})
2026-03-03 17:25:03,949 - gmail-watcher - ERROR - Error checking Gmail: ('invalid_grant: Token has been expired or revoked.', {'error': 'invalid_grant', 'error_description': 'Token has been expired or revoked.'})
2026-03-03 17:27:04,448 - gmail-watcher - ERROR - Error checking Gmail: ('invalid_grant: Token has been expired or revoked.', {'error': 'invalid_grant', 'error_description': 'Token has been expired or revoked.'})
2026-03-03 17:29:04,775 - gmail-watcher - ERROR - Error checking Gmail: ('invalid_grant: Token has been expired or revoked.', {'error': 'invalid_grant', 'error_description': 'Token has been expired or revoked.'})
2026-03-03 17:31:05,150 - gmail-watcher - ERROR - Error checking Gmail: ('invalid_grant: Token has been expired or revoked.', {'error': 'invalid_grant', 'error_description': 'Token has been expired or revoked.'})
2026-03-03 17:33:24,664 - gmail-watcher - ERROR - Error checking Gmail: [WinError 10054] An existing connection was forcibly closed by the remote host
2026-03-03 17:35:25,574 - gmail-watcher - ERROR - Error checking Gmail: ('invalid_grant: Token has been expired or revoked.', {'error': 'invalid_grant', 'error_description': 'Token has been expired or revoked.'})
2026-03-03 17:37:25,941 - gmail-watcher - ERROR - Error checking Gmail: ('invalid_grant: Token has been expired or revoked.', {'error': 'invalid_grant', 'error_description': 'Token has been expired or revoked.'})
2026-03-03 17:39:26,787 - gmail-watcher - ERROR - Error checking Gmail: ('invalid_grant: Token has been expired or revoked.', {'error': 'invalid_grant', 'error_description': 'Token has been expired or revoked.'})
2026-03-03 17:41:28,279 - gmail-watcher - ERROR - Error checking Gmail: ('invalid_grant: Token has been expired or revoked.', {'error': 'invalid_grant', 'error_description': 'Token has been expired or revoked.'})
2026-03-03 17:43:28,585 - gmail-watcher - ERROR - Error checking Gmail: ('invalid_grant: Token has been expired or revoked.', {'error': 'invalid_grant', 'error_description': 'Token has been expired or revoked.'})
2026-03-03 17:45:28,882 - gmail-watcher - ERROR - Error checking Gmail: ('invalid_grant: Token has been expired or revoked.', {'error': 'invalid_grant', 'error_description': 'Token has been expired or revoked.'})
2026-03-03 17:47:29,447 - gmail-watcher - ERROR - Error checking Gmail: ('invalid_grant: Token has been expired or revoked.', {'error': 'invalid_grant', 'error_description': 'Token has been expired or revoked.'})
2026-03-03 17:49:29,878 - gmail-watcher - ERROR - Error checking Gmail: ('invalid_grant: Token has been expired or revoked.', {'error': 'invalid_grant', 'error_description': 'Token has been expired or revoked.'})
2026-03-03 17:51:30,217 - gmail-watcher - ERROR - Error checking Gmail: ('invalid_grant: Token has been expired or revoked.', {'error': 'invalid_grant', 'error_description': 'Token has been expired or revoked.'})
2026-03-03 17:53:31,752 - gmail-watcher - ERROR - Error checking Gmail: ('invalid_grant: Token has been expired or revoked.', {'error': 'invalid_grant', 'error_description': 'Token has been expired or revoked.'})
2026-03-03 17:55:32,440 - gmail-watcher - ERROR - Error checking Gmail: ('invalid_grant: Token has been expired or revoked.', {'error': 'invalid_grant', 'error_description': 'Token has been expired or revoked.'})
2026-03-03 17:57:37,875 - gmail-watcher - ERROR - Error checking Gmail: ('invalid_grant: Token has been expired or revoked.', {'error': 'invalid_grant', 'error_description': 'Token has been expired or revoked.'})
2026-03-03 17:59:41,201 - gmail-watcher - ERROR - Error checking Gmail: ('invalid_grant: Token has been expired or revoked.', {'error': 'invalid_grant', 'error_description': 'Token has been expired or revoked.'})
2026-03-03 18:02:02,341 - gmail-watcher - ERROR - Error checking Gmail: ('invalid_grant: Token has been expired or revoked.', {'error': 'invalid_grant', 'error_description': 'Token has been expired or revoked.'})
2026-03-03 18:04:02,752 - gmail-watcher - ERROR - Error checking Gmail: ('invalid_grant: Token has been expired or revoked.', {'error': 'invalid_grant', 'error_description': 'Token has been expired or revoked.'})
2026-03-03 18:06:03,222 - gmail-watcher - ERROR - Error checking Gmail: ('invalid_grant: Token has been expired or revoked.', {'error': 'invalid_grant', 'error_description': 'Token has been expired or revoked.'})
2026-03-03 18:08:10,588 - gmail-watcher - ERROR - Error checking Gmail: ('invalid_grant: Token has been expired or revoked.', {'error': 'invalid_grant', 'error_description': 'Token has been expired or revoked.'})
2026-03-03 18:10:11,040 - gmail-watcher - ERROR - Error checking Gmail: ('invalid_grant: Token has been expired or revoked.', {'error': 'invalid_grant', 'error_description': 'Token has been expired or revoked.'})
2026-03-03 18:12:11,766 - gmail-watcher - ERROR - Error checking Gmail: ('invalid_grant: Token has been expired or revoked.', {'error': 'invalid_grant', 'error_description': 'Token has been expired or revoked.'})
2026-03-03 18:14:12,317 - gmail-watcher - ERROR - Error checking Gmail: ('invalid_grant: Token has been expired or revoked.', {'error': 'invalid_grant', 'error_description': 'Token has been expired or revoked.'})
2026-03-03 18:16:13,228 - gmail-watcher - ERROR - Error checking Gmail: ('invalid_grant: Token has been expired or revoked.', {'error': 'invalid_grant', 'error_description': 'Token has been expired or revoked.'})
2026-03-03 18:18:13,674 - gmail-watcher - ERROR - Error checking Gmail: ('invalid_grant: Token has been expired or revoked.', {'error': 'invalid_grant', 'error_description': 'Token has been expired or revoked.'})
2026-03-03 18:20:14,524 - gmail-watcher - ERROR - Error checking Gmail: ('invalid_grant: Token has been expired or revoked.', {'error': 'invalid_grant', 'error_description': 'Token has been expired or revoked.'})
2026-03-03 18:22:15,393 - gmail-watcher - ERROR - Error checking Gmail: ('invalid_grant: Token has been expired or revoked.', {'error': 'invalid_grant', 'error_description': 'Token has been expired or revoked.'})
2026-03-03 19:34:35,164 - gmail-watcher - ERROR - Error checking Gmail: [WinError 10054] An existing connection was forcibly closed by the remote host
2026-03-03 19:36:38,605 - gmail-watcher - ERROR - Error checking Gmail: ('invalid_grant: Token has been expired or revoked.', {'error': 'invalid_grant', 'error_description': 'Token has been expired or revoked.'})
2026-03-03 19:38:39,964 - gmail-watcher - ERROR - Error checking Gmail: ('invalid_grant: Token has been expired or revoked.', {'error': 'invalid_grant', 'error_description': 'Token has been expired or revoked.'})
2026-03-03 19:40:41,847 - gmail-watcher - ERROR - Error checking Gmail: ('invalid_grant: Token has been expired or revoked.', {'error': 'invalid_grant', 'error_description': 'Token has been expired or revoked.'})
2026-03-03 19:42:42,887 - gmail-watcher - ERROR - Error checking Gmail: ('invalid_grant: Token has been expired or revoked.', {'error': 'invalid_grant', 'error_description': 'Token has been expired or revoked.'})
2026-03-03 19:44:45,787 - gmail-watcher - ERROR - Error checking Gmail: ('invalid_grant: Token has been expired or revoked.', {'error': 'invalid_grant', 'error_description': 'Token has been expired or revoked.'})
2026-03-03 19:46:46,301 - gmail-watcher - ERROR - Error checking Gmail: ('invalid_grant: Token has been expired or revoked.', {'error': 'invalid_grant', 'error_description': 'Token has been expired or revoked.'})
2026-03-03 19:48:47,205 - gmail-watcher - ERROR - Error checking Gmail: ('invalid_grant: Token has been expired or revoked.', {'error': 'invalid_grant', 'error_description': 'Token has been expired or revoked.'})
2026-03-03 19:50:47,955 - gmail-watcher - ERROR - Error checking Gmail: ('invalid_grant: Token has been expired or revoked.', {'error': 'invalid_grant', 'error_description': 'Token has been expired or revoked.'})
2026-03-03 19:52:48,826 - gmail-watcher - ERROR - Error checking Gmail: ('invalid_grant: Token has been expired or revoked.', {'error': 'invalid_grant', 'error_description': 'Token has been expired or revoked.'})
2026-03-03 19:54:49,673 - gmail-watcher - ERROR - Error checking Gmail: ('invalid_grant: Token has been expired or revoked.', {'error': 'invalid_grant', 'error_description': 'Token has been expired or revoked.'})
2026-03-03 19:56:50,463 - gmail-watcher - ERROR - Error checking Gmail: ('invalid_grant: Token has been expired or revoked.', {'error': 'invalid_grant', 'error_description': 'Token has been expired or revoked.'})
2026-03-03 19:58:51,114 - gmail-watcher - ERROR - Error checking Gmail: ('invalid_grant: Token has been expired or revoked.', {'error': 'invalid_grant', 'error_description': 'Token has been expired or revoked.'})
2026-03-03 20:00:51,801 - gmail-watcher - ERROR - Error checking Gmail: ('invalid_grant: Token has been expired or revoked.', {'error': 'invalid_grant', 'error_description': 'Token has been expired or revoked.'})
2026-03-03 20:02:52,524 - gmail-watcher - ERROR - Error checking Gmail: ('invalid_grant: Token has been expired or revoked.', {'error': 'invalid_grant', 'error_description': 'Token has been expired or revoked.'})
2026-03-03 20:04:53,894 - gmail-watcher - ERROR - Error checking Gmail: ('invalid_grant: Token has been expired or revoked.', {'error': 'invalid_grant', 'error_description': 'Token has been expired or revoked.'})
2026-03-03 20:06:55,609 - gmail-watcher - ERROR - Error checking Gmail: ('invalid_grant: Token has been expired or revoked.', {'error': 'invalid_grant', 'error_description': 'Token has been expired or revoked.'})
2026-03-03 20:08:58,160 - gmail-watcher - ERROR - Error checking Gmail: ('invalid_grant: Token has been expired or revoked.', {'error': 'invalid_grant', 'error_description': 'Token has been expired or revoked.'})
2026-03-03 20:10:59,595 - gmail-watcher - ERROR - Error checking Gmail: ('invalid_grant: Token has been expired or revoked.', {'error': 'invalid_grant', 'error_description': 'Token has been expired or revoked.'})
2026-03-03 20:13:00,700 - gmail-watcher - ERROR - Error checking Gmail: ('invalid_grant: Token has been expired or revoked.', {'error': 'invalid_grant', 'error_description': 'Token has been expired or revoked.'})
2026-03-03 20:15:01,512 - gmail-watcher - ERROR - Error checking Gmail: ('invalid_grant: Token has been expired or revoked.', {'error': 'invalid_grant', 'error_description': 'Token has been expired or revoked.'})
2026-03-03 20:17:02,643 - gmail-watcher - ERROR - Error checking Gmail: ('invalid_grant: Token has been expired or revoked.', {'error': 'invalid_grant', 'error_description': 'Token has been expired or revoked.'})
2026-03-03 20:19:03,340 - gmail-watcher - ERROR - Error checking Gmail: ('invalid_grant: Token has been expired or revoked.', {'error': 'invalid_grant', 'error_description': 'Token has been expired or revoked.'})
2026-03-03 20:21:03,982 - gmail-watcher - ERROR - Error checking Gmail: ('invalid_grant: Token has been expired or revoked.', {'error': 'invalid_grant', 'error_description': 'Token has been expired or revoked.'})
2026-03-03 20:23:05,512 - gmail-watcher - ERROR - Error checking Gmail: ('invalid_grant: Token has been expired or revoked.', {'error': 'invalid_grant', 'error_description': 'Token has been expired or revoked.'})
2026-03-03 20:25:06,159 - gmail-watcher - ERROR - Error checking Gmail: ('invalid_grant: Token has been expired or revoked.', {'error': 'invalid_grant', 'error_description': 'Token has been expired or revoked.'})
2026-03-03 20:27:06,643 - gmail-watcher - ERROR - Error checking Gmail: ('invalid_grant: Token has been expired or revoked.', {'error': 'invalid_grant', 'error_description': 'Token has been expired or revoked.'})
2026-03-03 20:29:07,140 - gmail-watcher - ERROR - Error checking Gmail: ('invalid_grant: Token has been expired or revoked.', {'error': 'invalid_grant', 'error_description': 'Token has been expired or revoked.'})
2026-03-03 20:31:07,521 - gmail-watcher - ERROR - Error checking Gmail: ('invalid_grant: Token has been expired or revoked.', {'error': 'invalid_grant', 'error_description': 'Token has been expired or revoked.'})
2026-03-03 20:33:38,218 - gmail-watcher - ERROR - Error checking Gmail: [WinError 10054] An existing connection was forcibly closed by the remote host
2026-03-03 20:35:39,802 - gmail-watcher - ERROR - Error checking Gmail: ('invalid_grant: Token has been expired or revoked.', {'error': 'invalid_grant', 'error_description': 'Token has been expired or revoked.'})
2026-03-03 20:37:40,334 - gmail-watcher - ERROR - Error checking Gmail: ('invalid_grant: Token has been expired or revoked.', {'error': 'invalid_grant', 'error_description': 'Token has been expired or revoked.'})
2026-03-03 20:39:41,302 - gmail-watcher - ERROR - Error checking Gmail: ('invalid_grant: Token has been expired or revoked.', {'error': 'invalid_grant', 'error_description': 'Token has been expired or revoked.'})
2026-03-03 20:41:42,266 - gmail-watcher - ERROR - Error checking Gmail: ('invalid_grant: Token has been expired or revoked.', {'error': 'invalid_grant', 'error_description': 'Token has been expired or revoked.'})
2026-03-03 20:43:43,099 - gmail-watcher - ERROR - Error checking Gmail: ('invalid_grant: Token has been expired or revoked.', {'error': 'invalid_grant', 'error_description': 'Token has been expired or revoked.'})
2026-03-03 20:45:52,924 - gmail-watcher - ERROR - Error checking Gmail: ('invalid_grant: Token has been expired or revoked.', {'error': 'invalid_grant', 'error_description': 'Token has been expired or revoked.'})
2026-03-03 20:47:56,027 - gmail-watcher - ERROR - Error checking Gmail: ('invalid_grant: Token has been expired or revoked.', {'error': 'invalid_grant', 'error_description': 'Token has been expired or revoked.'})
2026-03-03 20:49:58,589 - gmail-watcher - ERROR - Error checking Gmail: ('invalid_grant: Token has been expired or revoked.', {'error': 'invalid_grant', 'error_description': 'Token has been expired or revoked.'})
2026-03-03 20:51:59,876 - gmail-watcher - ERROR - Error checking Gmail: ('invalid_grant: Token has been expired or revoked.', {'error': 'invalid_grant', 'error_description': 'Token has been expired or revoked.'})
2026-03-03 20:54:03,656 - gmail-watcher - ERROR - Error checking Gmail: ('invalid_grant: Token has been expired or revoked.', {'error': 'invalid_grant', 'error_description': 'Token has been expired or revoked.'})
2026-03-03 20:56:04,536 - gmail-watcher - ERROR - Error checking Gmail: ('invalid_grant: Token has been expired or revoked.', {'error': 'invalid_grant', 'error_description': 'Token has been expired or revoked.'})
2026-03-03 20:58:05,925 - gmail-watcher - ERROR - Error checking Gmail: ('invalid_grant: Token has been expired or revoked.', {'error': 'invalid_grant', 'error_description': 'Token has been expired or revoked.'})
2026-03-03 21:00:07,060 - gmail-watcher - ERROR - Error checking Gmail: ('invalid_grant: Token has been expired or revoked.', {'error': 'invalid_grant', 'error_description': 'Token has been expired or revoked.'})
2026-03-03 21:02:12,389 - gmail-watcher - ERROR - Error checking Gmail: ('invalid_grant: Token has been expired or revoked.', {'error': 'invalid_grant', 'error_description': 'Token has been expired or revoked.'})
2026-03-03 21:04:22,279 - gmail-watcher - ERROR - Error checking Gmail: ('invalid_grant: Token has been expired or revoked.', {'error': 'invalid_grant', 'error_description': 'Token has been expired or revoked.'})
2026-03-03 21:06:29,899 - gmail-watcher - ERROR - Error checking Gmail: ('invalid_grant: Token has been expired or revoked.', {'error': 'invalid_grant', 'error_description': 'Token has been expired or revoked.'})
2026-03-03 21:08:41,749 - gmail-watcher - ERROR - Error checking Gmail: ('invalid_grant: Token has been expired or revoked.', {'error': 'invalid_grant', 'error_description': 'Token has been expired or revoked.'})
2026-03-03 21:10:42,637 - gmail-watcher - ERROR - Error checking Gmail: ('invalid_grant: Token has been expired or revoked.', {'error': 'invalid_grant', 'error_description': 'Token has been expired or revoked.'})
2026-03-03 21:12:43,468 - gmail-watcher - ERROR - Error checking Gmail: ('invalid_grant: Token has been expired or revoked.', {'error': 'invalid_grant', 'error_description': 'Token has been expired or revoked.'})
2026-03-03 21:14:44,552 - gmail-watcher - ERROR - Error checking Gmail: ('invalid_grant: Token has been expired or revoked.', {'error': 'invalid_grant', 'error_description': 'Token has been expired or revoked.'})
2026-03-03 21:16:46,096 - gmail-watcher - ERROR - Error checking Gmail: ('invalid_grant: Token has been expired or revoked.', {'error': 'invalid_grant', 'error_description': 'Token has been expired or revoked.'})
2026-03-03 21:18:47,305 - gmail-watcher - ERROR - Error checking Gmail: ('invalid_grant: Token has been expired or revoked.', {'error': 'invalid_grant', 'error_description': 'Token has been expired or revoked.'})
2026-03-03 21:20:49,569 - gmail-watcher - ERROR - Error checking Gmail: ('invalid_grant: Token has been expired or revoked.', {'error': 'invalid_grant', 'error_description': 'Token has been expired or revoked.'})
2026-03-03 21:22:51,338 - gmail-watcher - ERROR - Error checking Gmail: ('invalid_grant: Token has been expired or revoked.', {'error': 'invalid_grant', 'error_description': 'Token has been expired or revoked.'})
2026-03-03 21:24:51,951 - gmail-watcher - ERROR - Error checking Gmail: ('invalid_grant: Token has been expired or revoked.', {'error': 'invalid_grant', 'error_description': 'Token has been expired or revoked.'})
2026-03-03 21:26:52,331 - gmail-watcher - ERROR - Error checking Gmail: ('invalid_grant: Token has been expired or revoked.', {'error': 'invalid_grant', 'error_description': 'Token has been expired or revoked.'})
2026-03-03 21:28:52,910 - gmail-watcher - ERROR - Error checking Gmail: ('invalid_grant: Token has been expired or revoked.', {'error': 'invalid_grant', 'error_description': 'Token has been expired or revoked.'})
2026-03-03 21:30:53,755 - gmail-watcher - ERROR - Error checking Gmail: ('invalid_grant: Token has been expired or revoked.', {'error': 'invalid_grant', 'error_description': 'Token has been expired or revoked.'})
2026-03-03 21:32:54,280 - gmail-watcher - ERROR - Error checking Gmail: ('invalid_grant: Token has been expired or revoked.', {'error': 'invalid_grant', 'error_description': 'Token has been expired or revoked.'})
2026-03-03 21:34:56,536 - gmail-watcher - ERROR - Error checking Gmail: ('invalid_grant: Token has been expired or revoked.', {'error': 'invalid_grant', 'error_description': 'Token has been expired or revoked.'})
2026-03-03 21:36:57,179 - gmail-watcher - ERROR - Error checking Gmail: ('invalid_grant: Token has been expired or revoked.', {'error': 'invalid_grant', 'error_description': 'Token has been expired or revoked.'})
2026-03-03 22:12:01,467 - gmail-watcher - ERROR - Error checking Gmail: ('invalid_grant: Token has been expired or revoked.', {'error': 'invalid_grant', 'error_description': 'Token has been expired or revoked.'})
2026-03-03 22:14:02,736 - gmail-watcher - ERROR - Error checking Gmail: ('invalid_grant: Token has been expired or revoked.', {'error': 'invalid_grant', 'error_description': 'Token has been expired or revoked.'})
2026-03-03 22:16:03,549 - gmail-watcher - ERROR - Error checking Gmail: ('invalid_grant: Token has been expired or revoked.', {'error': 'invalid_grant', 'error_description': 'Token has been expired or revoked.'})
2026-03-03 22:18:04,493 - gmail-watcher - ERROR - Error checking Gmail: ('invalid_grant: Token has been expired or revoked.', {'error': 'invalid_grant', 'error_description': 'Token has been expired or revoked.'})
2026-03-03 22:20:05,167 - gmail-watcher - ERROR - Error checking Gmail: ('invalid_grant: Token has been expired or revoked.', {'error': 'invalid_grant', 'error_description': 'Token has been expired or revoked.'})
2026-03-03 22:22:06,319 - gmail-watcher - ERROR - Error checking Gmail: ('invalid_grant: Token has been expired or revoked.', {'error': 'invalid_grant', 'error_description': 'Token has been expired or revoked.'})
2026-03-03 22:24:07,117 - gmail-watcher - ERROR - Error checking Gmail: ('invalid_grant: Token has been expired or revoked.', {'error': 'invalid_grant', 'error_description': 'Token has been expired or revoked.'})
2026-03-03 22:26:08,096 - gmail-watcher - ERROR - Error checking Gmail: ('invalid_grant: Token has been expired or revoked.', {'error': 'invalid_grant', 'error_description': 'Token has been expired or revoked.'})
2026-03-03 22:28:08,591 - gmail-watcher - ERROR - Error checking Gmail: ('invalid_grant: Token has been expired or revoked.', {'error': 'invalid_grant', 'error_description': 'Token has been expired or revoked.'})
2026-03-03 22:30:09,039 - gmail-watcher - ERROR - Error checking Gmail: ('invalid_grant: Token has been expired or revoked.', {'error': 'invalid_grant', 'error_description': 'Token has been expired or revoked.'})
2026-03-03 22:32:09,365 - gmail-watcher - ERROR - Error checking Gmail: ('invalid_grant: Token has been expired or revoked.', {'error': 'invalid_grant', 'error_description': 'Token has been expired or revoked.'})
2026-03-03 22:34:09,740 - gmail-watcher - ERROR - Error checking Gmail: ('invalid_grant: Token has been expired or revoked.', {'error': 'invalid_grant', 'error_description': 'Token has been expired or revoked.'})
2026-03-03 22:36:10,397 - gmail-watcher - ERROR - Error checking Gmail: ('invalid_grant: Token has been expired or revoked.', {'error': 'invalid_grant', 'error_description': 'Token has been expired or revoked.'})
2026-03-03 22:38:10,732 - gmail-watcher - ERROR - Error checking Gmail: ('invalid_grant: Token has been expired or revoked.', {'error': 'invalid_grant', 'error_description': 'Token has been expired or revoked.'})
2026-03-03 22:40:11,000 - gmail-watcher - ERROR - Error checking Gmail: ('invalid_grant: Token has been expired or revoked.', {'error': 'invalid_grant', 'error_description': 'Token has been expired or revoked.'})
2026-03-03 22:42:11,320 - gmail-watcher - ERROR - Error checking Gmail: ('invalid_grant: Token has been expired or revoked.', {'error': 'invalid_grant', 'error_description': 'Token has been expired or revoked.'})
2026-03-03 22:44:11,760 - gmail-watcher - ERROR - Error checking Gmail: ('invalid_grant: Token has been expired or revoked.', {'error': 'invalid_grant', 'error_description': 'Token has been expired or revoked.'})
2026-03-03 22:46:12,027 - gmail-watcher - ERROR - Error checking Gmail: ('invalid_grant: Token has been expired or revoked.', {'error': 'invalid_grant', 'error_description': 'Token has been expired or revoked.'})
2026-03-03 22:48:12,580 - gmail-watcher - ERROR - Error checking Gmail: ('invalid_grant: Token has been expired or revoked.', {'error': 'invalid_grant', 'error_description': 'Token has been expired or revoked.'})
2026-03-03 22:50:13,130 - gmail-watcher - ERROR - Error checking Gmail: ('invalid_grant: Token has been expired or revoked.', {'error': 'invalid_grant', 'error_description': 'Token has been expired or revoked.'})
2026-03-03 22:52:13,457 - gmail-watcher - ERROR - Error checking Gmail: ('invalid_grant: Token has been expired or revoked.', {'error': 'invalid_grant', 'error_description': 'Token has been expired or revoked.'})
2026-03-03 22:54:14,568 - gmail-watcher - ERROR - Error checking Gmail: ('invalid_grant: Token has been expired or revoked.', {'error': 'invalid_grant', 'error_description': 'Token has been expired or revoked.'})
2026-03-03 22:56:14,930 - gmail-watcher - ERROR - Error checking Gmail: ('invalid_grant: Token has been expired or revoked.', {'error': 'invalid_grant', 'error_description': 'Token has been expired or revoked.'})
2026-03-03 22:58:15,294 - gmail-watcher - ERROR - Error checking Gmail: ('invalid_grant: Token has been expired or revoked.', {'error': 'invalid_grant', 'error_description': 'Token has been expired or revoked.'})
2026-03-03 23:00:16,045 - gmail-watcher - ERROR - Error checking Gmail: ('invalid_grant: Token has been expired or revoked.', {'error': 'invalid_grant', 'error_description': 'Token has been expired or revoked.'})
2026-03-03 23:02:16,402 - gmail-watcher - ERROR - Error checking Gmail: ('invalid_grant: Token has been expired or revoked.', {'error': 'invalid_grant', 'error_description': 'Token has been expired or revoked.'})
2026-03-03 23:04:16,720 - gmail-watcher - ERROR - Error checking Gmail: ('invalid_grant: Token has been expired or revoked.', {'error': 'invalid_grant', 'error_description': 'Token has been expired or revoked.'})
2026-03-03 23:06:17,359 - gmail-watcher - ERROR - Error checking Gmail: ('invalid_grant: Token has been expired or revoked.', {'error': 'invalid_grant', 'error_description': 'Token has been expired or revoked.'})
2026-03-03 23:08:20,911 - gmail-watcher - ERROR - Error checking Gmail: ('invalid_grant: Token has been expired or revoked.', {'error': 'invalid_grant', 'error_description': 'Token has been expired or revoked.'})
2026-03-03 23:10:27,932 - gmail-watcher - ERROR - Error checking Gmail: ('invalid_grant: Token has been expired or revoked.', {'error': 'invalid_grant', 'error_description': 'Token has been expired or revoked.'})
2026-03-03 23:12:28,275 - gmail-watcher - ERROR - Error checking Gmail: ('invalid_grant: Token has been expired or revoked.', {'error': 'invalid_grant', 'error_description': 'Token has been expired or revoked.'})
2026-03-03 23:14:47,338 - gmail-watcher - ERROR - Error checking Gmail: ('invalid_grant: Token has been expired or revoked.', {'error': 'invalid_grant', 'error_description': 'Token has been expired or revoked.'})
2026-03-03 23:16:49,777 - gmail-watcher - ERROR - Error checking Gmail: ('invalid_grant: Token has been expired or revoked.', {'error': 'invalid_grant', 'error_description': 'Token has been expired or revoked.'})
2026-03-03 23:18:51,926 - gmail-watcher - ERROR - Error checking Gmail: ('invalid_grant: Token has been expired or revoked.', {'error': 'invalid_grant', 'error_description': 'Token has been expired or revoked.'})
2026-03-03 23:20:52,225 - gmail-watcher - ERROR - Error checking Gmail: ('invalid_grant: Token has been expired or revoked.', {'error': 'invalid_grant', 'error_description': 'Token has been expired or revoked.'})
2026-03-03 23:22:52,544 - gmail-watcher - ERROR - Error checking Gmail: ('invalid_grant: Token has been expired or revoked.', {'error': 'invalid_grant', 'error_description': 'Token has been expired or revoked.'})
2026-03-03 23:24:53,024 - gmail-watcher - ERROR - Error checking Gmail: ('invalid_grant: Token has been expired or revoked.', {'error': 'invalid_grant', 'error_description': 'Token has been expired or revoked.'})
2026-03-03 23:26:53,366 - gmail-watcher - ERROR - Error checking Gmail: ('invalid_grant: Token has been expired or revoked.', {'error': 'invalid_grant', 'error_description': 'Token has been expired or revoked.'})
2026-03-03 23:28:53,986 - gmail-watcher - ERROR - Error checking Gmail: ('invalid_grant: Token has been expired or revoked.', {'error': 'invalid_grant', 'error_description': 'Token has been expired or revoked.'})
2026-03-03 23:30:54,264 - gmail-watcher - ERROR - Error checking Gmail: ('invalid_grant: Token has been expired or revoked.', {'error': 'invalid_grant', 'error_description': 'Token has been expired or revoked.'})
2026-03-03 23:32:54,539 - gmail-watcher - ERROR - Error checking Gmail: ('invalid_grant: Token has been expired or revoked.', {'error': 'invalid_grant', 'error_description': 'Token has been expired or revoked.'})
2026-03-03 23:34:55,108 - gmail-watcher - ERROR - Error checking Gmail: ('invalid_grant: Token has been expired or revoked.', {'error': 'invalid_grant', 'error_description': 'Token has been expired or revoked.'})
2026-03-03 23:36:55,359 - gmail-watcher - ERROR - Error checking Gmail: ('invalid_grant: Token has been expired or revoked.', {'error': 'invalid_grant', 'error_description': 'Token has been expired or revoked.'})
2026-03-03 23:39:00,278 - gmail-watcher - ERROR - Error checking Gmail: ('invalid_grant: Token has been expired or revoked.', {'error': 'invalid_grant', 'error_description': 'Token has been expired or revoked.'})
2026-03-03 23:41:00,778 - gmail-watcher - ERROR - Error checking Gmail: ('invalid_grant: Token has been expired or revoked.', {'error': 'invalid_grant', 'error_description': 'Token has been expired or revoked.'})
2026-03-03 23:43:03,398 - gmail-watcher - ERROR - Error checking Gmail: ('invalid_grant: Token has been expired or revoked.', {'error': 'invalid_grant', 'error_description': 'Token has been expired or revoked.'})
2026-03-03 23:45:04,297 - gmail-watcher - ERROR - Error checking Gmail: ('invalid_grant: Token has been expired or revoked.', {'error': 'invalid_grant', 'error_description': 'Token has been expired or revoked.'})
2026-03-03 23:47:07,003 - gmail-watcher - ERROR - Error checking Gmail: ('invalid_grant: Token has been expired or revoked.', {'error': 'invalid_grant', 'error_description': 'Token has been expired or revoked.'})
2026-03-03 23:49:07,287 - gmail-watcher - ERROR - Error checking Gmail: ('invalid_grant: Token has been expired or revoked.', {'error': 'invalid_grant', 'error_description': 'Token has been expired or revoked.'})
2026-03-03 23:51:07,527 - gmail-watcher - ERROR - Error checking Gmail: ('invalid_grant: Token has been expired or revoked.', {'error': 'invalid_grant', 'error_description': 'Token has been expired or revoked.'})
2026-03-03 23:53:08,069 - gmail-watcher - ERROR - Error checking Gmail: ('invalid_grant: Token has been expired or revoked.', {'error': 'invalid_grant', 'error_description': 'Token has been expired or revoked.'})
2026-03-03 23:55:08,341 - gmail-watcher - ERROR - Error checking Gmail: ('invalid_grant: Token has been expired or revoked.', {'error': 'invalid_grant', 'error_description': 'Token has been expired or revoked.'})
2026-03-03 23:57:10,217 - gmail-watcher - ERROR - Error checking Gmail: ('invalid_grant: Token has been expired or revoked.', {'error': 'invalid_grant', 'error_description': 'Token has been expired or revoked.'})
2026-03-03 23:59:11,029 - gmail-watcher - ERROR - Error checking Gmail: ('invalid_grant: Token has been expired or revoked.', {'error': 'invalid_grant', 'error_description': 'Token has been expired or revoked.'})
2026-03-04 00:01:11,529 - gmail-watcher - ERROR - Error checking Gmail: ('invalid_grant: Token has been expired or revoked.', {'error': 'invalid_grant', 'error_description': 'Token has been expired or revoked.'})
2026-03-04 00:03:12,640 - gmail-watcher - ERROR - Error checking Gmail: ('invalid_grant: Token has been expired or revoked.', {'error': 'invalid_grant', 'error_description': 'Token has been expired or revoked.'})
2026-03-04 00:05:13,615 - gmail-watcher - ERROR - Error checking Gmail: ('invalid_grant: Token has been expired or revoked.', {'error': 'invalid_grant', 'error_description': 'Token has been expired or revoked.'})
2026-03-04 00:07:14,064 - gmail-watcher - ERROR - Error checking Gmail: ('invalid_grant: Token has been expired or revoked.', {'error': 'invalid_grant', 'error_description': 'Token has been expired or revoked.'})
2026-03-04 00:09:15,031 - gmail-watcher - ERROR - Error checking Gmail: ('invalid_grant: Token has been expired or revoked.', {'error': 'invalid_grant', 'error_description': 'Token has been expired or revoked.'})
2026-03-04 00:11:15,980 - gmail-watcher - ERROR - Error checking Gmail: ('invalid_grant: Token has been expired or revoked.', {'error': 'invalid_grant', 'error_description': 'Token has been expired or revoked.'})
2026-03-04 00:13:17,385 - gmail-watcher - ERROR - Error checking Gmail: ('invalid_grant: Token has been expired or revoked.', {'error': 'invalid_grant', 'error_description': 'Token has been expired or revoked.'})
2026-03-04 00:15:18,341 - gmail-watcher - ERROR - Error checking Gmail: ('invalid_grant: Token has been expired or revoked.', {'error': 'invalid_grant', 'error_description': 'Token has been expired or revoked.'})
2026-03-04 00:17:19,281 - gmail-watcher - ERROR - Error checking Gmail: ('invalid_grant: Token has been expired or revoked.', {'error': 'invalid_grant', 'error_description': 'Token has been expired or revoked.'})
2026-03-04 00:19:21,688 - gmail-watcher - ERROR - Error checking Gmail: ('invalid_grant: Token has been expired or revoked.', {'error': 'invalid_grant', 'error_description': 'Token has been expired or revoked.'})
2026-03-04 00:21:23,227 - gmail-watcher - ERROR - Error checking Gmail: ('invalid_grant: Token has been expired or revoked.', {'error': 'invalid_grant', 'error_description': 'Token has been expired or revoked.'})
2026-03-04 00:23:23,981 - gmail-watcher - ERROR - Error checking Gmail: ('invalid_grant: Token has been expired or revoked.', {'error': 'invalid_grant', 'error_description': 'Token has been expired or revoked.'})
2026-03-04 00:25:25,236 - gmail-watcher - ERROR - Error checking Gmail: ('invalid_grant: Token has been expired or revoked.', {'error': 'invalid_grant', 'error_description': 'Token has been expired or revoked.'})
2026-03-04 00:27:26,109 - gmail-watcher - ERROR - Error checking Gmail: ('invalid_grant: Token has been expired or revoked.', {'error': 'invalid_grant', 'error_description': 'Token has been expired or revoked.'})
2026-03-04 00:29:27,420 - gmail-watcher - ERROR - Error checking Gmail: ('invalid_grant: Token has been expired or revoked.', {'error': 'invalid_grant', 'error_description': 'Token has been expired or revoked.'})
2026-03-04 00:31:28,749 - gmail-watcher - ERROR - Error checking Gmail: ('invalid_grant: Token has been expired or revoked.', {'error': 'invalid_grant', 'error_description': 'Token has been expired or revoked.'})
2026-03-04 00:33:29,535 - gmail-watcher - ERROR - Error checking Gmail: ('invalid_grant: Token has been expired or revoked.', {'error': 'invalid_grant', 'error_description': 'Token has been expired or revoked.'})
2026-03-04 00:35:31,283 - gmail-watcher - ERROR - Error checking Gmail: ('invalid_grant: Token has been expired or revoked.', {'error': 'invalid_grant', 'error_description': 'Token has been expired or revoked.'})
2026-03-04 00:37:32,141 - gmail-watcher - ERROR - Error checking Gmail: ('invalid_grant: Token has been expired or revoked.', {'error': 'invalid_grant', 'error_description': 'Token has been expired or revoked.'})
2026-03-04 00:39:33,824 - gmail-watcher - ERROR - Error checking Gmail: ('invalid_grant: Token has been expired or revoked.', {'error': 'invalid_grant', 'error_description': 'Token has been expired or revoked.'})
2026-03-04 00:41:34,861 - gmail-watcher - ERROR - Error checking Gmail: ('invalid_grant: Token has been expired or revoked.', {'error': 'invalid_grant', 'error_description': 'Token has been expired or revoked.'})
2026-03-04 00:43:35,437 - gmail-watcher - ERROR - Error checking Gmail: ('invalid_grant: Token has been expired or revoked.', {'error': 'invalid_grant', 'error_description': 'Token has been expired or revoked.'})
2026-03-04 00:45:35,797 - gmail-watcher - ERROR - Error checking Gmail: ('invalid_grant: Token has been expired or revoked.', {'error': 'invalid_grant', 'error_description': 'Token has been expired or revoked.'})
2026-03-04 00:47:36,786 - gmail-watcher - ERROR - Error checking Gmail: ('invalid_grant: Token has been expired or revoked.', {'error': 'invalid_grant', 'error_description': 'Token has been expired or revoked.'})
2026-03-04 00:49:37,775 - gmail-watcher - ERROR - Error checking Gmail: ('invalid_grant: Token has been expired or revoked.', {'error': 'invalid_grant', 'error_description': 'Token has been expired or revoked.'})
2026-03-04 00:51:38,332 - gmail-watcher - ERROR - Error checking Gmail: ('invalid_grant: Token has been expired or revoked.', {'error': 'invalid_grant', 'error_description': 'Token has been expired or revoked.'})
2026-03-04 00:53:39,386 - gmail-watcher - ERROR - Error checking Gmail: ('invalid_grant: Token has been expired or revoked.', {'error': 'invalid_grant', 'error_description': 'Token has been expired or revoked.'})
2026-03-04 00:55:40,061 - gmail-watcher - ERROR - Error checking Gmail: ('invalid_grant: Token has been expired or revoked.', {'error': 'invalid_grant', 'error_description': 'Token has been expired or revoked.'})
2026-03-04 01:05:50,840 - gmail-watcher - ERROR - Error checking Gmail: [WinError 10054] An existing connection was forcibly closed by the remote host
2026-03-04 01:07:51,859 - gmail-watcher - ERROR - Error checking Gmail: ('invalid_grant: Token has been expired or revoked.', {'error': 'invalid_grant', 'error_description': 'Token has been expired or revoked.'})
2026-03-04 01:09:54,095 - gmail-watcher - ERROR - Error checking Gmail: ('invalid_grant: Token has been expired or revoked.', {'error': 'invalid_grant', 'error_description': 'Token has been expired or revoked.'})
2026-03-04 01:11:54,688 - gmail-watcher - ERROR - Error checking Gmail: ('invalid_grant: Token has been expired or revoked.', {'error': 'invalid_grant', 'error_description': 'Token has been expired or revoked.'})
2026-03-04 01:13:55,191 - gmail-watcher - ERROR - Error checking Gmail: ('invalid_grant: Token has been expired or revoked.', {'error': 'invalid_grant', 'error_description': 'Token has been expired or revoked.'})
2026-03-04 01:15:56,155 - gmail-watcher - ERROR - Error checking Gmail: ('invalid_grant: Token has been expired or revoked.', {'error': 'invalid_grant', 'error_description': 'Token has been expired or revoked.'})
2026-03-04 01:17:56,775 - gmail-watcher - ERROR - Error checking Gmail: ('invalid_grant: Token has been expired or revoked.', {'error': 'invalid_grant', 'error_description': 'Token has been expired or revoked.'})
2026-03-04 01:19:57,388 - gmail-watcher - ERROR - Error checking Gmail: ('invalid_grant: Token has been expired or revoked.', {'error': 'invalid_grant', 'error_description': 'Token has been expired or revoked.'})
2026-03-04 02:19:26,449 - gmail-watcher - ERROR - Error checking Gmail: [WinError 10054] An existing connection was forcibly closed by the remote host
2026-03-04 02:21:30,018 - gmail-watcher - ERROR - Error checking Gmail: ('invalid_grant: Token has been expired or revoked.', {'error': 'invalid_grant', 'error_description': 'Token has been expired or revoked.'})
2026-03-04 02:23:30,541 - gmail-watcher - ERROR - Error checking Gmail: ('invalid_grant: Token has been expired or revoked.', {'error': 'invalid_grant', 'error_description': 'Token has been expired or revoked.'})
2026-03-04 02:25:32,566 - gmail-watcher - ERROR - Error checking Gmail: ('invalid_grant: Token has been expired or revoked.', {'error': 'invalid_grant', 'error_description': 'Token has been expired or revoked.'})
2026-03-04 02:27:33,775 - gmail-watcher - ERROR - Error checking Gmail: ('invalid_grant: Token has been expired or revoked.', {'error': 'invalid_grant', 'error_description': 'Token has been expired or revoked.'})
2026-03-04 02:29:34,490 - gmail-watcher - ERROR - Error checking Gmail: ('invalid_grant: Token has been expired or revoked.', {'error': 'invalid_grant', 'error_description': 'Token has been expired or revoked.'})
2026-03-04 02:31:36,436 - gmail-watcher - ERROR - Error checking Gmail: ('invalid_grant: Token has been expired or revoked.', {'error': 'invalid_grant', 'error_description': 'Token has been expired or revoked.'})
2026-03-04 02:33:36,905 - gmail-watcher - ERROR - Error checking Gmail: ('invalid_grant: Token has been expired or revoked.', {'error': 'invalid_grant', 'error_description': 'Token has been expired or revoked.'})
2026-03-04 02:35:39,120 - gmail-watcher - ERROR - Error checking Gmail: ('invalid_grant: Token has been expired or revoked.', {'error': 'invalid_grant', 'error_description': 'Token has been expired or revoked.'})
2026-03-04 02:37:39,633 - gmail-watcher - ERROR - Error checking Gmail: ('invalid_grant: Token has been expired or revoked.', {'error': 'invalid_grant', 'error_description': 'Token has been expired or revoked.'})
2026-03-04 02:39:40,320 - gmail-watcher - ERROR - Error checking Gmail: ('invalid_grant: Token has been expired or revoked.', {'error': 'invalid_grant', 'error_description': 'Token has been expired or revoked.'})
2026-03-04 02:41:40,905 - gmail-watcher - ERROR - Error checking Gmail: ('invalid_grant: Token has been expired or revoked.', {'error': 'invalid_grant', 'error_description': 'Token has been expired or revoked.'})
2026-03-04 02:43:43,770 - gmail-watcher - ERROR - Error checking Gmail: ('invalid_grant: Token has been expired or revoked.', {'error': 'invalid_grant', 'error_description': 'Token has been expired or revoked.'})
2026-03-04 02:45:44,733 - gmail-watcher - ERROR - Error checking Gmail: ('invalid_grant: Token has been expired or revoked.', {'error': 'invalid_grant', 'error_description': 'Token has been expired or revoked.'})
2026-03-04 02:47:45,317 - gmail-watcher - ERROR - Error checking Gmail: ('invalid_grant: Token has been expired or revoked.', {'error': 'invalid_grant', 'error_description': 'Token has been expired or revoked.'})
2026-03-04 02:49:46,150 - gmail-watcher - ERROR - Error checking Gmail: ('invalid_grant: Token has been expired or revoked.', {'error': 'invalid_grant', 'error_description': 'Token has been expired or revoked.'})
2026-03-04 02:51:46,773 - gmail-watcher - ERROR - Error checking Gmail: ('invalid_grant: Token has been expired or revoked.', {'error': 'invalid_grant', 'error_description': 'Token has been expired or revoked.'})
2026-03-04 02:53:47,200 - gmail-watcher - ERROR - Error checking Gmail: ('invalid_grant: Token has been expired or revoked.', {'error': 'invalid_grant', 'error_description': 'Token has been expired or revoked.'})
2026-03-04 02:55:48,495 - gmail-watcher - ERROR - Error checking Gmail: ('invalid_grant: Token has been expired or revoked.', {'error': 'invalid_grant', 'error_description': 'Token has been expired or revoked.'})
2026-03-04 02:57:49,588 - gmail-watcher - ERROR - Error checking Gmail: ('invalid_grant: Token has been expired or revoked.', {'error': 'invalid_grant', 'error_description': 'Token has been expired or revoked.'})
2026-03-04 02:59:50,640 - gmail-watcher - ERROR - Error checking Gmail: ('invalid_grant: Token has been expired or revoked.', {'error': 'invalid_grant', 'error_description': 'Token has been expired or revoked.'})
2026-03-04 03:01:52,002 - gmail-watcher - ERROR - Error checking Gmail: ('invalid_grant: Token has been expired or revoked.', {'error': 'invalid_grant', 'error_description': 'Token has been expired or revoked.'})
2026-03-04 03:03:52,579 - gmail-watcher - ERROR - Error checking Gmail: ('invalid_grant: Token has been expired or revoked.', {'error': 'invalid_grant', 'error_description': 'Token has been expired or revoked.'})
2026-03-04 03:05:52,819 - gmail-watcher - ERROR - Error checking Gmail: ('invalid_grant: Token has been expired or revoked.', {'error': 'invalid_grant', 'error_description': 'Token has been expired or revoked.'})
2026-03-04 03:07:53,185 - gmail-watcher - ERROR - Error checking Gmail: ('invalid_grant: Token has been expired or revoked.', {'error': 'invalid_grant', 'error_description': 'Token has been expired or revoked.'})
2026-03-04 03:09:53,570 - gmail-watcher - ERROR - Error checking Gmail: ('invalid_grant: Token has been expired or revoked.', {'error': 'invalid_grant', 'error_description': 'Token has been expired or revoked.'})
2026-03-04 03:11:53,858 - gmail-watcher - ERROR - Error checking Gmail: ('invalid_grant: Token has been expired or revoked.', {'error': 'invalid_grant', 'error_description': 'Token has been expired or revoked.'})
2026-03-04 03:13:54,190 - gmail-watcher - ERROR - Error checking Gmail: ('invalid_grant: Token has been expired or revoked.', {'error': 'invalid_grant', 'error_description': 'Token has been expired or revoked.'})
2026-03-04 03:15:54,771 - gmail-watcher - ERROR - Error checking Gmail: ('invalid_grant: Token has been expired or revoked.', {'error': 'invalid_grant', 'error_description': 'Token has been expired or revoked.'})
2026-03-04 03:17:55,302 - gmail-watcher - ERROR - Error checking Gmail: ('invalid_grant: Token has been expired or revoked.', {'error': 'invalid_grant', 'error_description': 'Token has been expired or revoked.'})
2026-03-04 03:19:55,802 - gmail-watcher - ERROR - Error checking Gmail: ('invalid_grant: Token has been expired or revoked.', {'error': 'invalid_grant', 'error_description': 'Token has been expired or revoked.'})
2026-03-04 03:21:56,343 - gmail-watcher - ERROR - Error checking Gmail: ('invalid_grant: Token has been expired or revoked.', {'error': 'invalid_grant', 'error_description': 'Token has been expired or revoked.'})
2026-03-04 03:23:57,183 - gmail-watcher - ERROR - Error checking Gmail: ('invalid_grant: Token has been expired or revoked.', {'error': 'invalid_grant', 'error_description': 'Token has been expired or revoked.'})
2026-03-04 03:25:57,791 - gmail-watcher - ERROR - Error checking Gmail: ('invalid_grant: Token has been expired or revoked.', {'error': 'invalid_grant', 'error_description': 'Token has been expired or revoked.'})
2026-03-04 03:35:48,031 - gmail-watcher - ERROR - Error checking Gmail: [WinError 10054] An existing connection was forcibly closed by the remote host
2026-03-04 03:37:49,422 - gmail-watcher - ERROR - Error checking Gmail: ('invalid_grant: Token has been expired or revoked.', {'error': 'invalid_grant', 'error_description': 'Token has been expired or revoked.'})
2026-03-04 03:39:50,480 - gmail-watcher - ERROR - Error checking Gmail: ('invalid_grant: Token has been expired or revoked.', {'error': 'invalid_grant', 'error_description': 'Token has been expired or revoked.'})
2026-03-04 03:41:51,042 - gmail-watcher - ERROR - Error checking Gmail: ('invalid_grant: Token has been expired or revoked.', {'error': 'invalid_grant', 'error_description': 'Token has been expired or revoked.'})
2026-03-04 03:43:53,676 - gmail-watcher - ERROR - Error checking Gmail: ('invalid_grant: Token has been expired or revoked.', {'error': 'invalid_grant', 'error_description': 'Token has been expired or revoked.'})
2026-03-04 03:45:54,716 - gmail-watcher - ERROR - Error checking Gmail: ('invalid_grant: Token has been expired or revoked.', {'error': 'invalid_grant', 'error_description': 'Token has been expired or revoked.'})
2026-03-05 01:22:42,065 - gmail-watcher - INFO - Refreshing Gmail token
2026-03-05 01:22:50,964 - gmail-watcher - INFO - Refreshing Gmail token
2026-03-05 01:22:56,875 - gmail-watcher - INFO - Refreshing Gmail token
2026-03-05 01:23:00,293 - gmail-watcher - INFO - Refreshing Gmail token
2026-03-05 01:23:03,854 - gmail-watcher - INFO - Refreshing Gmail token
2026-03-05 01:23:06,865 - gmail-watcher - INFO - Refreshing Gmail token
2026-03-05 01:23:13,704 - gmail-watcher - INFO - Refreshing Gmail token
2026-03-05 01:23:18,731 - gmail-watcher - INFO - Refreshing Gmail token
2026-03-05 01:23:25,780 - gmail-watcher - INFO - Refreshing Gmail token
2026-03-05 01:23:30,463 - gmail-watcher - INFO - Refreshing Gmail token
2026-03-05 01:23:35,450 - gmail-watcher - INFO - Refreshing Gmail token
2026-03-05 01:23:39,992 - gmail-watcher - INFO - Refreshing Gmail token
2026-03-05 01:23:44,163 - gmail-watcher - INFO - Refreshing Gmail token
2026-03-05 01:23:47,820 - gmail-watcher - INFO - Refreshing Gmail token
2026-03-05 01:23:50,568 - gmail-watcher - INFO - Refreshing Gmail token
2026-03-05 01:23:53,357 - gmail-watcher - INFO - Refreshing Gmail token
2026-03-05 01:23:56,382 - gmail-watcher - INFO - Refreshing Gmail token
2026-03-05 01:24:01,184 - gmail-watcher - INFO - Refreshing Gmail token
2026-03-05 01:24:04,685 - gmail-watcher - INFO - Refreshing Gmail token
2026-03-05 01:24:07,908 - gmail-watcher - INFO - Refreshing Gmail token
2026-03-05 01:24:11,173 - gmail-watcher - INFO - Refreshing Gmail token
2026-03-05 01:24:14,040 - gmail-watcher - INFO - Refreshing Gmail token
2026-03-05 01:24:16,594 - gmail-watcher - INFO - Refreshing Gmail token
2026-03-05 01:24:19,854 - gmail-watcher - INFO - Refreshing Gmail token
2026-03-05 01:24:22,766 - gmail-watcher - INFO - Refreshing Gmail token
2026-03-05 01:24:25,981 - gmail-watcher - INFO - Refreshing Gmail token
2026-03-05 01:24:28,846 - gmail-watcher - INFO - Refreshing Gmail token
2026-03-05 01:24:32,435 - gmail-watcher - INFO - Refreshing Gmail token
2026-03-05 01:24:37,573 - gmail-watcher - INFO - Refreshing Gmail token
2026-03-05 01:24:40,469 - gmail-watcher - INFO - Refreshing Gmail token
2026-03-05 01:24:45,764 - gmail-watcher - INFO - Refreshing Gmail token
2026-03-05 01:24:49,387 - gmail-watcher - INFO - Refreshing Gmail token
2026-03-05 01:24:53,946 - gmail-watcher - INFO - Refreshing Gmail token
2026-03-05 01:25:06,070 - gmail-watcher - INFO - Refreshing Gmail token
2026-03-05 01:25:09,534 - gmail-watcher - INFO - Refreshing Gmail token
2026-03-05 01:25:15,001 - gmail-watcher - INFO - Refreshing Gmail token
2026-03-05 01:44:20,165 - gmail-watcher - INFO - Refreshing Gmail token
2026-03-05 01:44:26,701 - gmail-watcher - INFO - Refreshing Gmail token
2026-03-05 01:44:42,441 - gmail-watcher - INFO - Refreshing Gmail token
2026-03-05 01:44:53,291 - gmail-watcher - INFO - Refreshing Gmail token
2026-03-06 16:43:16,790 - gmail-watcher - INFO - Refreshing Gmail token
2026-03-06 16:43:28,298 - gmail-watcher - INFO - Refreshing Gmail token
2026-03-06 16:43:35,614 - gmail-watcher - INFO - Refreshing Gmail token
2026-03-06 16:43:54,029 - gmail-watcher - INFO - Refreshing Gmail token
2026-03-06 16:44:06,309 - gmail-watcher - INFO - Refreshing Gmail token
2026-03-06 16:44:11,677 - gmail-watcher - INFO - Refreshing Gmail token
2026-03-06 16:44:17,742 - gmail-watcher - INFO - Refreshing Gmail token
2026-03-06 16:44:24,285 - gmail-watcher - INFO - Refreshing Gmail token
2026-03-06 16:44:34,471 - gmail-watcher - INFO - Refreshing Gmail token
2026-03-06 16:44:42,724 - gmail-watcher - INFO - Refreshing Gmail token
2026-03-06 16:44:52,263 - gmail-watcher - INFO - Refreshing Gmail token
2026-03-06 16:45:01,335 - gmail-watcher - INFO - Refreshing Gmail token
2026-03-06 16:45:07,146 - gmail-watcher - INFO - Refreshing Gmail token
2026-03-06 16:45:11,762 - gmail-watcher - INFO - Refreshing Gmail token
2026-03-06 16:45:15,727 - gmail-watcher - INFO - Refreshing Gmail token
2026-03-06 16:45:20,843 - gmail-watcher - INFO - Refreshing Gmail token
2026-03-06 16:45:25,848 - gmail-watcher - INFO - Refreshing Gmail token
2026-03-06 16:45:31,138 - gmail-watcher - INFO - Refreshing Gmail token
2026-03-06 16:45:37,036 - gmail-watcher - INFO - Refreshing Gmail token
2026-03-06 16:45:44,524 - gmail-watcher - INFO - Refreshing Gmail token
2026-03-06 16:45:49,609 - gmail-watcher - INFO - Refreshing Gmail token
2026-03-06 16:45:54,357 - gmail-watcher - INFO - Refreshing Gmail token
2026-03-06 16:45:59,947 - gmail-watcher - INFO - Refreshing Gmail token
2026-03-06 16:46:04,280 - gmail-watcher - INFO - Refreshing Gmail token
2026-03-06 16:46:09,753 - gmail-watcher - INFO - Refreshing Gmail token
2026-03-06 16:46:14,239 - gmail-watcher - INFO - Refreshing Gmail token
2026-03-06 16:46:18,559 - gmail-watcher - INFO - Refreshing Gmail token
2026-03-06 16:46:22,666 - gmail-watcher - INFO - Refreshing Gmail token
2026-03-06 16:46:25,804 - gmail-watcher - INFO - Refreshing Gmail token
2026-03-06 16:46:29,525 - gmail-watcher - INFO - Refreshing Gmail token
2026-03-06 16:46:34,202 - gmail-watcher - INFO - Refreshing Gmail token
2026-03-06 16:46:38,904 - gmail-watcher - INFO - Refreshing Gmail token
2026-03-06 16:46:47,018 - gmail-watcher - INFO - Refreshing Gmail token
2026-03-06 16:46:54,171 - gmail-watcher - INFO - Refreshing Gmail token
2026-03-06 16:46:59,078 - gmail-watcher - INFO - Refreshing Gmail token
2026-03-06 16:47:03,973 - gmail-watcher - INFO - Refreshing Gmail token
2026-03-06 16:47:07,165 - gmail-watcher - INFO - Refreshing Gmail token
2026-03-06 16:47:11,271 - gmail-watcher - INFO - Refreshing Gmail token
2026-03-06 16:47:17,848 - gmail-watcher - INFO - Refreshing Gmail token
2026-03-06 16:47:21,432 - gmail-watcher - INFO - Refreshing Gmail token
2026-03-06 16:47:25,276 - gmail-watcher - INFO - Refreshing Gmail token
2026-03-06 16:47:31,110 - gmail-watcher - INFO - Refreshing Gmail token
2026-03-06 16:47:37,027 - gmail-watcher - INFO - Refreshing Gmail token
2026-03-06 16:47:41,305 - gmail-watcher - INFO - Refreshing Gmail token
2026-03-06 16:47:45,548 - gmail-watcher - INFO - Refreshing Gmail token
2026-03-06 16:47:50,036 - gmail-watcher - INFO - Refreshing Gmail token
2026-03-06 16:47:54,046 - gmail-watcher - INFO - Refreshing Gmail token
2026-03-06 17:42:46,938 - gmail-watcher - INFO - Refreshing Gmail token
2026-03-06 17:42:58,094 - gmail-watcher - INFO - Refreshing Gmail token
2026-03-06 17:43:11,779 - gmail-watcher - INFO - Refreshing Gmail token
2026-03-06 17:43:21,139 - gmail-watcher - INFO - Refreshing Gmail token
2026-03-06 17:43:25,788 - gmail-watcher - INFO - Refreshing Gmail token
2026-03-06 17:43:29,048 - gmail-watcher - INFO - Refreshing Gmail token
2026-03-06 17:43:38,294 - gmail-watcher - INFO - Refreshing Gmail token
2026-03-06 17:43:49,479 - gmail-watcher - INFO - Refreshing Gmail token
2026-03-06 17:43:56,946 - gmail-watcher - INFO - Refreshing Gmail token
2026-03-06 17:44:05,730 - gmail-watcher - INFO - Refreshing Gmail token
2026-03-06 17:44:11,516 - gmail-watcher - INFO - Refreshing Gmail token
2026-03-06 17:44:18,147 - gmail-watcher - INFO - Refreshing Gmail token
2026-03-06 17:44:24,302 - gmail-watcher - INFO - Refreshing Gmail token
2026-03-06 17:44:29,923 - gmail-watcher - INFO - Refreshing Gmail token
2026-03-06 17:44:34,354 - gmail-watcher - INFO - Refreshing Gmail token
2026-03-06 17:44:39,572 - gmail-watcher - INFO - Refreshing Gmail token
2026-03-06 17:44:43,500 - gmail-watcher - INFO - Refreshing Gmail token
2026-03-06 17:44:47,302 - gmail-watcher - INFO - Refreshing Gmail token
2026-03-06 17:44:51,915 - gmail-watcher - INFO - Refreshing Gmail token
2026-03-06 17:44:58,756 - gmail-watcher - INFO - Refreshing Gmail token
2026-03-06 17:45:03,247 - gmail-watcher - INFO - Refreshing Gmail token
2026-03-06 17:45:07,620 - gmail-watcher - INFO - Refreshing Gmail token
2026-03-06 17:45:12,177 - gmail-watcher - INFO - Refreshing Gmail token
2026-03-06 17:45:17,586 - gmail-watcher - INFO - Refreshing Gmail token
2026-03-06 17:45:23,586 - gmail-watcher - INFO - Refreshing Gmail token
2026-03-06 17:45:29,070 - gmail-watcher - INFO - Refreshing Gmail token
2026-03-06 17:45:39,489 - gmail-watcher - INFO - Refreshing Gmail token
2026-03-06 17:45:47,802 - gmail-watcher - INFO - Refreshing Gmail token
2026-03-06 17:45:53,336 - gmail-watcher - INFO - Refreshing Gmail token
2026-03-06 17:45:58,799 - gmail-watcher - INFO - Refreshing Gmail token
2026-03-06 17:46:11,735 - gmail-watcher - INFO - Refreshing Gmail token
2026-03-06 17:46:24,376 - gmail-watcher - INFO - Refreshing Gmail token
2026-03-06 17:46:28,311 - gmail-watcher - INFO - Refreshing Gmail token
2026-03-06 17:46:40,788 - gmail-watcher - INFO - Refreshing Gmail token
2026-03-06 17:46:45,673 - gmail-watcher - INFO - Refreshing Gmail token
2026-03-06 17:46:50,466 - gmail-watcher - INFO - Refreshing Gmail token
2026-03-06 17:46:55,831 - gmail-watcher - INFO - Refreshing Gmail token
2026-03-06 17:47:02,096 - gmail-watcher - INFO - Refreshing Gmail token
2026-03-06 17:47:08,409 - gmail-watcher - INFO - Refreshing Gmail token
2026-03-06 17:47:12,868 - gmail-watcher - INFO - Refreshing Gmail token
2026-03-06 17:47:18,003 - gmail-watcher - INFO - Refreshing Gmail token
2026-03-06 17:47:22,484 - gmail-watcher - INFO - Refreshing Gmail token
2026-03-06 17:47:27,512 - gmail-watcher - INFO - Refreshing Gmail token
2026-03-06 17:47:31,756 - gmail-watcher - INFO - Refreshing Gmail token
2026-03-06 17:47:36,814 - gmail-watcher - INFO - Refreshing Gmail token
2026-03-06 17:47:44,131 - gmail-watcher - INFO - Refreshing Gmail token
2026-03-06 17:47:52,886 - gmail-watcher - INFO - Refreshing Gmail token
2026-03-06 17:48:00,827 - gmail-watcher - INFO - Refreshing Gmail token
2026-03-06 17:48:05,804 - gmail-watcher - INFO - Refreshing Gmail token
2026-03-06 17:48:13,253 - gmail-watcher - INFO - Refreshing Gmail token
2026-03-06 17:48:18,393 - gmail-watcher - INFO - Refreshing Gmail token
2026-03-06 17:48:25,398 - gmail-watcher - INFO - Refreshing Gmail token
2026-03-06 17:48:31,557 - gmail-watcher - INFO - Refreshing Gmail token
2026-03-06 17:48:35,766 - gmail-watcher - INFO - Refreshing Gmail token
2026-03-06 17:48:44,937 - gmail-watcher - INFO - Refreshing Gmail token
2026-03-06 17:48:51,107 - gmail-watcher - INFO - Refreshing Gmail token
2026-03-06 17:48:59,244 - gmail-watcher - INFO - Refreshing Gmail token
2026-03-06 17:49:03,607 - gmail-watcher - INFO - Refreshing Gmail token
2026-03-06 17:49:11,101 - gmail-watcher - INFO - Refreshing Gmail token
2026-03-06 17:49:16,055 - gmail-watcher - INFO - Refreshing Gmail token
2026-03-06 17:49:21,351 - gmail-watcher - INFO - Refreshing Gmail token
2026-03-06 17:49:31,344 - gmail-watcher - INFO - Refreshing Gmail token
2026-03-06 17:49:41,726 - gmail-watcher - INFO - Refreshing Gmail token
2026-03-06 17:49:47,253 - gmail-watcher - INFO - Refreshing Gmail token
2026-03-06 17:49:54,131 - gmail-watcher - INFO - Refreshing Gmail token
2026-03-06 17:50:02,422 - gmail-watcher - INFO - Refreshing Gmail token
2026-03-06 17:50:09,172 - gmail-watcher - INFO - Refreshing Gmail token
2026-03-06 17:50:15,295 - gmail-watcher - INFO - Refreshing Gmail token
2026-03-06 17:50:21,198 - gmail-watcher - INFO - Refreshing Gmail token
2026-03-06 17:50:25,620 - gmail-watcher - INFO - Refreshing Gmail token
2026-03-06 17:50:30,527 - gmail-watcher - INFO - Refreshing Gmail token
2026-03-06 17:50:34,433 - gmail-watcher - INFO - Refreshing Gmail token
2026-03-06 17:50:38,155 - gmail-watcher - INFO - Refreshing Gmail token
2026-03-06 17:50:41,715 - gmail-watcher - INFO - Refreshing Gmail token
2026-03-06 17:50:45,213 - gmail-watcher - INFO - Refreshing Gmail token
2026-03-06 17:50:48,456 - gmail-watcher - INFO - Refreshing Gmail token
2026-03-06 17:50:53,021 - gmail-watcher - INFO - Refreshing Gmail token
2026-03-06 17:50:59,271 - gmail-watcher - INFO - Refreshing Gmail token
2026-03-06 17:51:04,327 - gmail-watcher - INFO - Refreshing Gmail token
2026-03-06 17:51:08,966 - gmail-watcher - INFO - Refreshing Gmail token
2026-03-06 17:51:13,065 - gmail-watcher - INFO - Refreshing Gmail token
2026-03-06 17:51:16,970 - gmail-watcher - INFO - Refreshing Gmail token
2026-03-06 17:51:21,355 - gmail-watcher - INFO - Refreshing Gmail token
2026-03-06 17:51:26,839 - gmail-watcher - INFO - Refreshing Gmail token
2026-03-06 17:51:32,866 - gmail-watcher - INFO - Refreshing Gmail token
2026-03-06 17:51:38,007 - gmail-watcher - INFO - Refreshing Gmail token
2026-03-06 17:51:47,523 - gmail-watcher - INFO - Refreshing Gmail token
2026-03-06 17:51:55,598 - gmail-watcher - INFO - Refreshing Gmail token
2026-03-06 17:52:04,792 - gmail-watcher - INFO - Refreshing Gmail token
2026-03-06 17:52:13,966 - gmail-watcher - INFO - Refreshing Gmail token
2026-03-06 17:52:20,157 - gmail-watcher - INFO - Refreshing Gmail token
2026-03-06 17:52:29,244 - gmail-watcher - INFO - Refreshing Gmail token
2026-03-06 17:52:38,651 - gmail-watcher - INFO - Refreshing Gmail token
2026-03-06 17:52:46,503 - gmail-watcher - INFO - Refreshing Gmail token
2026-03-06 17:52:53,801 - gmail-watcher - INFO - Refreshing Gmail token
2026-03-06 17:52:58,177 - gmail-watcher - INFO - Refreshing Gmail token
2026-03-06 17:53:02,750 - gmail-watcher - INFO - Refreshing Gmail token
2026-03-06 17:53:07,487 - gmail-watcher - INFO - Refreshing Gmail token
2026-03-06 17:53:12,809 - gmail-watcher - INFO - Refreshing Gmail token
2026-03-06 17:53:16,906 - gmail-watcher - INFO - Refreshing Gmail token
2026-03-06 17:53:21,183 - gmail-watcher - INFO - Refreshing Gmail token
2026-03-06 17:53:25,184 - gmail-watcher - INFO - Refreshing Gmail token
2026-03-06 17:53:29,838 - gmail-watcher - INFO - Refreshing Gmail token
2026-03-06 17:53:33,881 - gmail-watcher - INFO - Refreshing Gmail token
2026-03-06 17:53:39,053 - gmail-watcher - INFO - Refreshing Gmail token
2026-03-06 17:58:44,963 - gmail-watcher - INFO - Refreshing Gmail token
2026-03-06 17:59:08,118 - gmail-watcher - INFO - Refreshing Gmail token
2026-03-06 17:59:25,054 - gmail-watcher - INFO - Refreshing Gmail token
2026-03-06 17:59:45,527 - gmail-watcher - INFO - Refreshing Gmail token
2026-03-06 18:00:04,273 - gmail-watcher - INFO - Refreshing Gmail token
2026-03-06 18:00:12,370 - gmail-watcher - INFO - Refreshing Gmail token
2026-03-06 18:00:16,840 - gmail-watcher - INFO - Refreshing Gmail token
2026-03-06 18:00:22,043 - gmail-watcher - INFO - Refreshing Gmail token
2026-03-06 18:00:26,028 - gmail-watcher - INFO - Refreshing Gmail token
2026-03-06 18:00:29,709 - gmail-watcher - INFO - Refreshing Gmail token
2026-03-06 18:00:33,761 - gmail-watcher - INFO - Refreshing Gmail token
2026-03-06 18:00:37,983 - gmail-watcher - INFO - Refreshing Gmail token
2026-03-06 18:00:41,600 - gmail-watcher - INFO - Refreshing Gmail token
2026-03-06 18:00:45,165 - gmail-watcher - INFO - Refreshing Gmail token
2026-03-06 18:00:48,527 - gmail-watcher - INFO - Refreshing Gmail token
2026-03-06 18:00:54,674 - gmail-watcher - INFO - Refreshing Gmail token
2026-03-06 18:00:59,469 - gmail-watcher - INFO - Refreshing Gmail token
2026-03-06 18:01:03,603 - gmail-watcher - INFO - Refreshing Gmail token
2026-03-06 18:01:07,936 - gmail-watcher - INFO - Refreshing Gmail token
2026-03-06 18:01:12,296 - gmail-watcher - INFO - Refreshing Gmail token
2026-03-06 18:01:17,825 - gmail-watcher - INFO - Refreshing Gmail token
2026-03-06 18:01:25,227 - gmail-watcher - INFO - Refreshing Gmail token
2026-03-06 18:01:32,544 - gmail-watcher - INFO - Refreshing Gmail token
2026-03-06 18:01:38,441 - gmail-watcher - INFO - Refreshing Gmail token
2026-03-06 18:01:42,871 - gmail-watcher - INFO - Refreshing Gmail token
2026-03-06 18:01:47,538 - gmail-watcher - INFO - Refreshing Gmail token
2026-03-06 18:01:52,162 - gmail-watcher - INFO - Refreshing Gmail token
2026-03-06 18:01:56,559 - gmail-watcher - INFO - Refreshing Gmail token
2026-03-06 18:02:00,713 - gmail-watcher - INFO - Refreshing Gmail token
2026-03-06 18:02:04,472 - gmail-watcher - INFO - Refreshing Gmail token
2026-03-06 18:02:07,977 - gmail-watcher - INFO - Refreshing Gmail token
2026-03-06 18:02:12,537 - gmail-watcher - INFO - Refreshing Gmail token
2026-03-06 18:02:16,929 - gmail-watcher - INFO - Refreshing Gmail token
2026-03-06 18:02:23,624 - gmail-watcher - INFO - Refreshing Gmail token
2026-03-06 18:02:30,678 - gmail-watcher - INFO - Refreshing Gmail token
2026-03-06 18:02:35,472 - gmail-watcher - INFO - Refreshing Gmail token
2026-03-06 18:02:40,016 - gmail-watcher - INFO - Refreshing Gmail token
2026-03-06 18:02:43,267 - gmail-watcher - INFO - Refreshing Gmail token
2026-03-06 18:02:47,370 - gmail-watcher - INFO - Refreshing Gmail token
2026-03-06 18:03:02,254 - gmail-watcher - INFO - Refreshing Gmail token
2026-03-06 18:03:13,245 - gmail-watcher - INFO - Refreshing Gmail token
2026-03-06 18:03:21,102 - gmail-watcher - INFO - Refreshing Gmail token
2026-03-06 18:03:25,161 - gmail-watcher - INFO - Refreshing Gmail token
2026-03-06 18:03:28,687 - gmail-watcher - INFO - Refreshing Gmail token
2026-03-06 18:03:32,118 - gmail-watcher - INFO - Refreshing Gmail token
2026-03-06 18:03:35,996 - gmail-watcher - INFO - Refreshing Gmail token
2026-03-06 18:03:40,014 - gmail-watcher - INFO - Refreshing Gmail token
2026-03-06 18:03:47,253 - gmail-watcher - INFO - Refreshing Gmail token
2026-03-06 18:04:02,351 - gmail-watcher - INFO - Refreshing Gmail token
2026-03-06 18:04:07,026 - gmail-watcher - INFO - Refreshing Gmail token
2026-03-06 18:04:11,669 - gmail-watcher - INFO - Refreshing Gmail token
2026-03-06 18:04:17,070 - gmail-watcher - INFO - Refreshing Gmail token
2026-03-06 18:04:21,683 - gmail-watcher - INFO - Refreshing Gmail token
2026-03-06 18:04:26,329 - gmail-watcher - INFO - Refreshing Gmail token
2026-03-06 18:04:30,581 - gmail-watcher - INFO - Refreshing Gmail token
2026-03-08 23:55:15,360 - gmail-watcher - INFO - Refreshing Gmail token
2026-03-08 23:55:25,032 - gmail-watcher - INFO - Refreshing Gmail token
2026-03-08 23:55:32,377 - gmail-watcher - INFO - Refreshing Gmail token
2026-03-08 23:55:47,210 - gmail-watcher - INFO - Refreshing Gmail token
2026-03-08 23:55:53,381 - gmail-watcher - INFO - Refreshing Gmail token
2026-03-08 23:55:56,692 - gmail-watcher - INFO - Refreshing Gmail token
2026-03-08 23:56:00,600 - gmail-watcher - INFO - Refreshing Gmail token
2026-03-08 23:56:03,820 - gmail-watcher - INFO - Refreshing Gmail token
2026-03-08 23:56:06,763 - gmail-watcher - INFO - Refreshing Gmail token
2026-03-08 23:56:12,797 - gmail-watcher - INFO - Refreshing Gmail token
2026-03-08 23:56:19,108 - gmail-watcher - INFO - Refreshing Gmail token
2026-03-08 23:56:22,937 - gmail-watcher - INFO - Refreshing Gmail token
2026-03-08 23:56:26,332 - gmail-watcher - INFO - Refreshing Gmail token
2026-03-08 23:56:29,699 - gmail-watcher - INFO - Refreshing Gmail token
2026-03-08 23:56:33,256 - gmail-watcher - INFO - Refreshing Gmail token
2026-03-08 23:56:39,074 - gmail-watcher - INFO - Refreshing Gmail token
2026-03-08 23:56:43,405 - gmail-watcher - INFO - Refreshing Gmail token
2026-03-08 23:56:48,209 - gmail-watcher - INFO - Refreshing Gmail token
2026-03-08 23:56:51,215 - gmail-watcher - INFO - Refreshing Gmail token
2026-03-08 23:56:56,399 - gmail-watcher - INFO - Refreshing Gmail token
2026-03-08 23:57:01,067 - gmail-watcher - INFO - Refreshing Gmail token
2026-03-08 23:57:04,277 - gmail-watcher - INFO - Refreshing Gmail token
2026-03-08 23:57:07,399 - gmail-watcher - INFO - Refreshing Gmail token
2026-03-08 23:57:10,877 - gmail-watcher - INFO - Refreshing Gmail token
2026-03-08 23:57:14,620 - gmail-watcher - INFO - Refreshing Gmail token
2026-03-08 23:57:18,705 - gmail-watcher - INFO - Refreshing Gmail token
2026-03-08 23:57:23,140 - gmail-watcher - INFO - Refreshing Gmail token
2026-03-08 23:57:30,936 - gmail-watcher - INFO - Refreshing Gmail token
2026-03-08 23:57:37,511 - gmail-watcher - INFO - Refreshing Gmail token
2026-03-08 23:57:41,476 - gmail-watcher - INFO - Refreshing Gmail token
2026-03-08 23:57:45,861 - gmail-watcher - INFO - Refreshing Gmail token
2026-03-08 23:57:49,515 - gmail-watcher - INFO - Refreshing Gmail token
2026-03-08 23:57:53,018 - gmail-watcher - INFO - Refreshing Gmail token
2026-03-08 23:57:57,270 - gmail-watcher - INFO - Refreshing Gmail token
2026-03-08 23:58:01,852 - gmail-watcher - INFO - Refreshing Gmail token
2026-03-08 23:58:10,537 - gmail-watcher - INFO - Refreshing Gmail token
2026-03-08 23:58:16,504 - gmail-watcher - INFO - Refreshing Gmail token
2026-03-08 23:58:20,907 - gmail-watcher - INFO - Refreshing Gmail token
2026-03-08 23:58:27,554 - gmail-watcher - INFO - Refreshing Gmail token
2026-03-08 23:58:31,776 - gmail-watcher - INFO - Refreshing Gmail token
2026-03-08 23:58:36,992 - gmail-watcher - INFO - Refreshing Gmail token
2026-03-08 23:58:44,005 - gmail-watcher - INFO - Refreshing Gmail token
2026-03-08 23:58:53,316 - gmail-watcher - INFO - Refreshing Gmail token
2026-03-08 23:58:56,898 - gmail-watcher - INFO - Refreshing Gmail token
2026-03-08 23:59:00,141 - gmail-watcher - INFO - Refreshing Gmail token
2026-03-08 23:59:02,748 - gmail-watcher - INFO - Refreshing Gmail token
2026-03-08 23:59:05,626 - gmail-watcher - INFO - Refreshing Gmail token
2026-03-08 23:59:08,796 - gmail-watcher - INFO - Refreshing Gmail token
2026-03-08 23:59:12,174 - gmail-watcher - INFO - Refreshing Gmail token
2026-03-08 23:59:14,967 - gmail-watcher - INFO - Refreshing Gmail token
2026-03-08 23:59:18,189 - gmail-watcher - INFO - Refreshing Gmail token
2026-03-08 23:59:22,255 - gmail-watcher - INFO - Refreshing Gmail token
2026-03-08 23:59:27,713 - gmail-watcher - INFO - Refreshing Gmail token
2026-03-08 23:59:31,638 - gmail-watcher - INFO - Refreshing Gmail token
2026-03-08 23:59:38,462 - gmail-watcher - INFO - Refreshing Gmail token
2026-03-08 23:59:43,616 - gmail-watcher - INFO - Refreshing Gmail token
2026-03-08 23:59:47,346 - gmail-watcher - INFO - Refreshing Gmail token
2026-03-08 23:59:50,899 - gmail-watcher - INFO - Refreshing Gmail token
2026-03-08 23:59:55,199 - gmail-watcher - INFO - Refreshing Gmail token
2026-03-08 23:59:58,954 - gmail-watcher - INFO - Refreshing Gmail token
2026-03-09 00:00:02,929 - gmail-watcher - INFO - Refreshing Gmail token
2026-03-09 00:00:06,549 - gmail-watcher - INFO - Refreshing Gmail token
2026-03-09 00:00:10,525 - gmail-watcher - INFO - Refreshing Gmail token
2026-03-09 00:00:13,387 - gmail-watcher - INFO - Refreshing Gmail token
2026-03-09 00:00:17,468 - gmail-watcher - INFO - Refreshing Gmail token
2026-03-09 00:00:20,890 - gmail-watcher - INFO - Refreshing Gmail token
2026-03-09 00:00:28,003 - gmail-watcher - INFO - Refreshing Gmail token
2026-03-09 00:00:32,114 - gmail-watcher - INFO - Refreshing Gmail token
2026-03-09 00:00:35,747 - gmail-watcher - INFO - Refreshing Gmail token
2026-03-09 00:00:40,057 - gmail-watcher - INFO - Refreshing Gmail token
2026-03-09 00:00:44,761 - gmail-watcher - INFO - Refreshing Gmail token
2026-03-09 00:00:53,255 - gmail-watcher - INFO - Refreshing Gmail token
2026-03-09 00:01:04,948 - gmail-watcher - INFO - Refreshing Gmail token
2026-03-09 00:01:09,322 - gmail-watcher - INFO - Refreshing Gmail token
2026-03-09 00:01:12,980 - gmail-watcher - INFO - Refreshing Gmail token
2026-03-09 00:01:17,616 - gmail-watcher - INFO - Refreshing Gmail token
2026-03-09 00:01:22,908 - gmail-watcher - INFO - Refreshing Gmail token
2026-03-09 00:01:26,037 - gmail-watcher - INFO - Refreshing Gmail token
2026-03-09 00:01:29,376 - gmail-watcher - INFO - Refreshing Gmail token
2026-03-09 00:01:32,152 - gmail-watcher - INFO - Refreshing Gmail token
2026-03-09 00:01:36,125 - gmail-watcher - INFO - Refreshing Gmail token
2026-03-09 00:01:42,472 - gmail-watcher - INFO - Refreshing Gmail token
2026-03-09 00:01:52,157 - gmail-watcher - INFO - Refreshing Gmail token
2026-03-09 00:02:02,356 - gmail-watcher - INFO - Refreshing Gmail token
2026-03-09 00:02:12,360 - gmail-watcher - INFO - Refreshing Gmail token
2026-03-09 00:02:28,517 - gmail-watcher - INFO - Refreshing Gmail token
2026-03-09 00:02:42,304 - gmail-watcher - INFO - Refreshing Gmail token
2026-03-09 00:02:53,136 - gmail-watcher - INFO - Refreshing Gmail token
2026-03-09 00:02:59,363 - gmail-watcher - INFO - Refreshing Gmail token
2026-03-09 00:03:04,066 - gmail-watcher - INFO - Refreshing Gmail token
2026-03-09 00:03:11,837 - gmail-watcher - INFO - Refreshing Gmail token
2026-03-09 00:03:19,116 - gmail-watcher - INFO - Refreshing Gmail token
2026-03-09 00:03:24,305 - gmail-watcher - INFO - Refreshing Gmail token
2026-03-09 00:03:28,573 - gmail-watcher - INFO - Refreshing Gmail token
2026-03-09 00:03:36,135 - gmail-watcher - INFO - Refreshing Gmail token
2026-03-09 00:03:39,581 - gmail-watcher - INFO - Refreshing Gmail token
2026-03-09 00:03:44,024 - gmail-watcher - INFO - Refreshing Gmail token
2026-03-09 00:03:47,241 - gmail-watcher - INFO - Refreshing Gmail token
2026-03-09 00:03:55,515 - gmail-watcher - INFO - Refreshing Gmail token
2026-03-09 00:04:03,093 - gmail-watcher - INFO - Refreshing Gmail token
2026-03-09 00:04:07,357 - gmail-watcher - INFO - Refreshing Gmail token
2026-03-09 00:04:13,062 - gmail-watcher - INFO - Refreshing Gmail token
2026-03-09 00:04:21,009 - gmail-watcher - INFO - Refreshing Gmail token
2026-03-09 00:04:29,383 - gmail-watcher - INFO - Refreshing Gmail token
2026-03-09 00:04:33,072 - gmail-watcher - INFO - Refreshing Gmail token
2026-03-09 00:04:40,974 - gmail-watcher - INFO - Refreshing Gmail token
2026-03-09 00:04:44,133 - gmail-watcher - INFO - Refreshing Gmail token
2026-03-09 00:04:47,910 - gmail-watcher - INFO - Refreshing Gmail token
2026-03-09 00:04:54,213 - gmail-watcher - INFO - Refreshing Gmail token
2026-03-09 00:05:01,954 - gmail-watcher - INFO - Refreshing Gmail token
2026-03-09 00:05:08,928 - gmail-watcher - INFO - Refreshing Gmail token
2026-03-09 00:05:15,997 - gmail-watcher - INFO - Refreshing Gmail token
2026-03-09 00:05:29,994 - gmail-watcher - INFO - Refreshing Gmail token
2026-03-09 00:05:42,190 - gmail-watcher - INFO - Refreshing Gmail token
2026-03-09 00:05:49,001 - gmail-watcher - INFO - Refreshing Gmail token
2026-03-09 00:05:55,095 - gmail-watcher - INFO - Refreshing Gmail token
2026-03-09 00:05:59,501 - gmail-watcher - INFO - Refreshing Gmail token
2026-03-09 00:06:03,626 - gmail-watcher - INFO - Refreshing Gmail token
2026-03-09 00:06:07,147 - gmail-watcher - INFO - Refreshing Gmail token
2026-03-09 00:06:11,714 - gmail-watcher - INFO - Refreshing Gmail token
2026-03-09 00:06:17,291 - gmail-watcher - INFO - Refreshing Gmail token
2026-03-09 00:06:22,766 - gmail-watcher - INFO - Refreshing Gmail token
2026-03-09 00:06:26,806 - gmail-watcher - INFO - Refreshing Gmail token
2026-03-09 00:06:30,719 - gmail-watcher - INFO - Refreshing Gmail token
2026-03-09 00:06:36,319 - gmail-watcher - INFO - Refreshing Gmail token
2026-03-09 00:06:40,516 - gmail-watcher - INFO - Refreshing Gmail token
2026-03-09 00:06:43,638 - gmail-watcher - INFO - Refreshing Gmail token
2026-03-09 00:06:47,509 - gmail-watcher - INFO - Refreshing Gmail token
2026-03-09 00:06:52,422 - gmail-watcher - INFO - Refreshing Gmail token
2026-03-09 00:07:00,568 - gmail-watcher - INFO - Refreshing Gmail token
2026-03-09 00:07:07,612 - gmail-watcher - INFO - Refreshing Gmail token
2026-03-09 00:07:11,280 - gmail-watcher - INFO - Refreshing Gmail token
2026-03-09 00:07:17,122 - gmail-watcher - INFO - Refreshing Gmail token
2026-03-09 00:07:21,601 - gmail-watcher - INFO - Refreshing Gmail token
2026-03-09 00:07:26,200 - gmail-watcher - INFO - Refreshing Gmail token
2026-03-09 00:07:29,746 - gmail-watcher - INFO - Refreshing Gmail token
2026-03-09 00:07:33,983 - gmail-watcher - INFO - Refreshing Gmail token
2026-03-09 00:07:36,935 - gmail-watcher - INFO - Refreshing Gmail token
2026-03-09 00:07:39,878 - gmail-watcher - INFO - Refreshing Gmail token
2026-03-09 00:07:43,574 - gmail-watcher - INFO - Refreshing Gmail token
2026-03-09 00:07:47,978 - gmail-watcher - INFO - Refreshing Gmail token
2026-03-09 00:07:52,483 - gmail-watcher - INFO - Refreshing Gmail token
2026-03-09 00:07:55,495 - gmail-watcher - INFO - Refreshing Gmail token
2026-03-09 00:07:58,397 - gmail-watcher - INFO - Refreshing Gmail token
2026-03-09 00:08:01,468 - gmail-watcher - INFO - Refreshing Gmail token
2026-03-09 00:08:04,509 - gmail-watcher - INFO - Refreshing Gmail token
2026-03-09 00:08:07,507 - gmail-watcher - INFO - Refreshing Gmail token
2026-03-09 00:08:10,471 - gmail-watcher - INFO - Refreshing Gmail token
2026-03-09 00:08:14,133 - gmail-watcher - INFO - Refreshing Gmail token
2026-03-09 00:08:18,299 - gmail-watcher - INFO - Refreshing Gmail token
2026-03-09 00:08:25,197 - gmail-watcher - INFO - Refreshing Gmail token
2026-03-09 00:08:29,213 - gmail-watcher - INFO - Refreshing Gmail token
2026-03-09 00:08:32,129 - gmail-watcher - INFO - Refreshing Gmail token
2026-03-09 00:08:36,235 - gmail-watcher - INFO - Refreshing Gmail token
2026-03-09 00:08:39,496 - gmail-watcher - INFO - Refreshing Gmail token
2026-03-09 00:08:45,130 - gmail-watcher - INFO - Refreshing Gmail token
2026-03-09 00:08:49,780 - gmail-watcher - INFO - Refreshing Gmail token
2026-03-09 00:08:53,790 - gmail-watcher - INFO - Refreshing Gmail token
2026-03-09 00:09:00,039 - gmail-watcher - INFO - Refreshing Gmail token
2026-03-09 00:09:05,475 - gmail-watcher - INFO - Refreshing Gmail token
2026-03-09 00:09:11,128 - gmail-watcher - INFO - Refreshing Gmail token
2026-03-09 00:09:15,631 - gmail-watcher - INFO - Refreshing Gmail token
2026-03-09 00:09:20,432 - gmail-watcher - INFO - Refreshing Gmail token
2026-03-09 00:09:25,103 - gmail-watcher - INFO - Refreshing Gmail token
2026-03-09 00:09:29,325 - gmail-watcher - INFO - Refreshing Gmail token
2026-03-09 00:09:32,746 - gmail-watcher - INFO - Refreshing Gmail token
2026-03-09 00:09:36,833 - gmail-watcher - INFO - Refreshing Gmail token
2026-03-09 00:09:40,167 - gmail-watcher - INFO - Refreshing Gmail token
2026-03-09 00:09:43,970 - gmail-watcher - INFO - Refreshing Gmail token
2026-03-09 00:09:46,873 - gmail-watcher - INFO - Refreshing Gmail token
2026-03-09 00:09:50,437 - gmail-watcher - INFO - Refreshing Gmail token
2026-03-09 00:09:53,599 - gmail-watcher - INFO - Refreshing Gmail token
2026-03-09 00:09:57,944 - gmail-watcher - INFO - Refreshing Gmail token
2026-03-09 00:10:00,857 - gmail-watcher - INFO - Refreshing Gmail token
2026-03-09 00:10:06,024 - gmail-watcher - INFO - Refreshing Gmail token
2026-03-09 00:10:10,031 - gmail-watcher - INFO - Refreshing Gmail token
2026-03-09 00:10:13,481 - gmail-watcher - INFO - Refreshing Gmail token
2026-03-09 00:10:17,175 - gmail-watcher - INFO - Refreshing Gmail token
2026-03-09 00:10:20,482 - gmail-watcher - INFO - Refreshing Gmail token
2026-03-09 00:10:24,159 - gmail-watcher - INFO - Refreshing Gmail token
2026-03-09 00:10:27,197 - gmail-watcher - INFO - Refreshing Gmail token
2026-03-09 00:10:30,759 - gmail-watcher - INFO - Refreshing Gmail token
2026-03-09 00:10:36,804 - gmail-watcher - INFO - Refreshing Gmail token
2026-03-09 00:10:45,826 - gmail-watcher - INFO - Refreshing Gmail token
2026-03-09 00:10:50,227 - gmail-watcher - INFO - Refreshing Gmail token
2026-03-09 00:10:54,513 - gmail-watcher - INFO - Refreshing Gmail token
2026-03-09 00:10:57,592 - gmail-watcher - INFO - Refreshing Gmail token
2026-03-09 00:11:01,483 - gmail-watcher - INFO - Refreshing Gmail token
2026-03-09 00:11:04,768 - gmail-watcher - INFO - Refreshing Gmail token
2026-03-09 00:11:10,186 - gmail-watcher - INFO - Refreshing Gmail token
2026-03-09 00:11:14,226 - gmail-watcher - INFO - Refreshing Gmail token
2026-03-09 00:11:17,207 - gmail-watcher - INFO - Refreshing Gmail token
2026-03-09 00:11:23,138 - gmail-watcher - INFO - Refreshing Gmail token
2026-03-09 00:11:28,191 - gmail-watcher - INFO - Refreshing Gmail token
