2026-02-06 04:34:42,865 - linkedin-watcher - INFO - Starting LinkedInWatcher
2026-02-06 04:34:42,879 - linkedin-watcher - INFO - Initializing LinkedIn session
2026-02-06 04:35:53,912 - linkedin-watcher - ERROR - Error loading LinkedIn: Timeout 30000ms exceeded.
2026-02-06 04:36:05,864 - linkedin-watcher - WARNING - LinkedIn session expired
2026-02-06 04:38:07,281 - linkedin-watcher - WARNING - LinkedIn session expired
2026-02-06 04:40:07,724 - linkedin-watcher - WARNING - LinkedIn session expired
2026-02-06 04:41:52,985 - linkedin-watcher - INFO - Received SIGINT, initiating graceful shutdown
2026-02-06 04:41:53,054 - linkedin-watcher - INFO - Cleaning up LinkedInWatcher
2026-02-06 04:41:53,067 - linkedin-watcher - INFO - Closing browser context
2026-02-06 04:41:53,294 - linkedin-watcher - ERROR - Error during cleanup: Target page, context or browser has been closed
2026-02-06 04:41:53,299 - linkedin-watcher - INFO - LinkedInWatcher stopped
2026-02-06 04:41:59,352 - linkedin-watcher - INFO - Starting LinkedInWatcher
2026-02-06 04:41:59,356 - linkedin-watcher - INFO - Initializing LinkedIn session
2026-02-06 04:42:54,824 - linkedin-watcher - ERROR - Error loading LinkedIn: Timeout 30000ms exceeded.
2026-02-06 04:43:06,618 - linkedin-watcher - WARNING - LinkedIn session expired
2026-02-06 04:45:06,956 - linkedin-watcher - WARNING - LinkedIn session expired
2026-02-06 04:47:07,461 - linkedin-watcher - WARNING - LinkedIn session expired
2026-02-06 04:47:32,708 - linkedin-watcher - INFO - Received SIGINT, initiating graceful shutdown
2026-02-06 04:47:33,498 - linkedin-watcher - INFO - Cleaning up LinkedInWatcher
2026-02-06 04:47:33,524 - linkedin-watcher - INFO - Closing browser context
2026-02-06 04:48:14,016 - linkedin-watcher - INFO - Starting LinkedInWatcher
2026-02-06 04:48:14,018 - linkedin-watcher - INFO - Initializing LinkedIn session
2026-02-06 04:49:01,880 - linkedin-watcher - ERROR - Error loading LinkedIn: Timeout 30000ms exceeded.
2026-02-06 04:49:21,734 - linkedin-watcher - WARNING - LinkedIn session expired
2026-02-06 04:51:22,073 - linkedin-watcher - WARNING - LinkedIn session expired
2026-02-06 04:53:22,352 - linkedin-watcher - WARNING - LinkedIn session expired
2026-02-06 04:55:22,692 - linkedin-watcher - WARNING - LinkedIn session expired
2026-02-06 04:57:22,853 - linkedin-watcher - WARNING - LinkedIn session expired
2026-02-06 04:59:23,441 - linkedin-watcher - WARNING - LinkedIn session expired
2026-02-06 05:01:23,743 - linkedin-watcher - WARNING - LinkedIn session expired
2026-02-06 05:03:24,081 - linkedin-watcher - WARNING - LinkedIn session expired
2026-02-06 14:37:16,271 - linkedin-watcher - WARNING - LinkedIn session expired
2026-02-06 14:39:17,244 - linkedin-watcher - WARNING - LinkedIn session expired
2026-02-06 14:41:18,647 - linkedin-watcher - WARNING - LinkedIn session expired
2026-02-06 14:43:20,787 - linkedin-watcher - WARNING - LinkedIn session expired
2026-02-06 14:45:21,651 - linkedin-watcher - WARNING - LinkedIn session expired
2026-02-06 14:47:22,061 - linkedin-watcher - WARNING - LinkedIn session expired
2026-02-06 14:49:22,534 - linkedin-watcher - WARNING - LinkedIn session expired
2026-02-06 14:51:22,829 - linkedin-watcher - WARNING - LinkedIn session expired
2026-02-06 14:53:23,134 - linkedin-watcher - WARNING - LinkedIn session expired
2026-02-06 14:56:05,924 - linkedin-watcher - WARNING - LinkedIn session expired
2026-02-06 14:58:06,283 - linkedin-watcher - WARNING - LinkedIn session expired
2026-02-06 15:00:06,341 - linkedin-watcher - WARNING - LinkedIn session expired
2026-02-06 15:02:06,424 - linkedin-watcher - WARNING - LinkedIn session expired
2026-02-06 15:04:06,473 - linkedin-watcher - WARNING - LinkedIn session expired
2026-02-06 15:06:06,565 - linkedin-watcher - WARNING - LinkedIn session expired
2026-02-06 15:08:06,648 - linkedin-watcher - WARNING - LinkedIn session expired
2026-02-06 15:10:06,714 - linkedin-watcher - WARNING - LinkedIn session expired
2026-02-06 15:12:06,858 - linkedin-watcher - WARNING - LinkedIn session expired
2026-02-06 15:14:06,978 - linkedin-watcher - WARNING - LinkedIn session expired
2026-02-06 15:16:07,037 - linkedin-watcher - WARNING - LinkedIn session expired
2026-02-06 15:18:07,071 - linkedin-watcher - WARNING - LinkedIn session expired
2026-02-06 15:20:07,151 - linkedin-watcher - WARNING - LinkedIn session expired
2026-02-06 15:22:07,379 - linkedin-watcher - WARNING - LinkedIn session expired
2026-02-06 15:24:07,604 - linkedin-watcher - WARNING - LinkedIn session expired
2026-02-06 15:26:07,699 - linkedin-watcher - WARNING - LinkedIn session expired
2026-02-06 15:28:07,753 - linkedin-watcher - WARNING - LinkedIn session expired
2026-02-06 15:30:07,826 - linkedin-watcher - WARNING - LinkedIn session expired
2026-02-06 15:32:08,096 - linkedin-watcher - WARNING - LinkedIn session expired
2026-02-06 15:34:08,149 - linkedin-watcher - WARNING - LinkedIn session expired
2026-02-06 15:36:08,237 - linkedin-watcher - WARNING - LinkedIn session expired
2026-02-06 15:38:08,336 - linkedin-watcher - WARNING - LinkedIn session expired
2026-02-06 15:40:08,385 - linkedin-watcher - WARNING - LinkedIn session expired
2026-02-06 15:42:08,474 - linkedin-watcher - WARNING - LinkedIn session expired
2026-02-06 15:44:08,726 - linkedin-watcher - WARNING - LinkedIn session expired
2026-02-06 15:46:08,849 - linkedin-watcher - WARNING - LinkedIn session expired
2026-02-06 15:48:08,921 - linkedin-watcher - WARNING - LinkedIn session expired
2026-02-06 15:50:08,956 - linkedin-watcher - WARNING - LinkedIn session expired
2026-02-06 15:52:09,004 - linkedin-watcher - WARNING - LinkedIn session expired
2026-02-06 15:54:09,174 - linkedin-watcher - WARNING - LinkedIn session expired
2026-02-06 15:56:09,221 - linkedin-watcher - WARNING - LinkedIn session expired
2026-02-06 15:58:09,300 - linkedin-watcher - WARNING - LinkedIn session expired
2026-02-06 16:00:09,350 - linkedin-watcher - WARNING - LinkedIn session expired
2026-02-06 16:02:09,416 - linkedin-watcher - WARNING - LinkedIn session expired
2026-02-06 16:04:09,460 - linkedin-watcher - WARNING - LinkedIn session expired
2026-02-06 16:06:09,584 - linkedin-watcher - WARNING - LinkedIn session expired
2026-02-06 16:08:09,699 - linkedin-watcher - WARNING - LinkedIn session expired
2026-02-06 16:10:09,794 - linkedin-watcher - WARNING - LinkedIn session expired
2026-02-06 16:12:09,994 - linkedin-watcher - WARNING - LinkedIn session expired
2026-02-06 16:14:11,393 - linkedin-watcher - WARNING - LinkedIn session expired
2026-02-06 16:16:11,579 - linkedin-watcher - WARNING - LinkedIn session expired
2026-02-06 16:18:11,791 - linkedin-watcher - WARNING - LinkedIn session expired
2026-02-06 20:14:55,266 - linkedin-watcher - WARNING - LinkedIn session expired
2026-02-06 20:16:58,013 - linkedin-watcher - WARNING - LinkedIn session expired
2026-02-06 20:18:58,480 - linkedin-watcher - WARNING - LinkedIn session expired
2026-02-06 20:21:00,593 - linkedin-watcher - WARNING - LinkedIn session expired
2026-02-06 20:23:01,091 - linkedin-watcher - WARNING - LinkedIn session expired
2026-02-06 20:25:01,288 - linkedin-watcher - WARNING - LinkedIn session expired
2026-02-06 20:27:02,244 - linkedin-watcher - WARNING - LinkedIn session expired
2026-02-06 20:29:03,725 - linkedin-watcher - WARNING - LinkedIn session expired
2026-02-06 20:31:04,173 - linkedin-watcher - WARNING - LinkedIn session expired
2026-02-06 20:33:05,190 - linkedin-watcher - WARNING - LinkedIn session expired
2026-02-06 20:35:05,970 - linkedin-watcher - WARNING - LinkedIn session expired
2026-02-06 20:37:07,416 - linkedin-watcher - WARNING - LinkedIn session expired
2026-02-06 20:39:08,139 - linkedin-watcher - WARNING - LinkedIn session expired
2026-02-06 20:41:08,583 - linkedin-watcher - WARNING - LinkedIn session expired
2026-02-06 20:43:08,784 - linkedin-watcher - WARNING - LinkedIn session expired
2026-02-06 20:45:08,915 - linkedin-watcher - WARNING - LinkedIn session expired
2026-02-06 20:47:09,018 - linkedin-watcher - WARNING - LinkedIn session expired
2026-02-06 20:49:09,106 - linkedin-watcher - WARNING - LinkedIn session expired
2026-02-06 20:51:09,248 - linkedin-watcher - WARNING - LinkedIn session expired
2026-02-06 20:53:09,367 - linkedin-watcher - WARNING - LinkedIn session expired
2026-02-06 20:55:09,502 - linkedin-watcher - WARNING - LinkedIn session expired
2026-02-06 20:57:09,581 - linkedin-watcher - WARNING - LinkedIn session expired
2026-02-06 20:59:09,664 - linkedin-watcher - WARNING - LinkedIn session expired
2026-02-06 21:03:13,952 - linkedin-watcher - WARNING - LinkedIn session expired
2026-02-06 21:05:14,077 - linkedin-watcher - WARNING - LinkedIn session expired
2026-02-06 21:07:14,231 - linkedin-watcher - WARNING - LinkedIn session expired
2026-02-06 21:09:14,421 - linkedin-watcher - WARNING - LinkedIn session expired
2026-02-06 21:11:18,915 - linkedin-watcher - WARNING - LinkedIn session expired
2026-02-06 21:13:19,299 - linkedin-watcher - WARNING - LinkedIn session expired
2026-02-06 21:15:19,400 - linkedin-watcher - WARNING - LinkedIn session expired
2026-02-06 21:17:19,580 - linkedin-watcher - WARNING - LinkedIn session expired
2026-02-06 21:19:19,796 - linkedin-watcher - WARNING - LinkedIn session expired
2026-02-06 21:21:19,916 - linkedin-watcher - WARNING - LinkedIn session expired
2026-02-06 21:22:53,823 - linkedin-watcher - INFO - Received SIGINT, initiating graceful shutdown
2026-02-06 21:22:53,982 - linkedin-watcher - INFO - Cleaning up LinkedInWatcher
2026-02-06 21:22:54,007 - linkedin-watcher - INFO - Closing browser context
2026-02-06 21:26:39,966 - linkedin-watcher - INFO - Starting LinkedInWatcher
2026-02-06 21:26:39,970 - linkedin-watcher - INFO - Initializing LinkedIn session
2026-02-06 21:27:40,550 - linkedin-watcher - ERROR - Error loading LinkedIn: Timeout 30000ms exceeded.
2026-02-06 21:27:42,730 - linkedin-watcher - WARNING - LinkedIn session expired
2026-02-06 21:29:43,812 - linkedin-watcher - WARNING - LinkedIn session expired
2026-02-06 21:31:45,096 - linkedin-watcher - WARNING - LinkedIn session expired
2026-02-06 21:33:45,717 - linkedin-watcher - WARNING - LinkedIn session expired
2026-02-06 21:35:46,244 - linkedin-watcher - WARNING - LinkedIn session expired
2026-02-06 21:37:46,624 - linkedin-watcher - WARNING - LinkedIn session expired
2026-02-06 21:39:48,301 - linkedin-watcher - WARNING - LinkedIn session expired
2026-02-06 21:41:49,542 - linkedin-watcher - WARNING - LinkedIn session expired
2026-02-06 21:43:49,796 - linkedin-watcher - WARNING - LinkedIn session expired
2026-02-06 21:45:50,113 - linkedin-watcher - WARNING - LinkedIn session expired
2026-02-06 21:47:50,452 - linkedin-watcher - WARNING - LinkedIn session expired
2026-02-06 21:49:50,766 - linkedin-watcher - WARNING - LinkedIn session expired
2026-02-06 21:51:50,903 - linkedin-watcher - WARNING - LinkedIn session expired
2026-02-06 21:53:51,109 - linkedin-watcher - WARNING - LinkedIn session expired
2026-02-06 21:55:51,209 - linkedin-watcher - WARNING - LinkedIn session expired
2026-02-06 21:57:51,275 - linkedin-watcher - WARNING - LinkedIn session expired
2026-02-06 21:59:51,718 - linkedin-watcher - WARNING - LinkedIn session expired
2026-02-06 22:01:51,937 - linkedin-watcher - WARNING - LinkedIn session expired
2026-02-06 22:04:00,614 - linkedin-watcher - WARNING - LinkedIn session expired
2026-02-06 22:06:00,789 - linkedin-watcher - WARNING - LinkedIn session expired
2026-02-06 22:08:00,866 - linkedin-watcher - WARNING - LinkedIn session expired
2026-02-06 22:10:01,574 - linkedin-watcher - WARNING - LinkedIn session expired
2026-02-06 22:12:02,414 - linkedin-watcher - WARNING - LinkedIn session expired
2026-02-06 22:14:02,605 - linkedin-watcher - WARNING - LinkedIn session expired
2026-02-06 22:16:04,010 - linkedin-watcher - WARNING - LinkedIn session expired
2026-02-06 22:18:04,430 - linkedin-watcher - WARNING - LinkedIn session expired
2026-02-06 22:20:04,869 - linkedin-watcher - WARNING - LinkedIn session expired
2026-02-07 00:14:25,448 - linkedin-watcher - WARNING - LinkedIn session expired
2026-02-07 00:16:26,367 - linkedin-watcher - WARNING - LinkedIn session expired
2026-02-07 00:18:27,272 - linkedin-watcher - WARNING - LinkedIn session expired
2026-02-07 00:20:28,895 - linkedin-watcher - WARNING - LinkedIn session expired
2026-02-07 00:22:30,560 - linkedin-watcher - WARNING - LinkedIn session expired
2026-02-07 00:24:31,034 - linkedin-watcher - WARNING - LinkedIn session expired
2026-02-07 00:26:31,465 - linkedin-watcher - WARNING - LinkedIn session expired
2026-02-07 00:28:31,902 - linkedin-watcher - WARNING - LinkedIn session expired
2026-02-07 00:30:33,198 - linkedin-watcher - WARNING - LinkedIn session expired
2026-02-07 00:32:34,612 - linkedin-watcher - WARNING - LinkedIn session expired
2026-02-07 00:34:35,499 - linkedin-watcher - WARNING - LinkedIn session expired
2026-02-07 00:36:36,121 - linkedin-watcher - WARNING - LinkedIn session expired
2026-02-07 00:38:36,598 - linkedin-watcher - WARNING - LinkedIn session expired
2026-02-07 00:40:37,418 - linkedin-watcher - WARNING - LinkedIn session expired
2026-02-07 00:42:38,071 - linkedin-watcher - WARNING - LinkedIn session expired
2026-02-07 00:44:40,010 - linkedin-watcher - WARNING - LinkedIn session expired
2026-02-07 00:46:43,424 - linkedin-watcher - WARNING - LinkedIn session expired
2026-02-07 00:48:44,689 - linkedin-watcher - WARNING - LinkedIn session expired
2026-02-07 00:50:45,824 - linkedin-watcher - WARNING - LinkedIn session expired
2026-02-07 00:52:46,531 - linkedin-watcher - WARNING - LinkedIn session expired
2026-02-07 00:54:48,094 - linkedin-watcher - WARNING - LinkedIn session expired
2026-02-07 00:56:48,641 - linkedin-watcher - WARNING - LinkedIn session expired
2026-02-07 00:58:49,716 - linkedin-watcher - WARNING - LinkedIn session expired
2026-02-07 01:00:50,013 - linkedin-watcher - WARNING - LinkedIn session expired
2026-02-07 01:02:50,507 - linkedin-watcher - WARNING - LinkedIn session expired
2026-02-07 01:04:50,800 - linkedin-watcher - WARNING - LinkedIn session expired
2026-02-07 01:06:51,156 - linkedin-watcher - WARNING - LinkedIn session expired
2026-02-07 01:34:33,538 - linkedin-watcher - WARNING - LinkedIn session expired
2026-02-07 01:36:34,568 - linkedin-watcher - WARNING - LinkedIn session expired
2026-02-07 01:38:34,851 - linkedin-watcher - WARNING - LinkedIn session expired
2026-02-07 01:40:35,264 - linkedin-watcher - WARNING - LinkedIn session expired
2026-02-07 01:42:35,588 - linkedin-watcher - WARNING - LinkedIn session expired
2026-02-07 01:44:35,901 - linkedin-watcher - WARNING - LinkedIn session expired
2026-02-07 01:46:36,360 - linkedin-watcher - WARNING - LinkedIn session expired
2026-02-07 01:48:36,992 - linkedin-watcher - WARNING - LinkedIn session expired
2026-02-07 01:50:38,366 - linkedin-watcher - WARNING - LinkedIn session expired
2026-02-07 01:52:38,960 - linkedin-watcher - WARNING - LinkedIn session expired
2026-02-07 01:54:39,332 - linkedin-watcher - WARNING - LinkedIn session expired
2026-02-07 01:56:39,899 - linkedin-watcher - WARNING - LinkedIn session expired
2026-02-07 01:58:41,454 - linkedin-watcher - WARNING - LinkedIn session expired
2026-02-07 02:00:41,790 - linkedin-watcher - WARNING - LinkedIn session expired
2026-02-07 02:02:43,657 - linkedin-watcher - WARNING - LinkedIn session expired
2026-02-07 02:04:44,536 - linkedin-watcher - WARNING - LinkedIn session expired
2026-02-07 02:06:45,012 - linkedin-watcher - WARNING - LinkedIn session expired
2026-02-07 02:08:46,954 - linkedin-watcher - WARNING - LinkedIn session expired
2026-02-07 02:10:47,667 - linkedin-watcher - WARNING - LinkedIn session expired
2026-02-07 02:12:49,092 - linkedin-watcher - WARNING - LinkedIn session expired
2026-02-07 02:14:49,490 - linkedin-watcher - WARNING - LinkedIn session expired
2026-02-07 02:16:49,719 - linkedin-watcher - WARNING - LinkedIn session expired
2026-02-07 02:18:49,857 - linkedin-watcher - WARNING - LinkedIn session expired
2026-02-07 02:20:49,969 - linkedin-watcher - WARNING - LinkedIn session expired
2026-02-07 02:22:50,036 - linkedin-watcher - WARNING - LinkedIn session expired
2026-02-07 02:24:50,110 - linkedin-watcher - WARNING - LinkedIn session expired
2026-02-07 02:26:50,160 - linkedin-watcher - WARNING - LinkedIn session expired
2026-02-07 02:28:50,262 - linkedin-watcher - WARNING - LinkedIn session expired
2026-02-07 02:30:50,371 - linkedin-watcher - WARNING - LinkedIn session expired
2026-02-07 02:32:50,452 - linkedin-watcher - WARNING - LinkedIn session expired
2026-02-07 02:34:50,549 - linkedin-watcher - WARNING - LinkedIn session expired
2026-02-07 02:36:54,980 - linkedin-watcher - WARNING - LinkedIn session expired
2026-02-07 02:38:55,276 - linkedin-watcher - WARNING - LinkedIn session expired
2026-02-07 02:40:55,857 - linkedin-watcher - WARNING - LinkedIn session expired
2026-02-07 10:30:48,443 - linkedin-watcher - WARNING - LinkedIn session expired
2026-02-07 10:32:50,496 - linkedin-watcher - WARNING - LinkedIn session expired
2026-02-07 10:34:51,825 - linkedin-watcher - WARNING - LinkedIn session expired
2026-02-07 10:36:53,663 - linkedin-watcher - WARNING - LinkedIn session expired
2026-02-07 10:38:54,563 - linkedin-watcher - WARNING - LinkedIn session expired
2026-02-07 10:40:55,371 - linkedin-watcher - WARNING - LinkedIn session expired
2026-02-07 10:42:56,859 - linkedin-watcher - WARNING - LinkedIn session expired
2026-02-07 10:44:58,199 - linkedin-watcher - WARNING - LinkedIn session expired
2026-02-07 10:46:59,042 - linkedin-watcher - WARNING - LinkedIn session expired
2026-02-07 10:48:59,896 - linkedin-watcher - WARNING - LinkedIn session expired
2026-02-07 10:51:00,912 - linkedin-watcher - WARNING - LinkedIn session expired
2026-02-07 10:53:01,529 - linkedin-watcher - WARNING - LinkedIn session expired
2026-02-07 10:55:02,136 - linkedin-watcher - WARNING - LinkedIn session expired
2026-02-07 10:57:03,596 - linkedin-watcher - WARNING - LinkedIn session expired
2026-02-07 10:59:06,355 - linkedin-watcher - WARNING - LinkedIn session expired
2026-02-07 11:01:07,243 - linkedin-watcher - WARNING - LinkedIn session expired
2026-02-07 11:03:07,714 - linkedin-watcher - WARNING - LinkedIn session expired
2026-02-07 11:05:08,088 - linkedin-watcher - WARNING - LinkedIn session expired
2026-02-07 11:07:08,596 - linkedin-watcher - WARNING - LinkedIn session expired
2026-02-07 11:09:08,964 - linkedin-watcher - WARNING - LinkedIn session expired
2026-02-07 11:11:09,791 - linkedin-watcher - WARNING - LinkedIn session expired
2026-02-07 11:13:12,135 - linkedin-watcher - WARNING - LinkedIn session expired
2026-02-07 11:15:13,677 - linkedin-watcher - WARNING - LinkedIn session expired
2026-02-07 11:17:14,280 - linkedin-watcher - WARNING - LinkedIn session expired
2026-02-07 11:19:14,437 - linkedin-watcher - WARNING - LinkedIn session expired
2026-02-07 11:21:14,674 - linkedin-watcher - WARNING - LinkedIn session expired
2026-02-07 11:23:14,800 - linkedin-watcher - WARNING - LinkedIn session expired
2026-02-07 11:25:14,917 - linkedin-watcher - WARNING - LinkedIn session expired
2026-02-07 11:27:15,770 - linkedin-watcher - WARNING - LinkedIn session expired
2026-02-07 11:29:16,039 - linkedin-watcher - WARNING - LinkedIn session expired
2026-02-07 11:31:16,171 - linkedin-watcher - WARNING - LinkedIn session expired
2026-02-07 11:33:16,410 - linkedin-watcher - WARNING - LinkedIn session expired
2026-02-07 11:35:16,718 - linkedin-watcher - WARNING - LinkedIn session expired
2026-02-07 11:37:17,032 - linkedin-watcher - WARNING - LinkedIn session expired
2026-02-07 11:39:17,173 - linkedin-watcher - WARNING - LinkedIn session expired
2026-02-07 11:41:17,394 - linkedin-watcher - WARNING - LinkedIn session expired
2026-02-07 11:43:17,646 - linkedin-watcher - WARNING - LinkedIn session expired
2026-02-07 11:45:17,790 - linkedin-watcher - WARNING - LinkedIn session expired
2026-02-07 11:47:19,889 - linkedin-watcher - WARNING - LinkedIn session expired
2026-02-07 11:49:20,791 - linkedin-watcher - WARNING - LinkedIn session expired
2026-02-07 11:51:22,407 - linkedin-watcher - WARNING - LinkedIn session expired
2026-02-07 11:53:22,628 - linkedin-watcher - WARNING - LinkedIn session expired
2026-02-07 11:55:22,889 - linkedin-watcher - WARNING - LinkedIn session expired
2026-02-07 11:57:23,053 - linkedin-watcher - WARNING - LinkedIn session expired
2026-02-07 11:59:23,372 - linkedin-watcher - WARNING - LinkedIn session expired
2026-02-07 12:01:24,745 - linkedin-watcher - WARNING - LinkedIn session expired
2026-02-07 12:03:26,635 - linkedin-watcher - WARNING - LinkedIn session expired
2026-02-07 12:05:27,335 - linkedin-watcher - WARNING - LinkedIn session expired
2026-02-07 12:07:28,278 - linkedin-watcher - WARNING - LinkedIn session expired
2026-02-07 13:22:44,174 - linkedin-watcher - WARNING - LinkedIn session expired
2026-02-07 13:24:46,087 - linkedin-watcher - WARNING - LinkedIn session expired
2026-02-07 13:26:46,741 - linkedin-watcher - WARNING - LinkedIn session expired
2026-02-07 13:28:47,699 - linkedin-watcher - WARNING - LinkedIn session expired
2026-02-07 13:30:49,250 - linkedin-watcher - WARNING - LinkedIn session expired
2026-02-07 13:32:50,886 - linkedin-watcher - WARNING - LinkedIn session expired
2026-02-07 13:34:51,076 - linkedin-watcher - WARNING - LinkedIn session expired
2026-02-07 13:36:51,306 - linkedin-watcher - WARNING - LinkedIn session expired
2026-02-07 13:38:52,744 - linkedin-watcher - WARNING - LinkedIn session expired
2026-02-07 13:40:53,103 - linkedin-watcher - WARNING - LinkedIn session expired
2026-02-07 13:42:53,477 - linkedin-watcher - WARNING - LinkedIn session expired
2026-02-07 13:44:54,176 - linkedin-watcher - WARNING - LinkedIn session expired
2026-02-07 13:46:54,566 - linkedin-watcher - WARNING - LinkedIn session expired
2026-02-07 13:48:54,792 - linkedin-watcher - WARNING - LinkedIn session expired
2026-02-07 13:50:55,052 - linkedin-watcher - WARNING - LinkedIn session expired
2026-02-07 13:52:57,312 - linkedin-watcher - WARNING - LinkedIn session expired
2026-02-07 13:54:57,958 - linkedin-watcher - WARNING - LinkedIn session expired
2026-02-07 13:56:58,079 - linkedin-watcher - WARNING - LinkedIn session expired
2026-02-07 13:58:58,614 - linkedin-watcher - WARNING - LinkedIn session expired
2026-02-07 14:01:00,674 - linkedin-watcher - WARNING - LinkedIn session expired
2026-02-07 14:03:00,890 - linkedin-watcher - WARNING - LinkedIn session expired
2026-02-07 14:05:02,105 - linkedin-watcher - WARNING - LinkedIn session expired
2026-02-07 14:07:02,552 - linkedin-watcher - WARNING - LinkedIn session expired
2026-02-07 14:09:02,789 - linkedin-watcher - WARNING - LinkedIn session expired
2026-02-07 14:11:02,921 - linkedin-watcher - WARNING - LinkedIn session expired
2026-02-07 14:13:03,767 - linkedin-watcher - WARNING - LinkedIn session expired
2026-02-07 14:15:04,139 - linkedin-watcher - WARNING - LinkedIn session expired
2026-02-07 14:17:04,827 - linkedin-watcher - WARNING - LinkedIn session expired
2026-02-07 14:19:05,584 - linkedin-watcher - WARNING - LinkedIn session expired
2026-02-07 14:21:05,839 - linkedin-watcher - WARNING - LinkedIn session expired
2026-02-07 14:23:06,020 - linkedin-watcher - WARNING - LinkedIn session expired
2026-02-07 14:25:06,252 - linkedin-watcher - WARNING - LinkedIn session expired
2026-02-07 14:27:06,510 - linkedin-watcher - WARNING - LinkedIn session expired
2026-02-07 14:29:06,691 - linkedin-watcher - WARNING - LinkedIn session expired
2026-02-07 14:31:06,848 - linkedin-watcher - WARNING - LinkedIn session expired
2026-02-07 14:33:07,145 - linkedin-watcher - WARNING - LinkedIn session expired
2026-02-07 14:35:07,464 - linkedin-watcher - WARNING - LinkedIn session expired
2026-02-07 14:37:07,650 - linkedin-watcher - WARNING - LinkedIn session expired
2026-02-07 14:39:08,212 - linkedin-watcher - WARNING - LinkedIn session expired
2026-02-07 14:41:08,506 - linkedin-watcher - WARNING - LinkedIn session expired
2026-02-07 14:43:08,613 - linkedin-watcher - WARNING - LinkedIn session expired
2026-02-07 14:45:08,997 - linkedin-watcher - WARNING - LinkedIn session expired
2026-02-08 02:03:28,040 - linkedin-watcher - WARNING - LinkedIn session expired
2026-02-08 02:05:29,622 - linkedin-watcher - WARNING - LinkedIn session expired
2026-02-08 02:07:33,453 - linkedin-watcher - WARNING - LinkedIn session expired
2026-02-08 02:09:33,931 - linkedin-watcher - WARNING - LinkedIn session expired
2026-02-08 02:11:34,449 - linkedin-watcher - WARNING - LinkedIn session expired
2026-02-08 02:13:34,994 - linkedin-watcher - WARNING - LinkedIn session expired
2026-02-08 02:15:35,671 - linkedin-watcher - WARNING - LinkedIn session expired
2026-02-08 02:17:36,045 - linkedin-watcher - WARNING - LinkedIn session expired
2026-02-08 02:19:36,275 - linkedin-watcher - WARNING - LinkedIn session expired
2026-02-08 02:21:36,456 - linkedin-watcher - WARNING - LinkedIn session expired
2026-02-08 13:39:47,747 - linkedin-watcher - WARNING - LinkedIn session expired
2026-02-08 13:41:52,027 - linkedin-watcher - WARNING - LinkedIn session expired
2026-02-08 13:43:54,212 - linkedin-watcher - WARNING - LinkedIn session expired
2026-02-08 13:45:58,198 - linkedin-watcher - WARNING - LinkedIn session expired
2026-02-08 13:48:12,135 - linkedin-watcher - WARNING - LinkedIn session expired
2026-02-08 13:50:14,471 - linkedin-watcher - WARNING - LinkedIn session expired
2026-02-08 13:52:15,066 - linkedin-watcher - WARNING - LinkedIn session expired
2026-02-08 13:54:15,747 - linkedin-watcher - WARNING - LinkedIn session expired
2026-02-08 13:56:16,291 - linkedin-watcher - WARNING - LinkedIn session expired
2026-02-08 13:58:20,132 - linkedin-watcher - WARNING - LinkedIn session expired
2026-02-08 14:00:20,863 - linkedin-watcher - WARNING - LinkedIn session expired
2026-02-08 14:02:21,530 - linkedin-watcher - WARNING - LinkedIn session expired
2026-02-08 14:04:26,864 - linkedin-watcher - WARNING - LinkedIn session expired
2026-02-08 14:06:27,804 - linkedin-watcher - WARNING - LinkedIn session expired
2026-02-08 14:08:37,912 - linkedin-watcher - WARNING - LinkedIn session expired
2026-02-08 14:10:43,716 - linkedin-watcher - WARNING - LinkedIn session expired
2026-02-08 14:12:44,562 - linkedin-watcher - WARNING - LinkedIn session expired
2026-02-08 14:14:45,039 - linkedin-watcher - WARNING - LinkedIn session expired
2026-02-08 14:16:45,377 - linkedin-watcher - WARNING - LinkedIn session expired
2026-02-08 14:18:47,122 - linkedin-watcher - WARNING - LinkedIn session expired
2026-02-08 14:20:48,733 - linkedin-watcher - WARNING - LinkedIn session expired
2026-02-08 14:22:49,102 - linkedin-watcher - WARNING - LinkedIn session expired
2026-02-08 14:24:50,203 - linkedin-watcher - WARNING - LinkedIn session expired
2026-02-08 14:26:50,905 - linkedin-watcher - WARNING - LinkedIn session expired
2026-02-08 14:28:51,198 - linkedin-watcher - WARNING - LinkedIn session expired
2026-02-08 14:30:51,482 - linkedin-watcher - WARNING - LinkedIn session expired
2026-02-08 14:32:53,032 - linkedin-watcher - WARNING - LinkedIn session expired
2026-02-08 14:34:53,720 - linkedin-watcher - WARNING - LinkedIn session expired
2026-02-08 14:36:54,362 - linkedin-watcher - WARNING - LinkedIn session expired
2026-02-08 14:38:55,839 - linkedin-watcher - WARNING - LinkedIn session expired
2026-02-08 14:40:56,325 - linkedin-watcher - WARNING - LinkedIn session expired
2026-02-08 14:42:56,587 - linkedin-watcher - WARNING - LinkedIn session expired
2026-02-08 14:44:57,097 - linkedin-watcher - WARNING - LinkedIn session expired
2026-02-08 14:46:59,172 - linkedin-watcher - WARNING - LinkedIn session expired
2026-02-08 14:48:59,514 - linkedin-watcher - WARNING - LinkedIn session expired
2026-02-08 14:51:01,269 - linkedin-watcher - WARNING - LinkedIn session expired
2026-02-08 14:53:02,736 - linkedin-watcher - WARNING - LinkedIn session expired
2026-02-08 14:55:03,198 - linkedin-watcher - WARNING - LinkedIn session expired
2026-02-08 14:57:04,078 - linkedin-watcher - WARNING - LinkedIn session expired
2026-02-08 14:59:04,285 - linkedin-watcher - WARNING - LinkedIn session expired
2026-02-08 15:01:06,847 - linkedin-watcher - WARNING - LinkedIn session expired
2026-02-08 15:03:06,973 - linkedin-watcher - WARNING - LinkedIn session expired
2026-02-08 15:05:07,165 - linkedin-watcher - WARNING - LinkedIn session expired
2026-02-08 15:07:07,682 - linkedin-watcher - WARNING - LinkedIn session expired
2026-02-08 15:09:07,837 - linkedin-watcher - WARNING - LinkedIn session expired
2026-02-08 15:11:07,996 - linkedin-watcher - WARNING - LinkedIn session expired
2026-02-08 15:13:08,430 - linkedin-watcher - WARNING - LinkedIn session expired
2026-02-08 15:15:08,693 - linkedin-watcher - WARNING - LinkedIn session expired
2026-02-08 15:17:09,037 - linkedin-watcher - WARNING - LinkedIn session expired
2026-02-08 15:19:09,416 - linkedin-watcher - WARNING - LinkedIn session expired
2026-02-08 15:21:09,707 - linkedin-watcher - WARNING - LinkedIn session expired
2026-02-08 15:23:09,881 - linkedin-watcher - WARNING - LinkedIn session expired
2026-02-08 15:25:10,422 - linkedin-watcher - WARNING - LinkedIn session expired
2026-02-08 15:27:10,679 - linkedin-watcher - WARNING - LinkedIn session expired
2026-02-08 15:29:10,764 - linkedin-watcher - WARNING - LinkedIn session expired
2026-02-08 15:31:10,942 - linkedin-watcher - WARNING - LinkedIn session expired
2026-02-08 15:33:11,204 - linkedin-watcher - WARNING - LinkedIn session expired
2026-02-08 19:29:11,620 - linkedin-watcher - WARNING - LinkedIn session expired
2026-02-08 19:31:12,071 - linkedin-watcher - WARNING - LinkedIn session expired
2026-02-08 19:33:13,390 - linkedin-watcher - WARNING - LinkedIn session expired
2026-02-08 19:35:13,836 - linkedin-watcher - WARNING - LinkedIn session expired
2026-02-08 19:37:13,954 - linkedin-watcher - WARNING - LinkedIn session expired
2026-02-08 19:39:14,531 - linkedin-watcher - WARNING - LinkedIn session expired
2026-02-08 19:41:14,834 - linkedin-watcher - WARNING - LinkedIn session expired
2026-02-08 19:43:15,021 - linkedin-watcher - WARNING - LinkedIn session expired
2026-02-08 19:45:15,173 - linkedin-watcher - WARNING - LinkedIn session expired
2026-02-08 19:47:15,639 - linkedin-watcher - WARNING - LinkedIn session expired
2026-02-08 19:49:16,327 - linkedin-watcher - WARNING - LinkedIn session expired
2026-02-08 19:51:16,632 - linkedin-watcher - WARNING - LinkedIn session expired
2026-02-08 19:53:17,602 - linkedin-watcher - WARNING - LinkedIn session expired
2026-02-08 19:55:18,069 - linkedin-watcher - WARNING - LinkedIn session expired
2026-02-08 19:57:18,725 - linkedin-watcher - WARNING - LinkedIn session expired
2026-02-08 19:59:19,699 - linkedin-watcher - WARNING - LinkedIn session expired
2026-02-08 20:01:21,073 - linkedin-watcher - WARNING - LinkedIn session expired
2026-02-08 20:03:21,562 - linkedin-watcher - WARNING - LinkedIn session expired
2026-02-08 20:05:22,290 - linkedin-watcher - WARNING - LinkedIn session expired
2026-02-08 20:07:22,784 - linkedin-watcher - WARNING - LinkedIn session expired
2026-02-08 20:09:23,123 - linkedin-watcher - WARNING - LinkedIn session expired
2026-02-08 20:11:23,449 - linkedin-watcher - WARNING - LinkedIn session expired
2026-02-08 20:13:25,647 - linkedin-watcher - WARNING - LinkedIn session expired
2026-02-08 20:15:26,852 - linkedin-watcher - WARNING - LinkedIn session expired
2026-02-08 20:17:28,548 - linkedin-watcher - WARNING - LinkedIn session expired
2026-02-08 20:19:30,243 - linkedin-watcher - WARNING - LinkedIn session expired
2026-02-08 20:21:34,956 - linkedin-watcher - WARNING - LinkedIn session expired
2026-02-08 20:23:42,395 - linkedin-watcher - WARNING - LinkedIn session expired
2026-02-08 20:25:43,277 - linkedin-watcher - WARNING - LinkedIn session expired
2026-02-08 20:27:44,357 - linkedin-watcher - WARNING - LinkedIn session expired
2026-02-08 20:29:47,682 - linkedin-watcher - WARNING - LinkedIn session expired
2026-02-08 20:31:48,245 - linkedin-watcher - WARNING - LinkedIn session expired
2026-02-08 20:33:48,376 - linkedin-watcher - WARNING - LinkedIn session expired
2026-02-08 20:35:48,469 - linkedin-watcher - WARNING - LinkedIn session expired
2026-02-08 20:37:48,684 - linkedin-watcher - WARNING - LinkedIn session expired
2026-02-08 20:39:49,047 - linkedin-watcher - WARNING - LinkedIn session expired
2026-02-08 20:41:49,192 - linkedin-watcher - WARNING - LinkedIn session expired
2026-02-08 20:43:49,360 - linkedin-watcher - WARNING - LinkedIn session expired
2026-02-08 20:45:49,601 - linkedin-watcher - WARNING - LinkedIn session expired
2026-02-08 20:47:49,716 - linkedin-watcher - WARNING - LinkedIn session expired
2026-02-08 20:49:49,862 - linkedin-watcher - WARNING - LinkedIn session expired
2026-02-08 20:51:50,003 - linkedin-watcher - WARNING - LinkedIn session expired
2026-02-08 20:53:50,096 - linkedin-watcher - WARNING - LinkedIn session expired
2026-02-08 20:55:51,391 - linkedin-watcher - WARNING - LinkedIn session expired
2026-02-08 20:57:51,877 - linkedin-watcher - WARNING - LinkedIn session expired
2026-02-08 20:59:52,032 - linkedin-watcher - WARNING - LinkedIn session expired
2026-02-08 21:01:52,255 - linkedin-watcher - WARNING - LinkedIn session expired
2026-02-08 21:03:54,588 - linkedin-watcher - WARNING - LinkedIn session expired
2026-02-08 21:05:55,873 - linkedin-watcher - WARNING - LinkedIn session expired
2026-02-08 21:07:56,614 - linkedin-watcher - WARNING - LinkedIn session expired
2026-02-08 21:09:57,150 - linkedin-watcher - WARNING - LinkedIn session expired
2026-02-08 21:12:00,455 - linkedin-watcher - WARNING - LinkedIn session expired
2026-02-08 21:14:00,988 - linkedin-watcher - WARNING - LinkedIn session expired
2026-02-08 21:16:01,412 - linkedin-watcher - WARNING - LinkedIn session expired
2026-02-08 21:18:01,699 - linkedin-watcher - WARNING - LinkedIn session expired
2026-02-08 21:20:01,841 - linkedin-watcher - WARNING - LinkedIn session expired
2026-02-08 21:22:01,925 - linkedin-watcher - WARNING - LinkedIn session expired
2026-02-08 21:24:02,180 - linkedin-watcher - WARNING - LinkedIn session expired
2026-02-08 21:26:02,287 - linkedin-watcher - WARNING - LinkedIn session expired
2026-02-08 21:28:02,368 - linkedin-watcher - WARNING - LinkedIn session expired
2026-02-08 21:30:02,456 - linkedin-watcher - WARNING - LinkedIn session expired
2026-02-08 21:32:02,604 - linkedin-watcher - WARNING - LinkedIn session expired
2026-02-08 21:34:02,689 - linkedin-watcher - WARNING - LinkedIn session expired
2026-02-08 21:36:03,337 - linkedin-watcher - WARNING - LinkedIn session expired
2026-02-08 21:38:07,391 - linkedin-watcher - WARNING - LinkedIn session expired
2026-02-08 21:40:11,238 - linkedin-watcher - WARNING - LinkedIn session expired
2026-02-08 21:42:11,751 - linkedin-watcher - WARNING - LinkedIn session expired
2026-02-08 21:44:12,960 - linkedin-watcher - WARNING - LinkedIn session expired
2026-02-08 21:46:13,910 - linkedin-watcher - WARNING - LinkedIn session expired
2026-02-08 21:48:14,076 - linkedin-watcher - WARNING - LinkedIn session expired
2026-02-08 21:50:14,224 - linkedin-watcher - WARNING - LinkedIn session expired
2026-02-08 21:52:15,781 - linkedin-watcher - WARNING - LinkedIn session expired
2026-02-08 21:54:37,573 - linkedin-watcher - WARNING - LinkedIn session expired
2026-02-08 21:56:39,905 - linkedin-watcher - WARNING - LinkedIn session expired
2026-02-08 21:58:42,467 - linkedin-watcher - WARNING - LinkedIn session expired
2026-02-08 22:00:51,896 - linkedin-watcher - WARNING - LinkedIn session expired
2026-02-08 22:02:57,561 - linkedin-watcher - WARNING - LinkedIn session expired
2026-02-08 22:04:58,672 - linkedin-watcher - WARNING - LinkedIn session expired
2026-02-08 22:06:58,955 - linkedin-watcher - WARNING - LinkedIn session expired
2026-02-08 22:08:59,268 - linkedin-watcher - WARNING - LinkedIn session expired
2026-02-08 22:10:59,503 - linkedin-watcher - WARNING - LinkedIn session expired
2026-02-08 22:13:00,301 - linkedin-watcher - WARNING - LinkedIn session expired
2026-02-08 22:15:02,486 - linkedin-watcher - WARNING - LinkedIn session expired
2026-02-08 22:17:10,315 - linkedin-watcher - WARNING - LinkedIn session expired
2026-02-08 22:19:11,086 - linkedin-watcher - WARNING - LinkedIn session expired
2026-02-08 22:21:19,025 - linkedin-watcher - WARNING - LinkedIn session expired
2026-02-08 22:23:29,134 - linkedin-watcher - WARNING - LinkedIn session expired
2026-02-08 22:25:34,855 - linkedin-watcher - WARNING - LinkedIn session expired
2026-02-08 22:27:43,341 - linkedin-watcher - WARNING - LinkedIn session expired
2026-02-08 22:29:54,227 - linkedin-watcher - WARNING - LinkedIn session expired
2026-02-08 22:31:57,090 - linkedin-watcher - WARNING - LinkedIn session expired
2026-02-08 22:33:57,707 - linkedin-watcher - WARNING - LinkedIn session expired
2026-02-08 22:35:58,597 - linkedin-watcher - WARNING - LinkedIn session expired
2026-02-08 22:38:00,004 - linkedin-watcher - WARNING - LinkedIn session expired
2026-02-08 22:40:02,410 - linkedin-watcher - WARNING - LinkedIn session expired
2026-02-08 22:42:04,346 - linkedin-watcher - WARNING - LinkedIn session expired
2026-02-08 22:44:09,681 - linkedin-watcher - WARNING - LinkedIn session expired
2026-02-08 22:46:13,914 - linkedin-watcher - WARNING - LinkedIn session expired
2026-02-08 22:48:16,409 - linkedin-watcher - WARNING - LinkedIn session expired
2026-02-08 22:50:18,294 - linkedin-watcher - WARNING - LinkedIn session expired
2026-02-08 22:52:30,163 - linkedin-watcher - WARNING - LinkedIn session expired
2026-02-08 22:54:34,772 - linkedin-watcher - WARNING - LinkedIn session expired
2026-02-08 22:56:35,803 - linkedin-watcher - WARNING - LinkedIn session expired
2026-02-08 22:58:36,525 - linkedin-watcher - WARNING - LinkedIn session expired
2026-02-08 23:00:36,884 - linkedin-watcher - WARNING - LinkedIn session expired
2026-02-08 23:02:37,278 - linkedin-watcher - WARNING - LinkedIn session expired
2026-02-08 23:04:38,137 - linkedin-watcher - WARNING - LinkedIn session expired
2026-02-08 23:06:38,401 - linkedin-watcher - WARNING - LinkedIn session expired
2026-02-08 23:08:39,157 - linkedin-watcher - WARNING - LinkedIn session expired
2026-02-08 23:10:39,974 - linkedin-watcher - WARNING - LinkedIn session expired
2026-02-08 23:12:40,244 - linkedin-watcher - WARNING - LinkedIn session expired
2026-02-08 23:14:40,429 - linkedin-watcher - WARNING - LinkedIn session expired
2026-02-08 23:16:40,741 - linkedin-watcher - WARNING - LinkedIn session expired
2026-02-08 23:18:41,119 - linkedin-watcher - WARNING - LinkedIn session expired
2026-02-08 23:20:41,510 - linkedin-watcher - WARNING - LinkedIn session expired
2026-02-08 23:22:42,977 - linkedin-watcher - WARNING - LinkedIn session expired
2026-02-08 23:24:43,813 - linkedin-watcher - WARNING - LinkedIn session expired
2026-02-08 23:26:44,043 - linkedin-watcher - WARNING - LinkedIn session expired
2026-02-08 23:28:44,791 - linkedin-watcher - WARNING - LinkedIn session expired
2026-02-08 23:30:45,268 - linkedin-watcher - WARNING - LinkedIn session expired
2026-02-08 23:32:45,844 - linkedin-watcher - WARNING - LinkedIn session expired
2026-02-08 23:34:46,279 - linkedin-watcher - WARNING - LinkedIn session expired
2026-02-08 23:36:47,019 - linkedin-watcher - WARNING - LinkedIn session expired
2026-02-08 23:38:48,128 - linkedin-watcher - WARNING - LinkedIn session expired
2026-02-08 23:40:48,349 - linkedin-watcher - WARNING - LinkedIn session expired
2026-02-08 23:42:48,679 - linkedin-watcher - WARNING - LinkedIn session expired
2026-02-08 23:44:49,525 - linkedin-watcher - WARNING - LinkedIn session expired
2026-02-08 23:46:49,800 - linkedin-watcher - WARNING - LinkedIn session expired
2026-02-08 23:48:50,364 - linkedin-watcher - WARNING - LinkedIn session expired
2026-02-08 23:50:52,723 - linkedin-watcher - WARNING - LinkedIn session expired
2026-02-08 23:52:53,260 - linkedin-watcher - WARNING - LinkedIn session expired
2026-02-08 23:54:56,969 - linkedin-watcher - WARNING - LinkedIn session expired
2026-02-08 23:56:59,397 - linkedin-watcher - WARNING - LinkedIn session expired
2026-02-08 23:59:00,247 - linkedin-watcher - WARNING - LinkedIn session expired
2026-02-09 00:01:00,957 - linkedin-watcher - WARNING - LinkedIn session expired
2026-02-09 00:03:01,628 - linkedin-watcher - WARNING - LinkedIn session expired
2026-02-09 00:05:04,924 - linkedin-watcher - WARNING - LinkedIn session expired
2026-02-09 00:07:05,355 - linkedin-watcher - WARNING - LinkedIn session expired
2026-02-09 00:09:05,637 - linkedin-watcher - WARNING - LinkedIn session expired
2026-02-09 00:11:06,511 - linkedin-watcher - WARNING - LinkedIn session expired
2026-02-09 00:13:06,975 - linkedin-watcher - WARNING - LinkedIn session expired
2026-02-09 00:15:07,368 - linkedin-watcher - WARNING - LinkedIn session expired
2026-02-09 00:17:07,683 - linkedin-watcher - WARNING - LinkedIn session expired
2026-02-09 00:19:09,013 - linkedin-watcher - WARNING - LinkedIn session expired
2026-02-09 00:21:09,349 - linkedin-watcher - WARNING - LinkedIn session expired
2026-02-09 00:23:09,473 - linkedin-watcher - WARNING - LinkedIn session expired
2026-02-09 00:25:11,664 - linkedin-watcher - WARNING - LinkedIn session expired
2026-02-09 00:27:11,959 - linkedin-watcher - WARNING - LinkedIn session expired
2026-02-09 00:29:12,112 - linkedin-watcher - WARNING - LinkedIn session expired
2026-02-09 00:31:12,258 - linkedin-watcher - WARNING - LinkedIn session expired
2026-02-09 00:33:12,790 - linkedin-watcher - WARNING - LinkedIn session expired
2026-02-09 00:35:13,466 - linkedin-watcher - WARNING - LinkedIn session expired
2026-02-09 00:37:13,846 - linkedin-watcher - WARNING - LinkedIn session expired
2026-02-09 00:39:14,126 - linkedin-watcher - WARNING - LinkedIn session expired
2026-02-09 00:41:14,368 - linkedin-watcher - WARNING - LinkedIn session expired
2026-02-09 00:43:15,035 - linkedin-watcher - WARNING - LinkedIn session expired
2026-02-09 00:45:15,387 - linkedin-watcher - WARNING - LinkedIn session expired
2026-02-09 00:47:15,564 - linkedin-watcher - WARNING - LinkedIn session expired
2026-02-09 00:49:15,765 - linkedin-watcher - WARNING - LinkedIn session expired
2026-02-09 00:51:16,154 - linkedin-watcher - WARNING - LinkedIn session expired
2026-02-09 00:53:16,344 - linkedin-watcher - WARNING - LinkedIn session expired
2026-02-09 00:55:16,548 - linkedin-watcher - WARNING - LinkedIn session expired
2026-02-09 00:57:16,649 - linkedin-watcher - WARNING - LinkedIn session expired
2026-02-09 00:59:16,963 - linkedin-watcher - WARNING - LinkedIn session expired
2026-02-09 01:01:17,061 - linkedin-watcher - WARNING - LinkedIn session expired
2026-02-09 01:03:17,533 - linkedin-watcher - WARNING - LinkedIn session expired
2026-02-09 01:05:17,946 - linkedin-watcher - WARNING - LinkedIn session expired
2026-02-09 01:07:18,567 - linkedin-watcher - WARNING - LinkedIn session expired
2026-02-09 01:09:18,931 - linkedin-watcher - WARNING - LinkedIn session expired
2026-02-09 01:11:21,592 - linkedin-watcher - WARNING - LinkedIn session expired
2026-02-09 01:13:22,607 - linkedin-watcher - WARNING - LinkedIn session expired
2026-02-09 01:15:22,913 - linkedin-watcher - WARNING - LinkedIn session expired
2026-02-09 01:17:24,395 - linkedin-watcher - WARNING - LinkedIn session expired
2026-02-09 01:19:27,525 - linkedin-watcher - WARNING - LinkedIn session expired
2026-02-09 01:21:28,289 - linkedin-watcher - WARNING - LinkedIn session expired
2026-02-09 01:23:28,525 - linkedin-watcher - WARNING - LinkedIn session expired
2026-02-09 01:25:28,733 - linkedin-watcher - WARNING - LinkedIn session expired
2026-02-09 01:27:29,960 - linkedin-watcher - WARNING - LinkedIn session expired
2026-02-09 01:29:31,700 - linkedin-watcher - WARNING - LinkedIn session expired
2026-02-09 01:31:32,105 - linkedin-watcher - WARNING - LinkedIn session expired
2026-02-09 01:33:32,465 - linkedin-watcher - WARNING - LinkedIn session expired
2026-02-09 01:35:32,789 - linkedin-watcher - WARNING - LinkedIn session expired
2026-02-09 01:37:32,936 - linkedin-watcher - WARNING - LinkedIn session expired
2026-02-09 01:39:33,227 - linkedin-watcher - WARNING - LinkedIn session expired
2026-02-09 01:41:34,224 - linkedin-watcher - WARNING - LinkedIn session expired
2026-02-09 01:43:35,683 - linkedin-watcher - WARNING - LinkedIn session expired
2026-02-09 01:45:35,946 - linkedin-watcher - WARNING - LinkedIn session expired
2026-02-09 01:47:38,434 - linkedin-watcher - WARNING - LinkedIn session expired
2026-02-09 01:49:42,270 - linkedin-watcher - WARNING - LinkedIn session expired
2026-02-09 01:51:42,925 - linkedin-watcher - WARNING - LinkedIn session expired
2026-02-09 01:53:45,484 - linkedin-watcher - WARNING - LinkedIn session expired
2026-02-09 01:55:55,648 - linkedin-watcher - WARNING - LinkedIn session expired
2026-02-09 01:58:02,511 - linkedin-watcher - WARNING - LinkedIn session expired
2026-02-09 02:00:14,144 - linkedin-watcher - WARNING - LinkedIn session expired
2026-02-09 02:02:22,567 - linkedin-watcher - WARNING - LinkedIn session expired
2026-02-09 02:04:28,747 - linkedin-watcher - WARNING - LinkedIn session expired
2026-02-09 02:06:35,675 - linkedin-watcher - WARNING - LinkedIn session expired
2026-02-09 02:08:39,083 - linkedin-watcher - WARNING - LinkedIn session expired
2026-02-09 02:10:40,318 - linkedin-watcher - WARNING - LinkedIn session expired
2026-02-09 02:12:40,869 - linkedin-watcher - WARNING - LinkedIn session expired
2026-02-09 02:14:41,355 - linkedin-watcher - WARNING - LinkedIn session expired
2026-02-09 02:16:41,924 - linkedin-watcher - WARNING - LinkedIn session expired
2026-02-09 02:18:42,413 - linkedin-watcher - WARNING - LinkedIn session expired
2026-02-09 02:20:49,643 - linkedin-watcher - WARNING - LinkedIn session expired
2026-02-09 02:22:52,515 - linkedin-watcher - WARNING - LinkedIn session expired
2026-02-09 02:24:53,910 - linkedin-watcher - WARNING - LinkedIn session expired
2026-02-09 02:27:03,502 - linkedin-watcher - WARNING - LinkedIn session expired
2026-02-09 02:29:06,032 - linkedin-watcher - WARNING - LinkedIn session expired
2026-02-09 02:31:06,666 - linkedin-watcher - WARNING - LinkedIn session expired
2026-02-09 02:33:07,324 - linkedin-watcher - WARNING - LinkedIn session expired
2026-02-09 02:35:07,574 - linkedin-watcher - WARNING - LinkedIn session expired
2026-02-09 02:37:07,856 - linkedin-watcher - WARNING - LinkedIn session expired
2026-02-09 02:39:09,541 - linkedin-watcher - WARNING - LinkedIn session expired
2026-02-09 02:41:10,452 - linkedin-watcher - WARNING - LinkedIn session expired
2026-02-09 02:43:10,997 - linkedin-watcher - WARNING - LinkedIn session expired
2026-02-09 02:45:11,911 - linkedin-watcher - WARNING - LinkedIn session expired
2026-02-09 02:47:15,251 - linkedin-watcher - WARNING - LinkedIn session expired
2026-02-09 02:49:15,676 - linkedin-watcher - WARNING - LinkedIn session expired
2026-02-09 02:51:16,456 - linkedin-watcher - WARNING - LinkedIn session expired
2026-02-09 02:53:17,505 - linkedin-watcher - WARNING - LinkedIn session expired
2026-02-09 02:55:24,776 - linkedin-watcher - WARNING - LinkedIn session expired
2026-02-09 02:57:36,392 - linkedin-watcher - WARNING - LinkedIn session expired
2026-02-09 02:59:38,061 - linkedin-watcher - WARNING - LinkedIn session expired
2026-02-09 03:01:40,566 - linkedin-watcher - WARNING - LinkedIn session expired
2026-02-09 11:59:27,127 - linkedin-watcher - WARNING - LinkedIn session expired
2026-02-09 12:01:28,607 - linkedin-watcher - WARNING - LinkedIn session expired
2026-02-09 12:03:29,934 - linkedin-watcher - WARNING - LinkedIn session expired
2026-02-09 12:05:34,320 - linkedin-watcher - WARNING - LinkedIn session expired
2026-02-09 12:07:41,834 - linkedin-watcher - WARNING - LinkedIn session expired
2026-02-09 12:09:42,585 - linkedin-watcher - WARNING - LinkedIn session expired
2026-02-09 12:11:43,470 - linkedin-watcher - WARNING - LinkedIn session expired
2026-02-09 12:13:45,214 - linkedin-watcher - WARNING - LinkedIn session expired
2026-02-09 12:15:46,900 - linkedin-watcher - WARNING - LinkedIn session expired
2026-02-09 12:17:47,783 - linkedin-watcher - WARNING - LinkedIn session expired
2026-02-09 12:19:49,333 - linkedin-watcher - WARNING - LinkedIn session expired
2026-02-09 16:32:14,186 - linkedin-watcher - WARNING - LinkedIn session expired
2026-02-09 16:34:15,042 - linkedin-watcher - WARNING - LinkedIn session expired
2026-02-09 16:36:15,453 - linkedin-watcher - WARNING - LinkedIn session expired
2026-02-09 16:38:15,703 - linkedin-watcher - WARNING - LinkedIn session expired
2026-02-09 16:40:15,900 - linkedin-watcher - WARNING - LinkedIn session expired
2026-02-09 16:42:16,041 - linkedin-watcher - WARNING - LinkedIn session expired
2026-02-09 16:44:16,197 - linkedin-watcher - WARNING - LinkedIn session expired
2026-02-09 16:46:16,330 - linkedin-watcher - WARNING - LinkedIn session expired
2026-02-09 16:48:16,540 - linkedin-watcher - WARNING - LinkedIn session expired
2026-02-09 16:50:16,731 - linkedin-watcher - WARNING - LinkedIn session expired
2026-02-09 16:52:16,942 - linkedin-watcher - WARNING - LinkedIn session expired
2026-02-09 16:54:22,159 - linkedin-watcher - WARNING - LinkedIn session expired
2026-02-09 16:56:22,354 - linkedin-watcher - WARNING - LinkedIn session expired
2026-02-09 16:58:22,466 - linkedin-watcher - WARNING - LinkedIn session expired
2026-02-09 17:00:22,583 - linkedin-watcher - WARNING - LinkedIn session expired
2026-02-09 17:02:22,744 - linkedin-watcher - WARNING - LinkedIn session expired
2026-02-09 17:04:22,911 - linkedin-watcher - WARNING - LinkedIn session expired
2026-02-09 17:06:23,051 - linkedin-watcher - WARNING - LinkedIn session expired
2026-02-09 17:08:23,238 - linkedin-watcher - WARNING - LinkedIn session expired
2026-02-09 17:10:23,383 - linkedin-watcher - WARNING - LinkedIn session expired
2026-02-09 17:12:23,665 - linkedin-watcher - WARNING - LinkedIn session expired
2026-02-09 17:14:23,900 - linkedin-watcher - WARNING - LinkedIn session expired
2026-02-09 17:16:24,177 - linkedin-watcher - WARNING - LinkedIn session expired
2026-02-09 17:18:24,492 - linkedin-watcher - WARNING - LinkedIn session expired
2026-02-09 17:20:24,751 - linkedin-watcher - WARNING - LinkedIn session expired
2026-02-09 17:22:24,898 - linkedin-watcher - WARNING - LinkedIn session expired
2026-02-09 17:24:25,012 - linkedin-watcher - WARNING - LinkedIn session expired
2026-02-09 17:26:25,212 - linkedin-watcher - WARNING - LinkedIn session expired
2026-02-09 17:28:25,341 - linkedin-watcher - WARNING - LinkedIn session expired
2026-02-09 17:30:25,500 - linkedin-watcher - WARNING - LinkedIn session expired
2026-02-09 17:32:25,997 - linkedin-watcher - WARNING - LinkedIn session expired
2026-02-09 17:34:26,201 - linkedin-watcher - WARNING - LinkedIn session expired
2026-02-09 17:36:26,408 - linkedin-watcher - WARNING - LinkedIn session expired
2026-02-09 17:38:26,674 - linkedin-watcher - WARNING - LinkedIn session expired
2026-02-09 17:40:26,841 - linkedin-watcher - WARNING - LinkedIn session expired
2026-02-09 17:42:26,963 - linkedin-watcher - WARNING - LinkedIn session expired
2026-02-09 17:44:27,098 - linkedin-watcher - WARNING - LinkedIn session expired
2026-02-09 17:46:27,224 - linkedin-watcher - WARNING - LinkedIn session expired
2026-02-09 17:48:27,373 - linkedin-watcher - WARNING - LinkedIn session expired
2026-02-09 17:50:27,503 - linkedin-watcher - WARNING - LinkedIn session expired
2026-02-09 17:52:27,633 - linkedin-watcher - WARNING - LinkedIn session expired
2026-02-09 17:54:27,767 - linkedin-watcher - WARNING - LinkedIn session expired
2026-02-09 17:56:27,871 - linkedin-watcher - WARNING - LinkedIn session expired
2026-02-09 17:58:27,969 - linkedin-watcher - WARNING - LinkedIn session expired
2026-02-09 18:00:28,221 - linkedin-watcher - WARNING - LinkedIn session expired
2026-02-09 18:02:28,552 - linkedin-watcher - WARNING - LinkedIn session expired
2026-02-09 18:04:28,955 - linkedin-watcher - WARNING - LinkedIn session expired
2026-02-09 18:06:29,139 - linkedin-watcher - WARNING - LinkedIn session expired
2026-02-09 18:08:29,486 - linkedin-watcher - WARNING - LinkedIn session expired
2026-02-09 18:10:29,991 - linkedin-watcher - WARNING - LinkedIn session expired
2026-02-09 18:12:30,184 - linkedin-watcher - WARNING - LinkedIn session expired
2026-02-09 18:14:30,435 - linkedin-watcher - WARNING - LinkedIn session expired
2026-02-09 18:16:30,886 - linkedin-watcher - WARNING - LinkedIn session expired
2026-02-09 18:18:31,044 - linkedin-watcher - WARNING - LinkedIn session expired
2026-02-09 18:20:31,264 - linkedin-watcher - WARNING - LinkedIn session expired
2026-02-09 18:22:31,434 - linkedin-watcher - WARNING - LinkedIn session expired
2026-02-09 18:24:31,598 - linkedin-watcher - WARNING - LinkedIn session expired
2026-02-09 18:26:32,431 - linkedin-watcher - WARNING - LinkedIn session expired
2026-02-09 18:28:32,583 - linkedin-watcher - WARNING - LinkedIn session expired
2026-02-09 18:30:32,721 - linkedin-watcher - WARNING - LinkedIn session expired
2026-02-09 18:32:32,845 - linkedin-watcher - WARNING - LinkedIn session expired
2026-02-09 18:41:48,416 - linkedin-watcher - WARNING - LinkedIn session expired
2026-02-09 18:43:48,785 - linkedin-watcher - WARNING - LinkedIn session expired
2026-02-09 18:45:49,434 - linkedin-watcher - WARNING - LinkedIn session expired
2026-02-09 18:47:49,711 - linkedin-watcher - WARNING - LinkedIn session expired
2026-02-09 18:49:50,187 - linkedin-watcher - WARNING - LinkedIn session expired
2026-02-09 18:51:50,803 - linkedin-watcher - WARNING - LinkedIn session expired
2026-02-09 18:53:51,969 - linkedin-watcher - WARNING - LinkedIn session expired
2026-02-09 18:55:52,428 - linkedin-watcher - WARNING - LinkedIn session expired
2026-02-09 18:57:52,709 - linkedin-watcher - WARNING - LinkedIn session expired
2026-02-09 18:59:53,492 - linkedin-watcher - WARNING - LinkedIn session expired
2026-02-09 19:01:54,208 - linkedin-watcher - WARNING - LinkedIn session expired
2026-02-09 19:03:54,497 - linkedin-watcher - WARNING - LinkedIn session expired
2026-02-09 19:05:56,644 - linkedin-watcher - WARNING - LinkedIn session expired
2026-02-09 19:07:57,644 - linkedin-watcher - WARNING - LinkedIn session expired
2026-02-09 19:09:58,043 - linkedin-watcher - WARNING - LinkedIn session expired
2026-02-09 19:11:58,586 - linkedin-watcher - WARNING - LinkedIn session expired
2026-02-09 19:13:59,059 - linkedin-watcher - WARNING - LinkedIn session expired
2026-02-09 19:16:00,347 - linkedin-watcher - WARNING - LinkedIn session expired
2026-02-09 19:18:00,790 - linkedin-watcher - WARNING - LinkedIn session expired
2026-02-09 19:20:01,452 - linkedin-watcher - WARNING - LinkedIn session expired
2026-02-09 19:22:02,075 - linkedin-watcher - WARNING - LinkedIn session expired
2026-02-09 19:24:02,613 - linkedin-watcher - WARNING - LinkedIn session expired
2026-02-09 19:26:03,208 - linkedin-watcher - WARNING - LinkedIn session expired
2026-02-09 19:28:04,430 - linkedin-watcher - WARNING - LinkedIn session expired
2026-02-09 19:30:07,103 - linkedin-watcher - WARNING - LinkedIn session expired
2026-02-09 19:32:08,070 - linkedin-watcher - WARNING - LinkedIn session expired
2026-02-09 19:34:09,025 - linkedin-watcher - WARNING - LinkedIn session expired
2026-02-09 19:36:09,968 - linkedin-watcher - WARNING - LinkedIn session expired
2026-02-09 19:38:11,607 - linkedin-watcher - WARNING - LinkedIn session expired
2026-02-09 19:40:13,386 - linkedin-watcher - WARNING - LinkedIn session expired
2026-02-09 19:42:14,386 - linkedin-watcher - WARNING - LinkedIn session expired
2026-02-09 19:44:15,008 - linkedin-watcher - WARNING - LinkedIn session expired
2026-02-09 19:46:16,600 - linkedin-watcher - WARNING - LinkedIn session expired
2026-02-09 19:48:17,781 - linkedin-watcher - WARNING - LinkedIn session expired
2026-02-09 19:50:18,462 - linkedin-watcher - WARNING - LinkedIn session expired
2026-02-09 19:52:18,968 - linkedin-watcher - WARNING - LinkedIn session expired
2026-02-09 19:54:20,132 - linkedin-watcher - WARNING - LinkedIn session expired
2026-02-09 19:56:21,349 - linkedin-watcher - WARNING - LinkedIn session expired
2026-02-09 19:58:21,622 - linkedin-watcher - WARNING - LinkedIn session expired
2026-02-09 20:00:22,324 - linkedin-watcher - WARNING - LinkedIn session expired
2026-02-09 20:02:23,293 - linkedin-watcher - WARNING - LinkedIn session expired
2026-02-09 20:04:25,142 - linkedin-watcher - WARNING - LinkedIn session expired
2026-02-09 20:06:25,706 - linkedin-watcher - WARNING - LinkedIn session expired
2026-02-09 20:08:27,170 - linkedin-watcher - WARNING - LinkedIn session expired
2026-02-09 20:10:27,726 - linkedin-watcher - WARNING - LinkedIn session expired
2026-02-09 20:12:28,182 - linkedin-watcher - WARNING - LinkedIn session expired
2026-02-09 20:14:31,587 - linkedin-watcher - WARNING - LinkedIn session expired
2026-02-09 20:16:45,525 - linkedin-watcher - WARNING - LinkedIn session expired
2026-02-09 20:18:52,639 - linkedin-watcher - WARNING - LinkedIn session expired
2026-02-09 20:20:54,504 - linkedin-watcher - WARNING - LinkedIn session expired
2026-02-09 20:22:58,104 - linkedin-watcher - WARNING - LinkedIn session expired
2026-02-09 20:24:59,065 - linkedin-watcher - WARNING - LinkedIn session expired
2026-02-09 20:27:01,515 - linkedin-watcher - WARNING - LinkedIn session expired
2026-02-09 20:29:02,746 - linkedin-watcher - WARNING - LinkedIn session expired
2026-02-09 20:31:03,351 - linkedin-watcher - WARNING - LinkedIn session expired
2026-02-09 20:33:07,642 - linkedin-watcher - WARNING - LinkedIn session expired
2026-02-09 20:35:08,672 - linkedin-watcher - WARNING - LinkedIn session expired
2026-02-09 20:37:09,076 - linkedin-watcher - WARNING - LinkedIn session expired
2026-02-09 20:39:09,353 - linkedin-watcher - WARNING - LinkedIn session expired
2026-02-09 20:41:10,889 - linkedin-watcher - WARNING - LinkedIn session expired
2026-02-09 20:43:11,770 - linkedin-watcher - WARNING - LinkedIn session expired
2026-02-09 20:45:12,181 - linkedin-watcher - WARNING - LinkedIn session expired
2026-02-09 20:47:14,189 - linkedin-watcher - WARNING - LinkedIn session expired
2026-02-09 20:49:15,828 - linkedin-watcher - WARNING - LinkedIn session expired
2026-02-09 20:51:16,331 - linkedin-watcher - WARNING - LinkedIn session expired
2026-02-09 20:53:18,149 - linkedin-watcher - WARNING - LinkedIn session expired
2026-02-09 20:55:18,718 - linkedin-watcher - WARNING - LinkedIn session expired
2026-02-09 20:57:19,182 - linkedin-watcher - WARNING - LinkedIn session expired
2026-02-09 20:59:19,624 - linkedin-watcher - WARNING - LinkedIn session expired
2026-02-09 21:01:20,013 - linkedin-watcher - WARNING - LinkedIn session expired
2026-02-09 21:03:20,493 - linkedin-watcher - WARNING - LinkedIn session expired
2026-02-09 21:05:21,254 - linkedin-watcher - WARNING - LinkedIn session expired
2026-02-09 21:07:21,710 - linkedin-watcher - WARNING - LinkedIn session expired
2026-02-09 21:09:22,585 - linkedin-watcher - WARNING - LinkedIn session expired
2026-02-09 21:11:23,111 - linkedin-watcher - WARNING - LinkedIn session expired
2026-02-09 21:13:24,531 - linkedin-watcher - WARNING - LinkedIn session expired
2026-02-09 21:15:25,017 - linkedin-watcher - WARNING - LinkedIn session expired
2026-02-09 21:17:25,222 - linkedin-watcher - WARNING - LinkedIn session expired
2026-02-09 21:19:25,414 - linkedin-watcher - WARNING - LinkedIn session expired
2026-02-09 21:21:25,681 - linkedin-watcher - WARNING - LinkedIn session expired
2026-02-09 21:23:26,585 - linkedin-watcher - WARNING - LinkedIn session expired
2026-02-09 21:25:26,828 - linkedin-watcher - WARNING - LinkedIn session expired
2026-02-09 21:27:27,851 - linkedin-watcher - WARNING - LinkedIn session expired
2026-02-09 21:29:28,586 - linkedin-watcher - WARNING - LinkedIn session expired
2026-02-09 21:31:28,975 - linkedin-watcher - WARNING - LinkedIn session expired
2026-02-09 21:33:29,449 - linkedin-watcher - WARNING - LinkedIn session expired
2026-02-09 21:35:29,592 - linkedin-watcher - WARNING - LinkedIn session expired
2026-02-09 21:37:29,721 - linkedin-watcher - WARNING - LinkedIn session expired
2026-02-09 21:39:29,918 - linkedin-watcher - WARNING - LinkedIn session expired
2026-02-09 21:41:30,097 - linkedin-watcher - WARNING - LinkedIn session expired
2026-02-09 21:43:30,340 - linkedin-watcher - WARNING - LinkedIn session expired
2026-02-09 21:45:30,836 - linkedin-watcher - WARNING - LinkedIn session expired
2026-02-09 21:47:31,254 - linkedin-watcher - WARNING - LinkedIn session expired
2026-02-09 21:49:31,584 - linkedin-watcher - WARNING - LinkedIn session expired
2026-02-09 21:51:32,045 - linkedin-watcher - WARNING - LinkedIn session expired
2026-02-09 21:53:32,325 - linkedin-watcher - WARNING - LinkedIn session expired
2026-02-09 21:55:32,557 - linkedin-watcher - WARNING - LinkedIn session expired
2026-02-09 21:57:33,401 - linkedin-watcher - WARNING - LinkedIn session expired
2026-02-09 21:59:33,743 - linkedin-watcher - WARNING - LinkedIn session expired
2026-02-09 22:15:05,486 - linkedin-watcher - WARNING - LinkedIn session expired
2026-02-09 22:17:05,681 - linkedin-watcher - WARNING - LinkedIn session expired
2026-02-09 22:19:05,800 - linkedin-watcher - WARNING - LinkedIn session expired
2026-02-09 22:21:05,959 - linkedin-watcher - WARNING - LinkedIn session expired
2026-02-09 22:23:06,138 - linkedin-watcher - WARNING - LinkedIn session expired
2026-02-09 23:27:46,653 - linkedin-watcher - WARNING - LinkedIn session expired
2026-02-09 23:29:47,007 - linkedin-watcher - WARNING - LinkedIn session expired
2026-02-09 23:31:47,367 - linkedin-watcher - WARNING - LinkedIn session expired
2026-02-09 23:33:47,685 - linkedin-watcher - WARNING - LinkedIn session expired
2026-02-09 23:35:48,128 - linkedin-watcher - WARNING - LinkedIn session expired
2026-02-09 23:37:48,477 - linkedin-watcher - WARNING - LinkedIn session expired
2026-02-09 23:39:48,758 - linkedin-watcher - WARNING - LinkedIn session expired
2026-02-09 23:41:49,160 - linkedin-watcher - WARNING - LinkedIn session expired
2026-02-09 23:43:49,920 - linkedin-watcher - WARNING - LinkedIn session expired
2026-02-10 00:12:28,911 - linkedin-watcher - WARNING - LinkedIn session expired
2026-02-10 00:14:29,893 - linkedin-watcher - WARNING - LinkedIn session expired
2026-02-10 00:16:30,397 - linkedin-watcher - WARNING - LinkedIn session expired
2026-02-10 00:18:31,045 - linkedin-watcher - WARNING - LinkedIn session expired
2026-02-10 00:20:31,609 - linkedin-watcher - WARNING - LinkedIn session expired
2026-02-10 00:22:32,423 - linkedin-watcher - WARNING - LinkedIn session expired
2026-02-10 00:24:33,362 - linkedin-watcher - WARNING - LinkedIn session expired
2026-02-10 00:26:33,863 - linkedin-watcher - WARNING - LinkedIn session expired
2026-02-10 00:28:34,156 - linkedin-watcher - WARNING - LinkedIn session expired
2026-02-10 00:30:35,249 - linkedin-watcher - WARNING - LinkedIn session expired
2026-02-10 00:32:36,511 - linkedin-watcher - WARNING - LinkedIn session expired
2026-02-10 00:34:36,905 - linkedin-watcher - WARNING - LinkedIn session expired
2026-02-10 00:36:39,055 - linkedin-watcher - WARNING - LinkedIn session expired
2026-02-10 00:38:39,577 - linkedin-watcher - WARNING - LinkedIn session expired
2026-02-10 00:40:39,964 - linkedin-watcher - WARNING - LinkedIn session expired
2026-02-10 00:42:41,813 - linkedin-watcher - WARNING - LinkedIn session expired
2026-02-10 00:44:43,172 - linkedin-watcher - WARNING - LinkedIn session expired
2026-02-10 00:46:43,662 - linkedin-watcher - WARNING - LinkedIn session expired
2026-02-10 00:48:48,810 - linkedin-watcher - WARNING - LinkedIn session expired
2026-02-10 00:50:49,399 - linkedin-watcher - WARNING - LinkedIn session expired
2026-02-10 00:52:49,850 - linkedin-watcher - WARNING - LinkedIn session expired
2026-02-10 00:54:50,529 - linkedin-watcher - WARNING - LinkedIn session expired
2026-02-10 00:56:51,116 - linkedin-watcher - WARNING - LinkedIn session expired
2026-02-10 00:58:51,664 - linkedin-watcher - WARNING - LinkedIn session expired
2026-02-10 01:00:53,029 - linkedin-watcher - WARNING - LinkedIn session expired
2026-02-10 01:02:53,516 - linkedin-watcher - WARNING - LinkedIn session expired
2026-02-10 01:04:54,536 - linkedin-watcher - WARNING - LinkedIn session expired
2026-02-10 01:06:54,956 - linkedin-watcher - WARNING - LinkedIn session expired
2026-02-10 01:08:55,496 - linkedin-watcher - WARNING - LinkedIn session expired
2026-02-10 01:10:59,749 - linkedin-watcher - WARNING - LinkedIn session expired
2026-02-10 01:13:00,970 - linkedin-watcher - WARNING - LinkedIn session expired
2026-02-10 01:15:01,788 - linkedin-watcher - WARNING - LinkedIn session expired
2026-02-10 01:17:12,236 - linkedin-watcher - WARNING - LinkedIn session expired
2026-02-10 01:19:15,939 - linkedin-watcher - WARNING - LinkedIn session expired
2026-02-10 01:21:16,414 - linkedin-watcher - WARNING - LinkedIn session expired
2026-02-10 01:23:16,834 - linkedin-watcher - WARNING - LinkedIn session expired
2026-02-10 01:25:20,695 - linkedin-watcher - WARNING - LinkedIn session expired
2026-02-10 01:27:22,080 - linkedin-watcher - WARNING - LinkedIn session expired
2026-02-10 01:29:22,481 - linkedin-watcher - WARNING - LinkedIn session expired
2026-02-10 01:31:23,742 - linkedin-watcher - WARNING - LinkedIn session expired
2026-02-10 01:33:24,163 - linkedin-watcher - WARNING - LinkedIn session expired
2026-02-10 01:35:24,698 - linkedin-watcher - WARNING - LinkedIn session expired
2026-02-10 01:37:25,026 - linkedin-watcher - WARNING - LinkedIn session expired
2026-02-10 01:39:25,547 - linkedin-watcher - WARNING - LinkedIn session expired
2026-02-10 01:41:25,869 - linkedin-watcher - WARNING - LinkedIn session expired
2026-02-10 01:43:26,457 - linkedin-watcher - WARNING - LinkedIn session expired
2026-02-10 01:45:29,354 - linkedin-watcher - WARNING - LinkedIn session expired
2026-02-10 01:47:29,904 - linkedin-watcher - WARNING - LinkedIn session expired
2026-02-10 01:49:31,782 - linkedin-watcher - WARNING - LinkedIn session expired
2026-02-10 01:51:32,350 - linkedin-watcher - WARNING - LinkedIn session expired
2026-02-10 01:53:33,099 - linkedin-watcher - WARNING - LinkedIn session expired
2026-02-10 01:55:34,133 - linkedin-watcher - WARNING - LinkedIn session expired
2026-02-10 01:57:34,556 - linkedin-watcher - WARNING - LinkedIn session expired
2026-02-10 01:59:35,337 - linkedin-watcher - WARNING - LinkedIn session expired
2026-02-10 02:01:35,799 - linkedin-watcher - WARNING - LinkedIn session expired
2026-02-10 02:03:36,297 - linkedin-watcher - WARNING - LinkedIn session expired
2026-02-10 02:05:37,002 - linkedin-watcher - WARNING - LinkedIn session expired
2026-02-10 02:07:37,454 - linkedin-watcher - WARNING - LinkedIn session expired
2026-02-10 02:09:37,770 - linkedin-watcher - WARNING - LinkedIn session expired
2026-02-10 02:11:38,114 - linkedin-watcher - WARNING - LinkedIn session expired
2026-02-10 02:13:38,973 - linkedin-watcher - WARNING - LinkedIn session expired
2026-02-10 02:15:39,589 - linkedin-watcher - WARNING - LinkedIn session expired
2026-02-10 02:17:39,806 - linkedin-watcher - WARNING - LinkedIn session expired
2026-02-10 02:19:40,144 - linkedin-watcher - WARNING - LinkedIn session expired
2026-02-10 02:21:40,543 - linkedin-watcher - WARNING - LinkedIn session expired
2026-02-10 02:23:40,812 - linkedin-watcher - WARNING - LinkedIn session expired
2026-02-10 02:25:41,487 - linkedin-watcher - WARNING - LinkedIn session expired
2026-02-10 02:27:41,949 - linkedin-watcher - WARNING - LinkedIn session expired
2026-02-10 02:29:42,442 - linkedin-watcher - WARNING - LinkedIn session expired
2026-02-10 02:31:42,617 - linkedin-watcher - WARNING - LinkedIn session expired
2026-02-10 02:33:42,820 - linkedin-watcher - WARNING - LinkedIn session expired
2026-02-10 02:35:44,060 - linkedin-watcher - WARNING - LinkedIn session expired
2026-02-10 02:37:49,133 - linkedin-watcher - WARNING - LinkedIn session expired
2026-02-10 02:39:52,541 - linkedin-watcher - WARNING - LinkedIn session expired
2026-02-10 02:41:52,781 - linkedin-watcher - WARNING - LinkedIn session expired
2026-02-10 13:41:55,651 - linkedin-watcher - WARNING - LinkedIn session expired
2026-02-10 13:43:56,607 - linkedin-watcher - WARNING - LinkedIn session expired
2026-02-10 13:45:57,738 - linkedin-watcher - WARNING - LinkedIn session expired
2026-02-10 13:48:01,830 - linkedin-watcher - WARNING - LinkedIn session expired
2026-02-10 13:50:02,558 - linkedin-watcher - WARNING - LinkedIn session expired
2026-02-10 13:52:03,480 - linkedin-watcher - WARNING - LinkedIn session expired
2026-02-10 13:54:04,066 - linkedin-watcher - WARNING - LinkedIn session expired
2026-02-10 13:56:05,238 - linkedin-watcher - WARNING - LinkedIn session expired
2026-02-10 13:58:05,708 - linkedin-watcher - WARNING - LinkedIn session expired
2026-02-10 14:00:06,217 - linkedin-watcher - WARNING - LinkedIn session expired
2026-02-10 14:02:06,884 - linkedin-watcher - WARNING - LinkedIn session expired
2026-02-10 14:04:07,393 - linkedin-watcher - WARNING - LinkedIn session expired
2026-02-10 14:06:07,745 - linkedin-watcher - WARNING - LinkedIn session expired
2026-02-10 14:08:09,748 - linkedin-watcher - WARNING - LinkedIn session expired
2026-02-10 14:10:10,668 - linkedin-watcher - WARNING - LinkedIn session expired
2026-02-10 14:12:11,458 - linkedin-watcher - WARNING - LinkedIn session expired
2026-02-10 14:14:12,320 - linkedin-watcher - WARNING - LinkedIn session expired
2026-02-10 14:16:14,095 - linkedin-watcher - WARNING - LinkedIn session expired
2026-02-10 14:18:14,822 - linkedin-watcher - WARNING - LinkedIn session expired
2026-02-10 14:20:15,478 - linkedin-watcher - WARNING - LinkedIn session expired
2026-02-10 14:22:15,822 - linkedin-watcher - WARNING - LinkedIn session expired
2026-02-10 15:04:54,496 - linkedin-watcher - WARNING - LinkedIn session expired
2026-02-10 15:06:54,986 - linkedin-watcher - WARNING - LinkedIn session expired
2026-02-10 15:08:55,370 - linkedin-watcher - WARNING - LinkedIn session expired
2026-02-10 15:10:56,019 - linkedin-watcher - WARNING - LinkedIn session expired
2026-02-10 15:12:56,403 - linkedin-watcher - WARNING - LinkedIn session expired
2026-02-10 15:14:56,686 - linkedin-watcher - WARNING - LinkedIn session expired
2026-02-10 15:16:57,357 - linkedin-watcher - WARNING - LinkedIn session expired
2026-02-10 15:18:57,777 - linkedin-watcher - WARNING - LinkedIn session expired
2026-02-10 15:20:58,271 - linkedin-watcher - WARNING - LinkedIn session expired
2026-02-10 15:22:58,978 - linkedin-watcher - WARNING - LinkedIn session expired
2026-02-10 15:25:00,469 - linkedin-watcher - WARNING - LinkedIn session expired
2026-02-10 15:27:00,716 - linkedin-watcher - WARNING - LinkedIn session expired
2026-02-10 15:29:01,027 - linkedin-watcher - WARNING - LinkedIn session expired
2026-02-10 15:31:01,305 - linkedin-watcher - WARNING - LinkedIn session expired
2026-02-10 15:33:01,517 - linkedin-watcher - WARNING - LinkedIn session expired
2026-02-10 15:35:01,852 - linkedin-watcher - WARNING - LinkedIn session expired
2026-02-10 15:37:02,107 - linkedin-watcher - WARNING - LinkedIn session expired
2026-02-10 15:39:02,323 - linkedin-watcher - WARNING - LinkedIn session expired
2026-02-10 15:41:02,590 - linkedin-watcher - WARNING - LinkedIn session expired
2026-02-10 15:43:02,751 - linkedin-watcher - WARNING - LinkedIn session expired
2026-02-10 15:45:03,042 - linkedin-watcher - WARNING - LinkedIn session expired
2026-02-10 15:47:03,520 - linkedin-watcher - WARNING - LinkedIn session expired
2026-02-10 15:49:03,867 - linkedin-watcher - WARNING - LinkedIn session expired
2026-02-10 15:51:04,269 - linkedin-watcher - WARNING - LinkedIn session expired
2026-02-10 17:52:39,496 - linkedin-watcher - WARNING - LinkedIn session expired
2026-02-10 17:54:40,884 - linkedin-watcher - WARNING - LinkedIn session expired
2026-02-10 17:56:44,795 - linkedin-watcher - WARNING - LinkedIn session expired
2026-02-10 17:58:45,602 - linkedin-watcher - WARNING - LinkedIn session expired
2026-02-10 18:00:46,433 - linkedin-watcher - WARNING - LinkedIn session expired
2026-02-10 18:02:47,207 - linkedin-watcher - WARNING - LinkedIn session expired
2026-02-10 18:04:48,827 - linkedin-watcher - WARNING - LinkedIn session expired
2026-02-10 18:06:49,389 - linkedin-watcher - WARNING - LinkedIn session expired
2026-02-10 18:08:50,358 - linkedin-watcher - WARNING - LinkedIn session expired
2026-02-10 18:10:51,190 - linkedin-watcher - WARNING - LinkedIn session expired
2026-02-10 18:12:51,630 - linkedin-watcher - WARNING - LinkedIn session expired
2026-02-10 18:14:52,484 - linkedin-watcher - WARNING - LinkedIn session expired
2026-02-10 18:16:53,547 - linkedin-watcher - WARNING - LinkedIn session expired
2026-02-10 18:18:54,215 - linkedin-watcher - WARNING - LinkedIn session expired
2026-02-10 18:20:55,305 - linkedin-watcher - WARNING - LinkedIn session expired
2026-02-10 18:40:27,629 - linkedin-watcher - WARNING - LinkedIn session expired
2026-02-10 18:42:30,462 - linkedin-watcher - WARNING - LinkedIn session expired
2026-02-10 18:44:33,271 - linkedin-watcher - WARNING - LinkedIn session expired
2026-02-10 18:46:34,360 - linkedin-watcher - WARNING - LinkedIn session expired
2026-02-10 18:48:34,800 - linkedin-watcher - WARNING - LinkedIn session expired
2026-02-10 18:50:36,208 - linkedin-watcher - WARNING - LinkedIn session expired
2026-02-10 18:52:41,813 - linkedin-watcher - WARNING - LinkedIn session expired
2026-02-10 18:54:54,148 - linkedin-watcher - WARNING - LinkedIn session expired
2026-02-10 18:56:55,784 - linkedin-watcher - WARNING - LinkedIn session expired
2026-02-10 18:58:56,226 - linkedin-watcher - WARNING - LinkedIn session expired
2026-02-10 19:00:57,801 - linkedin-watcher - WARNING - LinkedIn session expired
2026-02-10 19:02:59,427 - linkedin-watcher - WARNING - LinkedIn session expired
2026-02-10 19:05:01,434 - linkedin-watcher - WARNING - LinkedIn session expired
2026-02-10 19:07:01,739 - linkedin-watcher - WARNING - LinkedIn session expired
2026-02-10 19:09:01,967 - linkedin-watcher - WARNING - LinkedIn session expired
2026-02-10 19:11:02,619 - linkedin-watcher - WARNING - LinkedIn session expired
2026-02-10 19:13:02,837 - linkedin-watcher - WARNING - LinkedIn session expired
2026-02-10 19:15:03,092 - linkedin-watcher - WARNING - LinkedIn session expired
2026-02-10 19:17:03,246 - linkedin-watcher - WARNING - LinkedIn session expired
2026-02-10 19:19:03,395 - linkedin-watcher - WARNING - LinkedIn session expired
2026-02-10 19:21:03,519 - linkedin-watcher - WARNING - LinkedIn session expired
2026-02-10 19:23:03,626 - linkedin-watcher - WARNING - LinkedIn session expired
2026-02-10 19:25:03,793 - linkedin-watcher - WARNING - LinkedIn session expired
2026-02-10 19:27:03,964 - linkedin-watcher - WARNING - LinkedIn session expired
2026-02-10 19:29:04,475 - linkedin-watcher - WARNING - LinkedIn session expired
2026-02-10 19:31:04,646 - linkedin-watcher - WARNING - LinkedIn session expired
2026-02-10 19:33:05,116 - linkedin-watcher - WARNING - LinkedIn session expired
2026-02-10 19:35:05,282 - linkedin-watcher - WARNING - LinkedIn session expired
2026-02-10 19:37:07,054 - linkedin-watcher - WARNING - LinkedIn session expired
2026-02-10 19:39:07,502 - linkedin-watcher - WARNING - LinkedIn session expired
2026-02-10 19:41:07,798 - linkedin-watcher - WARNING - LinkedIn session expired
2026-02-10 19:43:07,939 - linkedin-watcher - WARNING - LinkedIn session expired
2026-02-10 19:45:08,113 - linkedin-watcher - WARNING - LinkedIn session expired
2026-02-10 19:47:08,390 - linkedin-watcher - WARNING - LinkedIn session expired
2026-02-10 19:49:09,153 - linkedin-watcher - WARNING - LinkedIn session expired
2026-02-10 19:51:09,580 - linkedin-watcher - WARNING - LinkedIn session expired
2026-02-10 19:53:11,464 - linkedin-watcher - WARNING - LinkedIn session expired
2026-02-10 19:55:12,138 - linkedin-watcher - WARNING - LinkedIn session expired
2026-02-10 19:57:17,954 - linkedin-watcher - WARNING - LinkedIn session expired
2026-02-10 19:59:18,568 - linkedin-watcher - WARNING - LinkedIn session expired
2026-02-10 20:01:19,218 - linkedin-watcher - WARNING - LinkedIn session expired
2026-02-10 20:03:20,869 - linkedin-watcher - WARNING - LinkedIn session expired
2026-02-10 20:05:21,588 - linkedin-watcher - WARNING - LinkedIn session expired
2026-02-10 20:43:52,505 - linkedin-watcher - WARNING - LinkedIn session expired
2026-02-10 20:45:54,217 - linkedin-watcher - WARNING - LinkedIn session expired
2026-02-10 20:47:54,897 - linkedin-watcher - WARNING - LinkedIn session expired
2026-02-10 20:49:55,447 - linkedin-watcher - WARNING - LinkedIn session expired
2026-02-10 20:51:56,059 - linkedin-watcher - WARNING - LinkedIn session expired
2026-02-10 20:53:57,570 - linkedin-watcher - WARNING - LinkedIn session expired
2026-02-10 20:56:04,258 - linkedin-watcher - WARNING - LinkedIn session expired
2026-02-10 20:58:07,500 - linkedin-watcher - WARNING - LinkedIn session expired
2026-02-10 21:00:08,221 - linkedin-watcher - WARNING - LinkedIn session expired
2026-02-10 21:02:13,476 - linkedin-watcher - WARNING - LinkedIn session expired
2026-02-10 21:04:14,218 - linkedin-watcher - WARNING - LinkedIn session expired
2026-02-10 21:06:14,987 - linkedin-watcher - WARNING - LinkedIn session expired
2026-02-10 21:08:20,056 - linkedin-watcher - WARNING - LinkedIn session expired
2026-02-10 21:10:22,206 - linkedin-watcher - WARNING - LinkedIn session expired
2026-02-10 21:12:26,277 - linkedin-watcher - WARNING - LinkedIn session expired
2026-02-10 21:14:32,318 - linkedin-watcher - WARNING - LinkedIn session expired
2026-02-10 21:16:33,530 - linkedin-watcher - WARNING - LinkedIn session expired
2026-02-10 21:18:38,620 - linkedin-watcher - WARNING - LinkedIn session expired
2026-02-10 21:20:44,735 - linkedin-watcher - WARNING - LinkedIn session expired
2026-02-10 21:22:47,264 - linkedin-watcher - WARNING - LinkedIn session expired
2026-02-10 21:24:48,388 - linkedin-watcher - WARNING - LinkedIn session expired
2026-02-10 21:26:49,281 - linkedin-watcher - WARNING - LinkedIn session expired
2026-02-10 21:28:50,142 - linkedin-watcher - WARNING - LinkedIn session expired
2026-02-10 21:30:51,721 - linkedin-watcher - WARNING - LinkedIn session expired
2026-02-10 21:32:54,893 - linkedin-watcher - WARNING - LinkedIn session expired
2026-02-10 21:34:55,461 - linkedin-watcher - WARNING - LinkedIn session expired
2026-02-10 21:36:57,476 - linkedin-watcher - WARNING - LinkedIn session expired
2026-02-10 21:38:59,123 - linkedin-watcher - WARNING - LinkedIn session expired
2026-02-10 21:41:03,068 - linkedin-watcher - WARNING - LinkedIn session expired
2026-02-10 21:43:09,315 - linkedin-watcher - WARNING - LinkedIn session expired
2026-02-10 21:45:13,603 - linkedin-watcher - WARNING - LinkedIn session expired
2026-02-10 21:47:14,929 - linkedin-watcher - WARNING - LinkedIn session expired
2026-02-10 21:49:15,207 - linkedin-watcher - WARNING - LinkedIn session expired
2026-02-10 21:51:15,919 - linkedin-watcher - WARNING - LinkedIn session expired
2026-02-10 21:53:16,406 - linkedin-watcher - WARNING - LinkedIn session expired
2026-02-10 21:55:16,976 - linkedin-watcher - WARNING - LinkedIn session expired
2026-02-10 21:57:22,271 - linkedin-watcher - WARNING - LinkedIn session expired
2026-02-10 21:59:22,734 - linkedin-watcher - WARNING - LinkedIn session expired
2026-02-10 22:01:23,148 - linkedin-watcher - WARNING - LinkedIn session expired
2026-02-10 22:03:23,662 - linkedin-watcher - WARNING - LinkedIn session expired
2026-02-10 22:05:24,199 - linkedin-watcher - WARNING - LinkedIn session expired
2026-02-10 22:07:26,494 - linkedin-watcher - WARNING - LinkedIn session expired
2026-02-10 22:09:30,320 - linkedin-watcher - WARNING - LinkedIn session expired
2026-02-10 22:11:30,591 - linkedin-watcher - WARNING - LinkedIn session expired
2026-02-10 22:13:31,151 - linkedin-watcher - WARNING - LinkedIn session expired
2026-02-10 22:15:34,523 - linkedin-watcher - WARNING - LinkedIn session expired
2026-02-10 22:17:34,944 - linkedin-watcher - WARNING - LinkedIn session expired
2026-02-10 22:19:40,634 - linkedin-watcher - WARNING - LinkedIn session expired
2026-02-10 22:21:41,537 - linkedin-watcher - WARNING - LinkedIn session expired
2026-02-10 22:23:41,931 - linkedin-watcher - WARNING - LinkedIn session expired
2026-02-10 22:25:42,826 - linkedin-watcher - WARNING - LinkedIn session expired
2026-02-10 22:27:43,160 - linkedin-watcher - WARNING - LinkedIn session expired
2026-02-10 22:29:43,490 - linkedin-watcher - WARNING - LinkedIn session expired
2026-02-10 22:31:43,879 - linkedin-watcher - WARNING - LinkedIn session expired
2026-02-10 23:56:32,065 - linkedin-watcher - WARNING - LinkedIn session expired
2026-02-10 23:58:32,424 - linkedin-watcher - WARNING - LinkedIn session expired
2026-02-11 00:00:32,781 - linkedin-watcher - WARNING - LinkedIn session expired
2026-02-11 00:02:32,908 - linkedin-watcher - WARNING - LinkedIn session expired
2026-02-11 00:04:33,038 - linkedin-watcher - WARNING - LinkedIn session expired
2026-02-11 00:06:33,225 - linkedin-watcher - WARNING - LinkedIn session expired
2026-02-11 00:08:33,358 - linkedin-watcher - WARNING - LinkedIn session expired
2026-02-11 00:10:33,549 - linkedin-watcher - WARNING - LinkedIn session expired
2026-02-11 00:12:33,674 - linkedin-watcher - WARNING - LinkedIn session expired
2026-02-11 00:14:33,827 - linkedin-watcher - WARNING - LinkedIn session expired
2026-02-11 00:16:34,293 - linkedin-watcher - WARNING - LinkedIn session expired
2026-02-11 00:18:36,015 - linkedin-watcher - WARNING - LinkedIn session expired
2026-02-11 00:20:36,294 - linkedin-watcher - WARNING - LinkedIn session expired
2026-02-11 00:22:37,128 - linkedin-watcher - WARNING - LinkedIn session expired
2026-02-11 00:24:37,738 - linkedin-watcher - WARNING - LinkedIn session expired
2026-02-11 00:26:37,906 - linkedin-watcher - WARNING - LinkedIn session expired
2026-02-11 00:28:38,155 - linkedin-watcher - WARNING - LinkedIn session expired
2026-02-11 00:30:40,158 - linkedin-watcher - WARNING - LinkedIn session expired
2026-02-11 00:32:40,454 - linkedin-watcher - WARNING - LinkedIn session expired
2026-02-11 00:34:40,609 - linkedin-watcher - WARNING - LinkedIn session expired
2026-02-11 00:36:40,917 - linkedin-watcher - WARNING - LinkedIn session expired
2026-02-11 00:38:41,170 - linkedin-watcher - WARNING - LinkedIn session expired
2026-02-11 00:40:41,281 - linkedin-watcher - WARNING - LinkedIn session expired
2026-02-11 00:42:41,407 - linkedin-watcher - WARNING - LinkedIn session expired
2026-02-11 00:44:41,664 - linkedin-watcher - WARNING - LinkedIn session expired
2026-02-11 00:46:42,124 - linkedin-watcher - WARNING - LinkedIn session expired
2026-02-11 13:42:17,093 - linkedin-watcher - INFO - Starting LinkedInWatcher
2026-02-11 13:42:17,101 - linkedin-watcher - INFO - Initializing LinkedIn session
2026-02-11 13:42:40,111 - linkedin-watcher - WARNING - LinkedIn session expired - login required
2026-02-11 13:42:40,124 - linkedin-watcher - WARNING - Please login manually to LinkedIn
2026-02-11 13:42:40,134 - linkedin-watcher - WARNING - LinkedIn session expired
2026-02-11 13:44:40,289 - linkedin-watcher - WARNING - LinkedIn session expired
2026-02-11 13:46:40,398 - linkedin-watcher - WARNING - LinkedIn session expired
2026-02-11 13:48:40,472 - linkedin-watcher - WARNING - LinkedIn session expired
2026-02-11 13:50:40,531 - linkedin-watcher - WARNING - LinkedIn session expired
2026-02-11 13:52:40,659 - linkedin-watcher - WARNING - LinkedIn session expired
2026-02-11 13:54:40,818 - linkedin-watcher - WARNING - LinkedIn session expired
2026-02-11 13:56:40,872 - linkedin-watcher - WARNING - LinkedIn session expired
2026-02-11 13:58:40,924 - linkedin-watcher - WARNING - LinkedIn session expired
2026-02-11 14:00:40,985 - linkedin-watcher - WARNING - LinkedIn session expired
2026-02-11 14:02:41,048 - linkedin-watcher - WARNING - LinkedIn session expired
2026-02-11 14:04:41,495 - linkedin-watcher - WARNING - LinkedIn session expired
2026-02-11 14:06:41,569 - linkedin-watcher - WARNING - LinkedIn session expired
2026-02-11 14:08:41,656 - linkedin-watcher - WARNING - LinkedIn session expired
2026-02-11 14:10:41,746 - linkedin-watcher - WARNING - LinkedIn session expired
2026-02-11 14:12:41,931 - linkedin-watcher - WARNING - LinkedIn session expired
2026-02-11 14:14:42,052 - linkedin-watcher - WARNING - LinkedIn session expired
2026-02-11 14:16:42,120 - linkedin-watcher - WARNING - LinkedIn session expired
2026-02-11 14:18:42,228 - linkedin-watcher - WARNING - LinkedIn session expired
2026-02-11 14:20:42,350 - linkedin-watcher - WARNING - LinkedIn session expired
2026-02-11 14:22:42,566 - linkedin-watcher - WARNING - LinkedIn session expired
2026-02-11 14:24:42,687 - linkedin-watcher - WARNING - LinkedIn session expired
2026-02-11 14:26:42,900 - linkedin-watcher - WARNING - LinkedIn session expired
2026-02-11 14:28:43,049 - linkedin-watcher - WARNING - LinkedIn session expired
2026-02-11 14:30:43,202 - linkedin-watcher - WARNING - LinkedIn session expired
2026-02-11 14:32:43,329 - linkedin-watcher - WARNING - LinkedIn session expired
2026-02-11 14:34:43,432 - linkedin-watcher - WARNING - LinkedIn session expired
2026-02-11 14:36:43,483 - linkedin-watcher - WARNING - LinkedIn session expired
2026-02-11 14:38:48,630 - linkedin-watcher - WARNING - LinkedIn session expired
2026-02-11 14:40:48,943 - linkedin-watcher - WARNING - LinkedIn session expired
2026-02-11 14:42:49,494 - linkedin-watcher - WARNING - LinkedIn session expired
2026-02-11 14:44:53,533 - linkedin-watcher - WARNING - LinkedIn session expired
2026-02-11 14:46:56,335 - linkedin-watcher - WARNING - LinkedIn session expired
2026-02-11 14:48:59,507 - linkedin-watcher - WARNING - LinkedIn session expired
2026-02-11 14:51:10,355 - linkedin-watcher - WARNING - LinkedIn session expired
2026-02-11 14:53:11,305 - linkedin-watcher - WARNING - LinkedIn session expired
2026-02-11 14:55:11,346 - linkedin-watcher - WARNING - LinkedIn session expired
2026-02-11 14:57:11,403 - linkedin-watcher - WARNING - LinkedIn session expired
2026-02-11 14:59:11,465 - linkedin-watcher - WARNING - LinkedIn session expired
2026-02-11 15:01:11,505 - linkedin-watcher - WARNING - LinkedIn session expired
2026-02-11 15:03:11,576 - linkedin-watcher - WARNING - LinkedIn session expired
2026-02-11 15:05:11,634 - linkedin-watcher - WARNING - LinkedIn session expired
2026-02-11 15:07:11,691 - linkedin-watcher - WARNING - LinkedIn session expired
2026-02-11 15:09:11,783 - linkedin-watcher - WARNING - LinkedIn session expired
2026-02-11 15:11:11,840 - linkedin-watcher - WARNING - LinkedIn session expired
2026-02-11 15:13:11,874 - linkedin-watcher - WARNING - LinkedIn session expired
2026-02-11 15:15:11,913 - linkedin-watcher - WARNING - LinkedIn session expired
2026-02-11 15:17:12,019 - linkedin-watcher - WARNING - LinkedIn session expired
2026-02-11 15:19:12,059 - linkedin-watcher - WARNING - LinkedIn session expired
2026-02-11 15:21:12,122 - linkedin-watcher - WARNING - LinkedIn session expired
2026-02-11 15:23:12,169 - linkedin-watcher - WARNING - LinkedIn session expired
2026-02-11 15:25:12,215 - linkedin-watcher - WARNING - LinkedIn session expired
2026-02-11 15:27:12,276 - linkedin-watcher - WARNING - LinkedIn session expired
2026-02-11 15:29:12,331 - linkedin-watcher - WARNING - LinkedIn session expired
2026-02-11 15:31:12,437 - linkedin-watcher - WARNING - LinkedIn session expired
2026-02-11 15:33:12,511 - linkedin-watcher - WARNING - LinkedIn session expired
2026-02-11 15:35:12,578 - linkedin-watcher - WARNING - LinkedIn session expired
2026-02-11 19:11:47,643 - linkedin-watcher - WARNING - LinkedIn session expired
2026-02-11 19:14:05,697 - linkedin-watcher - WARNING - LinkedIn session expired
2026-02-11 19:16:09,739 - linkedin-watcher - WARNING - LinkedIn session expired
2026-02-11 19:18:11,734 - linkedin-watcher - WARNING - LinkedIn session expired
2026-02-11 19:20:11,873 - linkedin-watcher - WARNING - LinkedIn session expired
2026-02-11 19:22:12,422 - linkedin-watcher - WARNING - LinkedIn session expired
2026-02-11 19:24:12,773 - linkedin-watcher - WARNING - LinkedIn session expired
2026-02-11 19:26:12,880 - linkedin-watcher - WARNING - LinkedIn session expired
2026-02-11 19:28:13,164 - linkedin-watcher - WARNING - LinkedIn session expired
2026-02-11 19:30:13,469 - linkedin-watcher - WARNING - LinkedIn session expired
2026-02-11 19:32:13,654 - linkedin-watcher - WARNING - LinkedIn session expired
2026-02-11 19:34:13,769 - linkedin-watcher - WARNING - LinkedIn session expired
2026-02-11 19:36:13,862 - linkedin-watcher - WARNING - LinkedIn session expired
2026-02-11 19:38:13,915 - linkedin-watcher - WARNING - LinkedIn session expired
2026-02-11 19:40:14,026 - linkedin-watcher - WARNING - LinkedIn session expired
2026-02-11 19:42:14,265 - linkedin-watcher - WARNING - LinkedIn session expired
2026-02-11 19:44:14,527 - linkedin-watcher - WARNING - LinkedIn session expired
2026-02-11 19:46:14,632 - linkedin-watcher - WARNING - LinkedIn session expired
2026-02-11 19:48:14,746 - linkedin-watcher - WARNING - LinkedIn session expired
2026-02-11 19:50:14,853 - linkedin-watcher - WARNING - LinkedIn session expired
2026-02-11 19:52:15,068 - linkedin-watcher - WARNING - LinkedIn session expired
2026-02-11 19:54:15,166 - linkedin-watcher - WARNING - LinkedIn session expired
2026-02-11 19:56:15,257 - linkedin-watcher - WARNING - LinkedIn session expired
2026-02-11 19:58:15,411 - linkedin-watcher - WARNING - LinkedIn session expired
2026-02-11 20:00:15,517 - linkedin-watcher - WARNING - LinkedIn session expired
2026-02-11 20:02:15,611 - linkedin-watcher - WARNING - LinkedIn session expired
2026-02-11 20:04:15,690 - linkedin-watcher - WARNING - LinkedIn session expired
2026-02-11 20:06:15,742 - linkedin-watcher - WARNING - LinkedIn session expired
2026-02-11 20:08:15,817 - linkedin-watcher - WARNING - LinkedIn session expired
2026-02-11 20:10:15,876 - linkedin-watcher - WARNING - LinkedIn session expired
2026-02-11 20:12:15,959 - linkedin-watcher - WARNING - LinkedIn session expired
2026-02-11 21:07:15,813 - linkedin-watcher - WARNING - LinkedIn session expired
2026-02-11 21:09:15,915 - linkedin-watcher - WARNING - LinkedIn session expired
2026-02-11 21:11:16,178 - linkedin-watcher - WARNING - LinkedIn session expired
2026-02-11 21:13:16,276 - linkedin-watcher - WARNING - LinkedIn session expired
2026-02-11 21:15:16,370 - linkedin-watcher - WARNING - LinkedIn session expired
2026-02-11 21:17:16,619 - linkedin-watcher - WARNING - LinkedIn session expired
2026-02-11 21:19:17,121 - linkedin-watcher - WARNING - LinkedIn session expired
2026-02-11 21:21:17,205 - linkedin-watcher - WARNING - LinkedIn session expired
2026-02-11 21:23:01,908 - linkedin-watcher - INFO - Received SIGINT, initiating graceful shutdown
2026-02-11 21:23:02,650 - linkedin-watcher - INFO - Cleaning up LinkedInWatcher
2026-02-11 21:23:02,739 - linkedin-watcher - INFO - Closing browser context
2026-02-11 21:24:45,448 - linkedin-watcher - INFO - Starting LinkedInWatcher
2026-02-11 21:24:45,475 - linkedin-watcher - INFO - Initializing LinkedIn session
2026-02-11 21:25:53,950 - linkedin-watcher - WARNING - LinkedIn session expired - login required
2026-02-11 21:25:53,955 - linkedin-watcher - WARNING - Please login manually to LinkedIn
2026-02-11 21:25:53,962 - linkedin-watcher - WARNING - LinkedIn session expired
2026-02-11 21:27:54,570 - linkedin-watcher - WARNING - LinkedIn session expired
2026-02-11 21:29:54,635 - linkedin-watcher - WARNING - LinkedIn session expired
2026-02-11 21:31:54,668 - linkedin-watcher - WARNING - LinkedIn session expired
2026-02-11 21:33:54,703 - linkedin-watcher - WARNING - LinkedIn session expired
2026-02-11 21:35:54,777 - linkedin-watcher - WARNING - LinkedIn session expired
2026-02-11 21:37:54,808 - linkedin-watcher - WARNING - LinkedIn session expired
2026-02-11 21:39:54,848 - linkedin-watcher - WARNING - LinkedIn session expired
2026-02-11 21:41:54,905 - linkedin-watcher - WARNING - LinkedIn session expired
2026-02-11 21:43:54,960 - linkedin-watcher - WARNING - LinkedIn session expired
2026-02-11 21:45:55,002 - linkedin-watcher - WARNING - LinkedIn session expired
2026-02-11 21:47:55,136 - linkedin-watcher - WARNING - LinkedIn session expired
2026-02-11 21:49:55,171 - linkedin-watcher - WARNING - LinkedIn session expired
2026-02-11 21:51:55,197 - linkedin-watcher - WARNING - LinkedIn session expired
2026-02-11 21:53:55,326 - linkedin-watcher - WARNING - LinkedIn session expired
2026-02-11 21:55:55,355 - linkedin-watcher - WARNING - LinkedIn session expired
2026-02-11 21:57:55,424 - linkedin-watcher - WARNING - LinkedIn session expired
2026-02-11 21:59:55,586 - linkedin-watcher - WARNING - LinkedIn session expired
2026-02-11 22:01:55,614 - linkedin-watcher - WARNING - LinkedIn session expired
2026-02-11 22:03:55,660 - linkedin-watcher - WARNING - LinkedIn session expired
2026-02-11 22:05:55,695 - linkedin-watcher - WARNING - LinkedIn session expired
2026-02-11 22:07:55,731 - linkedin-watcher - WARNING - LinkedIn session expired
2026-02-11 22:09:55,765 - linkedin-watcher - WARNING - LinkedIn session expired
2026-02-11 22:11:55,862 - linkedin-watcher - WARNING - LinkedIn session expired
2026-02-11 22:13:55,896 - linkedin-watcher - WARNING - LinkedIn session expired
2026-02-11 22:15:55,931 - linkedin-watcher - WARNING - LinkedIn session expired
2026-02-11 22:17:55,961 - linkedin-watcher - WARNING - LinkedIn session expired
2026-02-11 22:19:56,002 - linkedin-watcher - WARNING - LinkedIn session expired
2026-02-11 22:21:56,033 - linkedin-watcher - WARNING - LinkedIn session expired
2026-02-11 22:23:56,065 - linkedin-watcher - WARNING - LinkedIn session expired
2026-02-11 22:25:56,097 - linkedin-watcher - WARNING - LinkedIn session expired
2026-02-11 22:27:56,138 - linkedin-watcher - WARNING - LinkedIn session expired
2026-02-11 22:29:56,174 - linkedin-watcher - WARNING - LinkedIn session expired
2026-02-11 22:31:56,205 - linkedin-watcher - WARNING - LinkedIn session expired
2026-02-11 22:33:56,238 - linkedin-watcher - WARNING - LinkedIn session expired
2026-02-11 23:22:10,682 - linkedin-watcher - WARNING - LinkedIn session expired
2026-02-11 23:24:10,719 - linkedin-watcher - WARNING - LinkedIn session expired
2026-02-11 23:26:10,748 - linkedin-watcher - WARNING - LinkedIn session expired
2026-02-11 23:28:10,785 - linkedin-watcher - WARNING - LinkedIn session expired
2026-02-11 23:30:10,829 - linkedin-watcher - WARNING - LinkedIn session expired
2026-02-11 23:32:10,874 - linkedin-watcher - WARNING - LinkedIn session expired
2026-02-11 23:34:10,920 - linkedin-watcher - WARNING - LinkedIn session expired
2026-02-11 23:36:10,967 - linkedin-watcher - WARNING - LinkedIn session expired
2026-02-12 01:19:03,339 - linkedin-watcher - INFO - Starting LinkedInWatcher
2026-02-12 01:19:03,343 - linkedin-watcher - INFO - Initializing LinkedIn session
2026-02-12 01:19:17,570 - linkedin-watcher - WARNING - LinkedIn session expired - login required
2026-02-12 01:19:17,588 - linkedin-watcher - WARNING - Please login manually to LinkedIn
2026-02-12 01:19:17,596 - linkedin-watcher - WARNING - LinkedIn session expired
2026-02-12 01:21:17,659 - linkedin-watcher - WARNING - LinkedIn session expired
2026-02-12 01:23:17,695 - linkedin-watcher - WARNING - LinkedIn session expired
2026-02-12 01:24:34,091 - linkedin-watcher - INFO - Received SIGINT, initiating graceful shutdown
2026-02-12 01:24:34,724 - linkedin-watcher - INFO - Cleaning up LinkedInWatcher
2026-02-12 01:24:34,731 - linkedin-watcher - INFO - Closing browser context
2026-02-12 01:26:10,687 - linkedin-watcher - INFO - Starting LinkedInWatcher
2026-02-12 01:26:10,688 - linkedin-watcher - INFO - Initializing LinkedIn session
2026-02-12 01:26:22,931 - linkedin-watcher - WARNING - LinkedIn session expired - login required
2026-02-12 01:26:22,970 - linkedin-watcher - WARNING - Please login manually to LinkedIn
2026-02-12 01:26:23,008 - linkedin-watcher - WARNING - LinkedIn session expired
2026-02-12 01:27:10,339 - linkedin-watcher - INFO - Received SIGINT, initiating graceful shutdown
2026-02-12 01:27:11,041 - linkedin-watcher - INFO - Cleaning up LinkedInWatcher
2026-02-12 01:27:11,091 - linkedin-watcher - INFO - Closing browser context
2026-02-14 02:44:00,388 - linkedin-watcher - INFO - Starting LinkedInWatcher
2026-02-14 02:49:04,089 - linkedin-watcher - INFO - Starting LinkedInWatcher
2026-02-14 02:49:57,914 - linkedin-watcher - INFO - Starting LinkedInWatcher
2026-02-14 02:50:02,037 - linkedin-watcher - INFO - Starting LinkedInWatcher
2026-02-14 02:52:09,692 - linkedin-watcher - INFO - Starting LinkedInWatcher
2026-02-14 02:52:18,854 - linkedin-watcher - INFO - Starting LinkedInWatcher
2026-02-15 02:07:24,738 - linkedin-watcher - INFO - Starting LinkedInWatcher
2026-02-15 12:43:28,421 - linkedin-watcher - INFO - Starting LinkedInWatcher
2026-02-16 22:39:59,524 - linkedin-watcher - INFO - Starting LinkedInWatcher
2026-02-18 15:11:20,534 - linkedin-watcher - INFO - Starting LinkedInWatcher
2026-02-18 15:11:52,871 - linkedin-watcher - WARNING - LinkedIn page didn't load properly
2026-02-18 15:13:38,505 - linkedin-watcher - INFO - Starting LinkedInWatcher
2026-02-18 15:14:03,207 - linkedin-watcher - WARNING - LinkedIn page didn't load properly
2026-02-18 15:16:25,173 - linkedin-watcher - WARNING - LinkedIn page didn't load properly
2026-02-18 15:18:47,533 - linkedin-watcher - WARNING - LinkedIn page didn't load properly
2026-02-18 15:21:08,434 - linkedin-watcher - WARNING - LinkedIn page didn't load properly
2026-02-18 15:23:28,689 - linkedin-watcher - WARNING - LinkedIn page didn't load properly
2026-02-18 15:25:59,997 - linkedin-watcher - WARNING - LinkedIn page didn't load properly
2026-02-18 15:29:03,773 - linkedin-watcher - WARNING - LinkedIn page didn't load properly
2026-02-18 15:31:25,370 - linkedin-watcher - WARNING - LinkedIn page didn't load properly
2026-02-18 15:33:45,852 - linkedin-watcher - WARNING - LinkedIn page didn't load properly
2026-02-18 15:36:23,450 - linkedin-watcher - WARNING - LinkedIn page didn't load properly
2026-02-18 15:38:45,625 - linkedin-watcher - WARNING - LinkedIn page didn't load properly
2026-02-18 15:41:07,287 - linkedin-watcher - WARNING - LinkedIn page didn't load properly
2026-02-18 15:43:26,751 - linkedin-watcher - WARNING - LinkedIn page didn't load properly
2026-02-18 15:45:49,004 - linkedin-watcher - WARNING - LinkedIn page didn't load properly
2026-02-18 15:48:09,347 - linkedin-watcher - WARNING - LinkedIn page didn't load properly
2026-02-18 15:50:31,146 - linkedin-watcher - WARNING - LinkedIn page didn't load properly
2026-02-18 15:52:56,187 - linkedin-watcher - WARNING - LinkedIn page didn't load properly
2026-02-18 15:55:27,697 - linkedin-watcher - WARNING - LinkedIn page didn't load properly
2026-02-18 15:57:57,532 - linkedin-watcher - WARNING - LinkedIn page didn't load properly
2026-02-18 16:00:16,966 - linkedin-watcher - WARNING - LinkedIn page didn't load properly
2026-02-18 16:02:38,053 - linkedin-watcher - WARNING - LinkedIn page didn't load properly
2026-02-18 16:04:58,051 - linkedin-watcher - WARNING - LinkedIn page didn't load properly
2026-02-18 16:07:18,992 - linkedin-watcher - WARNING - LinkedIn page didn't load properly
2026-02-18 16:09:38,946 - linkedin-watcher - WARNING - LinkedIn page didn't load properly
2026-02-18 16:11:59,474 - linkedin-watcher - WARNING - LinkedIn page didn't load properly
2026-02-18 16:14:19,695 - linkedin-watcher - WARNING - LinkedIn page didn't load properly
2026-02-18 16:16:40,409 - linkedin-watcher - WARNING - LinkedIn page didn't load properly
2026-02-18 16:18:59,800 - linkedin-watcher - WARNING - LinkedIn page didn't load properly
2026-02-18 16:21:23,698 - linkedin-watcher - WARNING - LinkedIn page didn't load properly
2026-02-18 16:23:44,962 - linkedin-watcher - WARNING - LinkedIn page didn't load properly
2026-02-18 16:26:07,483 - linkedin-watcher - WARNING - LinkedIn page didn't load properly
2026-02-18 16:28:28,900 - linkedin-watcher - WARNING - LinkedIn page didn't load properly
2026-02-18 16:30:50,684 - linkedin-watcher - WARNING - LinkedIn page didn't load properly
2026-02-18 16:33:11,290 - linkedin-watcher - WARNING - LinkedIn page didn't load properly
2026-02-18 16:35:31,117 - linkedin-watcher - WARNING - LinkedIn page didn't load properly
2026-02-18 17:51:20,997 - linkedin-watcher - WARNING - LinkedIn page didn't load properly
2026-02-18 17:53:41,744 - linkedin-watcher - WARNING - LinkedIn page didn't load properly
2026-02-18 17:56:02,357 - linkedin-watcher - WARNING - LinkedIn page didn't load properly
2026-02-18 17:58:23,939 - linkedin-watcher - WARNING - LinkedIn page didn't load properly
2026-02-18 18:00:45,734 - linkedin-watcher - WARNING - LinkedIn page didn't load properly
2026-02-18 18:05:58,197 - linkedin-watcher - WARNING - LinkedIn page didn't load properly
2026-02-18 18:09:24,264 - linkedin-watcher - INFO - Starting LinkedInWatcher
2026-02-18 18:09:48,231 - linkedin-watcher - WARNING - LinkedIn page didn't load properly
2026-02-18 18:12:09,986 - linkedin-watcher - WARNING - LinkedIn page didn't load properly
2026-02-18 18:14:30,606 - linkedin-watcher - WARNING - LinkedIn page didn't load properly
2026-02-18 18:16:51,440 - linkedin-watcher - WARNING - LinkedIn page didn't load properly
2026-02-18 18:19:12,868 - linkedin-watcher - WARNING - LinkedIn page didn't load properly
2026-02-18 18:21:33,293 - linkedin-watcher - WARNING - LinkedIn page didn't load properly
2026-02-18 18:23:53,984 - linkedin-watcher - WARNING - LinkedIn page didn't load properly
2026-02-18 18:26:18,792 - linkedin-watcher - WARNING - LinkedIn page didn't load properly
2026-02-18 18:28:38,870 - linkedin-watcher - WARNING - LinkedIn page didn't load properly
2026-02-18 18:31:55,423 - linkedin-watcher - INFO - Starting LinkedInWatcher
2026-02-18 18:32:20,293 - linkedin-watcher - WARNING - LinkedIn page didn't load properly
2026-02-18 18:34:39,841 - linkedin-watcher - WARNING - LinkedIn page didn't load properly
2026-02-18 18:37:00,044 - linkedin-watcher - WARNING - LinkedIn page didn't load properly
2026-02-18 18:39:20,331 - linkedin-watcher - WARNING - LinkedIn page didn't load properly
2026-02-18 18:41:40,146 - linkedin-watcher - WARNING - LinkedIn page didn't load properly
2026-02-18 18:43:59,459 - linkedin-watcher - WARNING - LinkedIn page didn't load properly
2026-02-18 18:46:18,889 - linkedin-watcher - WARNING - LinkedIn page didn't load properly
2026-02-18 19:33:52,666 - linkedin-watcher - WARNING - LinkedIn page didn't load properly
2026-02-18 19:36:43,849 - linkedin-watcher - WARNING - LinkedIn page didn't load properly
2026-02-18 19:39:04,675 - linkedin-watcher - WARNING - LinkedIn page didn't load properly
2026-02-18 19:41:24,111 - linkedin-watcher - WARNING - LinkedIn page didn't load properly
2026-02-18 19:43:47,918 - linkedin-watcher - WARNING - LinkedIn page didn't load properly
2026-02-18 19:46:18,204 - linkedin-watcher - WARNING - LinkedIn page didn't load properly
2026-02-18 19:48:39,230 - linkedin-watcher - WARNING - LinkedIn page didn't load properly
2026-02-18 19:51:02,017 - linkedin-watcher - WARNING - LinkedIn page didn't load properly
2026-02-18 19:53:24,617 - linkedin-watcher - WARNING - LinkedIn page didn't load properly
2026-02-18 19:55:50,332 - linkedin-watcher - WARNING - LinkedIn page didn't load properly
2026-02-18 19:58:15,555 - linkedin-watcher - WARNING - LinkedIn page didn't load properly
2026-02-18 20:00:36,659 - linkedin-watcher - WARNING - LinkedIn page didn't load properly
2026-02-18 22:23:28,803 - linkedin-watcher - ERROR - LinkedIn Watcher Error: BrowserType.launch_persistent_context: Timeout 180000ms exceeded.
Call log:
  - <launching> C:\Users\HP\AppData\Local\ms-playwright\chromium_headless_shell-1208\chrome-headless-shell-win64\chrome-headless-shell.exe --disable-field-trial-config --disable-background-networking --disable-background-timer-throttling --disable-backgrounding-occluded-windows --disable-back-forward-cache --disable-breakpad --disable-client-side-phishing-detection --disable-component-extensions-with-background-pages --disable-component-update --no-default-browser-check --disable-default-apps --disable-dev-shm-usage --disable-extensions --disable-features=AvoidUnnecessaryBeforeUnloadCheckSync,BoundaryEventDispatchTracksNodeRemoval,DestroyProfileOnBrowserClose,DialMediaRouteProvider,GlobalMediaControls,HttpsUpgrades,LensOverlay,MediaRouter,PaintHolding,ThirdPartyStoragePartitioning,Translate,AutoDeElevate,RenderDocument,OptimizationHints --enable-features=CDPScreenshotNewSurface --allow-pre-commit-input --disable-hang-monitor --disable-ipc-flooding-protection --disable-popup-blocking --disable-prompt-on-repost --disable-renderer-backgrounding --force-color-profile=srgb --metrics-recording-only --no-first-run --password-store=basic --use-mock-keychain --no-service-autorun --export-tagged-pdf --disable-search-engine-choice-screen --unsafely-disable-devtools-self-xss-warnings --edge-skip-compat-layer-relaunch --enable-automation --disable-infobars --disable-search-engine-choice-screen --disable-sync --enable-unsafe-swiftshader --headless --hide-scrollbars --mute-audio --blink-settings=primaryHoverType=2,availableHoverTypes=2,primaryPointerType=4,availablePointerTypes=4 --no-sandbox --disable-gpu --no-sandbox --user-data-dir=D:\Hackathons\hackathon-0\silver\sessions\linkedin --remote-debugging-pipe about:blank
  - <launched> pid=47176

2026-02-18 22:25:55,125 - linkedin-watcher - WARNING - LinkedIn page didn't load properly
2026-02-18 22:28:15,996 - linkedin-watcher - WARNING - LinkedIn page didn't load properly
2026-02-18 22:30:35,478 - linkedin-watcher - WARNING - LinkedIn page didn't load properly
2026-02-18 22:33:00,258 - linkedin-watcher - WARNING - LinkedIn page didn't load properly
2026-02-18 22:35:19,966 - linkedin-watcher - WARNING - LinkedIn page didn't load properly
2026-02-18 22:37:39,579 - linkedin-watcher - WARNING - LinkedIn page didn't load properly
2026-02-18 22:40:00,761 - linkedin-watcher - WARNING - LinkedIn page didn't load properly
2026-02-18 22:42:21,761 - linkedin-watcher - WARNING - LinkedIn page didn't load properly
2026-02-18 23:59:42,646 - linkedin-watcher - WARNING - LinkedIn page didn't load properly
2026-02-19 00:02:03,154 - linkedin-watcher - WARNING - LinkedIn page didn't load properly
2026-02-19 00:04:26,447 - linkedin-watcher - WARNING - LinkedIn page didn't load properly
2026-02-19 00:06:49,681 - linkedin-watcher - WARNING - LinkedIn page didn't load properly
2026-02-19 00:09:13,481 - linkedin-watcher - WARNING - LinkedIn page didn't load properly
2026-02-19 00:11:33,479 - linkedin-watcher - WARNING - LinkedIn page didn't load properly
2026-02-19 00:13:54,105 - linkedin-watcher - WARNING - LinkedIn page didn't load properly
2026-02-19 00:16:13,627 - linkedin-watcher - WARNING - LinkedIn page didn't load properly
2026-02-19 00:18:33,058 - linkedin-watcher - WARNING - LinkedIn page didn't load properly
2026-02-19 00:20:52,889 - linkedin-watcher - WARNING - LinkedIn page didn't load properly
2026-02-19 00:23:11,975 - linkedin-watcher - WARNING - LinkedIn page didn't load properly
2026-02-19 00:25:31,649 - linkedin-watcher - WARNING - LinkedIn page didn't load properly
2026-02-19 00:27:51,363 - linkedin-watcher - WARNING - LinkedIn page didn't load properly
2026-02-19 00:30:11,666 - linkedin-watcher - WARNING - LinkedIn page didn't load properly
2026-02-19 00:48:47,182 - linkedin-watcher - WARNING - LinkedIn page didn't load properly
2026-02-19 00:51:06,887 - linkedin-watcher - WARNING - LinkedIn page didn't load properly
2026-02-19 00:53:26,293 - linkedin-watcher - WARNING - LinkedIn page didn't load properly
2026-02-19 00:55:45,819 - linkedin-watcher - WARNING - LinkedIn page didn't load properly
2026-02-19 00:58:05,010 - linkedin-watcher - WARNING - LinkedIn page didn't load properly
2026-02-19 01:00:25,078 - linkedin-watcher - WARNING - LinkedIn page didn't load properly
2026-02-19 01:02:45,228 - linkedin-watcher - WARNING - LinkedIn page didn't load properly
2026-02-19 01:14:57,821 - linkedin-watcher - WARNING - LinkedIn page didn't load properly
2026-02-19 01:17:18,095 - linkedin-watcher - WARNING - LinkedIn page didn't load properly
2026-02-19 01:19:38,660 - linkedin-watcher - WARNING - LinkedIn page didn't load properly
2026-02-19 01:21:58,889 - linkedin-watcher - WARNING - LinkedIn page didn't load properly
2026-02-19 01:24:19,253 - linkedin-watcher - WARNING - LinkedIn page didn't load properly
2026-02-19 01:26:40,226 - linkedin-watcher - WARNING - LinkedIn page didn't load properly
2026-02-19 01:29:00,686 - linkedin-watcher - WARNING - LinkedIn page didn't load properly
2026-02-19 01:31:20,193 - linkedin-watcher - WARNING - LinkedIn page didn't load properly
2026-02-19 01:33:40,983 - linkedin-watcher - WARNING - LinkedIn page didn't load properly
2026-02-19 01:36:02,000 - linkedin-watcher - WARNING - LinkedIn page didn't load properly
2026-02-19 01:38:22,248 - linkedin-watcher - WARNING - LinkedIn page didn't load properly
2026-02-19 01:40:42,462 - linkedin-watcher - WARNING - LinkedIn page didn't load properly
2026-02-19 01:43:03,525 - linkedin-watcher - WARNING - LinkedIn page didn't load properly
2026-02-19 01:45:25,426 - linkedin-watcher - WARNING - LinkedIn page didn't load properly
2026-02-19 01:47:46,421 - linkedin-watcher - WARNING - LinkedIn page didn't load properly
2026-02-19 01:50:07,025 - linkedin-watcher - WARNING - LinkedIn page didn't load properly
2026-02-19 01:52:29,093 - linkedin-watcher - WARNING - LinkedIn page didn't load properly
2026-02-19 13:57:19,226 - linkedin-watcher - WARNING - LinkedIn page didn't load properly
2026-02-19 13:59:40,097 - linkedin-watcher - WARNING - LinkedIn page didn't load properly
2026-02-19 14:02:01,648 - linkedin-watcher - WARNING - LinkedIn page didn't load properly
2026-02-19 14:04:22,560 - linkedin-watcher - WARNING - LinkedIn page didn't load properly
2026-02-19 14:06:43,836 - linkedin-watcher - WARNING - LinkedIn page didn't load properly
2026-02-19 14:09:04,053 - linkedin-watcher - WARNING - LinkedIn page didn't load properly
2026-02-19 14:11:25,307 - linkedin-watcher - WARNING - LinkedIn page didn't load properly
2026-02-19 14:13:49,270 - linkedin-watcher - WARNING - LinkedIn page didn't load properly
2026-02-19 14:16:15,493 - linkedin-watcher - WARNING - LinkedIn page didn't load properly
2026-02-19 14:18:46,484 - linkedin-watcher - WARNING - LinkedIn page didn't load properly
2026-02-19 14:23:57,671 - linkedin-watcher - WARNING - LinkedIn page didn't load properly
2026-02-19 14:26:26,850 - linkedin-watcher - WARNING - LinkedIn page didn't load properly
2026-02-19 14:28:47,642 - linkedin-watcher - WARNING - LinkedIn page didn't load properly
2026-02-19 14:31:09,314 - linkedin-watcher - WARNING - LinkedIn page didn't load properly
2026-02-19 14:33:31,723 - linkedin-watcher - WARNING - LinkedIn page didn't load properly
2026-02-19 14:35:55,137 - linkedin-watcher - WARNING - LinkedIn page didn't load properly
2026-02-19 14:38:16,260 - linkedin-watcher - WARNING - LinkedIn page didn't load properly
2026-02-19 14:40:37,400 - linkedin-watcher - WARNING - LinkedIn page didn't load properly
2026-02-19 14:43:00,836 - linkedin-watcher - WARNING - LinkedIn page didn't load properly
2026-02-19 14:45:21,538 - linkedin-watcher - WARNING - LinkedIn page didn't load properly
2026-02-19 14:47:44,219 - linkedin-watcher - WARNING - LinkedIn page didn't load properly
2026-02-19 14:50:07,947 - linkedin-watcher - WARNING - LinkedIn page didn't load properly
2026-02-19 14:52:28,829 - linkedin-watcher - WARNING - LinkedIn page didn't load properly
2026-02-19 14:54:51,981 - linkedin-watcher - WARNING - LinkedIn page didn't load properly
2026-02-19 14:57:35,472 - linkedin-watcher - WARNING - LinkedIn page didn't load properly
2026-02-19 15:00:06,155 - linkedin-watcher - WARNING - LinkedIn page didn't load properly
2026-02-19 15:02:31,352 - linkedin-watcher - WARNING - LinkedIn page didn't load properly
2026-02-19 15:04:52,898 - linkedin-watcher - WARNING - LinkedIn page didn't load properly
2026-02-19 15:07:13,502 - linkedin-watcher - WARNING - LinkedIn page didn't load properly
2026-02-19 15:09:35,633 - linkedin-watcher - WARNING - LinkedIn page didn't load properly
2026-02-19 15:12:07,714 - linkedin-watcher - WARNING - LinkedIn page didn't load properly
2026-02-19 15:14:30,938 - linkedin-watcher - WARNING - LinkedIn page didn't load properly
2026-02-19 15:16:55,970 - linkedin-watcher - WARNING - LinkedIn page didn't load properly
2026-02-19 15:19:20,071 - linkedin-watcher - WARNING - LinkedIn page didn't load properly
2026-02-19 15:21:42,310 - linkedin-watcher - WARNING - LinkedIn page didn't load properly
2026-02-19 15:28:05,355 - linkedin-watcher - WARNING - LinkedIn page didn't load properly
2026-02-19 15:30:29,159 - linkedin-watcher - WARNING - LinkedIn page didn't load properly
2026-02-19 15:32:50,983 - linkedin-watcher - WARNING - LinkedIn page didn't load properly
2026-02-19 15:35:13,447 - linkedin-watcher - WARNING - LinkedIn page didn't load properly
2026-02-19 15:37:34,385 - linkedin-watcher - WARNING - LinkedIn page didn't load properly
2026-02-19 15:39:54,952 - linkedin-watcher - WARNING - LinkedIn page didn't load properly
2026-02-19 15:42:17,024 - linkedin-watcher - WARNING - LinkedIn page didn't load properly
2026-02-19 15:44:38,503 - linkedin-watcher - WARNING - LinkedIn page didn't load properly
2026-02-19 15:45:39,816 - linkedin-watcher - INFO - Starting LinkedInWatcher
2026-02-19 15:46:05,128 - linkedin-watcher - WARNING - LinkedIn page didn't load properly
2026-02-19 15:48:24,155 - linkedin-watcher - INFO - Starting LinkedInWatcher
2026-02-19 15:48:53,126 - linkedin-watcher - WARNING - LinkedIn page didn't load properly
2026-02-19 15:51:27,025 - linkedin-watcher - WARNING - LinkedIn page didn't load properly
2026-02-19 15:53:58,521 - linkedin-watcher - WARNING - LinkedIn page didn't load properly
2026-02-19 15:56:27,163 - linkedin-watcher - WARNING - LinkedIn page didn't load properly
2026-02-19 23:21:55,990 - linkedin-watcher - INFO - Starting LinkedInWatcher
2026-02-19 23:22:16,487 - linkedin-watcher - WARNING - LinkedIn page didn't load properly
2026-02-19 23:24:35,981 - linkedin-watcher - WARNING - LinkedIn page didn't load properly
2026-02-19 23:26:56,399 - linkedin-watcher - WARNING - LinkedIn page didn't load properly
2026-02-19 23:29:17,089 - linkedin-watcher - WARNING - LinkedIn page didn't load properly
2026-02-19 23:31:37,090 - linkedin-watcher - WARNING - LinkedIn page didn't load properly
2026-02-19 23:33:56,433 - linkedin-watcher - WARNING - LinkedIn page didn't load properly
2026-02-19 23:36:17,008 - linkedin-watcher - WARNING - LinkedIn page didn't load properly
2026-02-19 23:38:38,555 - linkedin-watcher - WARNING - LinkedIn page didn't load properly
2026-02-19 23:40:58,568 - linkedin-watcher - WARNING - LinkedIn page didn't load properly
2026-02-19 23:43:18,767 - linkedin-watcher - WARNING - LinkedIn page didn't load properly
2026-02-19 23:45:39,249 - linkedin-watcher - WARNING - LinkedIn page didn't load properly
2026-02-19 23:47:58,249 - linkedin-watcher - WARNING - LinkedIn page didn't load properly
2026-02-19 23:50:17,947 - linkedin-watcher - WARNING - LinkedIn page didn't load properly
2026-02-19 23:52:38,962 - linkedin-watcher - WARNING - LinkedIn page didn't load properly
2026-02-19 23:54:57,637 - linkedin-watcher - WARNING - LinkedIn page didn't load properly
2026-02-19 23:57:16,434 - linkedin-watcher - WARNING - LinkedIn page didn't load properly
2026-02-19 23:59:40,623 - linkedin-watcher - WARNING - LinkedIn page didn't load properly
2026-02-20 00:02:00,365 - linkedin-watcher - WARNING - LinkedIn page didn't load properly
2026-02-20 00:04:19,689 - linkedin-watcher - WARNING - LinkedIn page didn't load properly
2026-02-20 00:05:43,997 - linkedin-watcher - INFO - Starting LinkedInWatcher
2026-02-20 00:06:09,770 - linkedin-watcher - WARNING - LinkedIn page didn't load properly
2026-02-20 00:06:44,982 - linkedin-watcher - WARNING - LinkedIn page didn't load properly
2026-02-20 00:08:39,315 - linkedin-watcher - WARNING - LinkedIn page didn't load properly
2026-02-20 00:09:24,590 - linkedin-watcher - WARNING - LinkedIn page didn't load properly
2026-02-20 00:11:09,430 - linkedin-watcher - WARNING - LinkedIn page didn't load properly
2026-02-20 00:11:50,116 - linkedin-watcher - WARNING - LinkedIn page didn't load properly
2026-02-20 00:13:38,369 - linkedin-watcher - WARNING - LinkedIn page didn't load properly
2026-02-20 00:14:16,142 - linkedin-watcher - WARNING - LinkedIn page didn't load properly
2026-02-22 02:58:26,564 - linkedin-watcher - INFO - Starting LinkedInWatcher
2026-02-22 02:58:58,711 - linkedin-watcher - WARNING - LinkedIn page didn't load properly
2026-02-22 03:01:32,179 - linkedin-watcher - WARNING - LinkedIn page didn't load properly
2026-02-26 19:34:08,255 - linkedin-watcher - INFO - Starting LinkedInWatcher
2026-02-26 19:35:17,225 - linkedin-watcher - ERROR - LinkedIn Watcher Error: Page.goto: Timeout 60000ms exceeded.
Call log:
  - navigating to "https://www.linkedin.com/feed/", waiting until "load"

2026-02-26 19:40:45,891 - linkedin-watcher - ERROR - LinkedIn Watcher Error: Page.goto: Timeout 60000ms exceeded.
Call log:
  - navigating to "https://www.linkedin.com/feed/", waiting until "load"

2026-02-26 22:03:48,670 - linkedin-watcher - ERROR - LinkedIn Watcher Error: Page.goto: net::ERR_NAME_NOT_RESOLVED at https://www.linkedin.com/feed/
Call log:
  - navigating to "https://www.linkedin.com/feed/", waiting until "load"

2026-02-26 22:34:47,906 - linkedin-watcher - WARNING - LinkedIn page didn't load properly
2026-02-26 22:41:13,718 - linkedin-watcher - ERROR - LinkedIn Watcher Error: Page.goto: Timeout 60000ms exceeded.
Call log:
  - navigating to "https://www.linkedin.com/feed/", waiting until "load"

2026-02-26 23:09:39,375 - linkedin-watcher - WARNING - LinkedIn page didn't load properly
2026-02-26 23:40:54,138 - linkedin-watcher - WARNING - LinkedIn page didn't load properly
2026-02-27 05:00:18,001 - linkedin-watcher - ERROR - LinkedIn Watcher Error: Page.goto: Timeout 60000ms exceeded.
Call log:
  - navigating to "https://www.linkedin.com/feed/", waiting until "load"

2026-02-27 17:13:21,242 - linkedin-watcher - ERROR - LinkedIn Watcher Error: Page.goto: Timeout 60000ms exceeded.
Call log:
  - navigating to "https://www.linkedin.com/feed/", waiting until "load"

2026-02-27 17:18:38,816 - linkedin-watcher - ERROR - LinkedIn Watcher Error: Page.goto: Timeout 60000ms exceeded.
Call log:
  - navigating to "https://www.linkedin.com/feed/", waiting until "load"

2026-02-27 18:24:26,785 - linkedin-watcher - ERROR - LinkedIn Watcher Error: [WinError 5] Access is denied
2026-02-27 19:13:09,721 - linkedin-watcher - INFO - Starting LinkedInWatcher
2026-02-27 20:18:42,740 - linkedin-watcher - ERROR - LinkedIn Watcher Error: Page.goto: net::ERR_NETWORK_IO_SUSPENDED at https://www.linkedin.com/feed/
Call log:
  - navigating to "https://www.linkedin.com/feed/", waiting until "load"

2026-02-28 01:49:05,538 - linkedin-watcher - ERROR - LinkedIn Watcher Error: Page.goto: net::ERR_NAME_NOT_RESOLVED at https://www.linkedin.com/feed/
Call log:
  - navigating to "https://www.linkedin.com/feed/", waiting until "load"

2026-03-01 21:49:47,690 - linkedin-watcher - ERROR - LinkedIn Watcher Error: Page.goto: net::ERR_NETWORK_IO_SUSPENDED at https://www.linkedin.com/feed/
Call log:
  - navigating to "https://www.linkedin.com/feed/", waiting until "load"

2026-03-03 17:34:27,507 - linkedin-watcher - ERROR - LinkedIn Watcher Error: Page.goto: net::ERR_NAME_NOT_RESOLVED at https://www.linkedin.com/feed/
Call log:
  - navigating to "https://www.linkedin.com/feed/", waiting until "load"

2026-03-03 20:34:02,531 - linkedin-watcher - ERROR - LinkedIn Watcher Error: Page.goto: net::ERR_NAME_NOT_RESOLVED at https://www.linkedin.com/feed/
Call log:
  - navigating to "https://www.linkedin.com/feed/", waiting until "load"

2026-03-03 20:47:08,002 - linkedin-watcher - ERROR - LinkedIn Watcher Error: Page.goto: Timeout 60000ms exceeded.
Call log:
  - navigating to "https://www.linkedin.com/feed/", waiting until "load"

2026-03-05 01:22:11,679 - linkedin-watcher - INFO - Starting LinkedInWatcher
2026-03-05 01:44:16,663 - linkedin-watcher - INFO - Starting LinkedInWatcher
2026-03-06 16:43:12,452 - linkedin-watcher - INFO - Starting LinkedInWatcher
2026-03-06 17:42:42,726 - linkedin-watcher - INFO - Starting LinkedInWatcher
2026-03-06 17:58:42,571 - linkedin-watcher - INFO - Starting LinkedInWatcher
2026-03-08 23:55:13,123 - linkedin-watcher - INFO - Starting LinkedInWatcher
2026-03-09 00:01:52,244 - linkedin-watcher - INFO - Starting LinkedInWatcher
