2026-02-06 01:26:48 +05:00: Traceback (most recent call last):
2026-02-06 01:26:48 +05:00:   File "/mnt/d/Hackathons/hackathon-0/silver/src/watchers/linkedin_watcher.py", line 15, in <module>
2026-02-06 01:26:48 +05:00:     from .base_watcher import BaseWatcher, TaskCreationError
2026-02-06 01:26:48 +05:00: ImportError: attempted relative import with no known parent package
2026-02-06 01:26:57 +05:00: Traceback (most recent call last):
2026-02-06 01:26:57 +05:00:   File "/mnt/d/Hackathons/hackathon-0/silver/src/watchers/linkedin_watcher.py", line 15, in <module>
2026-02-06 01:26:57 +05:00:     from .base_watcher import BaseWatcher, TaskCreationError
2026-02-06 01:26:57 +05:00: ImportError: attempted relative import with no known parent package
2026-02-06 01:27:14 +05:00: Traceback (most recent call last):
2026-02-06 01:27:14 +05:00:   File "/mnt/d/Hackathons/hackathon-0/silver/src/watchers/linkedin_watcher.py", line 15, in <module>
2026-02-06 01:27:14 +05:00:     from .base_watcher import BaseWatcher, TaskCreationError
2026-02-06 01:27:14 +05:00: ImportError: attempted relative import with no known parent package
2026-02-06 01:27:23 +05:00: Traceback (most recent call last):
2026-02-06 01:27:23 +05:00:   File "/mnt/d/Hackathons/hackathon-0/silver/src/watchers/linkedin_watcher.py", line 15, in <module>
2026-02-06 01:27:23 +05:00:     from .base_watcher import BaseWatcher, TaskCreationError
2026-02-06 01:27:23 +05:00: ImportError: attempted relative import with no known parent package
2026-02-06 01:27:31 +05:00: Traceback (most recent call last):
2026-02-06 01:27:31 +05:00:   File "/mnt/d/Hackathons/hackathon-0/silver/src/watchers/linkedin_watcher.py", line 15, in <module>
2026-02-06 01:27:31 +05:00:     from .base_watcher import BaseWatcher, TaskCreationError
2026-02-06 01:27:31 +05:00: ImportError: attempted relative import with no known parent package
2026-02-06 01:27:45 +05:00: Traceback (most recent call last):
2026-02-06 01:27:45 +05:00:   File "/mnt/d/Hackathons/hackathon-0/silver/src/watchers/linkedin_watcher.py", line 15, in <module>
2026-02-06 01:27:45 +05:00:     from .base_watcher import BaseWatcher, TaskCreationError
2026-02-06 01:27:45 +05:00: ImportError: attempted relative import with no known parent package
2026-02-06 01:27:55 +05:00: Traceback (most recent call last):
2026-02-06 01:27:55 +05:00:   File "/mnt/d/Hackathons/hackathon-0/silver/src/watchers/linkedin_watcher.py", line 15, in <module>
2026-02-06 01:27:55 +05:00:     from .base_watcher import BaseWatcher, TaskCreationError
2026-02-06 01:27:55 +05:00: ImportError: attempted relative import with no known parent package
2026-02-06 01:28:18 +05:00: Traceback (most recent call last):
2026-02-06 01:28:18 +05:00:   File "/mnt/d/Hackathons/hackathon-0/silver/src/watchers/linkedin_watcher.py", line 15, in <module>
2026-02-06 01:28:18 +05:00:     from .base_watcher import BaseWatcher, TaskCreationError
2026-02-06 01:28:18 +05:00: ImportError: attempted relative import with no known parent package
2026-02-06 01:28:42 +05:00: Traceback (most recent call last):
2026-02-06 01:28:42 +05:00:   File "/mnt/d/Hackathons/hackathon-0/silver/src/watchers/linkedin_watcher.py", line 15, in <module>
2026-02-06 01:28:42 +05:00:     from .base_watcher import BaseWatcher, TaskCreationError
2026-02-06 01:28:42 +05:00: : attempted relative import with no known parent package
2026-02-06 01:29:00 +05:00: Traceback (most recent call last):
2026-02-06 01:29:00 +05:00:   File "/mnt/d/Hackathons/hackathon-0/silver/src/watchers/linkedin_watcher.py", line 15, in <module>
2026-02-06 01:29:00 +05:00:     from .base_watcher import BaseWatcher, TaskCreationError
2026-02-06 01:29:00 +05:00: ImportError: attempted relative import with no known parent package
2026-02-06 01:29:22 +05:00: Traceback (most recent call last):
2026-02-06 01:29:22 +05:00:   File "/mnt/d/Hackathons/hackathon-0/silver/src/watchers/linkedin_watcher.py", line 15, in <module>
2026-02-06 01:29:22 +05:00:     from .base_watcher import BaseWatcher, TaskCreationError
2026-02-06 01:29:22 +05:00: ImportError: attempted relative import with no known parent package
2026-02-06 01:29:41 +05:00: Traceback (most recent call last):
2026-02-06 01:29:41 +05:00:   File "/mnt/d/Hackathons/hackathon-0/silver/src/watchers/linkedin_watcher.py", line 15, in <module>
2026-02-06 01:29:41 +05:00:     from .base_watcher import BaseWatcher, TaskCreationError
2026-02-06 01:29:41 +05:00: ImportError: attempted relative import with no known parent package
2026-02-06 01:30:03 +05:00: Traceback (most recent call last):
2026-02-06 01:30:03 +05:00:   File "/mnt/d/Hackathons/hackathon-0/silver/src/watchers/linkedin_watcher.py", line 15, in <module>
2026-02-06 01:30:03 +05:00:     from .base_watcher import BaseWatcher, TaskCreationError
2026-02-06 01:30:03 +05:00: ImportError: attempted relative import with no known parent package
2026-02-06 01:30:18 +05:00: Traceback (most recent call last):
2026-02-06 01:30:18 +05:00:   File "/mnt/d/Hackathons/hackathon-0/silver/src/watchers/linkedin_watcher.py", line 15, in <module>
2026-02-06 01:30:18 +05:00:     from .base_watcher import BaseWatcher, TaskCreationError
2026-02-06 01:30:18 +05:00: ImportError: attempted relative import with no known parent package
2026-02-06 01:30:34 +05:00: Traceback (most recent call last):
2026-02-06 01:30:34 +05:00:   File "/mnt/d/Hackathons/hackathon-0/silver/src/watchers/linkedin_watcher.py", line 15, in <module>
2026-02-06 01:30:34 +05:00:     from .base_watcher import BaseWatcher, TaskCreationError
2026-02-06 01:30:34 +05:00: ImportError: attempted relative import with no known parent package
2026-02-06 01:30:49 +05:00: Traceback (most recent call last):
2026-02-06 01:30:49 +05:00:   File "/mnt/d/Hackathons/hackathon-0/silver/src/watchers/linkedin_watcher.py", line 15, in <module>
2026-02-06 01:30:49 +05:00:     from .base_watcher import BaseWatcher, TaskCreationError
2026-02-06 01:30:49 +05:00: ImportError: attempted relative import with no known parent package
2026-02-06 01:31:05 +05:00: Traceback (most recent call last):
2026-02-06 01:31:05 +05:00:   File "/mnt/d/Hackathons/hackathon-0/silver/src/watchers/linkedin_watcher.py", line 15, in <module>
2026-02-06 01:31:06 +05:00:     from .base_watcher import BaseWatcher, TaskCreationError
2026-02-06 01:31:06 +05:00: ImportError: attempted relative import with no known parent package
2026-02-06 01:31:22 +05:00: Traceback (most recent call last):
2026-02-06 01:31:22 +05:00:   File "/mnt/d/Hackathons/hackathon-0/silver/src/watchers/linkedin_watcher.py", line 15, in <module>
2026-02-06 01:31:22 +05:00:     from .base_watcher import BaseWatcher, TaskCreationError
2026-02-06 01:31:22 +05:00: attempted relative import with no known parent package
2026-02-06 01:31:41 +05:00: Traceback (most recent call last):
2026-02-06 01:31:41 +05:00:   File "/mnt/d/Hackathons/hackathon-0/silver/src/watchers/linkedin_watcher.py", line 15, in <module>
2026-02-06 01:31:41 +05:00:     from .base_watcher import BaseWatcher, TaskCreationError
2026-02-06 01:31:41 +05:00: ImportError: attempted relative import with no known parent package
2026-02-06 01:32:03 +05:00: Traceback (most recent call last):
2026-02-06 01:32:03 +05:00:   File "/mnt/d/Hackathons/hackathon-0/silver/src/watchers/linkedin_watcher.py", line 15, in <module>
2026-02-06 01:32:03 +05:00:     from .base_watcher import BaseWatcher, TaskCreationError
2026-02-06 01:32:03 +05:00: ImportError: attempted relative import with no known parent package
2026-02-06 01:32:14 +05:00: Traceback (most recent call last):
2026-02-06 01:32:14 +05:00:   File "/mnt/d/Hackathons/hackathon-0/silver/src/watchers/linkedin_watcher.py", line 15, in <module>
2026-02-06 01:32:14 +05:00:     from .base_watcher import BaseWatcher, TaskCreationError
2026-02-06 01:32:14 +05:00: ImportError: attempted relative import with no known parent package
2026-02-06 01:32:28 +05:00: Traceback (most recent call last):
2026-02-06 01:32:28 +05:00:   File "/mnt/d/Hackathons/hackathon-0/silver/src/watchers/linkedin_watcher.py", line 15, in <module>
2026-02-06 01:32:28 +05:00:     from .base_watcher import BaseWatcher, TaskCreationError
2026-02-06 01:32:28 +05:00: ImportError: attempted relative import with no known parent package
2026-02-06 01:32:46 +05:00: Traceback (most recent call last):
2026-02-06 01:32:46 +05:00:   File "/mnt/d/Hackathons/hackathon-0/silver/src/watchers/linkedin_watcher.py", line 15, in <module>
2026-02-06 01:32:46 +05:00:     from .base_watcher import BaseWatcher, TaskCreationError
2026-02-06 01:32:46 +05:00: ImportError: attempted relative import with no known parent package
2026-02-06 01:33:01 +05:00: Traceback (most recent call last):
2026-02-06 01:33:01 +05:00:   File "/mnt/d/Hackathons/hackathon-0/silver/src/watchers/linkedin_watcher.py", line 15, in <module>
2026-02-06 01:33:01 +05:00:     from .base_watcher import BaseWatcher, TaskCreationError
2026-02-06 01:33:01 +05:00: ImportError: attempted relative import with no known parent package
2026-02-06 01:33:25 +05:00: Traceback (most recent call last):
2026-02-06 01:33:25 +05:00:   File "/mnt/d/Hackathons/hackathon-0/silver/src/watchers/linkedin_watcher.py", line 15, in <module>
2026-02-06 01:33:25 +05:00:     from .base_watcher import BaseWatcher, TaskCreationError
2026-02-06 01:33:25 +05:00: : attempted relative import with no known parent package
2026-02-06 01:33:39 +05:00: Traceback (most recent call last):
2026-02-06 01:33:39 +05:00:   File "/mnt/d/Hackathons/hackathon-0/silver/src/watchers/linkedin_watcher.py", line 15, in <module>
2026-02-06 01:33:39 +05:00:     from .base_watcher import BaseWatcher, TaskCreationError
2026-02-06 01:33:39 +05:00: ImportError: attempted relative import with no known parent package
2026-02-06 01:33:54 +05:00: Traceback (most recent call last):
2026-02-06 01:33:54 +05:00:   File "/mnt/d/Hackathons/hackathon-0/silver/src/watchers/linkedin_watcher.py", line 15, in <module>
2026-02-06 01:33:54 +05:00:     from .base_watcher import BaseWatcher, TaskCreationError
2026-02-06 01:33:54 +05:00: ImportError: attempted relative import with no known parent package
2026-02-06 01:34:20 +05:00: Traceback (most recent call last):
2026-02-06 01:34:20 +05:00:   File "/mnt/d/Hackathons/hackathon-0/silver/src/watchers/linkedin_watcher.py", line 15, in <module>
2026-02-06 01:34:20 +05:00:     from .base_watcher import BaseWatcher, TaskCreationError
2026-02-06 01:34:20 +05:00: ImportError: attempted relative import with no known parent package
2026-02-06 01:34:28 +05:00: Traceback (most recent call last):
2026-02-06 01:34:28 +05:00:   File "/mnt/d/Hackathons/hackathon-0/silver/src/watchers/linkedin_watcher.py", line 15, in <module>
2026-02-06 01:34:28 +05:00:     from .base_watcher import BaseWatcher, TaskCreationError
2026-02-06 01:34:28 +05:00: ImportError: attempted relative import with no known parent package
2026-02-06 01:34:59 +05:00: Traceback (most recent call last):
2026-02-06 01:34:59 +05:00:   File "/mnt/d/Hackathons/hackathon-0/silver/src/watchers/linkedin_watcher.py", line 15, in <module>
2026-02-06 01:35:00 +05:00:     from .base_watcher import BaseWatcher, TaskCreationError
2026-02-06 01:35:00 +05:00: ImportError: attempted relative import with no known parent package
2026-02-06 01:35:12 +05:00: Traceback (most recent call last):
2026-02-06 01:35:12 +05:00:   File "/mnt/d/Hackathons/hackathon-0/silver/src/watchers/linkedin_watcher.py", line 15, in <module>
2026-02-06 01:35:12 +05:00:     from .base_watcher import BaseWatcher, TaskCreationError
2026-02-06 01:35:12 +05:00: ImportError: attempted relative import with no known parent package
2026-02-06 01:35:31 +05:00: Traceback (most recent call last):
2026-02-06 01:35:31 +05:00:   File "/mnt/d/Hackathons/hackathon-0/silver/src/watchers/linkedin_watcher.py", line 15, in <module>
2026-02-06 01:35:31 +05:00:     from .base_watcher import BaseWatcher, TaskCreationError
2026-02-06 01:35:31 +05:00: ImportError: attempted relative import with no known parent package
2026-02-06 01:35:52 +05:00: Traceback (most recent call last):
2026-02-06 01:35:52 +05:00:   File "/mnt/d/Hackathons/hackathon-0/silver/src/watchers/linkedin_watcher.py", line 15, in <module>
2026-02-06 01:35:52 +05:00:     from .base_watcher import BaseWatcher, TaskCreationError
2026-02-06 01:35:52 +05:00: ImportError: attempted relative import with no known parent package
2026-02-06 01:36:24 +05:00: Traceback (most recent call last):
2026-02-06 01:36:24 +05:00:   File "/mnt/d/Hackathons/hackathon-0/silver/src/watchers/linkedin_watcher.py", line 15, in <module>
2026-02-06 01:36:24 +05:00:     from .base_watcher import BaseWatcher, TaskCreationError
2026-02-06 01:36:24 +05:00: ImportError: attempted relative import with no known parent package
2026-02-06 01:36:56 +05:00: Traceback (most recent call last):
2026-02-06 01:36:56 +05:00:   File "/mnt/d/Hackathons/hackathon-0/silver/src/watchers/linkedin_watcher.py", line 15, in <module>
2026-02-06 01:36:57 +05:00:     from .base_watcher import BaseWatcher, TaskCreationError
2026-02-06 01:36:57 +05:00: ImportError: attempted relative import with no known parent package
2026-02-06 01:37:36 +05:00: Traceback (most recent call last):
2026-02-06 01:37:36 +05:00:   File "/mnt/d/Hackathons/hackathon-0/silver/src/watchers/linkedin_watcher.py", line 15, in <module>
2026-02-06 01:37:36 +05:00:     from .base_watcher import BaseWatcher, TaskCreationError
2026-02-06 01:37:36 +05:00: ImportError: attempted relative import with no known parent package
2026-02-06 01:38:01 +05:00: Traceback (most recent call last):
2026-02-06 01:38:01 +05:00:   File "/mnt/d/Hackathons/hackathon-0/silver/src/watchers/linkedin_watcher.py", line 15, in <module>
2026-02-06 01:38:01 +05:00:     from .base_watcher import BaseWatcher, TaskCreationError
2026-02-06 01:38:01 +05:00: ImportError: attempted relative import with no known parent package
2026-02-06 01:38:16 +05:00: Traceback (most recent call last):
2026-02-06 01:38:16 +05:00:   File "/mnt/d/Hackathons/hackathon-0/silver/src/watchers/linkedin_watcher.py", line 15, in <module>
2026-02-06 01:38:16 +05:00:     from .base_watcher import BaseWatcher, TaskCreationError
2026-02-06 01:38:16 +05:00: ImportError: attempted relative import with no known parent package
2026-02-06 01:39:18 +05:00: Traceback (most recent call last):
2026-02-06 01:39:18 +05:00:   File "/mnt/d/Hackathons/hackathon-0/silver/src/watchers/linkedin_watcher.py", line 15, in <module>
2026-02-06 01:39:18 +05:00:     from .base_watcher import BaseWatcher, TaskCreationError
2026-02-06 01:39:18 +05:00: ImportError: attempted relative import with no known parent package
2026-02-06 01:39:40 +05:00: Traceback (most recent call last):
2026-02-06 01:39:40 +05:00:   File "/mnt/d/Hackathons/hackathon-0/silver/src/watchers/linkedin_watcher.py", line 15, in <module>
2026-02-06 01:39:40 +05:00:     from .base_watcher import BaseWatcher, TaskCreationError
2026-02-06 01:39:40 +05:00: ImportError: attempted relative import with no known parent package
2026-02-06 01:39:51 +05:00: Traceback (most recent call last):
2026-02-06 01:39:51 +05:00:   File "/mnt/d/Hackathons/hackathon-0/silver/src/watchers/linkedin_watcher.py", line 15, in <module>
2026-02-06 01:39:51 +05:00:     from .base_watcher import BaseWatcher, TaskCreationError
2026-02-06 01:39:51 +05:00: ImportError: attempted relative import with no known parent package
2026-02-06 01:40:02 +05:00: Traceback (most recent call last):
2026-02-06 01:40:02 +05:00:   File "/mnt/d/Hackathons/hackathon-0/silver/src/watchers/linkedin_watcher.py", line 15, in <module>
2026-02-06 01:40:02 +05:00:     from .base_watcher import BaseWatcher, TaskCreationError
2026-02-06 01:40:02 +05:00: ImportError: attempted relative import with no known parent package
2026-02-06 01:40:12 +05:00: Traceback (most recent call last):
2026-02-06 01:40:12 +05:00:   File "/mnt/d/Hackathons/hackathon-0/silver/src/watchers/linkedin_watcher.py", line 15, in <module>
2026-02-06 01:40:12 +05:00:     from .base_watcher import BaseWatcher, TaskCreationError
2026-02-06 01:40:12 +05:00: ImportError: attempted relative import with no known parent package
2026-02-06 01:40:23 +05:00: Traceback (most recent call last):
2026-02-06 01:40:23 +05:00:   File "/mnt/d/Hackathons/hackathon-0/silver/src/watchers/linkedin_watcher.py", line 15, in <module>
2026-02-06 01:40:23 +05:00:     from .base_watcher import BaseWatcher, TaskCreationError
2026-02-06 01:40:23 +05:00: ImportError: attempted relative import with no known parent package
2026-02-06 01:40:56 +05:00: Traceback (most recent call last):
2026-02-06 01:40:56 +05:00:   File "/mnt/d/Hackathons/hackathon-0/silver/src/watchers/linkedin_watcher.py", line 15, in <module>
2026-02-06 01:40:56 +05:00:     from .base_watcher import BaseWatcher, TaskCreationError
2026-02-06 01:40:56 +05:00: ImportError: attempted relative import with no known parent package
2026-02-06 01:41:07 +05:00: Traceback (most recent call last):
2026-02-06 01:41:07 +05:00:   File "/mnt/d/Hackathons/hackathon-0/silver/src/watchers/linkedin_watcher.py", line 15, in <module>
2026-02-06 01:41:07 +05:00:     from .base_watcher import BaseWatcher, TaskCreationError
2026-02-06 01:41:07 +05:00: ImportError: attempted relative import with no known parent package
2026-02-06 01:41:19 +05:00: Traceback (most recent call last):
2026-02-06 01:41:19 +05:00:   File "/mnt/d/Hackathons/hackathon-0/silver/src/watchers/linkedin_watcher.py", line 15, in <module>
2026-02-06 01:41:19 +05:00:     from .base_watcher import BaseWatcher, TaskCreationError
2026-02-06 01:41:19 +05:00: ImportError: attempted relative import with no known parent package
2026-02-06 01:41:30 +05:00: Traceback (most recent call last):
2026-02-06 01:41:30 +05:00:   File "/mnt/d/Hackathons/hackathon-0/silver/src/watchers/linkedin_watcher.py", line 15, in <module>
2026-02-06 01:41:30 +05:00:     from .base_watcher import BaseWatcher, TaskCreationError
2026-02-06 01:41:30 +05:00: ImportError: attempted relative import with no known parent package
2026-02-06 01:41:51 +05:00: Traceback (most recent call last):
2026-02-06 01:41:51 +05:00:   File "/mnt/d/Hackathons/hackathon-0/silver/src/watchers/linkedin_watcher.py", line 13, in <module>
2026-02-06 01:41:53 +05:00:     from playwright.sync_api import sync_playwright, Browser, BrowserContext, Page
2026-02-06 01:41:53 +05:00:   File "/mnt/d/Hackathons/hackathon-0/silver/venv/lib/python3.12/site-packages/playwright/sync_api/__init__.py", line 25, in <module>
2026-02-06 01:41:53 +05:00:     import playwright.sync_api._generated
2026-02-06 01:41:53 +05:00:   File "/mnt/d/Hackathons/hackathon-0/silver/venv/lib/python3.12/site-packages/playwright/sync_api/_generated.py", line 25, in <module>
2026-02-06 01:41:53 +05:00:     from playwright._impl._accessibility import Accessibility as AccessibilityImpl
2026-02-06 01:41:53 +05:00:   File "/mnt/d/Hackathons/hackathon-0/silver/venv/lib/python3.12/site-packages/playwright/_impl/_accessibility.py", line 17, in <module>
2026-02-06 01:42:18 +05:00: Traceback (most recent call last):
2026-02-06 01:42:18 +05:00:   File "/mnt/d/Hackathons/hackathon-0/silver/src/watchers/linkedin_watcher.py", line 15, in <module>
2026-02-06 01:42:18 +05:00:     from .base_watcher import BaseWatcher, TaskCreationError
2026-02-06 01:42:18 +05:00: ImportError: attempted relative import with no known parent package
2026-02-06 01:42:46 +05:00: Traceback (most recent call last):
2026-02-06 01:42:46 +05:00:   File "/mnt/d/Hackathons/hackathon-0/silver/src/watchers/linkedin_watcher.py", line 15, in <module>
2026-02-06 01:42:46 +05:00:     from .base_watcher import BaseWatcher, TaskCreationError
2026-02-06 01:42:46 +05:00: ImportError: attempted relative import with no known parent package
2026-02-06 01:42:58 +05:00: Traceback (most recent call last):
2026-02-06 01:42:58 +05:00:   File "/mnt/d/Hackathons/hackathon-0/silver/src/watchers/linkedin_watcher.py", line 15, in <module>
2026-02-06 01:42:58 +05:00:     from .base_watcher import BaseWatcher, TaskCreationError
2026-02-06 01:42:58 +05:00: ImportError: attempted relative import with no known parent package
2026-02-06 01:43:08 +05:00: Traceback (most recent call last):
2026-02-06 01:43:08 +05:00:   File "/mnt/d/Hackathons/hackathon-0/silver/src/watchers/linkedin_watcher.py", line 15, in <module>
2026-02-06 01:43:08 +05:00:     from .base_watcher import BaseWatcher, TaskCreationError
2026-02-06 01:43:08 +05:00: ImportError: attempted relative import with no known parent package
2026-02-06 01:43:18 +05:00: Traceback (most recent call last):
2026-02-06 01:43:18 +05:00:   File "/mnt/d/Hackathons/hackathon-0/silver/src/watchers/linkedin_watcher.py", line 15, in <module>
2026-02-06 01:43:18 +05:00:     from .base_watcher import BaseWatcher, TaskCreationError
2026-02-06 01:43:18 +05:00: ImportError: attempted relative import with no known parent package
2026-02-06 01:43:29 +05:00: Traceback (most recent call last):
2026-02-06 01:43:29 +05:00:   File "/mnt/d/Hackathons/hackathon-0/silver/src/watchers/linkedin_watcher.py", line 15, in <module>
2026-02-06 01:43:29 +05:00:     from .base_watcher import BaseWatcher, TaskCreationError
2026-02-06 01:43:29 +05:00: ImportError: attempted relative import with no known parent package
2026-02-06 01:43:40 +05:00: Traceback (most recent call last):
2026-02-06 01:43:40 +05:00:   File "/mnt/d/Hackathons/hackathon-0/silver/src/watchers/linkedin_watcher.py", line 15, in <module>
2026-02-06 01:43:40 +05:00:     from .base_watcher import BaseWatcher, TaskCreationError
2026-02-06 01:43:40 +05:00: ImportError: attempted relative import with no known parent package
2026-02-06 01:44:01 +05:00: Traceback (most recent call last):
2026-02-06 01:44:01 +05:00:   File "/mnt/d/Hackathons/hackathon-0/silver/src/watchers/linkedin_watcher.py", line 15, in <module>
2026-02-06 01:44:01 +05:00:     from .base_watcher import BaseWatcher, TaskCreationError
2026-02-06 01:44:01 +05:00: ImportError: attempted relative import with no known parent package
2026-02-06 01:44:40 +05:00: Traceback (most recent call last):
2026-02-06 01:44:40 +05:00:   File "/mnt/d/Hackathons/hackathon-0/silver/src/watchers/linkedin_watcher.py", line 15, in <module>
2026-02-06 01:44:40 +05:00:     from .base_watcher import BaseWatcher, TaskCreationError
2026-02-06 01:44:40 +05:00: ImportError: attempted relative import with no known parent package
2026-02-06 01:45:50 +05:00: Traceback (most recent call last):
2026-02-06 01:45:50 +05:00:   File "/mnt/d/Hackathons/hackathon-0/silver/src/watchers/linkedin_watcher.py", line 15, in <module>
2026-02-06 01:45:50 +05:00:     from .base_watcher import BaseWatcher, TaskCreationError
2026-02-06 01:45:50 +05:00: ImportError: attempted relative import with no known parent package
2026-02-06 01:46:24 +05:00: Traceback (most recent call last):
2026-02-06 01:46:24 +05:00:   File "/mnt/d/Hackathons/hackathon-0/silver/src/watchers/linkedin_watcher.py", line 15, in <module>
2026-02-06 01:46:24 +05:00:     from .base_watcher import BaseWatcher, TaskCreationError
2026-02-06 01:46:24 +05:00: ImportError: attempted relative import with no known parent package
2026-02-06 01:46:50 +05:00: Traceback (most recent call last):
2026-02-06 01:46:50 +05:00:   File "/mnt/d/Hackathons/hackathon-0/silver/src/watchers/linkedin_watcher.py", line 15, in <module>
2026-02-06 01:46:50 +05:00:     from .base_watcher import BaseWatcher, TaskCreationError
2026-02-06 01:46:50 +05:00: ImportError: attempted relative import with no known parent package
2026-02-06 01:47:05 +05:00: Traceback (most recent call last):
2026-02-06 01:47:05 +05:00:   File "/mnt/d/Hackathons/hackathon-0/silver/src/watchers/linkedin_watcher.py", line 15, in <module>
2026-02-06 01:47:05 +05:00:     from .base_watcher import BaseWatcher, TaskCreationError
2026-02-06 01:47:05 +05:00: ImportError: attempted relative import with no known parent package
2026-02-06 01:47:27 +05:00: Traceback (most recent call last):
2026-02-06 01:47:27 +05:00:   File "/mnt/d/Hackathons/hackathon-0/silver/src/watchers/linkedin_watcher.py", line 15, in <module>
2026-02-06 01:47:27 +05:00:     from .base_watcher import BaseWatcher, TaskCreationError
2026-02-06 01:47:27 +05:00: ImportError: attempted relative import with no known parent package
2026-02-06 01:47:39 +05:00: Traceback (most recent call last):
2026-02-06 01:47:39 +05:00:   File "/mnt/d/Hackathons/hackathon-0/silver/src/watchers/linkedin_watcher.py", line 15, in <module>
2026-02-06 01:47:39 +05:00:     from .base_watcher import BaseWatcher, TaskCreationError
2026-02-06 01:47:39 +05:00: ImportError: attempted relative import with no known parent package
2026-02-06 01:47:51 +05:00: Traceback (most recent call last):
2026-02-06 01:47:51 +05:00:   File "/mnt/d/Hackathons/hackathon-0/silver/src/watchers/linkedin_watcher.py", line 15, in <module>
2026-02-06 01:47:51 +05:00:     from .base_watcher import BaseWatcher, TaskCreationError
2026-02-06 01:47:51 +05:00: ImportError: attempted relative import with no known parent package
2026-02-06 01:48:32 +05:00: Traceback (most recent call last):
2026-02-06 01:48:32 +05:00:   File "/mnt/d/Hackathons/hackathon-0/silver/src/watchers/linkedin_watcher.py", line 15, in <module>
2026-02-06 01:48:32 +05:00:     from .base_watcher import BaseWatcher, TaskCreationError
2026-02-06 01:48:32 +05:00: ImportError: attempted relative import with no known parent package
2026-02-06 01:48:40 +05:00: Traceback (most recent call last):
2026-02-06 01:48:40 +05:00:   File "/mnt/d/Hackathons/hackathon-0/silver/src/watchers/linkedin_watcher.py", line 15, in <module>
2026-02-06 01:48:40 +05:00:     from .base_watcher import BaseWatcher, TaskCreationError
2026-02-06 01:48:40 +05:00: ImportError: attempted relative import with no known parent package
2026-02-06 01:49:03 +05:00: Traceback (most recent call last):
2026-02-06 01:49:03 +05:00:   File "/mnt/d/Hackathons/hackathon-0/silver/src/watchers/linkedin_watcher.py", line 15, in <module>
2026-02-06 01:49:03 +05:00:     from .base_watcher import BaseWatcher, TaskCreationError
2026-02-06 01:49:03 +05:00: ImportError: attempted relative import with no known parent package
2026-02-06 01:49:20 +05:00: Traceback (most recent call last):
2026-02-06 01:49:20 +05:00:   File "/mnt/d/Hackathons/hackathon-0/silver/src/watchers/linkedin_watcher.py", line 15, in <module>
2026-02-06 01:49:20 +05:00:     from .base_watcher import BaseWatcher, TaskCreationError
2026-02-06 01:49:20 +05:00: ImportError: attempted relative import with no known parent package
2026-02-06 01:49:42 +05:00: Traceback (most recent call last):
2026-02-06 01:49:42 +05:00:   File "/mnt/d/Hackathons/hackathon-0/silver/src/watchers/linkedin_watcher.py", line 15, in <module>
2026-02-06 01:49:42 +05:00:     from .base_watcher import BaseWatcher, TaskCreationError
2026-02-06 01:49:42 +05:00: ImportError: attempted relative import with no known parent package
2026-02-06 01:49:53 +05:00: Traceback (most recent call last):
2026-02-06 01:49:53 +05:00:   File "/mnt/d/Hackathons/hackathon-0/silver/src/watchers/linkedin_watcher.py", line 15, in <module>
2026-02-06 01:49:53 +05:00:     from .base_watcher import BaseWatcher, TaskCreationError
2026-02-06 01:49:53 +05:00: ImportError: attempted relative import with no known parent package
2026-02-06 01:50:05 +05:00: Traceback (most recent call last):
2026-02-06 01:50:05 +05:00:   File "/mnt/d/Hackathons/hackathon-0/silver/src/watchers/linkedin_watcher.py", line 15, in <module>
2026-02-06 01:50:05 +05:00:     from .base_watcher import BaseWatcher, TaskCreationError
2026-02-06 01:50:05 +05:00: ImportError: attempted relative import with no known parent package
2026-02-06 01:50:13 +05:00: Traceback (most recent call last):
2026-02-06 01:50:13 +05:00:   File "/mnt/d/Hackathons/hackathon-0/silver/src/watchers/linkedin_watcher.py", line 15, in <module>
2026-02-06 01:50:13 +05:00:     from .base_watcher import BaseWatcher, TaskCreationError
2026-02-06 01:50:13 +05:00: ImportError: attempted relative import with no known parent package
2026-02-06 01:50:20 +05:00: Traceback (most recent call last):
2026-02-06 01:50:20 +05:00:   File "/mnt/d/Hackathons/hackathon-0/silver/src/watchers/linkedin_watcher.py", line 15, in <module>
2026-02-06 01:50:20 +05:00:     from .base_watcher import BaseWatcher, TaskCreationError
2026-02-06 01:50:20 +05:00: ImportError: attempted relative import with no known parent package
2026-02-06 01:50:28 +05:00: Traceback (most recent call last):
2026-02-06 01:50:28 +05:00:   File "/mnt/d/Hackathons/hackathon-0/silver/src/watchers/linkedin_watcher.py", line 15, in <module>
2026-02-06 01:50:28 +05:00:     from .base_watcher import BaseWatcher, TaskCreationError
2026-02-06 01:50:28 +05:00: ImportError: attempted relative import with no known parent package
2026-02-06 01:50:40 +05:00: Traceback (most recent call last):
2026-02-06 01:50:40 +05:00:   File "/mnt/d/Hackathons/hackathon-0/silver/src/watchers/linkedin_watcher.py", line 15, in <module>
2026-02-06 01:50:40 +05:00:     from .base_watcher import BaseWatcher, TaskCreationError
2026-02-06 01:50:40 +05:00: ImportError: attempted relative import with no known parent package
2026-02-06 01:50:50 +05:00: Traceback (most recent call last):
2026-02-06 01:50:50 +05:00:   File "/mnt/d/Hackathons/hackathon-0/silver/src/watchers/linkedin_watcher.py", line 15, in <module>
2026-02-06 01:50:50 +05:00:     from .base_watcher import BaseWatcher, TaskCreationError
2026-02-06 01:50:50 +05:00: ImportError: attempted relative import with no known parent package
2026-02-06 01:51:04 +05:00: Traceback (most recent call last):
2026-02-06 01:51:04 +05:00:   File "/mnt/d/Hackathons/hackathon-0/silver/src/watchers/linkedin_watcher.py", line 15, in <module>
2026-02-06 01:51:04 +05:00:     from .base_watcher import BaseWatcher, TaskCreationError
2026-02-06 01:51:04 +05:00: ImportError: attempted relative import with no known parent package
2026-02-06 01:51:14 +05:00: Traceback (most recent call last):
2026-02-06 01:51:14 +05:00:   File "/mnt/d/Hackathons/hackathon-0/silver/src/watchers/linkedin_watcher.py", line 15, in <module>
2026-02-06 01:51:14 +05:00:     from .base_watcher import BaseWatcher, TaskCreationError
2026-02-06 01:51:14 +05:00: ImportError: attempted relative import with no known parent package
2026-02-06 01:51:22 +05:00: Traceback (most recent call last):
2026-02-06 01:51:22 +05:00:   File "/mnt/d/Hackathons/hackathon-0/silver/src/watchers/linkedin_watcher.py", line 15, in <module>
2026-02-06 01:51:22 +05:00:     from .base_watcher import BaseWatcher, TaskCreationError
2026-02-06 01:51:22 +05:00: ImportError: attempted relative import with no known parent package
2026-02-06 01:51:32 +05:00: Traceback (most recent call last):
2026-02-06 01:51:32 +05:00:   File "/mnt/d/Hackathons/hackathon-0/silver/src/watchers/linkedin_watcher.py", line 15, in <module>
2026-02-06 01:51:32 +05:00:     from .base_watcher import BaseWatcher, TaskCreationError
2026-02-06 01:51:32 +05:00: ImportError: attempted relative import with no known parent package
2026-02-06 01:51:41 +05:00: Traceback (most recent call last):
2026-02-06 01:51:41 +05:00:   File "/mnt/d/Hackathons/hackathon-0/silver/src/watchers/linkedin_watcher.py", line 15, in <module>
2026-02-06 01:51:41 +05:00:     from .base_watcher import BaseWatcher, TaskCreationError
2026-02-06 01:51:41 +05:00: ImportError: attempted relative import with no known parent package
2026-02-06 01:51:50 +05:00: Traceback (most recent call last):
2026-02-06 01:51:50 +05:00:   File "/mnt/d/Hackathons/hackathon-0/silver/src/watchers/linkedin_watcher.py", line 15, in <module>
2026-02-06 01:51:50 +05:00:     from .base_watcher import BaseWatcher, TaskCreationError
2026-02-06 01:51:50 +05:00: ImportError: attempted relative import with no known parent package
2026-02-06 01:51:59 +05:00: Traceback (most recent call last):
2026-02-06 01:51:59 +05:00:   File "/mnt/d/Hackathons/hackathon-0/silver/src/watchers/linkedin_watcher.py", line 15, in <module>
2026-02-06 01:51:59 +05:00:     from .base_watcher import BaseWatcher, TaskCreationError
2026-02-06 01:51:59 +05:00: ImportError: attempted relative import with no known parent package
2026-02-06 01:52:08 +05:00: Traceback (most recent call last):
2026-02-06 01:52:08 +05:00:   File "/mnt/d/Hackathons/hackathon-0/silver/src/watchers/linkedin_watcher.py", line 15, in <module>
2026-02-06 01:52:09 +05:00:     from .base_watcher import BaseWatcher, TaskCreationError
2026-02-06 01:52:09 +05:00: ImportError: attempted relative import with no known parent package
2026-02-06 01:52:18 +05:00: Traceback (most recent call last):
2026-02-06 01:52:18 +05:00:   File "/mnt/d/Hackathons/hackathon-0/silver/src/watchers/linkedin_watcher.py", line 15, in <module>
2026-02-06 01:52:18 +05:00:     from .base_watcher import BaseWatcher, TaskCreationError
2026-02-06 01:52:18 +05:00: ImportError: attempted relative import with no known parent package
2026-02-06 01:52:27 +05:00: Traceback (most recent call last):
2026-02-06 01:52:27 +05:00:   File "/mnt/d/Hackathons/hackathon-0/silver/src/watchers/linkedin_watcher.py", line 15, in <module>
2026-02-06 01:52:27 +05:00:     from .base_watcher import BaseWatcher, TaskCreationError
2026-02-06 01:52:27 +05:00: ImportError: attempted relative import with no known parent package
2026-02-06 01:52:35 +05:00: Traceback (most recent call last):
2026-02-06 01:52:35 +05:00:   File "/mnt/d/Hackathons/hackathon-0/silver/src/watchers/linkedin_watcher.py", line 15, in <module>
2026-02-06 01:52:35 +05:00:     from .base_watcher import BaseWatcher, TaskCreationError
2026-02-06 01:52:35 +05:00: ImportError: attempted relative import with no known parent package
2026-02-06 01:52:44 +05:00: Traceback (most recent call last):
2026-02-06 01:52:44 +05:00:   File "/mnt/d/Hackathons/hackathon-0/silver/src/watchers/linkedin_watcher.py", line 15, in <module>
2026-02-06 01:52:44 +05:00:     from .base_watcher import BaseWatcher, TaskCreationError
2026-02-06 01:52:44 +05:00: ImportError: attempted relative import with no known parent package
2026-02-06 01:52:52 +05:00: Traceback (most recent call last):
2026-02-06 01:52:52 +05:00:   File "/mnt/d/Hackathons/hackathon-0/silver/src/watchers/linkedin_watcher.py", line 15, in <module>
2026-02-06 01:52:52 +05:00:     from .base_watcher import BaseWatcher, TaskCreationError
2026-02-06 01:52:52 +05:00: ImportError: attempted relative import with no known parent package
2026-02-06 01:53:02 +05:00: Traceback (most recent call last):
2026-02-06 01:53:02 +05:00:   File "/mnt/d/Hackathons/hackathon-0/silver/src/watchers/linkedin_watcher.py", line 15, in <module>
2026-02-06 01:53:02 +05:00:     from .base_watcher import BaseWatcher, TaskCreationError
2026-02-06 01:53:02 +05:00: ImportError: attempted relative import with no known parent package
2026-02-06 01:53:09 +05:00: Traceback (most recent call last):
2026-02-06 01:53:09 +05:00:   File "/mnt/d/Hackathons/hackathon-0/silver/src/watchers/linkedin_watcher.py", line 15, in <module>
2026-02-06 01:53:09 +05:00:     from .base_watcher import BaseWatcher, TaskCreationError
2026-02-06 01:53:09 +05:00: ImportError: attempted relative import with no known parent package
2026-02-06 01:53:17 +05:00: Traceback (most recent call last):
2026-02-06 01:53:17 +05:00:   File "/mnt/d/Hackathons/hackathon-0/silver/src/watchers/linkedin_watcher.py", line 15, in <module>
2026-02-06 01:53:17 +05:00:     from .base_watcher import BaseWatcher, TaskCreationError
2026-02-06 01:53:17 +05:00: ImportError: attempted relative import with no known parent package
2026-02-06 01:53:28 +05:00: Traceback (most recent call last):
2026-02-06 01:53:28 +05:00:   File "/mnt/d/Hackathons/hackathon-0/silver/src/watchers/linkedin_watcher.py", line 15, in <module>
2026-02-06 01:53:28 +05:00:     from .base_watcher import BaseWatcher, TaskCreationError
2026-02-06 01:53:28 +05:00: ImportError: attempted relative import with no known parent package
2026-02-06 01:53:36 +05:00: Traceback (most recent call last):
2026-02-06 01:53:36 +05:00:   File "/mnt/d/Hackathons/hackathon-0/silver/src/watchers/linkedin_watcher.py", line 15, in <module>
2026-02-06 01:53:36 +05:00:     from .base_watcher import BaseWatcher, TaskCreationError
2026-02-06 01:53:36 +05:00: ImportError: attempted relative import with no known parent package
2026-02-06 01:53:43 +05:00: Traceback (most recent call last):
2026-02-06 01:53:43 +05:00:   File "/mnt/d/Hackathons/hackathon-0/silver/src/watchers/linkedin_watcher.py", line 15, in <module>
2026-02-06 01:53:43 +05:00:     from .base_watcher import BaseWatcher, TaskCreationError
2026-02-06 01:53:43 +05:00: ImportError: attempted relative import with no known parent package
2026-02-06 01:53:52 +05:00: Traceback (most recent call last):
2026-02-06 01:53:52 +05:00:   File "/mnt/d/Hackathons/hackathon-0/silver/src/watchers/linkedin_watcher.py", line 15, in <module>
2026-02-06 01:53:52 +05:00:     from .base_watcher import BaseWatcher, TaskCreationError
2026-02-06 01:53:52 +05:00: ImportError: attempted relative import with no known parent package
2026-02-06 01:54:02 +05:00: Traceback (most recent call last):
2026-02-06 01:54:02 +05:00:   File "/mnt/d/Hackathons/hackathon-0/silver/src/watchers/linkedin_watcher.py", line 15, in <module>
2026-02-06 01:54:02 +05:00:     from .base_watcher import BaseWatcher, TaskCreationError
2026-02-06 01:54:02 +05:00: ImportError: attempted relative import with no known parent package
2026-02-06 01:54:09 +05:00: Traceback (most recent call last):
2026-02-06 01:54:09 +05:00:   File "/mnt/d/Hackathons/hackathon-0/silver/src/watchers/linkedin_watcher.py", line 15, in <module>
2026-02-06 01:54:09 +05:00:     from .base_watcher import BaseWatcher, TaskCreationError
2026-02-06 01:54:09 +05:00: ImportError: attempted relative import with no known parent package
2026-02-06 01:54:19 +05:00: Traceback (most recent call last):
2026-02-06 01:54:19 +05:00:   File "/mnt/d/Hackathons/hackathon-0/silver/src/watchers/linkedin_watcher.py", line 15, in <module>
2026-02-06 01:54:19 +05:00:     
2026-02-06 01:54:19 +05:00: from .base_watcher import BaseWatcher, TaskCreationError
2026-02-06 01:54:19 +05:00: ImportError: attempted relative import with no known parent package
2026-02-06 01:54:28 +05:00: Traceback (most recent call last):
2026-02-06 01:54:28 +05:00:   File "/mnt/d/Hackathons/hackathon-0/silver/src/watchers/linkedin_watcher.py", line 15, in <module>
2026-02-06 01:54:28 +05:00:     from .base_watcher import BaseWatcher, TaskCreationError
2026-02-06 01:54:28 +05:00: ImportError: attempted relative import with no known parent package
2026-02-06 01:54:38 +05:00: Traceback (most recent call last):
2026-02-06 01:54:38 +05:00:   File "/mnt/d/Hackathons/hackathon-0/silver/src/watchers/linkedin_watcher.py", line 15, in <module>
2026-02-06 01:54:38 +05:00:     from .base_watcher import BaseWatcher, TaskCreationError
2026-02-06 01:54:38 +05:00: ImportError: attempted relative import with no known parent package
2026-02-06 01:54:48 +05:00: Traceback (most recent call last):
2026-02-06 01:54:48 +05:00:   File "/mnt/d/Hackathons/hackathon-0/silver/src/watchers/linkedin_watcher.py", line 15, in <module>
2026-02-06 01:54:48 +05:00:     from .base_watcher import BaseWatcher, TaskCreationError
2026-02-06 01:54:48 +05:00: ImportError: attempted relative import with no known parent package
2026-02-06 01:54:56 +05:00: Traceback (most recent call last):
2026-02-06 01:54:56 +05:00:   File "/mnt/d/Hackathons/hackathon-0/silver/src/watchers/linkedin_watcher.py", line 15, in <module>
2026-02-06 01:54:56 +05:00:     from .base_watcher import BaseWatcher, TaskCreationError
2026-02-06 01:54:56 +05:00: ImportError: attempted relative import with no known parent package
2026-02-06 01:55:03 +05:00: Traceback (most recent call last):
2026-02-06 01:55:03 +05:00:   File "/mnt/d/Hackathons/hackathon-0/silver/src/watchers/linkedin_watcher.py", line 15, in <module>
2026-02-06 01:55:03 +05:00:     from .base_watcher import BaseWatcher, TaskCreationError
2026-02-06 01:55:03 +05:00: ImportError: attempted relative import with no known parent package
2026-02-06 01:55:11 +05:00: Traceback (most recent call last):
2026-02-06 01:55:11 +05:00:   File "/mnt/d/Hackathons/hackathon-0/silver/src/watchers/linkedin_watcher.py", line 15, in <module>
2026-02-06 01:55:11 +05:00:     from .base_watcher import BaseWatcher, TaskCreationError
2026-02-06 01:55:11 +05:00: ImportError: attempted relative import with no known parent package
2026-02-06 01:55:18 +05:00: Traceback (most recent call last):
2026-02-06 01:55:18 +05:00:   File "/mnt/d/Hackathons/hackathon-0/silver/src/watchers/linkedin_watcher.py", line 15, in <module>
2026-02-06 01:55:18 +05:00:     from .base_watcher import BaseWatcher, TaskCreationError
2026-02-06 01:55:18 +05:00: ImportError: attempted relative import with no known parent package
2026-02-06 01:55:26 +05:00: Traceback (most recent call last):
2026-02-06 01:55:26 +05:00:   File "/mnt/d/Hackathons/hackathon-0/silver/src/watchers/linkedin_watcher.py", line 15, in <module>
2026-02-06 01:55:26 +05:00:     from .base_watcher import BaseWatcher, TaskCreationError
2026-02-06 01:55:26 +05:00: ImportError: attempted relative import with no known parent package
2026-02-06 01:55:33 +05:00: Traceback (most recent call last):
2026-02-06 01:55:33 +05:00:   File "/mnt/d/Hackathons/hackathon-0/silver/src/watchers/linkedin_watcher.py", line 15, in <module>
2026-02-06 01:55:33 +05:00:     from .base_watcher import BaseWatcher, TaskCreationError
2026-02-06 01:55:33 +05:00: ImportError: attempted relative import with no known parent package
2026-02-06 01:55:41 +05:00: Traceback (most recent call last):
2026-02-06 01:55:41 +05:00:   File "/mnt/d/Hackathons/hackathon-0/silver/src/watchers/linkedin_watcher.py", line 15, in <module>
2026-02-06 01:55:41 +05:00:     from .base_watcher import BaseWatcher, TaskCreationError
2026-02-06 01:55:41 +05:00: ImportError: attempted relative import with no known parent package
2026-02-06 01:55:50 +05:00: Traceback (most recent call last):
2026-02-06 01:55:50 +05:00:   File "/mnt/d/Hackathons/hackathon-0/silver/src/watchers/linkedin_watcher.py", line 15, in <module>
2026-02-06 01:55:50 +05:00:     from .base_watcher import BaseWatcher, TaskCreationError
2026-02-06 01:55:50 +05:00: ImportError: attempted relative import with no known parent package
2026-02-06 01:55:58 +05:00: Traceback (most recent call last):
2026-02-06 01:55:58 +05:00:   File "/mnt/d/Hackathons/hackathon-0/silver/src/watchers/linkedin_watcher.py", line 15, in <module>
2026-02-06 01:55:58 +05:00:     from .base_watcher import BaseWatcher, TaskCreationError
2026-02-06 01:55:58 +05:00: ImportError: attempted relative import with no known parent package
2026-02-06 01:56:07 +05:00: Traceback (most recent call last):
2026-02-06 01:56:07 +05:00:   File "/mnt/d/Hackathons/hackathon-0/silver/src/watchers/linkedin_watcher.py", line 15, in <module>
2026-02-06 01:56:07 +05:00:     from .base_watcher import BaseWatcher, TaskCreationError
2026-02-06 01:56:07 +05:00: ImportError: attempted relative import with no known parent package
2026-02-06 01:56:14 +05:00: Traceback (most recent call last):
2026-02-06 01:56:14 +05:00:   File "/mnt/d/Hackathons/hackathon-0/silver/src/watchers/linkedin_watcher.py", line 15, in <module>
2026-02-06 01:56:14 +05:00:     from .base_watcher import BaseWatcher, TaskCreationError
2026-02-06 01:56:14 +05:00: attempted relative import with no known parent package
2026-02-06 01:56:22 +05:00: Traceback (most recent call last):
2026-02-06 01:56:22 +05:00:   File "/mnt/d/Hackathons/hackathon-0/silver/src/watchers/linkedin_watcher.py", line 15, in <module>
2026-02-06 01:56:22 +05:00:     from .base_watcher import BaseWatcher, TaskCreationError
2026-02-06 01:56:22 +05:00: ImportError: attempted relative import with no known parent package
2026-02-06 01:56:29 +05:00: Traceback (most recent call last):
2026-02-06 01:56:29 +05:00:   File "/mnt/d/Hackathons/hackathon-0/silver/src/watchers/linkedin_watcher.py", line 15, in <module>
2026-02-06 01:56:29 +05:00:     from .base_watcher import BaseWatcher, TaskCreationError
2026-02-06 01:56:29 +05:00: ImportError: attempted relative import with no known parent package
2026-02-06 01:56:36 +05:00: Traceback (most recent call last):
2026-02-06 01:56:36 +05:00:   File "/mnt/d/Hackathons/hackathon-0/silver/src/watchers/linkedin_watcher.py", line 15, in <module>
2026-02-06 01:56:36 +05:00:     from .base_watcher import BaseWatcher, TaskCreationError
2026-02-06 01:56:36 +05:00: ImportError: attempted relative import with no known parent package
2026-02-06 01:56:44 +05:00: Traceback (most recent call last):
2026-02-06 01:56:44 +05:00:   File "/mnt/d/Hackathons/hackathon-0/silver/src/watchers/linkedin_watcher.py", line 15, in <module>
2026-02-06 01:56:44 +05:00:     from .base_watcher import BaseWatcher, TaskCreationError
2026-02-06 01:56:44 +05:00: 
2026-02-06 01:56:52 +05:00: Traceback (most recent call last):
2026-02-06 01:56:52 +05:00:   File "/mnt/d/Hackathons/hackathon-0/silver/src/watchers/linkedin_watcher.py", line 15, in <module>
2026-02-06 01:56:52 +05:00:     from .base_watcher import BaseWatcher, TaskCreationError
2026-02-06 01:56:52 +05:00: : attempted relative import with no known parent package
2026-02-06 01:57:01 +05:00: Traceback (most recent call last):
2026-02-06 01:57:01 +05:00:   File "/mnt/d/Hackathons/hackathon-0/silver/src/watchers/linkedin_watcher.py", line 15, in <module>
2026-02-06 01:57:01 +05:00:     from .base_watcher import BaseWatcher, TaskCreationError
2026-02-06 01:57:01 +05:00: ImportError: attempted relative import with no known parent package
2026-02-06 01:57:10 +05:00: Traceback (most recent call last):
2026-02-06 01:57:10 +05:00:   File "/mnt/d/Hackathons/hackathon-0/silver/src/watchers/linkedin_watcher.py", line 15, in <module>
2026-02-06 01:57:10 +05:00:     from .base_watcher import BaseWatcher, TaskCreationError
2026-02-06 01:57:10 +05:00: ImportError: attempted relative import with no known parent package
2026-02-06 01:57:18 +05:00: Traceback (most recent call last):
2026-02-06 01:57:18 +05:00:   File "/mnt/d/Hackathons/hackathon-0/silver/src/watchers/linkedin_watcher.py", line 15, in <module>
2026-02-06 01:57:18 +05:00:     from .base_watcher import BaseWatcher, TaskCreationError
2026-02-06 01:57:18 +05:00: ImportError: attempted relative import with no known parent package
2026-02-06 01:57:26 +05:00: Traceback (most recent call last):
2026-02-06 01:57:26 +05:00:   File "/mnt/d/Hackathons/hackathon-0/silver/src/watchers/linkedin_watcher.py", line 15, in <module>
2026-02-06 01:57:26 +05:00:     from .base_watcher import BaseWatcher, TaskCreationError
2026-02-06 01:57:26 +05:00: ImportError: attempted relative import with no known parent package
2026-02-06 01:57:34 +05:00: Traceback (most recent call last):
2026-02-06 01:57:34 +05:00:   File "/mnt/d/Hackathons/hackathon-0/silver/src/watchers/linkedin_watcher.py", line 15, in <module>
2026-02-06 01:57:34 +05:00:     from .base_watcher import BaseWatcher, TaskCreationError
2026-02-06 01:57:34 +05:00: ImportError: attempted relative import with no known parent package
2026-02-06 01:57:41 +05:00: Traceback (most recent call last):
2026-02-06 01:57:41 +05:00:   File "/mnt/d/Hackathons/hackathon-0/silver/src/watchers/linkedin_watcher.py", line 15, in <module>
2026-02-06 01:57:42 +05:00:     from .base_watcher import BaseWatcher, TaskCreationError
2026-02-06 01:57:42 +05:00: ImportError: attempted relative import with no known parent package
2026-02-06 01:57:49 +05:00: Traceback (most recent call last):
2026-02-06 01:57:49 +05:00:   File "/mnt/d/Hackathons/hackathon-0/silver/src/watchers/linkedin_watcher.py", line 15, in <module>
2026-02-06 01:57:49 +05:00:     from .base_watcher import BaseWatcher, TaskCreationError
2026-02-06 01:57:49 +05:00: ImportError: attempted relative import with no known parent package
2026-02-06 01:57:57 +05:00: Traceback (most recent call last):
2026-02-06 01:57:57 +05:00:   File "/mnt/d/Hackathons/hackathon-0/silver/src/watchers/linkedin_watcher.py", line 15, in <module>
2026-02-06 01:57:57 +05:00:     from .base_watcher import BaseWatcher, TaskCreationError
2026-02-06 01:57:57 +05:00: ImportError: attempted relative import with no known parent package
2026-02-06 01:58:05 +05:00: Traceback (most recent call last):
2026-02-06 01:58:05 +05:00:   File "/mnt/d/Hackathons/hackathon-0/silver/src/watchers/linkedin_watcher.py", line 15, in <module>
2026-02-06 01:58:05 +05:00:     from .base_watcher import BaseWatcher, TaskCreationError
2026-02-06 01:58:05 +05:00: ImportError: attempted relative import with no known parent package
2026-02-06 01:58:14 +05:00: Traceback (most recent call last):
2026-02-06 01:58:14 +05:00:   File "/mnt/d/Hackathons/hackathon-0/silver/src/watchers/linkedin_watcher.py", line 15, in <module>
2026-02-06 01:58:14 +05:00:     from .base_watcher import BaseWatcher, TaskCreationError
2026-02-06 01:58:14 +05:00: ImportError: attempted relative import with no known parent package
2026-02-06 01:58:24 +05:00: Traceback (most recent call last):
2026-02-06 01:58:24 +05:00:   File "/mnt/d/Hackathons/hackathon-0/silver/src/watchers/linkedin_watcher.py", line 15, in <module>
2026-02-06 01:58:24 +05:00:     from .base_watcher import BaseWatcher, TaskCreationError
2026-02-06 01:58:24 +05:00: ImportError: attempted relative import with no known parent package
2026-02-06 01:58:33 +05:00: Traceback (most recent call last):
2026-02-06 01:58:33 +05:00:   File "/mnt/d/Hackathons/hackathon-0/silver/src/watchers/linkedin_watcher.py", line 15, in <module>
2026-02-06 01:58:33 +05:00:     from .base_watcher import BaseWatcher, TaskCreationError
2026-02-06 01:58:33 +05:00: ImportError: attempted relative import with no known parent package
2026-02-06 01:58:42 +05:00: Traceback (most recent call last):
2026-02-06 01:58:42 +05:00:   File "/mnt/d/Hackathons/hackathon-0/silver/src/watchers/linkedin_watcher.py", line 15, in <module>
2026-02-06 01:58:42 +05:00:     from .base_watcher import BaseWatcher, TaskCreationError
2026-02-06 01:58:42 +05:00: ImportError: attempted relative import with no known parent package
2026-02-06 01:58:50 +05:00: Traceback (most recent call last):
2026-02-06 01:58:50 +05:00:   File "/mnt/d/Hackathons/hackathon-0/silver/src/watchers/linkedin_watcher.py", line 15, in <module>
2026-02-06 01:58:50 +05:00:     from .base_watcher import BaseWatcher, TaskCreationError
2026-02-06 01:58:50 +05:00: ImportError: attempted relative import with no known parent package
2026-02-06 01:58:59 +05:00: Traceback (most recent call last):
2026-02-06 01:58:59 +05:00:   File "/mnt/d/Hackathons/hackathon-0/silver/src/watchers/linkedin_watcher.py", line 15, in <module>
2026-02-06 01:58:59 +05:00:     from .base_watcher import BaseWatcher, TaskCreationError
2026-02-06 01:58:59 +05:00: ImportError: attempted relative import with no known parent package
2026-02-06 01:59:07 +05:00: Traceback (most recent call last):
2026-02-06 01:59:07 +05:00:   File "/mnt/d/Hackathons/hackathon-0/silver/src/watchers/linkedin_watcher.py", line 15, in <module>
2026-02-06 01:59:07 +05:00:     from .base_watcher import BaseWatcher, TaskCreationError
2026-02-06 01:59:07 +05:00: ImportError: attempted relative import with no known parent package
2026-02-06 01:59:15 +05:00: Traceback (most recent call last):
2026-02-06 01:59:15 +05:00:   File "/mnt/d/Hackathons/hackathon-0/silver/src/watchers/linkedin_watcher.py", line 15, in <module>
2026-02-06 01:59:15 +05:00:     from .base_watcher import BaseWatcher, TaskCreationError
2026-02-06 01:59:15 +05:00: ImportError: attempted relative import with no known parent package
2026-02-06 01:59:23 +05:00: Traceback (most recent call last):
2026-02-06 01:59:23 +05:00:   File "/mnt/d/Hackathons/hackathon-0/silver/src/watchers/linkedin_watcher.py", line 15, in <module>
2026-02-06 01:59:23 +05:00:     from .base_watcher import BaseWatcher, TaskCreationError
2026-02-06 01:59:23 +05:00: ImportError: attempted relative import with no known parent package
2026-02-06 01:59:33 +05:00: Traceback (most recent call last):
2026-02-06 01:59:33 +05:00:   File "/mnt/d/Hackathons/hackathon-0/silver/src/watchers/linkedin_watcher.py", line 15, in <module>
2026-02-06 01:59:34 +05:00:     from .base_watcher import BaseWatcher, TaskCreationError
2026-02-06 01:59:34 +05:00: ImportError: attempted relative import with no known parent package
2026-02-06 01:59:42 +05:00: Traceback (most recent call last):
2026-02-06 01:59:42 +05:00:   File "/mnt/d/Hackathons/hackathon-0/silver/src/watchers/linkedin_watcher.py", line 15, in <module>
2026-02-06 01:59:42 +05:00:     from .base_watcher import BaseWatcher, TaskCreationError
2026-02-06 01:59:42 +05:00: ImportError: attempted relative import with no known parent package
2026-02-06 01:59:49 +05:00: Traceback (most recent call last):
2026-02-06 01:59:49 +05:00:   File "/mnt/d/Hackathons/hackathon-0/silver/src/watchers/linkedin_watcher.py", line 15, in <module>
2026-02-06 01:59:49 +05:00:     from .base_watcher import BaseWatcher, TaskCreationError
2026-02-06 01:59:49 +05:00: ImportError: attempted relative import with no known parent package
2026-02-06 01:59:58 +05:00: Traceback (most recent call last):
2026-02-06 01:59:58 +05:00:   File "/mnt/d/Hackathons/hackathon-0/silver/src/watchers/linkedin_watcher.py", line 15, in <module>
2026-02-06 01:59:59 +05:00:     from .base_watcher import BaseWatcher, TaskCreationError
2026-02-06 01:59:59 +05:00: ImportError: attempted relative import with no known parent package
2026-02-06 02:00:08 +05:00: Traceback (most recent call last):
2026-02-06 02:00:08 +05:00:   File "/mnt/d/Hackathons/hackathon-0/silver/src/watchers/linkedin_watcher.py", line 15, in <module>
2026-02-06 02:00:08 +05:00:     from .base_watcher import BaseWatcher, TaskCreationError
2026-02-06 02:00:08 +05:00: ImportError: attempted relative import with no known parent package
2026-02-06 02:00:16 +05:00: Traceback (most recent call last):
2026-02-06 02:00:16 +05:00:   File "/mnt/d/Hackathons/hackathon-0/silver/src/watchers/linkedin_watcher.py", line 15, in <module>
2026-02-06 02:00:16 +05:00:     from .base_watcher import BaseWatcher, TaskCreationError
2026-02-06 02:00:16 +05:00: ImportError: attempted relative import with no known parent package
2026-02-06 02:00:26 +05:00: Traceback (most recent call last):
2026-02-06 02:00:26 +05:00:   File "/mnt/d/Hackathons/hackathon-0/silver/src/watchers/linkedin_watcher.py", line 15, in <module>
2026-02-06 02:00:26 +05:00:     from .base_watcher import BaseWatcher, TaskCreationError
2026-02-06 02:00:26 +05:00: ImportError: attempted relative import with no known parent package
2026-02-06 02:00:33 +05:00: Traceback (most recent call last):
2026-02-06 02:00:33 +05:00:   File "/mnt/d/Hackathons/hackathon-0/silver/src/watchers/linkedin_watcher.py", line 15, in <module>
2026-02-06 02:00:33 +05:00:     from .base_watcher import BaseWatcher, TaskCreationError
2026-02-06 02:00:33 +05:00: ImportError: attempted relative import with no known parent package
2026-02-06 02:00:42 +05:00: Traceback (most recent call last):
2026-02-06 02:00:42 +05:00:   File "/mnt/d/Hackathons/hackathon-0/silver/src/watchers/linkedin_watcher.py", line 15, in <module>
2026-02-06 02:00:42 +05:00:     from .base_watcher import BaseWatcher, TaskCreationError
2026-02-06 02:00:42 +05:00: ImportError: attempted relative import with no known parent package
2026-02-06 02:00:52 +05:00: Traceback (most recent call last):
2026-02-06 02:00:52 +05:00:   File "/mnt/d/Hackathons/hackathon-0/silver/src/watchers/linkedin_watcher.py", line 15, in <module>
2026-02-06 02:00:52 +05:00:     from .base_watcher import BaseWatcher, TaskCreationError
2026-02-06 02:00:52 +05:00: ImportError: attempted relative import with no known parent package
2026-02-06 02:01:01 +05:00: Traceback (most recent call last):
2026-02-06 02:01:01 +05:00:   File "/mnt/d/Hackathons/hackathon-0/silver/src/watchers/linkedin_watcher.py", line 15, in <module>
2026-02-06 02:01:01 +05:00:     from .base_watcher import BaseWatcher, TaskCreationError
2026-02-06 02:01:01 +05:00: ImportError: attempted relative import with no known parent package
2026-02-06 02:01:09 +05:00: Traceback (most recent call last):
2026-02-06 02:01:09 +05:00:   File "/mnt/d/Hackathons/hackathon-0/silver/src/watchers/linkedin_watcher.py", line 15, in <module>
2026-02-06 02:01:09 +05:00:     from .base_watcher import BaseWatcher, TaskCreationError
2026-02-06 02:01:09 +05:00: ImportError: attempted relative import with no known parent package
2026-02-06 02:01:17 +05:00: Traceback (most recent call last):
2026-02-06 02:01:17 +05:00:   File "/mnt/d/Hackathons/hackathon-0/silver/src/watchers/linkedin_watcher.py", line 15, in <module>
2026-02-06 02:01:17 +05:00:     from .base_watcher import BaseWatcher, TaskCreationError
2026-02-06 02:01:17 +05:00: ImportError: attempted relative import with no known parent package
2026-02-06 02:01:25 +05:00: Traceback (most recent call last):
2026-02-06 02:01:25 +05:00:   File "/mnt/d/Hackathons/hackathon-0/silver/src/watchers/linkedin_watcher.py", line 15, in <module>
2026-02-06 02:01:25 +05:00:     from .base_watcher import BaseWatcher, TaskCreationError
2026-02-06 02:01:25 +05:00: ImportError: attempted relative import with no known parent package
2026-02-06 02:01:33 +05:00: Traceback (most recent call last):
2026-02-06 02:01:33 +05:00:   File "/mnt/d/Hackathons/hackathon-0/silver/src/watchers/linkedin_watcher.py", line 15, in <module>
2026-02-06 02:01:33 +05:00:     from .base_watcher import BaseWatcher, TaskCreationError
2026-02-06 02:01:33 +05:00: ImportError: attempted relative import with no known parent package
2026-02-06 02:01:41 +05:00: Traceback (most recent call last):
2026-02-06 02:01:41 +05:00:   File "/mnt/d/Hackathons/hackathon-0/silver/src/watchers/linkedin_watcher.py", line 15, in <module>
2026-02-06 02:01:41 +05:00:     from .base_watcher import BaseWatcher, TaskCreationError
2026-02-06 02:01:41 +05:00: attempted relative import with no known parent package
2026-02-06 02:01:48 +05:00: Traceback (most recent call last):
2026-02-06 02:01:48 +05:00:   File "/mnt/d/Hackathons/hackathon-0/silver/src/watchers/linkedin_watcher.py", line 15, in <module>
2026-02-06 02:01:48 +05:00:     from .base_watcher import BaseWatcher, TaskCreationError
2026-02-06 02:01:48 +05:00: ImportError: attempted relative import with no known parent package
2026-02-06 02:01:59 +05:00: Traceback (most recent call last):
2026-02-06 02:01:59 +05:00:   File "/mnt/d/Hackathons/hackathon-0/silver/src/watchers/linkedin_watcher.py", line 15, in <module>
2026-02-06 02:01:59 +05:00:     from .base_watcher import BaseWatcher, TaskCreationError
2026-02-06 02:01:59 +05:00: ImportError: attempted relative import with no known parent package
2026-02-06 02:02:08 +05:00: Traceback (most recent call last):
2026-02-06 02:02:08 +05:00:   File "/mnt/d/Hackathons/hackathon-0/silver/src/watchers/linkedin_watcher.py", line 15, in <module>
2026-02-06 02:02:08 +05:00:     from .base_watcher import BaseWatcher, TaskCreationError
2026-02-06 02:02:08 +05:00: ImportError: attempted relative import with no known parent package
2026-02-06 02:02:17 +05:00: Traceback (most recent call last):
2026-02-06 02:02:17 +05:00:   File "/mnt/d/Hackathons/hackathon-0/silver/src/watchers/linkedin_watcher.py", line 15, in <module>
2026-02-06 02:02:17 +05:00:     from .base_watcher import BaseWatcher, TaskCreationError
2026-02-06 02:02:17 +05:00: ImportError: attempted relative import with no known parent package
2026-02-06 02:02:25 +05:00: Traceback (most recent call last):
2026-02-06 02:02:25 +05:00:   File "/mnt/d/Hackathons/hackathon-0/silver/src/watchers/linkedin_watcher.py", line 15, in <module>
2026-02-06 02:02:25 +05:00:     from .base_watcher import BaseWatcher, TaskCreationError
2026-02-06 02:02:25 +05:00: ImportError: attempted relative import with no known parent package
2026-02-06 02:02:34 +05:00: Traceback (most recent call last):
2026-02-06 02:02:34 +05:00:   File "/mnt/d/Hackathons/hackathon-0/silver/src/watchers/linkedin_watcher.py", line 15, in <module>
2026-02-06 02:02:34 +05:00:     from .base_watcher import BaseWatcher, TaskCreationError
2026-02-06 02:02:34 +05:00: ImportError: attempted relative import with no known parent package
2026-02-06 02:02:43 +05:00: Traceback (most recent call last):
2026-02-06 02:02:43 +05:00:   File "/mnt/d/Hackathons/hackathon-0/silver/src/watchers/linkedin_watcher.py", line 15, in <module>
2026-02-06 02:02:43 +05:00:     from .base_watcher import BaseWatcher, TaskCreationError
2026-02-06 02:02:43 +05:00: ImportError: attempted relative import with no known parent package
2026-02-06 02:02:53 +05:00: Traceback (most recent call last):
2026-02-06 02:02:53 +05:00:   File "/mnt/d/Hackathons/hackathon-0/silver/src/watchers/linkedin_watcher.py", line 15, in <module>
2026-02-06 02:02:53 +05:00:     from .base_watcher import BaseWatcher, TaskCreationError
2026-02-06 02:02:53 +05:00: ImportError: attempted relative import with no known parent package
2026-02-06 02:03:03 +05:00: Traceback (most recent call last):
2026-02-06 02:03:03 +05:00:   File "/mnt/d/Hackathons/hackathon-0/silver/src/watchers/linkedin_watcher.py", line 15, in <module>
2026-02-06 02:03:03 +05:00:     from .base_watcher import BaseWatcher, TaskCreationError
2026-02-06 02:03:03 +05:00: ImportError: attempted relative import with no known parent package
2026-02-06 02:03:15 +05:00: Traceback (most recent call last):
2026-02-06 02:03:15 +05:00:   File "/mnt/d/Hackathons/hackathon-0/silver/src/watchers/linkedin_watcher.py", line 15, in <module>
2026-02-06 02:03:15 +05:00:     from .base_watcher import BaseWatcher, TaskCreationError
2026-02-06 02:03:15 +05:00: ImportError: attempted relative import with no known parent package
2026-02-06 02:03:23 +05:00: Traceback (most recent call last):
2026-02-06 02:03:23 +05:00:   File "/mnt/d/Hackathons/hackathon-0/silver/src/watchers/linkedin_watcher.py", line 15, in <module>
2026-02-06 02:03:23 +05:00:     from .base_watcher import BaseWatcher, TaskCreationError
2026-02-06 02:03:23 +05:00: attempted relative import with no known parent package
2026-02-06 02:03:30 +05:00: Traceback (most recent call last):
2026-02-06 02:03:30 +05:00:   File "/mnt/d/Hackathons/hackathon-0/silver/src/watchers/linkedin_watcher.py", line 15, in <module>
2026-02-06 02:03:30 +05:00:     from .base_watcher import BaseWatcher, TaskCreationError
2026-02-06 02:03:30 +05:00: ImportError: attempted relative import with no known parent package
2026-02-06 02:03:38 +05:00: Traceback (most recent call last):
2026-02-06 02:03:38 +05:00:   File "/mnt/d/Hackathons/hackathon-0/silver/src/watchers/linkedin_watcher.py", line 15, in <module>
2026-02-06 02:03:38 +05:00:     from .base_watcher import BaseWatcher, TaskCreationError
2026-02-06 02:03:38 +05:00: ImportError: attempted relative import with no known parent package
2026-02-06 02:03:45 +05:00: Traceback (most recent call last):
2026-02-06 02:03:45 +05:00:   File "/mnt/d/Hackathons/hackathon-0/silver/src/watchers/linkedin_watcher.py", line 15, in <module>
2026-02-06 02:03:45 +05:00:     from .base_watcher import BaseWatcher, TaskCreationError
2026-02-06 02:03:45 +05:00: ImportError: attempted relative import with no known parent package
2026-02-06 02:03:52 +05:00: Traceback (most recent call last):
2026-02-06 02:03:52 +05:00:   File "/mnt/d/Hackathons/hackathon-0/silver/src/watchers/linkedin_watcher.py", line 15, in <module>
2026-02-06 02:03:52 +05:00:     from .base_watcher import BaseWatcher, TaskCreationError
2026-02-06 02:03:52 +05:00: ImportError: attempted relative import with no known parent package
2026-02-06 02:04:00 +05:00: Traceback (most recent call last):
2026-02-06 02:04:00 +05:00:   File "/mnt/d/Hackathons/hackathon-0/silver/src/watchers/linkedin_watcher.py", line 15, in <module>
2026-02-06 02:04:00 +05:00:     from .base_watcher import BaseWatcher, TaskCreationError
2026-02-06 02:04:00 +05:00: ImportError: attempted relative import with no known parent package
2026-02-06 02:04:15 +05:00: Traceback (most recent call last):
2026-02-06 02:04:15 +05:00:   File "/mnt/d/Hackathons/hackathon-0/silver/src/watchers/linkedin_watcher.py", line 15, in <module>
2026-02-06 02:04:15 +05:00:     from .base_watcher import BaseWatcher, TaskCreationError
2026-02-06 02:04:15 +05:00: ImportError: attempted relative import with no known parent package
2026-02-06 02:04:30 +05:00: Traceback (most recent call last):
2026-02-06 02:04:30 +05:00:   File "/mnt/d/Hackathons/hackathon-0/silver/src/watchers/linkedin_watcher.py", line 15, in <module>
2026-02-06 02:04:30 +05:00:     from .base_watcher import BaseWatcher, TaskCreationError
2026-02-06 02:04:30 +05:00: ImportError: attempted relative import with no known parent package
2026-02-06 02:04:40 +05:00: Traceback (most recent call last):
2026-02-06 02:04:40 +05:00:   File "/mnt/d/Hackathons/hackathon-0/silver/src/watchers/linkedin_watcher.py", line 15, in <module>
2026-02-06 02:04:40 +05:00:     from .base_watcher import BaseWatcher, TaskCreationError
2026-02-06 02:04:40 +05:00: ImportError: attempted relative import with no known parent package
2026-02-06 02:04:48 +05:00: Traceback (most recent call last):
2026-02-06 02:04:48 +05:00:   File "/mnt/d/Hackathons/hackathon-0/silver/src/watchers/linkedin_watcher.py", line 15, in <module>
2026-02-06 02:04:48 +05:00:     from .base_watcher import BaseWatcher, TaskCreationError
2026-02-06 02:04:48 +05:00: ImportError: attempted relative import with no known parent package
2026-02-06 02:04:56 +05:00: Traceback (most recent call last):
2026-02-06 02:04:56 +05:00:   File "/mnt/d/Hackathons/hackathon-0/silver/src/watchers/linkedin_watcher.py", line 15, in <module>
2026-02-06 02:04:56 +05:00:     from .base_watcher import BaseWatcher, TaskCreationError
2026-02-06 02:04:56 +05:00: ImportError: attempted relative import with no known parent package
2026-02-06 02:05:24 +05:00: Traceback (most recent call last):
2026-02-06 02:05:24 +05:00:   File "/mnt/d/Hackathons/hackathon-0/silver/src/watchers/linkedin_watcher.py", line 15, in <module>
2026-02-06 02:05:24 +05:00:     from .base_watcher import BaseWatcher, TaskCreationError
2026-02-06 02:05:24 +05:00: ImportError: attempted relative import with no known parent package
2026-02-06 02:05:37 +05:00: Traceback (most recent call last):
2026-02-06 02:05:37 +05:00:   File "/mnt/d/Hackathons/hackathon-0/silver/src/watchers/linkedin_watcher.py", line 15, in <module>
2026-02-06 02:05:37 +05:00:     from .base_watcher import BaseWatcher, TaskCreationError
2026-02-06 02:05:37 +05:00: ImportError: attempted relative import with no known parent package
2026-02-06 02:05:47 +05:00: Traceback (most recent call last):
2026-02-06 02:05:47 +05:00:   File "/mnt/d/Hackathons/hackathon-0/silver/src/watchers/linkedin_watcher.py", line 15, in <module>
2026-02-06 02:05:47 +05:00:     from .base_watcher import BaseWatcher, TaskCreationError
2026-02-06 02:05:47 +05:00: ImportError: attempted relative import with no known parent package
2026-02-06 02:05:57 +05:00: Traceback (most recent call last):
2026-02-06 02:05:57 +05:00:   File "/mnt/d/Hackathons/hackathon-0/silver/src/watchers/linkedin_watcher.py", line 15, in <module>
2026-02-06 02:05:57 +05:00:     from .base_watcher import BaseWatcher, TaskCreationError
2026-02-06 02:05:57 +05:00: ImportError: attempted relative import with no known parent package
2026-02-06 02:06:05 +05:00: Traceback (most recent call last):
2026-02-06 02:06:05 +05:00:   File "/mnt/d/Hackathons/hackathon-0/silver/src/watchers/linkedin_watcher.py", line 15, in <module>
2026-02-06 02:06:05 +05:00:     from .base_watcher import BaseWatcher, TaskCreationError
2026-02-06 02:06:05 +05:00: ImportError: attempted relative import with no known parent package
2026-02-06 02:06:12 +05:00: Traceback (most recent call last):
2026-02-06 02:06:12 +05:00:   File "/mnt/d/Hackathons/hackathon-0/silver/src/watchers/linkedin_watcher.py", line 15, in <module>
2026-02-06 02:06:12 +05:00:     from .base_watcher import BaseWatcher, TaskCreationError
2026-02-06 02:06:12 +05:00: : attempted relative import with no known parent package
2026-02-06 02:06:19 +05:00: Traceback (most recent call last):
2026-02-06 02:06:19 +05:00:   File "/mnt/d/Hackathons/hackathon-0/silver/src/watchers/linkedin_watcher.py", line 15, in <module>
2026-02-06 02:06:19 +05:00:     from .base_watcher import BaseWatcher, TaskCreationError
2026-02-06 02:06:19 +05:00: ImportError: attempted relative import with no known parent package
2026-02-06 02:06:26 +05:00: Traceback (most recent call last):
2026-02-06 02:06:26 +05:00:   File "/mnt/d/Hackathons/hackathon-0/silver/src/watchers/linkedin_watcher.py", line 15, in <module>
2026-02-06 02:06:26 +05:00:     from .base_watcher import BaseWatcher, TaskCreationError
2026-02-06 02:06:26 +05:00: ImportError: attempted relative import with no known parent package
2026-02-06 02:06:38 +05:00: Traceback (most recent call last):
2026-02-06 02:06:38 +05:00:   File "/mnt/d/Hackathons/hackathon-0/silver/src/watchers/linkedin_watcher.py", line 15, in <module>
2026-02-06 02:06:38 +05:00:     from .base_watcher import BaseWatcher, TaskCreationError
2026-02-06 02:06:38 +05:00: ImportError: attempted relative import with no known parent package
2026-02-06 02:06:46 +05:00: Traceback (most recent call last):
2026-02-06 02:06:46 +05:00:   File "/mnt/d/Hackathons/hackathon-0/silver/src/watchers/linkedin_watcher.py", line 15, in <module>
2026-02-06 02:06:46 +05:00:     from .base_watcher import BaseWatcher, TaskCreationError
2026-02-06 02:06:46 +05:00: ImportError: attempted relative import with no known parent package
2026-02-06 02:06:56 +05:00: Traceback (most recent call last):
2026-02-06 02:06:56 +05:00:   File "/mnt/d/Hackathons/hackathon-0/silver/src/watchers/linkedin_watcher.py", line 15, in <module>
2026-02-06 02:06:56 +05:00:     from .base_watcher import BaseWatcher, TaskCreationError
2026-02-06 02:06:56 +05:00: ImportError: attempted relative import with no known parent package
2026-02-06 02:07:04 +05:00: Traceback (most recent call last):
2026-02-06 02:07:04 +05:00:   File "/mnt/d/Hackathons/hackathon-0/silver/src/watchers/linkedin_watcher.py", line 15, in <module>
2026-02-06 02:07:04 +05:00:     from .base_watcher import BaseWatcher, TaskCreationError
2026-02-06 02:07:04 +05:00: ImportError: attempted relative import with no known parent package
2026-02-06 02:07:14 +05:00: Traceback (most recent call last):
2026-02-06 02:07:14 +05:00:   File "/mnt/d/Hackathons/hackathon-0/silver/src/watchers/linkedin_watcher.py", line 15, in <module>
2026-02-06 02:07:14 +05:00:     from .base_watcher import BaseWatcher, TaskCreationError
2026-02-06 02:07:14 +05:00: ImportError: attempted relative import with no known parent package
2026-02-06 02:07:22 +05:00: Traceback (most recent call last):
2026-02-06 02:07:22 +05:00:   File "/mnt/d/Hackathons/hackathon-0/silver/src/watchers/linkedin_watcher.py", line 15, in <module>
2026-02-06 02:07:22 +05:00:     from .base_watcher import BaseWatcher, TaskCreationError
2026-02-06 02:07:22 +05:00: ImportError: attempted relative import with no known parent package
2026-02-06 02:07:31 +05:00: Traceback (most recent call last):
2026-02-06 02:07:31 +05:00:   File "/mnt/d/Hackathons/hackathon-0/silver/src/watchers/linkedin_watcher.py", line 15, in <module>
2026-02-06 02:07:31 +05:00:     from .base_watcher import BaseWatcher, TaskCreationError
2026-02-06 02:07:31 +05:00: : attempted relative import with no known parent package
2026-02-06 02:07:39 +05:00: Traceback (most recent call last):
2026-02-06 02:07:39 +05:00:   File "/mnt/d/Hackathons/hackathon-0/silver/src/watchers/linkedin_watcher.py", line 15, in <module>
2026-02-06 02:07:39 +05:00:     from .base_watcher import BaseWatcher, TaskCreationError
2026-02-06 02:07:39 +05:00: ImportError: attempted relative import with no known parent package
2026-02-06 02:07:46 +05:00: Traceback (most recent call last):
2026-02-06 02:07:46 +05:00:   File "/mnt/d/Hackathons/hackathon-0/silver/src/watchers/linkedin_watcher.py", line 15, in <module>
2026-02-06 02:07:46 +05:00:     from .base_watcher import BaseWatcher, TaskCreationError
2026-02-06 02:07:46 +05:00: ImportError: attempted relative import with no known parent package
2026-02-06 02:07:54 +05:00: Traceback (most recent call last):
2026-02-06 02:07:54 +05:00:   File "/mnt/d/Hackathons/hackathon-0/silver/src/watchers/linkedin_watcher.py", line 15, in <module>
2026-02-06 02:07:54 +05:00:     from .base_watcher import BaseWatcher, TaskCreationError
2026-02-06 02:07:54 +05:00: ImportError: attempted relative import with no known parent package
2026-02-06 02:08:02 +05:00: Traceback (most recent call last):
2026-02-06 02:08:02 +05:00:   File "/mnt/d/Hackathons/hackathon-0/silver/src/watchers/linkedin_watcher.py", line 15, in <module>
2026-02-06 02:08:02 +05:00:     from .base_watcher import BaseWatcher, TaskCreationError
2026-02-06 02:08:02 +05:00: ImportError: attempted relative import with no known parent package
2026-02-06 02:08:11 +05:00: Traceback (most recent call last):
2026-02-06 02:08:11 +05:00:   File "/mnt/d/Hackathons/hackathon-0/silver/src/watchers/linkedin_watcher.py", line 15, in <module>
2026-02-06 02:08:11 +05:00:     from .base_watcher import BaseWatcher, TaskCreationError
2026-02-06 02:08:11 +05:00: ImportError: attempted relative import with no known parent package
2026-02-06 02:08:19 +05:00: Traceback (most recent call last):
2026-02-06 02:08:19 +05:00:   File "/mnt/d/Hackathons/hackathon-0/silver/src/watchers/linkedin_watcher.py", line 15, in <module>
2026-02-06 02:08:19 +05:00:     from .base_watcher import BaseWatcher, TaskCreationError
2026-02-06 02:08:19 +05:00: ImportError: attempted relative import with no known parent package
2026-02-06 02:08:26 +05:00: Traceback (most recent call last):
2026-02-06 02:08:26 +05:00:   File "/mnt/d/Hackathons/hackathon-0/silver/src/watchers/linkedin_watcher.py", line 15, in <module>
2026-02-06 02:08:26 +05:00:     from .base_watcher import BaseWatcher, TaskCreationError
2026-02-06 02:08:26 +05:00: ImportError: attempted relative import with no known parent package
2026-02-06 02:08:34 +05:00: Traceback (most recent call last):
2026-02-06 02:08:34 +05:00:   File "/mnt/d/Hackathons/hackathon-0/silver/src/watchers/linkedin_watcher.py", line 15, in <module>
2026-02-06 02:08:34 +05:00:     from .base_watcher import BaseWatcher, TaskCreationError
2026-02-06 02:08:34 +05:00: ImportError: attempted relative import with no known parent package
2026-02-06 02:08:42 +05:00: Traceback (most recent call last):
2026-02-06 02:08:42 +05:00:   File "/mnt/d/Hackathons/hackathon-0/silver/src/watchers/linkedin_watcher.py", line 15, in <module>
2026-02-06 02:08:42 +05:00:     from .base_watcher import BaseWatcher, TaskCreationError
2026-02-06 02:08:42 +05:00: ImportError: attempted relative import with no known parent package
2026-02-06 02:08:49 +05:00: Traceback (most recent call last):
2026-02-06 02:08:49 +05:00:   File "/mnt/d/Hackathons/hackathon-0/silver/src/watchers/linkedin_watcher.py", line 15, in <module>
2026-02-06 02:08:49 +05:00:     from .base_watcher import BaseWatcher, TaskCreationError
2026-02-06 02:08:49 +05:00: ImportError: attempted relative import with no known parent package
2026-02-06 02:08:57 +05:00: Traceback (most recent call last):
2026-02-06 02:08:57 +05:00:   File "/mnt/d/Hackathons/hackathon-0/silver/src/watchers/linkedin_watcher.py", line 15, in <module>
2026-02-06 02:08:57 +05:00:     from .base_watcher import BaseWatcher, TaskCreationError
2026-02-06 02:08:57 +05:00: ImportError: attempted relative import with no known parent package
2026-02-06 02:09:04 +05:00: Traceback (most recent call last):
2026-02-06 02:09:04 +05:00:   File "/mnt/d/Hackathons/hackathon-0/silver/src/watchers/linkedin_watcher.py", line 15, in <module>
2026-02-06 02:09:04 +05:00:     from .base_watcher import BaseWatcher, TaskCreationError
2026-02-06 02:09:04 +05:00: ImportError: attempted relative import with no known parent package
2026-02-06 02:09:12 +05:00: Traceback (most recent call last):
2026-02-06 02:09:12 +05:00:   File "/mnt/d/Hackathons/hackathon-0/silver/src/watchers/linkedin_watcher.py", line 15, in <module>
2026-02-06 02:09:12 +05:00:     from .base_watcher import BaseWatcher, TaskCreationError
2026-02-06 02:09:12 +05:00: ImportError: attempted relative import with no known parent package
2026-02-06 02:09:21 +05:00: Traceback (most recent call last):
2026-02-06 02:09:21 +05:00:   File "/mnt/d/Hackathons/hackathon-0/silver/src/watchers/linkedin_watcher.py", line 15, in <module>
2026-02-06 02:09:21 +05:00:     from .base_watcher import BaseWatcher, TaskCreationError
2026-02-06 02:09:21 +05:00: ImportError: attempted relative import with no known parent package
2026-02-06 02:09:30 +05:00: Traceback (most recent call last):
2026-02-06 02:09:30 +05:00:   File "/mnt/d/Hackathons/hackathon-0/silver/src/watchers/linkedin_watcher.py", line 15, in <module>
2026-02-06 02:09:30 +05:00:     from .base_watcher import BaseWatcher, TaskCreationError
2026-02-06 02:09:30 +05:00: ImportError: attempted relative import with no known parent package
2026-02-06 02:09:41 +05:00: Traceback (most recent call last):
2026-02-06 02:09:41 +05:00:   File "/mnt/d/Hackathons/hackathon-0/silver/src/watchers/linkedin_watcher.py", line 15, in <module>
2026-02-06 02:09:41 +05:00:     from .base_watcher import BaseWatcher, TaskCreationError
2026-02-06 02:09:41 +05:00: ImportError: attempted relative import with no known parent package
2026-02-06 02:09:50 +05:00: Traceback (most recent call last):
2026-02-06 02:09:50 +05:00:   File "/mnt/d/Hackathons/hackathon-0/silver/src/watchers/linkedin_watcher.py", line 15, in <module>
2026-02-06 02:09:50 +05:00:     from .base_watcher import BaseWatcher, TaskCreationError
2026-02-06 02:09:50 +05:00: 
2026-02-06 02:09:59 +05:00: Traceback (most recent call last):
2026-02-06 02:09:59 +05:00:   File "/mnt/d/Hackathons/hackathon-0/silver/src/watchers/linkedin_watcher.py", line 15, in <module>
2026-02-06 02:09:59 +05:00:     from .base_watcher import BaseWatcher, TaskCreationError
2026-02-06 02:09:59 +05:00: ImportError: attempted relative import with no known parent package
2026-02-06 02:10:06 +05:00: Traceback (most recent call last):
2026-02-06 02:10:06 +05:00:   File "/mnt/d/Hackathons/hackathon-0/silver/src/watchers/linkedin_watcher.py", line 15, in <module>
2026-02-06 02:10:06 +05:00:     from .base_watcher import BaseWatcher, TaskCreationError
2026-02-06 02:10:06 +05:00: ImportError: attempted relative import with no known parent package
2026-02-06 02:10:14 +05:00: Traceback (most recent call last):
2026-02-06 02:10:14 +05:00:   File "/mnt/d/Hackathons/hackathon-0/silver/src/watchers/linkedin_watcher.py", line 15, in <module>
2026-02-06 02:10:14 +05:00:     from .base_watcher import BaseWatcher, TaskCreationError
2026-02-06 02:10:14 +05:00: ImportError: attempted relative import with no known parent package
2026-02-06 02:10:21 +05:00: Traceback (most recent call last):
2026-02-06 02:10:21 +05:00:   File "/mnt/d/Hackathons/hackathon-0/silver/src/watchers/linkedin_watcher.py", line 15, in <module>
2026-02-06 02:10:21 +05:00:     from .base_watcher import BaseWatcher, TaskCreationError
2026-02-06 02:10:21 +05:00: ImportError: attempted relative import with no known parent package
2026-02-06 02:10:30 +05:00: Traceback (most recent call last):
2026-02-06 02:10:30 +05:00:   File "/mnt/d/Hackathons/hackathon-0/silver/src/watchers/linkedin_watcher.py", line 15, in <module>
2026-02-06 02:10:30 +05:00:     from .base_watcher import BaseWatcher, TaskCreationError
2026-02-06 02:10:30 +05:00: ImportError: attempted relative import with no known parent package
2026-02-06 02:10:39 +05:00: Traceback (most recent call last):
2026-02-06 02:10:39 +05:00:   File "/mnt/d/Hackathons/hackathon-0/silver/src/watchers/linkedin_watcher.py", line 15, in <module>
2026-02-06 02:10:39 +05:00:     from .base_watcher import BaseWatcher, TaskCreationError
2026-02-06 02:10:39 +05:00: ImportError: attempted relative import with no known parent package
2026-02-06 02:10:47 +05:00: Traceback (most recent call last):
2026-02-06 02:10:47 +05:00:   File "/mnt/d/Hackathons/hackathon-0/silver/src/watchers/linkedin_watcher.py", line 15, in <module>
2026-02-06 02:10:47 +05:00:     from .base_watcher import BaseWatcher, TaskCreationError
2026-02-06 02:10:47 +05:00: ImportError: attempted relative import with no known parent package
2026-02-06 02:10:55 +05:00: Traceback (most recent call last):
2026-02-06 02:10:55 +05:00:   File "/mnt/d/Hackathons/hackathon-0/silver/src/watchers/linkedin_watcher.py", line 15, in <module>
2026-02-06 02:10:55 +05:00:     from .base_watcher import BaseWatcher, TaskCreationError
2026-02-06 02:10:55 +05:00: ImportError: attempted relative import with no known parent package
2026-02-06 02:11:03 +05:00: Traceback (most recent call last):
2026-02-06 02:11:03 +05:00:   File "/mnt/d/Hackathons/hackathon-0/silver/src/watchers/linkedin_watcher.py", line 15, in <module>
2026-02-06 02:11:03 +05:00:     from .base_watcher import BaseWatcher, TaskCreationError
2026-02-06 02:11:03 +05:00: ImportError: attempted relative import with no known parent package
2026-02-06 02:11:11 +05:00: Traceback (most recent call last):
2026-02-06 02:11:11 +05:00:   File "/mnt/d/Hackathons/hackathon-0/silver/src/watchers/linkedin_watcher.py", line 15, in <module>
2026-02-06 02:11:11 +05:00:     from .base_watcher import BaseWatcher, TaskCreationError
2026-02-06 02:11:11 +05:00: ImportError: attempted relative import with no known parent package
2026-02-06 02:11:18 +05:00: Traceback (most recent call last):
2026-02-06 02:11:18 +05:00:   File "/mnt/d/Hackathons/hackathon-0/silver/src/watchers/linkedin_watcher.py", line 15, in <module>
2026-02-06 02:11:18 +05:00:     from .base_watcher import BaseWatcher, TaskCreationError
2026-02-06 02:11:18 +05:00: ImportError: attempted relative import with no known parent package
2026-02-06 02:11:25 +05:00: Traceback (most recent call last):
2026-02-06 02:11:25 +05:00:   File "/mnt/d/Hackathons/hackathon-0/silver/src/watchers/linkedin_watcher.py", line 15, in <module>
2026-02-06 02:11:25 +05:00:     from .base_watcher import BaseWatcher, TaskCreationError
2026-02-06 02:11:25 +05:00: ImportError: attempted relative import with no known parent package
2026-02-06 02:11:33 +05:00: Traceback (most recent call last):
2026-02-06 02:11:33 +05:00:   File "/mnt/d/Hackathons/hackathon-0/silver/src/watchers/linkedin_watcher.py", line 15, in <module>
2026-02-06 02:11:33 +05:00:     from .base_watcher import BaseWatcher, TaskCreationError
2026-02-06 02:11:33 +05:00: ImportError: attempted relative import with no known parent package
2026-02-06 02:11:40 +05:00: Traceback (most recent call last):
2026-02-06 02:11:40 +05:00:   File "/mnt/d/Hackathons/hackathon-0/silver/src/watchers/linkedin_watcher.py", line 15, in <module>
2026-02-06 02:11:40 +05:00:     from .base_watcher import BaseWatcher, TaskCreationError
2026-02-06 02:11:40 +05:00: ImportError: attempted relative import with no known parent package
2026-02-06 02:11:49 +05:00: Traceback (most recent call last):
2026-02-06 02:11:49 +05:00:   File "/mnt/d/Hackathons/hackathon-0/silver/src/watchers/linkedin_watcher.py", line 15, in <module>
2026-02-06 02:11:49 +05:00:     
2026-02-06 02:11:49 +05:00: from .base_watcher import BaseWatcher, TaskCreationError
2026-02-06 02:11:49 +05:00: ImportError: attempted relative import with no known parent package
2026-02-06 02:11:56 +05:00: Traceback (most recent call last):
2026-02-06 02:11:56 +05:00:   File "/mnt/d/Hackathons/hackathon-0/silver/src/watchers/linkedin_watcher.py", line 15, in <module>
2026-02-06 02:11:56 +05:00:     from .base_watcher import BaseWatcher, TaskCreationError
2026-02-06 02:11:56 +05:00: ImportError: attempted relative import with no known parent package
2026-02-06 02:12:04 +05:00: Traceback (most recent call last):
2026-02-06 02:12:04 +05:00:   File "/mnt/d/Hackathons/hackathon-0/silver/src/watchers/linkedin_watcher.py", line 15, in <module>
2026-02-06 02:12:04 +05:00:     from .base_watcher import BaseWatcher, TaskCreationError
2026-02-06 02:12:04 +05:00: ImportError: attempted relative import with no known parent package
2026-02-06 02:12:12 +05:00: Traceback (most recent call last):
2026-02-06 02:12:12 +05:00:   File "/mnt/d/Hackathons/hackathon-0/silver/src/watchers/linkedin_watcher.py", line 15, in <module>
2026-02-06 02:12:12 +05:00:     from .base_watcher import BaseWatcher, TaskCreationError
2026-02-06 02:12:12 +05:00: ImportError: attempted relative import with no known parent package
2026-02-06 02:12:21 +05:00: Traceback (most recent call last):
2026-02-06 02:12:21 +05:00:   File "/mnt/d/Hackathons/hackathon-0/silver/src/watchers/linkedin_watcher.py", line 15, in <module>
2026-02-06 02:12:21 +05:00:     from .base_watcher import BaseWatcher, TaskCreationError
2026-02-06 02:12:21 +05:00: ImportError: attempted relative import with no known parent package
2026-02-06 02:12:32 +05:00: Traceback (most recent call last):
2026-02-06 02:12:32 +05:00:   File "/mnt/d/Hackathons/hackathon-0/silver/src/watchers/linkedin_watcher.py", line 15, in <module>
2026-02-06 02:12:32 +05:00:     from .base_watcher import BaseWatcher, TaskCreationError
2026-02-06 02:12:32 +05:00: ImportError: attempted relative import with no known parent package
2026-02-06 02:12:41 +05:00: Traceback (most recent call last):
2026-02-06 02:12:41 +05:00:   File "/mnt/d/Hackathons/hackathon-0/silver/src/watchers/linkedin_watcher.py", line 15, in <module>
2026-02-06 02:12:41 +05:00:     from .base_watcher import BaseWatcher, TaskCreationError
2026-02-06 02:12:41 +05:00: ImportError: attempted relative import with no known parent package
2026-02-06 02:12:48 +05:00: Traceback (most recent call last):
2026-02-06 02:12:48 +05:00:   File "/mnt/d/Hackathons/hackathon-0/silver/src/watchers/linkedin_watcher.py", line 15, in <module>
2026-02-06 02:12:48 +05:00:     from .base_watcher import BaseWatcher, TaskCreationError
2026-02-06 02:12:48 +05:00: ImportError: attempted relative import with no known parent package
2026-02-06 02:12:58 +05:00: Traceback (most recent call last):
2026-02-06 02:12:58 +05:00:   File "/mnt/d/Hackathons/hackathon-0/silver/src/watchers/linkedin_watcher.py", line 15, in <module>
2026-02-06 02:12:58 +05:00:     from .base_watcher import BaseWatcher, TaskCreationError
2026-02-06 02:12:58 +05:00: ImportError: attempted relative import with no known parent package
2026-02-06 02:13:09 +05:00: Traceback (most recent call last):
2026-02-06 02:13:09 +05:00:   File "/mnt/d/Hackathons/hackathon-0/silver/src/watchers/linkedin_watcher.py", line 15, in <module>
2026-02-06 02:13:09 +05:00:     from .base_watcher import BaseWatcher, TaskCreationError
2026-02-06 02:13:09 +05:00: ImportError: attempted relative import with no known parent package
2026-02-06 02:13:19 +05:00: Traceback (most recent call last):
2026-02-06 02:13:19 +05:00:   File "/mnt/d/Hackathons/hackathon-0/silver/src/watchers/linkedin_watcher.py", line 15, in <module>
2026-02-06 02:13:19 +05:00:     from .base_watcher import BaseWatcher, TaskCreationError
2026-02-06 02:13:19 +05:00: ImportError: attempted relative import with no known parent package
2026-02-06 02:13:30 +05:00: Traceback (most recent call last):
2026-02-06 02:13:30 +05:00:   File "/mnt/d/Hackathons/hackathon-0/silver/src/watchers/linkedin_watcher.py", line 15, in <module>
2026-02-06 02:13:30 +05:00:     from .base_watcher import BaseWatcher, TaskCreationError
2026-02-06 02:13:30 +05:00: ImportError: attempted relative import with no known parent package
2026-02-06 02:13:41 +05:00: Traceback (most recent call last):
2026-02-06 02:13:41 +05:00:   File "/mnt/d/Hackathons/hackathon-0/silver/src/watchers/linkedin_watcher.py", line 15, in <module>
2026-02-06 02:13:41 +05:00:     from .base_watcher import BaseWatcher, TaskCreationError
2026-02-06 02:13:41 +05:00: ImportError: attempted relative import with no known parent package
2026-02-06 02:13:49 +05:00: Traceback (most recent call last):
2026-02-06 02:13:49 +05:00:   File "/mnt/d/Hackathons/hackathon-0/silver/src/watchers/linkedin_watcher.py", line 15, in <module>
2026-02-06 02:13:49 +05:00:     from .base_watcher import BaseWatcher, TaskCreationError
2026-02-06 02:13:49 +05:00: ImportError: attempted relative import with no known parent package
2026-02-06 02:13:58 +05:00: Traceback (most recent call last):
2026-02-06 02:13:58 +05:00:   File "/mnt/d/Hackathons/hackathon-0/silver/src/watchers/linkedin_watcher.py", line 15, in <module>
2026-02-06 02:13:58 +05:00:     from .base_watcher import BaseWatcher, TaskCreationError
2026-02-06 02:13:58 +05:00: ImportError: attempted relative import with no known parent package
2026-02-06 02:14:05 +05:00: Traceback (most recent call last):
2026-02-06 02:14:05 +05:00:   File "/mnt/d/Hackathons/hackathon-0/silver/src/watchers/linkedin_watcher.py", line 15, in <module>
2026-02-06 02:14:05 +05:00:     from .base_watcher import BaseWatcher, TaskCreationError
2026-02-06 02:14:05 +05:00: ImportError: attempted relative import with no known parent package
2026-02-06 02:14:14 +05:00: Traceback (most recent call last):
2026-02-06 02:14:14 +05:00:   File "/mnt/d/Hackathons/hackathon-0/silver/src/watchers/linkedin_watcher.py", line 15, in <module>
2026-02-06 02:14:15 +05:00:     from .base_watcher import BaseWatcher, TaskCreationError
2026-02-06 02:14:15 +05:00: ImportError: attempted relative import with no known parent package
2026-02-06 02:14:24 +05:00: Traceback (most recent call last):
2026-02-06 02:14:24 +05:00:   File "/mnt/d/Hackathons/hackathon-0/silver/src/watchers/linkedin_watcher.py", line 15, in <module>
2026-02-06 02:14:24 +05:00:     from .base_watcher import BaseWatcher, TaskCreationError
2026-02-06 02:14:24 +05:00: ImportError: attempted relative import with no known parent package
2026-02-06 02:14:31 +05:00: Traceback (most recent call last):
2026-02-06 02:14:31 +05:00:   File "/mnt/d/Hackathons/hackathon-0/silver/src/watchers/linkedin_watcher.py", line 15, in <module>
2026-02-06 02:14:32 +05:00:     from .base_watcher import BaseWatcher, TaskCreationError
2026-02-06 02:14:32 +05:00: ImportError: attempted relative import with no known parent package
2026-02-06 02:14:39 +05:00: Traceback (most recent call last):
2026-02-06 02:14:39 +05:00:   File "/mnt/d/Hackathons/hackathon-0/silver/src/watchers/linkedin_watcher.py", line 15, in <module>
2026-02-06 02:14:39 +05:00:     
2026-02-06 02:14:39 +05:00: from .base_watcher import BaseWatcher, TaskCreationError
2026-02-06 02:14:39 +05:00: ImportError: attempted relative import with no known parent package
2026-02-06 02:14:46 +05:00: Traceback (most recent call last):
2026-02-06 02:14:46 +05:00:   File "/mnt/d/Hackathons/hackathon-0/silver/src/watchers/linkedin_watcher.py", line 15, in <module>
2026-02-06 02:14:46 +05:00:     from .base_watcher import BaseWatcher, TaskCreationError
2026-02-06 02:14:46 +05:00: ImportError: attempted relative import with no known parent package
2026-02-06 02:14:53 +05:00: Traceback (most recent call last):
2026-02-06 02:14:53 +05:00:   File "/mnt/d/Hackathons/hackathon-0/silver/src/watchers/linkedin_watcher.py", line 15, in <module>
2026-02-06 02:14:53 +05:00:     from .base_watcher import BaseWatcher, TaskCreationError
2026-02-06 02:14:53 +05:00: ImportError: attempted relative import with no known parent package
2026-02-06 02:15:03 +05:00: Traceback (most recent call last):
2026-02-06 02:15:03 +05:00:   File "/mnt/d/Hackathons/hackathon-0/silver/src/watchers/linkedin_watcher.py", line 15, in <module>
2026-02-06 02:15:03 +05:00:     from .base_watcher import BaseWatcher, TaskCreationError
2026-02-06 02:15:03 +05:00: ImportError: attempted relative import with no known parent package
2026-02-06 02:15:10 +05:00: Traceback (most recent call last):
2026-02-06 02:15:10 +05:00:   File "/mnt/d/Hackathons/hackathon-0/silver/src/watchers/linkedin_watcher.py", line 15, in <module>
2026-02-06 02:15:10 +05:00:     from .base_watcher import BaseWatcher, TaskCreationError
2026-02-06 02:15:10 +05:00: ImportError: attempted relative import with no known parent package
2026-02-06 02:15:19 +05:00: Traceback (most recent call last):
2026-02-06 02:15:19 +05:00:   File "/mnt/d/Hackathons/hackathon-0/silver/src/watchers/linkedin_watcher.py", line 15, in <module>
2026-02-06 02:15:19 +05:00:     from .base_watcher import BaseWatcher, TaskCreationError
2026-02-06 02:15:19 +05:00: ImportError: attempted relative import with no known parent package
2026-02-06 02:15:26 +05:00: Traceback (most recent call last):
2026-02-06 02:15:26 +05:00:   File "/mnt/d/Hackathons/hackathon-0/silver/src/watchers/linkedin_watcher.py", line 15, in <module>
2026-02-06 02:15:26 +05:00:     from .base_watcher import BaseWatcher, TaskCreationError
2026-02-06 02:15:26 +05:00: ImportError: attempted relative import with no known parent package
2026-02-06 02:15:33 +05:00: Traceback (most recent call last):
2026-02-06 02:15:33 +05:00:   File "/mnt/d/Hackathons/hackathon-0/silver/src/watchers/linkedin_watcher.py", line 15, in <module>
2026-02-06 02:15:33 +05:00:     from .base_watcher import BaseWatcher, TaskCreationError
2026-02-06 02:15:33 +05:00: ImportError: attempted relative import with no known parent package
2026-02-06 02:15:40 +05:00: Traceback (most recent call last):
2026-02-06 02:15:40 +05:00:   File "/mnt/d/Hackathons/hackathon-0/silver/src/watchers/linkedin_watcher.py", line 15, in <module>
2026-02-06 02:15:40 +05:00:     from .base_watcher import BaseWatcher, TaskCreationError
2026-02-06 02:15:40 +05:00: ImportError: attempted relative import with no known parent package
2026-02-06 02:15:47 +05:00: Traceback (most recent call last):
2026-02-06 02:15:47 +05:00:   File "/mnt/d/Hackathons/hackathon-0/silver/src/watchers/linkedin_watcher.py", line 15, in <module>
2026-02-06 02:15:47 +05:00:     from .base_watcher import BaseWatcher, TaskCreationError
2026-02-06 02:15:47 +05:00: ImportError: attempted relative import with no known parent package
2026-02-06 02:15:54 +05:00: Traceback (most recent call last):
2026-02-06 02:15:54 +05:00:   File "/mnt/d/Hackathons/hackathon-0/silver/src/watchers/linkedin_watcher.py", line 15, in <module>
2026-02-06 02:15:54 +05:00:     from .base_watcher import BaseWatcher, TaskCreationError
2026-02-06 02:15:54 +05:00: : attempted relative import with no known parent package
2026-02-06 02:16:01 +05:00: Traceback (most recent call last):
2026-02-06 02:16:01 +05:00:   File "/mnt/d/Hackathons/hackathon-0/silver/src/watchers/linkedin_watcher.py", line 15, in <module>
2026-02-06 02:16:01 +05:00:     from .base_watcher import BaseWatcher, TaskCreationError
2026-02-06 02:16:01 +05:00: ImportError: attempted relative import with no known parent package
2026-02-06 02:16:08 +05:00: Traceback (most recent call last):
2026-02-06 02:16:08 +05:00:   File "/mnt/d/Hackathons/hackathon-0/silver/src/watchers/linkedin_watcher.py", line 15, in <module>
2026-02-06 02:16:08 +05:00:     from .base_watcher import BaseWatcher, TaskCreationError
2026-02-06 02:16:08 +05:00: ImportError: attempted relative import with no known parent package
2026-02-06 02:16:15 +05:00: Traceback (most recent call last):
2026-02-06 02:16:15 +05:00:   File "/mnt/d/Hackathons/hackathon-0/silver/src/watchers/linkedin_watcher.py", line 15, in <module>
2026-02-06 02:16:15 +05:00:     from .base_watcher import BaseWatcher, TaskCreationError
2026-02-06 02:16:15 +05:00: ImportError: attempted relative import with no known parent package
2026-02-06 02:16:22 +05:00: Traceback (most recent call last):
2026-02-06 02:16:22 +05:00:   File "/mnt/d/Hackathons/hackathon-0/silver/src/watchers/linkedin_watcher.py", line 15, in <module>
2026-02-06 02:16:22 +05:00:     from .base_watcher import BaseWatcher, TaskCreationError
2026-02-06 02:16:22 +05:00: ImportError: attempted relative import with no known parent package
2026-02-06 02:16:28 +05:00: Traceback (most recent call last):
2026-02-06 02:16:28 +05:00:   File "/mnt/d/Hackathons/hackathon-0/silver/src/watchers/linkedin_watcher.py", line 15, in <module>
2026-02-06 02:16:28 +05:00:     from .base_watcher import BaseWatcher, TaskCreationError
2026-02-06 02:16:28 +05:00: ImportError: attempted relative import with no known parent package
2026-02-06 02:16:35 +05:00: Traceback (most recent call last):
2026-02-06 02:16:35 +05:00:   File "/mnt/d/Hackathons/hackathon-0/silver/src/watchers/linkedin_watcher.py", line 15, in <module>
2026-02-06 02:16:35 +05:00:     from .base_watcher import BaseWatcher, TaskCreationError
2026-02-06 02:16:35 +05:00: ImportError: attempted relative import with no known parent package
2026-02-06 02:16:42 +05:00: Traceback (most recent call last):
2026-02-06 02:16:42 +05:00:   File "/mnt/d/Hackathons/hackathon-0/silver/src/watchers/linkedin_watcher.py", line 15, in <module>
2026-02-06 02:16:42 +05:00:     from .base_watcher import BaseWatcher, TaskCreationError
2026-02-06 02:16:42 +05:00: ImportError: attempted relative import with no known parent package
2026-02-06 02:16:49 +05:00: Traceback (most recent call last):
2026-02-06 02:16:49 +05:00:   File "/mnt/d/Hackathons/hackathon-0/silver/src/watchers/linkedin_watcher.py", line 15, in <module>
2026-02-06 02:16:49 +05:00:     from .base_watcher import BaseWatcher, TaskCreationError
2026-02-06 02:16:49 +05:00: ImportError: attempted relative import with no known parent package
2026-02-06 02:16:56 +05:00: Traceback (most recent call last):
2026-02-06 02:16:56 +05:00:   File "/mnt/d/Hackathons/hackathon-0/silver/src/watchers/linkedin_watcher.py", line 15, in <module>
2026-02-06 02:16:56 +05:00:     from .base_watcher import BaseWatcher, TaskCreationError
2026-02-06 02:16:56 +05:00: : attempted relative import with no known parent package
2026-02-06 02:17:03 +05:00: Traceback (most recent call last):
2026-02-06 02:17:03 +05:00:   File "/mnt/d/Hackathons/hackathon-0/silver/src/watchers/linkedin_watcher.py", line 15, in <module>
2026-02-06 02:17:03 +05:00:     from .base_watcher import BaseWatcher, TaskCreationError
2026-02-06 02:17:03 +05:00: ImportError: attempted relative import with no known parent package
2026-02-06 02:17:10 +05:00: Traceback (most recent call last):
2026-02-06 02:17:10 +05:00:   File "/mnt/d/Hackathons/hackathon-0/silver/src/watchers/linkedin_watcher.py", line 15, in <module>
2026-02-06 02:17:10 +05:00:     from .base_watcher import BaseWatcher, TaskCreationError
2026-02-06 02:17:10 +05:00: ImportError: attempted relative import with no known parent package
2026-02-06 02:17:17 +05:00: Traceback (most recent call last):
2026-02-06 02:17:17 +05:00:   File "/mnt/d/Hackathons/hackathon-0/silver/src/watchers/linkedin_watcher.py", line 15, in <module>
2026-02-06 02:17:17 +05:00:     from .base_watcher import BaseWatcher, TaskCreationError
2026-02-06 02:17:17 +05:00: ImportError: attempted relative import with no known parent package
2026-02-06 02:17:24 +05:00: Traceback (most recent call last):
2026-02-06 02:17:24 +05:00:   File "/mnt/d/Hackathons/hackathon-0/silver/src/watchers/linkedin_watcher.py", line 15, in <module>
2026-02-06 02:17:24 +05:00:     from .base_watcher import BaseWatcher, TaskCreationError
2026-02-06 02:17:24 +05:00: ImportError: attempted relative import with no known parent package
2026-02-06 02:17:30 +05:00: Traceback (most recent call last):
2026-02-06 02:17:30 +05:00:   File "/mnt/d/Hackathons/hackathon-0/silver/src/watchers/linkedin_watcher.py", line 15, in <module>
2026-02-06 02:17:30 +05:00:     from .base_watcher import BaseWatcher, TaskCreationError
2026-02-06 02:17:30 +05:00: ImportError: attempted relative import with no known parent package
2026-02-06 02:17:37 +05:00: Traceback (most recent call last):
2026-02-06 02:17:37 +05:00:   File "/mnt/d/Hackathons/hackathon-0/silver/src/watchers/linkedin_watcher.py", line 15, in <module>
2026-02-06 02:17:37 +05:00:     
2026-02-06 02:17:37 +05:00: from .base_watcher import BaseWatcher, TaskCreationError
2026-02-06 02:17:37 +05:00: ImportError: attempted relative import with no known parent package
2026-02-06 02:17:44 +05:00: Traceback (most recent call last):
2026-02-06 02:17:44 +05:00:   File "/mnt/d/Hackathons/hackathon-0/silver/src/watchers/linkedin_watcher.py", line 15, in <module>
2026-02-06 02:17:44 +05:00:     from .base_watcher import BaseWatcher, TaskCreationError
2026-02-06 02:17:44 +05:00: ImportError: attempted relative import with no known parent package
2026-02-06 02:17:51 +05:00: Traceback (most recent call last):
2026-02-06 02:17:51 +05:00:   File "/mnt/d/Hackathons/hackathon-0/silver/src/watchers/linkedin_watcher.py", line 15, in <module>
2026-02-06 02:17:51 +05:00:     from .base_watcher import BaseWatcher, TaskCreationError
2026-02-06 02:17:51 +05:00: ImportError: attempted relative import with no known parent package
2026-02-06 02:17:57 +05:00: Traceback (most recent call last):
2026-02-06 02:17:57 +05:00:   File "/mnt/d/Hackathons/hackathon-0/silver/src/watchers/linkedin_watcher.py", line 15, in <module>
2026-02-06 02:17:57 +05:00:     from .base_watcher import BaseWatcher, TaskCreationError
2026-02-06 02:17:57 +05:00: ImportError: attempted relative import with no known parent package
2026-02-06 02:18:04 +05:00: Traceback (most recent call last):
2026-02-06 02:18:04 +05:00:   File "/mnt/d/Hackathons/hackathon-0/silver/src/watchers/linkedin_watcher.py", line 15, in <module>
2026-02-06 02:18:04 +05:00:     from .base_watcher import BaseWatcher, TaskCreationError
2026-02-06 02:18:04 +05:00: ImportError: attempted relative import with no known parent package
2026-02-06 02:18:10 +05:00: Traceback (most recent call last):
2026-02-06 02:18:10 +05:00:   File "/mnt/d/Hackathons/hackathon-0/silver/src/watchers/linkedin_watcher.py", line 15, in <module>
2026-02-06 02:18:10 +05:00:     from .base_watcher import BaseWatcher, TaskCreationError
2026-02-06 02:18:10 +05:00: ImportError: attempted relative import with no known parent package
2026-02-06 02:18:17 +05:00: Traceback (most recent call last):
2026-02-06 02:18:17 +05:00:   File "/mnt/d/Hackathons/hackathon-0/silver/src/watchers/linkedin_watcher.py", line 15, in <module>
2026-02-06 02:18:17 +05:00:     from .base_watcher import BaseWatcher, TaskCreationError
2026-02-06 02:18:17 +05:00: ImportError: attempted relative import with no known parent package
2026-02-06 02:18:25 +05:00: Traceback (most recent call last):
2026-02-06 02:18:25 +05:00:   File "/mnt/d/Hackathons/hackathon-0/silver/src/watchers/linkedin_watcher.py", line 15, in <module>
2026-02-06 02:18:25 +05:00:     from .base_watcher import BaseWatcher, TaskCreationError
2026-02-06 02:18:25 +05:00: ImportError: attempted relative import with no known parent package
2026-02-06 02:18:33 +05:00: Traceback (most recent call last):
2026-02-06 02:18:33 +05:00:   File "/mnt/d/Hackathons/hackathon-0/silver/src/watchers/linkedin_watcher.py", line 15, in <module>
2026-02-06 02:18:33 +05:00:     from .base_watcher import BaseWatcher, TaskCreationError
2026-02-06 02:18:33 +05:00: ImportError: attempted relative import with no known parent package
2026-02-06 02:18:40 +05:00: Traceback (most recent call last):
2026-02-06 02:18:40 +05:00:   File "/mnt/d/Hackathons/hackathon-0/silver/src/watchers/linkedin_watcher.py", line 15, in <module>
2026-02-06 02:18:40 +05:00:     from .base_watcher import BaseWatcher, TaskCreationError
2026-02-06 02:18:40 +05:00: ImportError: attempted relative import with no known parent package
2026-02-06 02:18:47 +05:00: Traceback (most recent call last):
2026-02-06 02:18:47 +05:00:   File "/mnt/d/Hackathons/hackathon-0/silver/src/watchers/linkedin_watcher.py", line 15, in <module>
2026-02-06 02:18:47 +05:00:     from .base_watcher import BaseWatcher, TaskCreationError
2026-02-06 02:18:47 +05:00: ImportError: attempted relative import with no known parent package
2026-02-06 02:18:55 +05:00: Traceback (most recent call last):
2026-02-06 02:18:55 +05:00:   File "/mnt/d/Hackathons/hackathon-0/silver/src/watchers/linkedin_watcher.py", line 15, in <module>
2026-02-06 02:18:55 +05:00:     from .base_watcher import BaseWatcher, TaskCreationError
2026-02-06 02:18:55 +05:00: ImportError: attempted relative import with no known parent package
2026-02-06 02:19:01 +05:00: Traceback (most recent call last):
2026-02-06 02:19:01 +05:00:   File "/mnt/d/Hackathons/hackathon-0/silver/src/watchers/linkedin_watcher.py", line 15, in <module>
2026-02-06 02:19:01 +05:00:     from .base_watcher import BaseWatcher, TaskCreationError
2026-02-06 02:19:01 +05:00: ImportError: attempted relative import with no known parent package
2026-02-06 02:19:08 +05:00: Traceback (most recent call last):
2026-02-06 02:19:08 +05:00:   File "/mnt/d/Hackathons/hackathon-0/silver/src/watchers/linkedin_watcher.py", line 15, in <module>
2026-02-06 02:19:08 +05:00:     from .base_watcher import BaseWatcher, TaskCreationError
2026-02-06 02:19:08 +05:00: ImportError: attempted relative import with no known parent package
2026-02-06 02:19:16 +05:00: Traceback (most recent call last):
2026-02-06 02:19:16 +05:00:   File "/mnt/d/Hackathons/hackathon-0/silver/src/watchers/linkedin_watcher.py", line 15, in <module>
2026-02-06 02:19:16 +05:00:     from .base_watcher import BaseWatcher, TaskCreationError
2026-02-06 02:19:16 +05:00: ImportError: attempted relative import with no known parent package
2026-02-06 02:19:22 +05:00: Traceback (most recent call last):
2026-02-06 02:19:22 +05:00:   File "/mnt/d/Hackathons/hackathon-0/silver/src/watchers/linkedin_watcher.py", line 15, in <module>
2026-02-06 02:19:22 +05:00:     from .base_watcher import BaseWatcher, TaskCreationError
2026-02-06 02:19:22 +05:00: ImportError: attempted relative import with no known parent package
2026-02-06 02:19:29 +05:00: Traceback (most recent call last):
2026-02-06 02:19:29 +05:00:   File "/mnt/d/Hackathons/hackathon-0/silver/src/watchers/linkedin_watcher.py", line 15, in <module>
2026-02-06 02:19:29 +05:00:     from .base_watcher import BaseWatcher, TaskCreationError
2026-02-06 02:19:29 +05:00: ImportError: attempted relative import with no known parent package
2026-02-06 02:19:36 +05:00: Traceback (most recent call last):
2026-02-06 02:19:36 +05:00:   File "/mnt/d/Hackathons/hackathon-0/silver/src/watchers/linkedin_watcher.py", line 15, in <module>
2026-02-06 02:19:36 +05:00:     from .base_watcher import BaseWatcher, TaskCreationError
2026-02-06 02:19:36 +05:00: ImportError: attempted relative import with no known parent package
2026-02-06 02:19:42 +05:00: Traceback (most recent call last):
2026-02-06 02:19:42 +05:00:   File "/mnt/d/Hackathons/hackathon-0/silver/src/watchers/linkedin_watcher.py", line 15, in <module>
2026-02-06 02:19:42 +05:00:     from .base_watcher import BaseWatcher, TaskCreationError
2026-02-06 02:19:42 +05:00: ImportError: attempted relative import with no known parent package
2026-02-06 02:19:49 +05:00: Traceback (most recent call last):
2026-02-06 02:19:49 +05:00:   File "/mnt/d/Hackathons/hackathon-0/silver/src/watchers/linkedin_watcher.py", line 15, in <module>
2026-02-06 02:19:49 +05:00:     from .base_watcher import BaseWatcher, TaskCreationError
2026-02-06 02:19:49 +05:00: ImportError: attempted relative import with no known parent package
2026-02-06 02:19:56 +05:00: Traceback (most recent call last):
2026-02-06 02:19:56 +05:00:   File "/mnt/d/Hackathons/hackathon-0/silver/src/watchers/linkedin_watcher.py", line 15, in <module>
2026-02-06 02:19:56 +05:00:     from .base_watcher import BaseWatcher, TaskCreationError
2026-02-06 02:19:56 +05:00: ImportError: attempted relative import with no known parent package
2026-02-06 02:20:03 +05:00: Traceback (most recent call last):
2026-02-06 02:20:03 +05:00:   File "/mnt/d/Hackathons/hackathon-0/silver/src/watchers/linkedin_watcher.py", line 15, in <module>
2026-02-06 02:20:03 +05:00:     from .base_watcher import BaseWatcher, TaskCreationError
2026-02-06 02:20:03 +05:00: : attempted relative import with no known parent package
2026-02-06 02:20:10 +05:00: Traceback (most recent call last):
2026-02-06 02:20:10 +05:00:   File "/mnt/d/Hackathons/hackathon-0/silver/src/watchers/linkedin_watcher.py", line 15, in <module>
2026-02-06 02:20:10 +05:00:     from .base_watcher import BaseWatcher, TaskCreationError
2026-02-06 02:20:10 +05:00: ImportError: attempted relative import with no known parent package
2026-02-06 02:20:17 +05:00: Traceback (most recent call last):
2026-02-06 02:20:17 +05:00:   File "/mnt/d/Hackathons/hackathon-0/silver/src/watchers/linkedin_watcher.py", line 15, in <module>
2026-02-06 02:20:17 +05:00:     from .base_watcher import BaseWatcher, TaskCreationError
2026-02-06 02:20:17 +05:00: ImportError: attempted relative import with no known parent package
2026-02-06 02:20:24 +05:00: Traceback (most recent call last):
2026-02-06 02:20:24 +05:00:   File "/mnt/d/Hackathons/hackathon-0/silver/src/watchers/linkedin_watcher.py", line 15, in <module>
2026-02-06 02:20:24 +05:00:     from .base_watcher import BaseWatcher, TaskCreationError
2026-02-06 02:20:24 +05:00: ImportError: attempted relative import with no known parent package
2026-02-06 02:20:31 +05:00: Traceback (most recent call last):
2026-02-06 02:20:31 +05:00:   File "/mnt/d/Hackathons/hackathon-0/silver/src/watchers/linkedin_watcher.py", line 15, in <module>
2026-02-06 02:20:31 +05:00:     from .base_watcher import BaseWatcher, TaskCreationError
2026-02-06 02:20:31 +05:00: ImportError: attempted relative import with no known parent package
2026-02-06 02:20:37 +05:00: Traceback (most recent call last):
2026-02-06 02:20:37 +05:00:   File "/mnt/d/Hackathons/hackathon-0/silver/src/watchers/linkedin_watcher.py", line 15, in <module>
2026-02-06 02:20:37 +05:00:     from .base_watcher import BaseWatcher, TaskCreationError
2026-02-06 02:20:37 +05:00: ImportError: attempted relative import with no known parent package
2026-02-06 02:20:44 +05:00: Traceback (most recent call last):
2026-02-06 02:20:44 +05:00:   File "/mnt/d/Hackathons/hackathon-0/silver/src/watchers/linkedin_watcher.py", line 15, in <module>
2026-02-06 02:20:44 +05:00:     from .base_watcher import BaseWatcher, TaskCreationError
2026-02-06 02:20:44 +05:00: ImportError: attempted relative import with no known parent package
2026-02-06 02:20:50 +05:00: Traceback (most recent call last):
2026-02-06 02:20:50 +05:00:   File "/mnt/d/Hackathons/hackathon-0/silver/src/watchers/linkedin_watcher.py", line 15, in <module>
2026-02-06 02:20:50 +05:00:     from .base_watcher import BaseWatcher, TaskCreationError
2026-02-06 02:20:50 +05:00: ImportError: attempted relative import with no known parent package
2026-02-06 02:20:57 +05:00: Traceback (most recent call last):
2026-02-06 02:20:57 +05:00:   File "/mnt/d/Hackathons/hackathon-0/silver/src/watchers/linkedin_watcher.py", line 15, in <module>
2026-02-06 02:20:57 +05:00:     from .base_watcher import BaseWatcher, TaskCreationError
2026-02-06 02:20:57 +05:00: ImportError: attempted relative import with no known parent package
2026-02-06 02:21:04 +05:00: Traceback (most recent call last):
2026-02-06 02:21:04 +05:00:   File "/mnt/d/Hackathons/hackathon-0/silver/src/watchers/linkedin_watcher.py", line 15, in <module>
2026-02-06 02:21:04 +05:00:     from .base_watcher import BaseWatcher, TaskCreationError
2026-02-06 02:21:04 +05:00: : attempted relative import with no known parent package
2026-02-06 02:21:11 +05:00: Traceback (most recent call last):
2026-02-06 02:21:11 +05:00:   File "/mnt/d/Hackathons/hackathon-0/silver/src/watchers/linkedin_watcher.py", line 15, in <module>
2026-02-06 02:21:11 +05:00:     from .base_watcher import BaseWatcher, TaskCreationError
2026-02-06 02:21:11 +05:00: ImportError: attempted relative import with no known parent package
2026-02-06 02:21:17 +05:00: Traceback (most recent call last):
2026-02-06 02:21:17 +05:00:   File "/mnt/d/Hackathons/hackathon-0/silver/src/watchers/linkedin_watcher.py", line 15, in <module>
2026-02-06 02:21:17 +05:00:     from .base_watcher import BaseWatcher, TaskCreationError
2026-02-06 02:21:17 +05:00: ImportError: attempted relative import with no known parent package
2026-02-06 02:21:24 +05:00: Traceback (most recent call last):
2026-02-06 02:21:24 +05:00:   File "/mnt/d/Hackathons/hackathon-0/silver/src/watchers/linkedin_watcher.py", line 15, in <module>
2026-02-06 02:21:24 +05:00:     from .base_watcher import BaseWatcher, TaskCreationError
2026-02-06 02:21:24 +05:00: ImportError: attempted relative import with no known parent package
2026-02-06 02:21:30 +05:00: Traceback (most recent call last):
2026-02-06 02:21:30 +05:00:   File "/mnt/d/Hackathons/hackathon-0/silver/src/watchers/linkedin_watcher.py", line 15, in <module>
2026-02-06 02:21:30 +05:00:     from .base_watcher import BaseWatcher, TaskCreationError
2026-02-06 02:21:30 +05:00: ImportError: attempted relative import with no known parent package
2026-02-06 02:21:37 +05:00: Traceback (most recent call last):
2026-02-06 02:21:37 +05:00:   File "/mnt/d/Hackathons/hackathon-0/silver/src/watchers/linkedin_watcher.py", line 15, in <module>
2026-02-06 02:21:37 +05:00:     from .base_watcher import BaseWatcher, TaskCreationError
2026-02-06 02:21:37 +05:00: ImportError: attempted relative import with no known parent package
2026-02-06 02:21:44 +05:00: Traceback (most recent call last):
2026-02-06 02:21:44 +05:00:   File "/mnt/d/Hackathons/hackathon-0/silver/src/watchers/linkedin_watcher.py", line 15, in <module>
2026-02-06 02:21:44 +05:00:     from .base_watcher import BaseWatcher, TaskCreationError
2026-02-06 02:21:44 +05:00: ImportError: attempted relative import with no known parent package
2026-02-06 02:21:51 +05:00: Traceback (most recent call last):
2026-02-06 02:21:51 +05:00:   File "/mnt/d/Hackathons/hackathon-0/silver/src/watchers/linkedin_watcher.py", line 15, in <module>
2026-02-06 02:21:51 +05:00:     from .base_watcher import BaseWatcher, TaskCreationError
2026-02-06 02:21:51 +05:00: ImportError: attempted relative import with no known parent package
2026-02-06 02:21:57 +05:00: Traceback (most recent call last):
2026-02-06 02:21:57 +05:00:   File "/mnt/d/Hackathons/hackathon-0/silver/src/watchers/linkedin_watcher.py", line 15, in <module>
2026-02-06 02:21:57 +05:00:     from .base_watcher import BaseWatcher, TaskCreationError
2026-02-06 02:21:57 +05:00: ImportError: attempted relative import with no known parent package
2026-02-06 02:22:04 +05:00: Traceback (most recent call last):
2026-02-06 02:22:04 +05:00:   File "/mnt/d/Hackathons/hackathon-0/silver/src/watchers/linkedin_watcher.py", line 15, in <module>
2026-02-06 02:22:04 +05:00:     from .base_watcher import BaseWatcher, TaskCreationError
2026-02-06 02:22:04 +05:00: ImportError: attempted relative import with no known parent package
2026-02-06 02:22:11 +05:00: Traceback (most recent call last):
2026-02-06 02:22:11 +05:00:   File "/mnt/d/Hackathons/hackathon-0/silver/src/watchers/linkedin_watcher.py", line 15, in <module>
2026-02-06 02:22:11 +05:00:     
2026-02-06 02:22:11 +05:00: from .base_watcher import BaseWatcher, TaskCreationError
2026-02-06 02:22:11 +05:00: ImportError: attempted relative import with no known parent package
2026-02-06 02:22:18 +05:00: Traceback (most recent call last):
2026-02-06 02:22:18 +05:00:   File "/mnt/d/Hackathons/hackathon-0/silver/src/watchers/linkedin_watcher.py", line 15, in <module>
2026-02-06 02:22:18 +05:00:     from .base_watcher import BaseWatcher, TaskCreationError
2026-02-06 02:22:18 +05:00: ImportError: attempted relative import with no known parent package
2026-02-06 02:22:25 +05:00: Traceback (most recent call last):
2026-02-06 02:22:25 +05:00:   File "/mnt/d/Hackathons/hackathon-0/silver/src/watchers/linkedin_watcher.py", line 15, in <module>
2026-02-06 02:22:25 +05:00:     from .base_watcher import BaseWatcher, TaskCreationError
2026-02-06 02:22:25 +05:00: ImportError: attempted relative import with no known parent package
2026-02-06 02:22:32 +05:00: Traceback (most recent call last):
2026-02-06 02:22:32 +05:00:   File "/mnt/d/Hackathons/hackathon-0/silver/src/watchers/linkedin_watcher.py", line 15, in <module>
2026-02-06 02:22:32 +05:00:     from .base_watcher import BaseWatcher, TaskCreationError
2026-02-06 02:22:32 +05:00: ImportError: attempted relative import with no known parent package
2026-02-06 02:22:39 +05:00: Traceback (most recent call last):
2026-02-06 02:22:39 +05:00:   File "/mnt/d/Hackathons/hackathon-0/silver/src/watchers/linkedin_watcher.py", line 15, in <module>
2026-02-06 02:22:39 +05:00:     from .base_watcher import BaseWatcher, TaskCreationError
2026-02-06 02:22:39 +05:00: ImportError: attempted relative import with no known parent package
2026-02-06 02:22:46 +05:00: Traceback (most recent call last):
2026-02-06 02:22:46 +05:00:   File "/mnt/d/Hackathons/hackathon-0/silver/src/watchers/linkedin_watcher.py", line 15, in <module>
2026-02-06 02:22:46 +05:00:     from .base_watcher import BaseWatcher, TaskCreationError
2026-02-06 02:22:46 +05:00: ImportError: attempted relative import with no known parent package
2026-02-06 02:22:53 +05:00: Traceback (most recent call last):
2026-02-06 02:22:53 +05:00:   File "/mnt/d/Hackathons/hackathon-0/silver/src/watchers/linkedin_watcher.py", line 15, in <module>
2026-02-06 02:22:53 +05:00:     from .base_watcher import BaseWatcher, TaskCreationError
2026-02-06 02:22:53 +05:00: 
2026-02-06 02:23:01 +05:00: Traceback (most recent call last):
2026-02-06 02:23:01 +05:00:   File "/mnt/d/Hackathons/hackathon-0/silver/src/watchers/linkedin_watcher.py", line 15, in <module>
2026-02-06 02:23:01 +05:00:     from .base_watcher import BaseWatcher, TaskCreationError
2026-02-06 02:23:01 +05:00: ImportError: attempted relative import with no known parent package
2026-02-06 02:23:08 +05:00: Traceback (most recent call last):
2026-02-06 02:23:08 +05:00:   File "/mnt/d/Hackathons/hackathon-0/silver/src/watchers/linkedin_watcher.py", line 15, in <module>
2026-02-06 02:23:08 +05:00:     from .base_watcher import BaseWatcher, TaskCreationError
2026-02-06 02:23:08 +05:00: ImportError: attempted relative import with no known parent package
2026-02-06 02:23:15 +05:00: Traceback (most recent call last):
2026-02-06 02:23:15 +05:00:   File "/mnt/d/Hackathons/hackathon-0/silver/src/watchers/linkedin_watcher.py", line 15, in <module>
2026-02-06 02:23:15 +05:00:     from .base_watcher import BaseWatcher, TaskCreationError
2026-02-06 02:23:15 +05:00: ImportError: attempted relative import with no known parent package
2026-02-06 02:23:23 +05:00: Traceback (most recent call last):
2026-02-06 02:23:23 +05:00:   File "/mnt/d/Hackathons/hackathon-0/silver/src/watchers/linkedin_watcher.py", line 15, in <module>
2026-02-06 02:23:23 +05:00:     from .base_watcher import BaseWatcher, TaskCreationError
2026-02-06 02:23:23 +05:00: ImportError: attempted relative import with no known parent package
2026-02-06 02:23:29 +05:00: Traceback (most recent call last):
2026-02-06 02:23:29 +05:00:   File "/mnt/d/Hackathons/hackathon-0/silver/src/watchers/linkedin_watcher.py", line 15, in <module>
2026-02-06 02:23:29 +05:00:     from .base_watcher import BaseWatcher, TaskCreationError
2026-02-06 02:23:29 +05:00: ImportError: attempted relative import with no known parent package
2026-02-06 02:23:36 +05:00: Traceback (most recent call last):
2026-02-06 02:23:36 +05:00:   File "/mnt/d/Hackathons/hackathon-0/silver/src/watchers/linkedin_watcher.py", line 15, in <module>
2026-02-06 02:23:36 +05:00:     from .base_watcher import BaseWatcher, TaskCreationError
2026-02-06 02:23:36 +05:00: ImportError: attempted relative import with no known parent package
2026-02-06 02:23:43 +05:00: Traceback (most recent call last):
2026-02-06 02:23:43 +05:00:   File "/mnt/d/Hackathons/hackathon-0/silver/src/watchers/linkedin_watcher.py", line 15, in <module>
2026-02-06 02:23:43 +05:00:     from .base_watcher import BaseWatcher, TaskCreationError
2026-02-06 02:23:43 +05:00: ImportError: attempted relative import with no known parent package
2026-02-06 02:23:50 +05:00: Traceback (most recent call last):
2026-02-06 02:23:50 +05:00:   File "/mnt/d/Hackathons/hackathon-0/silver/src/watchers/linkedin_watcher.py", line 15, in <module>
2026-02-06 02:23:50 +05:00:     from .base_watcher import BaseWatcher, TaskCreationError
2026-02-06 02:23:50 +05:00: ImportError: attempted relative import with no known parent package
2026-02-06 02:23:56 +05:00: Traceback (most recent call last):
2026-02-06 02:23:56 +05:00:   File "/mnt/d/Hackathons/hackathon-0/silver/src/watchers/linkedin_watcher.py", line 15, in <module>
2026-02-06 02:23:56 +05:00:     from .base_watcher import BaseWatcher, TaskCreationError
2026-02-06 02:23:56 +05:00: ImportError: attempted relative import with no known parent package
2026-02-06 02:24:03 +05:00: Traceback (most recent call last):
2026-02-06 02:24:03 +05:00:   File "/mnt/d/Hackathons/hackathon-0/silver/src/watchers/linkedin_watcher.py", line 15, in <module>
2026-02-06 02:24:03 +05:00:     from .base_watcher import BaseWatcher, TaskCreationError
2026-02-06 02:24:03 +05:00: ImportError: attempted relative import with no known parent package
2026-02-06 02:24:10 +05:00: Traceback (most recent call last):
2026-02-06 02:24:10 +05:00:   File "/mnt/d/Hackathons/hackathon-0/silver/src/watchers/linkedin_watcher.py", line 15, in <module>
2026-02-06 02:24:10 +05:00:     from .base_watcher import BaseWatcher, TaskCreationError
2026-02-06 02:24:10 +05:00: ImportError: attempted relative import with no known parent package
2026-02-06 02:24:17 +05:00: Traceback (most recent call last):
2026-02-06 02:24:17 +05:00:   File "/mnt/d/Hackathons/hackathon-0/silver/src/watchers/linkedin_watcher.py", line 15, in <module>
2026-02-06 02:24:17 +05:00:     from .base_watcher import BaseWatcher, TaskCreationError
2026-02-06 02:24:17 +05:00: ImportError: attempted relative import with no known parent package
2026-02-06 02:24:23 +05:00: Traceback (most recent call last):
2026-02-06 02:24:23 +05:00:   File "/mnt/d/Hackathons/hackathon-0/silver/src/watchers/linkedin_watcher.py", line 15, in <module>
2026-02-06 02:24:23 +05:00:     from .base_watcher import BaseWatcher, TaskCreationError
2026-02-06 02:24:23 +05:00: : attempted relative import with no known parent package
2026-02-06 02:24:30 +05:00: Traceback (most recent call last):
2026-02-06 02:24:30 +05:00:   File "/mnt/d/Hackathons/hackathon-0/silver/src/watchers/linkedin_watcher.py", line 15, in <module>
2026-02-06 02:24:30 +05:00:     from .base_watcher import BaseWatcher, TaskCreationError
2026-02-06 02:24:30 +05:00: ImportError: attempted relative import with no known parent package
2026-02-06 02:24:37 +05:00: Traceback (most recent call last):
2026-02-06 02:24:37 +05:00:   File "/mnt/d/Hackathons/hackathon-0/silver/src/watchers/linkedin_watcher.py", line 15, in <module>
2026-02-06 02:24:37 +05:00:     from .base_watcher import BaseWatcher, TaskCreationError
2026-02-06 02:24:37 +05:00: ImportError: attempted relative import with no known parent package
2026-02-06 02:24:43 +05:00: Traceback (most recent call last):
2026-02-06 02:24:43 +05:00:   File "/mnt/d/Hackathons/hackathon-0/silver/src/watchers/linkedin_watcher.py", line 15, in <module>
2026-02-06 02:24:43 +05:00:     from .base_watcher import BaseWatcher, TaskCreationError
2026-02-06 02:24:43 +05:00: 
2026-02-06 02:24:50 +05:00: Traceback (most recent call last):
2026-02-06 02:24:50 +05:00:   File "/mnt/d/Hackathons/hackathon-0/silver/src/watchers/linkedin_watcher.py", line 15, in <module>
2026-02-06 02:24:50 +05:00:     from .base_watcher import BaseWatcher, TaskCreationError
2026-02-06 02:24:50 +05:00: ImportError: attempted relative import with no known parent package
2026-02-06 02:24:57 +05:00: Traceback (most recent call last):
2026-02-06 02:24:57 +05:00:   File "/mnt/d/Hackathons/hackathon-0/silver/src/watchers/linkedin_watcher.py", line 15, in <module>
2026-02-06 02:24:57 +05:00:     from .base_watcher import BaseWatcher, TaskCreationError
2026-02-06 02:24:57 +05:00: ImportError: attempted relative import with no known parent package
2026-02-06 02:25:04 +05:00: Traceback (most recent call last):
2026-02-06 02:25:04 +05:00:   File "/mnt/d/Hackathons/hackathon-0/silver/src/watchers/linkedin_watcher.py", line 15, in <module>
2026-02-06 02:25:04 +05:00:     from .base_watcher import BaseWatcher, TaskCreationError
2026-02-06 02:25:04 +05:00: : attempted relative import with no known parent package
2026-02-06 02:25:10 +05:00: Traceback (most recent call last):
2026-02-06 02:25:10 +05:00:   File "/mnt/d/Hackathons/hackathon-0/silver/src/watchers/linkedin_watcher.py", line 15, in <module>
2026-02-06 02:25:10 +05:00:     from .base_watcher import BaseWatcher, TaskCreationError
2026-02-06 02:25:10 +05:00: attempted relative import with no known parent package
2026-02-06 02:25:17 +05:00: Traceback (most recent call last):
2026-02-06 02:25:17 +05:00:   File "/mnt/d/Hackathons/hackathon-0/silver/src/watchers/linkedin_watcher.py", line 15, in <module>
2026-02-06 02:25:17 +05:00:     from .base_watcher import BaseWatcher, TaskCreationError
2026-02-06 02:25:17 +05:00: ImportError: attempted relative import with no known parent package
2026-02-06 02:25:24 +05:00: Traceback (most recent call last):
2026-02-06 02:25:24 +05:00:   File "/mnt/d/Hackathons/hackathon-0/silver/src/watchers/linkedin_watcher.py", line 15, in <module>
2026-02-06 02:25:24 +05:00:     from .base_watcher import BaseWatcher, TaskCreationError
2026-02-06 02:25:24 +05:00: ImportError: attempted relative import with no known parent package
2026-02-06 02:25:31 +05:00: Traceback (most recent call last):
2026-02-06 02:25:31 +05:00:   File "/mnt/d/Hackathons/hackathon-0/silver/src/watchers/linkedin_watcher.py", line 15, in <module>
2026-02-06 02:25:31 +05:00:     from .base_watcher import BaseWatcher, TaskCreationError
2026-02-06 02:25:31 +05:00: ImportError: attempted relative import with no known parent package
2026-02-06 02:25:38 +05:00: Traceback (most recent call last):
2026-02-06 02:25:38 +05:00:   File "/mnt/d/Hackathons/hackathon-0/silver/src/watchers/linkedin_watcher.py", line 15, in <module>
2026-02-06 02:25:38 +05:00:     from .base_watcher import BaseWatcher, TaskCreationError
2026-02-06 02:25:38 +05:00: ImportError: attempted relative import with no known parent package
2026-02-06 02:25:45 +05:00: Traceback (most recent call last):
2026-02-06 02:25:45 +05:00:   File "/mnt/d/Hackathons/hackathon-0/silver/src/watchers/linkedin_watcher.py", line 15, in <module>
2026-02-06 02:25:45 +05:00:     from .base_watcher import BaseWatcher, TaskCreationError
2026-02-06 02:25:45 +05:00: ImportError: attempted relative import with no known parent package
2026-02-06 02:25:52 +05:00: Traceback (most recent call last):
2026-02-06 02:25:52 +05:00:   File "/mnt/d/Hackathons/hackathon-0/silver/src/watchers/linkedin_watcher.py", line 15, in <module>
2026-02-06 02:25:52 +05:00:     from .base_watcher import BaseWatcher, TaskCreationError
2026-02-06 02:25:52 +05:00: ImportError: attempted relative import with no known parent package
2026-02-06 02:26:03 +05:00: Traceback (most recent call last):
2026-02-06 02:26:03 +05:00:   File "/mnt/d/Hackathons/hackathon-0/silver/src/watchers/linkedin_watcher.py", line 15, in <module>
2026-02-06 02:26:03 +05:00:     from .base_watcher import BaseWatcher, TaskCreationError
2026-02-06 02:26:03 +05:00: ImportError: attempted relative import with no known parent package
2026-02-06 02:26:10 +05:00: Traceback (most recent call last):
2026-02-06 02:26:10 +05:00:   File "/mnt/d/Hackathons/hackathon-0/silver/src/watchers/linkedin_watcher.py", line 15, in <module>
2026-02-06 02:26:10 +05:00:     from .base_watcher import BaseWatcher, TaskCreationError
2026-02-06 02:26:10 +05:00: ImportError: attempted relative import with no known parent package
2026-02-06 02:26:18 +05:00: Traceback (most recent call last):
2026-02-06 02:26:18 +05:00:   File "/mnt/d/Hackathons/hackathon-0/silver/src/watchers/linkedin_watcher.py", line 15, in <module>
2026-02-06 02:26:18 +05:00:     from .base_watcher import BaseWatcher, TaskCreationError
2026-02-06 02:26:18 +05:00: ImportError: attempted relative import with no known parent package
2026-02-06 02:26:25 +05:00: Traceback (most recent call last):
2026-02-06 02:26:25 +05:00:   File "/mnt/d/Hackathons/hackathon-0/silver/src/watchers/linkedin_watcher.py", line 15, in <module>
2026-02-06 02:26:25 +05:00:     from .base_watcher import BaseWatcher, TaskCreationError
2026-02-06 02:26:25 +05:00: ImportError: attempted relative import with no known parent package
2026-02-06 02:26:32 +05:00: Traceback (most recent call last):
2026-02-06 02:26:32 +05:00:   File "/mnt/d/Hackathons/hackathon-0/silver/src/watchers/linkedin_watcher.py", line 15, in <module>
2026-02-06 02:26:32 +05:00:     from .base_watcher import BaseWatcher, TaskCreationError
2026-02-06 02:26:32 +05:00: ImportError: attempted relative import with no known parent package
2026-02-06 02:26:38 +05:00: Traceback (most recent call last):
2026-02-06 02:26:38 +05:00:   File "/mnt/d/Hackathons/hackathon-0/silver/src/watchers/linkedin_watcher.py", line 15, in <module>
2026-02-06 02:26:38 +05:00:     from .base_watcher import BaseWatcher, TaskCreationError
2026-02-06 02:26:38 +05:00: ImportError: attempted relative import with no known parent package
2026-02-06 02:26:45 +05:00: Traceback (most recent call last):
2026-02-06 02:26:45 +05:00:   File "/mnt/d/Hackathons/hackathon-0/silver/src/watchers/linkedin_watcher.py", line 15, in <module>
2026-02-06 02:26:45 +05:00:     from .base_watcher import BaseWatcher, TaskCreationError
2026-02-06 02:26:45 +05:00: ImportError: attempted relative import with no known parent package
2026-02-06 02:26:52 +05:00: Traceback (most recent call last):
2026-02-06 02:26:52 +05:00:   File "/mnt/d/Hackathons/hackathon-0/silver/src/watchers/linkedin_watcher.py", line 15, in <module>
2026-02-06 02:26:52 +05:00:     from .base_watcher import BaseWatcher, TaskCreationError
2026-02-06 02:26:52 +05:00: ImportError: attempted relative import with no known parent package
2026-02-06 02:26:58 +05:00: Traceback (most recent call last):
2026-02-06 02:26:58 +05:00:   File "/mnt/d/Hackathons/hackathon-0/silver/src/watchers/linkedin_watcher.py", line 15, in <module>
2026-02-06 02:26:58 +05:00:     from .base_watcher import BaseWatcher, TaskCreationError
2026-02-06 02:26:58 +05:00: ImportError: attempted relative import with no known parent package
2026-02-06 02:27:05 +05:00: Traceback (most recent call last):
2026-02-06 02:27:05 +05:00:   File "/mnt/d/Hackathons/hackathon-0/silver/src/watchers/linkedin_watcher.py", line 15, in <module>
2026-02-06 02:27:05 +05:00:     from .base_watcher import BaseWatcher, TaskCreationError
2026-02-06 02:27:05 +05:00: ImportError: attempted relative import with no known parent package
2026-02-06 02:27:12 +05:00: Traceback (most recent call last):
2026-02-06 02:27:12 +05:00:   File "/mnt/d/Hackathons/hackathon-0/silver/src/watchers/linkedin_watcher.py", line 15, in <module>
2026-02-06 02:27:12 +05:00:     from .base_watcher import BaseWatcher, TaskCreationError
2026-02-06 02:27:12 +05:00: ImportError: attempted relative import with no known parent package
2026-02-06 02:27:19 +05:00: Traceback (most recent call last):
2026-02-06 02:27:19 +05:00:   File "/mnt/d/Hackathons/hackathon-0/silver/src/watchers/linkedin_watcher.py", line 15, in <module>
2026-02-06 02:27:19 +05:00:     from .base_watcher import BaseWatcher, TaskCreationError
2026-02-06 02:27:19 +05:00: ImportError: attempted relative import with no known parent package
2026-02-06 02:27:25 +05:00: Traceback (most recent call last):
2026-02-06 02:27:25 +05:00:   File "/mnt/d/Hackathons/hackathon-0/silver/src/watchers/linkedin_watcher.py", line 15, in <module>
2026-02-06 02:27:25 +05:00:     from .base_watcher import BaseWatcher, TaskCreationError
2026-02-06 02:27:25 +05:00: ImportError: attempted relative import with no known parent package
2026-02-06 02:27:32 +05:00: Traceback (most recent call last):
2026-02-06 02:27:32 +05:00:   File "/mnt/d/Hackathons/hackathon-0/silver/src/watchers/linkedin_watcher.py", line 15, in <module>
2026-02-06 02:27:32 +05:00:     from .base_watcher import BaseWatcher, TaskCreationError
2026-02-06 02:27:32 +05:00: ImportError: attempted relative import with no known parent package
2026-02-06 02:27:38 +05:00: Traceback (most recent call last):
2026-02-06 02:27:38 +05:00:   File "/mnt/d/Hackathons/hackathon-0/silver/src/watchers/linkedin_watcher.py", line 15, in <module>
2026-02-06 02:27:38 +05:00:     from .base_watcher import BaseWatcher, TaskCreationError
2026-02-06 02:27:38 +05:00: ImportError: attempted relative import with no known parent package
2026-02-06 02:27:45 +05:00: Traceback (most recent call last):
2026-02-06 02:27:45 +05:00:   File "/mnt/d/Hackathons/hackathon-0/silver/src/watchers/linkedin_watcher.py", line 15, in <module>
2026-02-06 02:27:45 +05:00:     from .base_watcher import BaseWatcher, TaskCreationError
2026-02-06 02:27:45 +05:00: ImportError: attempted relative import with no known parent package
2026-02-06 02:27:52 +05:00: Traceback (most recent call last):
2026-02-06 02:27:52 +05:00:   File "/mnt/d/Hackathons/hackathon-0/silver/src/watchers/linkedin_watcher.py", line 15, in <module>
2026-02-06 02:27:52 +05:00:     
2026-02-06 02:27:52 +05:00: from .base_watcher import BaseWatcher, TaskCreationError
2026-02-06 02:27:52 +05:00: ImportError: attempted relative import with no known parent package
2026-02-06 02:28:00 +05:00: Traceback (most recent call last):
2026-02-06 02:28:00 +05:00:   File "/mnt/d/Hackathons/hackathon-0/silver/src/watchers/linkedin_watcher.py", line 15, in <module>
2026-02-06 02:28:00 +05:00:     from .base_watcher import BaseWatcher, TaskCreationError
2026-02-06 02:28:00 +05:00: ImportError: attempted relative import with no known parent package
2026-02-06 02:28:06 +05:00: Traceback (most recent call last):
2026-02-06 02:28:06 +05:00:   File "/mnt/d/Hackathons/hackathon-0/silver/src/watchers/linkedin_watcher.py", line 15, in <module>
2026-02-06 02:28:06 +05:00:     from .base_watcher import BaseWatcher, TaskCreationError
2026-02-06 02:28:06 +05:00: ImportError: attempted relative import with no known parent package
2026-02-06 02:28:13 +05:00: Traceback (most recent call last):
2026-02-06 02:28:13 +05:00:   File "/mnt/d/Hackathons/hackathon-0/silver/src/watchers/linkedin_watcher.py", line 15, in <module>
2026-02-06 02:28:13 +05:00:     from .base_watcher import BaseWatcher, TaskCreationError
2026-02-06 02:28:13 +05:00: ImportError: attempted relative import with no known parent package
2026-02-06 02:28:20 +05:00: Traceback (most recent call last):
2026-02-06 02:28:20 +05:00:   File "/mnt/d/Hackathons/hackathon-0/silver/src/watchers/linkedin_watcher.py", line 15, in <module>
2026-02-06 02:28:20 +05:00:     from .base_watcher import BaseWatcher, TaskCreationError
2026-02-06 02:28:20 +05:00: ImportError: attempted relative import with no known parent package
2026-02-06 02:28:27 +05:00: Traceback (most recent call last):
2026-02-06 02:28:27 +05:00:   File "/mnt/d/Hackathons/hackathon-0/silver/src/watchers/linkedin_watcher.py", line 15, in <module>
2026-02-06 02:28:27 +05:00:     from .base_watcher import BaseWatcher, TaskCreationError
2026-02-06 02:28:27 +05:00: ImportError: attempted relative import with no known parent package
2026-02-06 02:28:33 +05:00: Traceback (most recent call last):
2026-02-06 02:28:33 +05:00:   File "/mnt/d/Hackathons/hackathon-0/silver/src/watchers/linkedin_watcher.py", line 15, in <module>
2026-02-06 02:28:33 +05:00:     from .base_watcher import BaseWatcher, TaskCreationError
2026-02-06 02:28:33 +05:00: ImportError: attempted relative import with no known parent package
2026-02-06 02:28:40 +05:00: Traceback (most recent call last):
2026-02-06 02:28:40 +05:00:   File "/mnt/d/Hackathons/hackathon-0/silver/src/watchers/linkedin_watcher.py", line 15, in <module>
2026-02-06 02:28:40 +05:00:     from .base_watcher import BaseWatcher, TaskCreationError
2026-02-06 02:28:40 +05:00: ImportError: attempted relative import with no known parent package
2026-02-06 02:28:47 +05:00: Traceback (most recent call last):
2026-02-06 02:28:47 +05:00:   File "/mnt/d/Hackathons/hackathon-0/silver/src/watchers/linkedin_watcher.py", line 15, in <module>
2026-02-06 02:28:47 +05:00:     from .base_watcher import BaseWatcher, TaskCreationError
2026-02-06 02:28:47 +05:00: ImportError: attempted relative import with no known parent package
2026-02-06 02:28:56 +05:00: Traceback (most recent call last):
2026-02-06 02:28:56 +05:00:   File "/mnt/d/Hackathons/hackathon-0/silver/src/watchers/linkedin_watcher.py", line 15, in <module>
2026-02-06 02:28:56 +05:00:     from .base_watcher import BaseWatcher, TaskCreationError
2026-02-06 02:28:56 +05:00: ImportError: attempted relative import with no known parent package
2026-02-06 02:29:04 +05:00: Traceback (most recent call last):
2026-02-06 02:29:04 +05:00:   File "/mnt/d/Hackathons/hackathon-0/silver/src/watchers/linkedin_watcher.py", line 15, in <module>
2026-02-06 02:29:04 +05:00:     from .base_watcher import BaseWatcher, TaskCreationError
2026-02-06 02:29:04 +05:00: ImportError: attempted relative import with no known parent package
2026-02-06 02:29:10 +05:00: Traceback (most recent call last):
2026-02-06 02:29:10 +05:00:   File "/mnt/d/Hackathons/hackathon-0/silver/src/watchers/linkedin_watcher.py", line 15, in <module>
2026-02-06 02:29:10 +05:00:     from .base_watcher import BaseWatcher, TaskCreationError
2026-02-06 02:29:10 +05:00: ImportError: attempted relative import with no known parent package
2026-02-06 02:29:17 +05:00: Traceback (most recent call last):
2026-02-06 02:29:17 +05:00:   File "/mnt/d/Hackathons/hackathon-0/silver/src/watchers/linkedin_watcher.py", line 15, in <module>
2026-02-06 02:29:17 +05:00:     from .base_watcher import BaseWatcher, TaskCreationError
2026-02-06 02:29:17 +05:00: ImportError: attempted relative import with no known parent package
2026-02-06 02:29:24 +05:00: Traceback (most recent call last):
2026-02-06 02:29:24 +05:00:   File "/mnt/d/Hackathons/hackathon-0/silver/src/watchers/linkedin_watcher.py", line 15, in <module>
2026-02-06 02:29:24 +05:00:     from .base_watcher import BaseWatcher, TaskCreationError
2026-02-06 02:29:24 +05:00: ImportError: attempted relative import with no known parent package
2026-02-06 02:29:31 +05:00: Traceback (most recent call last):
2026-02-06 02:29:31 +05:00:   File "/mnt/d/Hackathons/hackathon-0/silver/src/watchers/linkedin_watcher.py", line 15, in <module>
2026-02-06 02:29:31 +05:00:     from .base_watcher import BaseWatcher, TaskCreationError
2026-02-06 02:29:31 +05:00: ImportError: attempted relative import with no known parent package
2026-02-06 02:29:38 +05:00: Traceback (most recent call last):
2026-02-06 02:29:38 +05:00:   File "/mnt/d/Hackathons/hackathon-0/silver/src/watchers/linkedin_watcher.py", line 15, in <module>
2026-02-06 02:29:38 +05:00:     
2026-02-06 02:29:38 +05:00: from .base_watcher import BaseWatcher, TaskCreationError
2026-02-06 02:29:38 +05:00: ImportError: attempted relative import with no known parent package
2026-02-06 02:29:45 +05:00: Traceback (most recent call last):
2026-02-06 02:29:45 +05:00:   File "/mnt/d/Hackathons/hackathon-0/silver/src/watchers/linkedin_watcher.py", line 15, in <module>
2026-02-06 02:29:45 +05:00:     from .base_watcher import BaseWatcher, TaskCreationError
2026-02-06 02:29:45 +05:00: ImportError: attempted relative import with no known parent package
2026-02-06 02:29:52 +05:00: Traceback (most recent call last):
2026-02-06 02:29:52 +05:00:   File "/mnt/d/Hackathons/hackathon-0/silver/src/watchers/linkedin_watcher.py", line 15, in <module>
2026-02-06 02:29:52 +05:00:     from .base_watcher import BaseWatcher, TaskCreationError
2026-02-06 02:29:52 +05:00: ImportError: attempted relative import with no known parent package
2026-02-06 02:30:00 +05:00: Traceback (most recent call last):
2026-02-06 02:30:00 +05:00:   File "/mnt/d/Hackathons/hackathon-0/silver/src/watchers/linkedin_watcher.py", line 15, in <module>
2026-02-06 02:30:00 +05:00:     from .base_watcher import BaseWatcher, TaskCreationError
2026-02-06 02:30:00 +05:00: ImportError: attempted relative import with no known parent package
2026-02-06 02:30:07 +05:00: Traceback (most recent call last):
2026-02-06 02:30:07 +05:00:   File "/mnt/d/Hackathons/hackathon-0/silver/src/watchers/linkedin_watcher.py", line 15, in <module>
2026-02-06 02:30:07 +05:00:     from .base_watcher import BaseWatcher, TaskCreationError
2026-02-06 02:30:07 +05:00: ImportError: attempted relative import with no known parent package
2026-02-06 02:30:14 +05:00: Traceback (most recent call last):
2026-02-06 02:30:14 +05:00:   File "/mnt/d/Hackathons/hackathon-0/silver/src/watchers/linkedin_watcher.py", line 15, in <module>
2026-02-06 02:30:14 +05:00:     from .base_watcher import BaseWatcher, TaskCreationError
2026-02-06 02:30:14 +05:00: ImportError: attempted relative import with no known parent package
2026-02-06 02:30:21 +05:00: Traceback (most recent call last):
2026-02-06 02:30:21 +05:00:   File "/mnt/d/Hackathons/hackathon-0/silver/src/watchers/linkedin_watcher.py", line 15, in <module>
2026-02-06 02:30:21 +05:00:     from .base_watcher import BaseWatcher, TaskCreationError
2026-02-06 02:30:21 +05:00: ImportError: attempted relative import with no known parent package
2026-02-06 02:30:27 +05:00: Traceback (most recent call last):
2026-02-06 02:30:27 +05:00:   File "/mnt/d/Hackathons/hackathon-0/silver/src/watchers/linkedin_watcher.py", line 15, in <module>
2026-02-06 02:30:27 +05:00:     from .base_watcher import BaseWatcher, TaskCreationError
2026-02-06 02:30:27 +05:00: ImportError: attempted relative import with no known parent package
2026-02-06 02:30:34 +05:00: Traceback (most recent call last):
2026-02-06 02:30:34 +05:00:   File "/mnt/d/Hackathons/hackathon-0/silver/src/watchers/linkedin_watcher.py", line 15, in <module>
2026-02-06 02:30:34 +05:00:     from .base_watcher import BaseWatcher, TaskCreationError
2026-02-06 02:30:34 +05:00: ImportError: attempted relative import with no known parent package
2026-02-06 02:30:41 +05:00: Traceback (most recent call last):
2026-02-06 02:30:41 +05:00:   File "/mnt/d/Hackathons/hackathon-0/silver/src/watchers/linkedin_watcher.py", line 15, in <module>
2026-02-06 02:30:41 +05:00:     from .base_watcher import BaseWatcher, TaskCreationError
2026-02-06 02:30:41 +05:00: ImportError: attempted relative import with no known parent package
2026-02-06 02:30:48 +05:00: Traceback (most recent call last):
2026-02-06 02:30:48 +05:00:   File "/mnt/d/Hackathons/hackathon-0/silver/src/watchers/linkedin_watcher.py", line 15, in <module>
2026-02-06 02:30:48 +05:00:     from .base_watcher import BaseWatcher, TaskCreationError
2026-02-06 02:30:48 +05:00: ImportError: attempted relative import with no known parent package
2026-02-06 02:30:54 +05:00: Traceback (most recent call last):
2026-02-06 02:30:54 +05:00:   File "/mnt/d/Hackathons/hackathon-0/silver/src/watchers/linkedin_watcher.py", line 15, in <module>
2026-02-06 02:30:54 +05:00:     from .base_watcher import BaseWatcher, TaskCreationError
2026-02-06 02:30:54 +05:00: ImportError: attempted relative import with no known parent package
2026-02-06 02:31:01 +05:00: Traceback (most recent call last):
2026-02-06 02:31:01 +05:00:   File "/mnt/d/Hackathons/hackathon-0/silver/src/watchers/linkedin_watcher.py", line 15, in <module>
2026-02-06 02:31:01 +05:00:     from .base_watcher import BaseWatcher, TaskCreationError
2026-02-06 02:31:01 +05:00: ImportError: attempted relative import with no known parent package
2026-02-06 02:31:08 +05:00: Traceback (most recent call last):
2026-02-06 02:31:08 +05:00:   File "/mnt/d/Hackathons/hackathon-0/silver/src/watchers/linkedin_watcher.py", line 15, in <module>
2026-02-06 02:31:08 +05:00:     from .base_watcher import BaseWatcher, TaskCreationError
2026-02-06 02:31:08 +05:00: ImportError: attempted relative import with no known parent package
2026-02-06 02:31:15 +05:00: Traceback (most recent call last):
2026-02-06 02:31:15 +05:00:   File "/mnt/d/Hackathons/hackathon-0/silver/src/watchers/linkedin_watcher.py", line 15, in <module>
2026-02-06 02:31:15 +05:00:     from .base_watcher import BaseWatcher, TaskCreationError
2026-02-06 02:31:15 +05:00: ImportError: attempted relative import with no known parent package
2026-02-06 02:31:22 +05:00: Traceback (most recent call last):
2026-02-06 02:31:22 +05:00:   File "/mnt/d/Hackathons/hackathon-0/silver/src/watchers/linkedin_watcher.py", line 15, in <module>
2026-02-06 02:31:22 +05:00:     from .base_watcher import BaseWatcher, TaskCreationError
2026-02-06 02:31:22 +05:00: ImportError: attempted relative import with no known parent package
2026-02-06 02:31:29 +05:00: Traceback (most recent call last):
2026-02-06 02:31:29 +05:00:   File "/mnt/d/Hackathons/hackathon-0/silver/src/watchers/linkedin_watcher.py", line 15, in <module>
2026-02-06 02:31:29 +05:00:     from .base_watcher import BaseWatcher, TaskCreationError
2026-02-06 02:31:29 +05:00: ImportError: attempted relative import with no known parent package
2026-02-06 02:31:36 +05:00: Traceback (most recent call last):
2026-02-06 02:31:36 +05:00:   File "/mnt/d/Hackathons/hackathon-0/silver/src/watchers/linkedin_watcher.py", line 15, in <module>
2026-02-06 02:31:36 +05:00:     from .base_watcher import BaseWatcher, TaskCreationError
2026-02-06 02:31:36 +05:00: ImportError: attempted relative import with no known parent package
2026-02-06 02:31:42 +05:00: Traceback (most recent call last):
2026-02-06 02:31:42 +05:00:   File "/mnt/d/Hackathons/hackathon-0/silver/src/watchers/linkedin_watcher.py", line 15, in <module>
2026-02-06 02:31:42 +05:00:     
2026-02-06 02:31:42 +05:00: from .base_watcher import BaseWatcher, TaskCreationError
2026-02-06 02:31:42 +05:00: ImportError: attempted relative import with no known parent package
2026-02-06 02:31:49 +05:00: Traceback (most recent call last):
2026-02-06 02:31:49 +05:00:   File "/mnt/d/Hackathons/hackathon-0/silver/src/watchers/linkedin_watcher.py", line 15, in <module>
2026-02-06 02:31:49 +05:00:     from .base_watcher import BaseWatcher, TaskCreationError
2026-02-06 02:31:49 +05:00: ImportError: attempted relative import with no known parent package
2026-02-06 02:31:56 +05:00: Traceback (most recent call last):
2026-02-06 02:31:56 +05:00:   File "/mnt/d/Hackathons/hackathon-0/silver/src/watchers/linkedin_watcher.py", line 15, in <module>
2026-02-06 02:31:56 +05:00:     from .base_watcher import BaseWatcher, TaskCreationError
2026-02-06 02:31:56 +05:00: ImportError: attempted relative import with no known parent package
2026-02-06 02:32:02 +05:00: Traceback (most recent call last):
2026-02-06 02:32:02 +05:00:   File "/mnt/d/Hackathons/hackathon-0/silver/src/watchers/linkedin_watcher.py", line 15, in <module>
2026-02-06 02:32:02 +05:00:     from .base_watcher import BaseWatcher, TaskCreationError
2026-02-06 02:32:02 +05:00: ImportError: attempted relative import with no known parent package
2026-02-06 02:32:09 +05:00: Traceback (most recent call last):
2026-02-06 02:32:09 +05:00:   File "/mnt/d/Hackathons/hackathon-0/silver/src/watchers/linkedin_watcher.py", line 15, in <module>
2026-02-06 02:32:09 +05:00:     from .base_watcher import BaseWatcher, TaskCreationError
2026-02-06 02:32:09 +05:00: ImportError: attempted relative import with no known parent package
2026-02-06 02:32:16 +05:00: Traceback (most recent call last):
2026-02-06 02:32:16 +05:00:   File "/mnt/d/Hackathons/hackathon-0/silver/src/watchers/linkedin_watcher.py", line 15, in <module>
2026-02-06 02:32:16 +05:00:     from .base_watcher import BaseWatcher, TaskCreationError
2026-02-06 02:32:16 +05:00: : attempted relative import with no known parent package
2026-02-06 02:32:24 +05:00: Traceback (most recent call last):
2026-02-06 02:32:24 +05:00:   File "/mnt/d/Hackathons/hackathon-0/silver/src/watchers/linkedin_watcher.py", line 15, in <module>
2026-02-06 02:32:24 +05:00:     from .base_watcher import BaseWatcher, TaskCreationError
2026-02-06 02:32:24 +05:00: ImportError: attempted relative import with no known parent package
2026-02-06 02:32:30 +05:00: Traceback (most recent call last):
2026-02-06 02:32:30 +05:00:   File "/mnt/d/Hackathons/hackathon-0/silver/src/watchers/linkedin_watcher.py", line 15, in <module>
2026-02-06 02:32:30 +05:00:     from .base_watcher import BaseWatcher, TaskCreationError
2026-02-06 02:32:30 +05:00: ImportError: attempted relative import with no known parent package
2026-02-06 02:32:37 +05:00: Traceback (most recent call last):
2026-02-06 02:32:37 +05:00:   File "/mnt/d/Hackathons/hackathon-0/silver/src/watchers/linkedin_watcher.py", line 15, in <module>
2026-02-06 02:32:37 +05:00:     
2026-02-06 02:32:37 +05:00: from .base_watcher import BaseWatcher, TaskCreationError
2026-02-06 02:32:37 +05:00: ImportError: attempted relative import with no known parent package
2026-02-06 02:32:43 +05:00: Traceback (most recent call last):
2026-02-06 02:32:43 +05:00:   File "/mnt/d/Hackathons/hackathon-0/silver/src/watchers/linkedin_watcher.py", line 15, in <module>
2026-02-06 02:32:43 +05:00:     from .base_watcher import BaseWatcher, TaskCreationError
2026-02-06 02:32:43 +05:00: ImportError: attempted relative import with no known parent package
2026-02-06 02:32:50 +05:00: Traceback (most recent call last):
2026-02-06 02:32:50 +05:00:   File "/mnt/d/Hackathons/hackathon-0/silver/src/watchers/linkedin_watcher.py", line 15, in <module>
2026-02-06 02:32:50 +05:00:     from .base_watcher import BaseWatcher, TaskCreationError
2026-02-06 02:32:50 +05:00: ImportError: attempted relative import with no known parent package
2026-02-06 02:32:57 +05:00: Traceback (most recent call last):
2026-02-06 02:32:57 +05:00:   File "/mnt/d/Hackathons/hackathon-0/silver/src/watchers/linkedin_watcher.py", line 15, in <module>
2026-02-06 02:32:57 +05:00:     from .base_watcher import BaseWatcher, TaskCreationError
2026-02-06 02:32:57 +05:00: ImportError: attempted relative import with no known parent package
2026-02-06 02:33:03 +05:00: Traceback (most recent call last):
2026-02-06 02:33:03 +05:00:   File "/mnt/d/Hackathons/hackathon-0/silver/src/watchers/linkedin_watcher.py", line 15, in <module>
2026-02-06 02:33:03 +05:00:     from .base_watcher import BaseWatcher, TaskCreationError
2026-02-06 02:33:03 +05:00: ImportError: attempted relative import with no known parent package
2026-02-06 02:33:10 +05:00: Traceback (most recent call last):
2026-02-06 02:33:10 +05:00:   File "/mnt/d/Hackathons/hackathon-0/silver/src/watchers/linkedin_watcher.py", line 15, in <module>
2026-02-06 02:33:10 +05:00:     from .base_watcher import BaseWatcher, TaskCreationError
2026-02-06 02:33:10 +05:00: ImportError: attempted relative import with no known parent package
2026-02-06 02:33:16 +05:00: Traceback (most recent call last):
2026-02-06 02:33:16 +05:00:   File "/mnt/d/Hackathons/hackathon-0/silver/src/watchers/linkedin_watcher.py", line 15, in <module>
2026-02-06 02:33:16 +05:00:     from .base_watcher import BaseWatcher, TaskCreationError
2026-02-06 02:33:16 +05:00: ImportError: attempted relative import with no known parent package
2026-02-06 02:33:23 +05:00: Traceback (most recent call last):
2026-02-06 02:33:23 +05:00:   File "/mnt/d/Hackathons/hackathon-0/silver/src/watchers/linkedin_watcher.py", line 15, in <module>
2026-02-06 02:33:23 +05:00:     from .base_watcher import BaseWatcher, TaskCreationError
2026-02-06 02:33:23 +05:00: ImportError: attempted relative import with no known parent package
2026-02-06 02:33:30 +05:00: Traceback (most recent call last):
2026-02-06 02:33:30 +05:00:   File "/mnt/d/Hackathons/hackathon-0/silver/src/watchers/linkedin_watcher.py", line 15, in <module>
2026-02-06 02:33:30 +05:00:     from .base_watcher import BaseWatcher, TaskCreationError
2026-02-06 02:33:30 +05:00: ImportError: attempted relative import with no known parent package
2026-02-06 02:33:40 +05:00: Traceback (most recent call last):
2026-02-06 02:33:40 +05:00:   File "/mnt/d/Hackathons/hackathon-0/silver/src/watchers/linkedin_watcher.py", line 15, in <module>
2026-02-06 02:33:40 +05:00:     from .base_watcher import BaseWatcher, TaskCreationError
2026-02-06 02:33:40 +05:00: ImportError: attempted relative import with no known parent package
2026-02-06 02:33:46 +05:00: Traceback (most recent call last):
2026-02-06 02:33:46 +05:00:   File "/mnt/d/Hackathons/hackathon-0/silver/src/watchers/linkedin_watcher.py", line 15, in <module>
2026-02-06 02:33:46 +05:00:     from .base_watcher import BaseWatcher, TaskCreationError
2026-02-06 02:33:46 +05:00: ImportError: attempted relative import with no known parent package
2026-02-06 02:33:53 +05:00: Traceback (most recent call last):
2026-02-06 02:33:53 +05:00:   File "/mnt/d/Hackathons/hackathon-0/silver/src/watchers/linkedin_watcher.py", line 15, in <module>
2026-02-06 02:33:53 +05:00:     from .base_watcher import BaseWatcher, TaskCreationError
2026-02-06 02:33:53 +05:00: 
2026-02-06 02:33:53 +05:00: ImportError: attempted relative import with no known parent package
2026-02-06 02:34:00 +05:00: Traceback (most recent call last):
2026-02-06 02:34:00 +05:00:   File "/mnt/d/Hackathons/hackathon-0/silver/src/watchers/linkedin_watcher.py", line 15, in <module>
2026-02-06 02:34:00 +05:00:     from .base_watcher import BaseWatcher, TaskCreationError
2026-02-06 02:34:00 +05:00: ImportError: attempted relative import with no known parent package
2026-02-06 02:34:07 +05:00: Traceback (most recent call last):
2026-02-06 02:34:07 +05:00:   File "/mnt/d/Hackathons/hackathon-0/silver/src/watchers/linkedin_watcher.py", line 15, in <module>
2026-02-06 02:34:07 +05:00:     from .base_watcher import BaseWatcher, TaskCreationError
2026-02-06 02:34:07 +05:00: ImportError: attempted relative import with no known parent package
2026-02-06 02:34:13 +05:00: Traceback (most recent call last):
2026-02-06 02:34:13 +05:00:   File "/mnt/d/Hackathons/hackathon-0/silver/src/watchers/linkedin_watcher.py", line 15, in <module>
2026-02-06 02:34:13 +05:00:     from .base_watcher import BaseWatcher, TaskCreationError
2026-02-06 02:34:13 +05:00: ImportError: attempted relative import with no known parent package
2026-02-06 02:34:20 +05:00: Traceback (most recent call last):
2026-02-06 02:34:20 +05:00:   File "/mnt/d/Hackathons/hackathon-0/silver/src/watchers/linkedin_watcher.py", line 15, in <module>
2026-02-06 02:34:20 +05:00:     from .base_watcher import BaseWatcher, TaskCreationError
2026-02-06 02:34:20 +05:00: ImportError: attempted relative import with no known parent package
2026-02-06 02:34:26 +05:00: Traceback (most recent call last):
2026-02-06 02:34:26 +05:00:   File "/mnt/d/Hackathons/hackathon-0/silver/src/watchers/linkedin_watcher.py", line 15, in <module>
2026-02-06 02:34:26 +05:00:     from .base_watcher import BaseWatcher, TaskCreationError
2026-02-06 02:34:26 +05:00: ImportError: attempted relative import with no known parent package
2026-02-06 02:34:33 +05:00: Traceback (most recent call last):
2026-02-06 02:34:33 +05:00:   File "/mnt/d/Hackathons/hackathon-0/silver/src/watchers/linkedin_watcher.py", line 15, in <module>
2026-02-06 02:34:33 +05:00:     from .base_watcher import BaseWatcher, TaskCreationError
2026-02-06 02:34:33 +05:00: ImportError: attempted relative import with no known parent package
2026-02-06 02:34:40 +05:00: Traceback (most recent call last):
2026-02-06 02:34:40 +05:00:   File "/mnt/d/Hackathons/hackathon-0/silver/src/watchers/linkedin_watcher.py", line 15, in <module>
2026-02-06 02:34:40 +05:00:     from .base_watcher import BaseWatcher, TaskCreationError
2026-02-06 02:34:40 +05:00: ImportError: attempted relative import with no known parent package
2026-02-06 02:34:47 +05:00: Traceback (most recent call last):
2026-02-06 02:34:47 +05:00:   File "/mnt/d/Hackathons/hackathon-0/silver/src/watchers/linkedin_watcher.py", line 15, in <module>
2026-02-06 02:34:47 +05:00:     from .base_watcher import BaseWatcher, TaskCreationError
2026-02-06 02:34:47 +05:00: ImportError: attempted relative import with no known parent package
2026-02-06 02:34:53 +05:00: Traceback (most recent call last):
2026-02-06 02:34:53 +05:00:   File "/mnt/d/Hackathons/hackathon-0/silver/src/watchers/linkedin_watcher.py", line 15, in <module>
2026-02-06 02:34:53 +05:00:     from .base_watcher import BaseWatcher, TaskCreationError
2026-02-06 02:34:53 +05:00: ImportError: attempted relative import with no known parent package
2026-02-06 02:35:00 +05:00: Traceback (most recent call last):
2026-02-06 02:35:00 +05:00:   File "/mnt/d/Hackathons/hackathon-0/silver/src/watchers/linkedin_watcher.py", line 15, in <module>
2026-02-06 02:35:00 +05:00:     from .base_watcher import BaseWatcher, TaskCreationError
2026-02-06 02:35:00 +05:00: ImportError: attempted relative import with no known parent package
2026-02-06 02:35:06 +05:00: Traceback (most recent call last):
2026-02-06 02:35:06 +05:00:   File "/mnt/d/Hackathons/hackathon-0/silver/src/watchers/linkedin_watcher.py", line 15, in <module>
2026-02-06 02:35:06 +05:00:     from .base_watcher import BaseWatcher, TaskCreationError
2026-02-06 02:35:06 +05:00: ImportError: attempted relative import with no known parent package
2026-02-06 02:35:13 +05:00: Traceback (most recent call last):
2026-02-06 02:35:13 +05:00:   File "/mnt/d/Hackathons/hackathon-0/silver/src/watchers/linkedin_watcher.py", line 15, in <module>
2026-02-06 02:35:13 +05:00:     
2026-02-06 02:35:13 +05:00: from .base_watcher import BaseWatcher, TaskCreationError
2026-02-06 02:35:13 +05:00: ImportError: attempted relative import with no known parent package
2026-02-06 02:35:20 +05:00: Traceback (most recent call last):
2026-02-06 02:35:20 +05:00:   File "/mnt/d/Hackathons/hackathon-0/silver/src/watchers/linkedin_watcher.py", line 15, in <module>
2026-02-06 02:35:20 +05:00:     from .base_watcher import BaseWatcher, TaskCreationError
2026-02-06 02:35:20 +05:00: ImportError: attempted relative import with no known parent package
2026-02-06 02:35:27 +05:00: Traceback (most recent call last):
2026-02-06 02:35:27 +05:00:   File "/mnt/d/Hackathons/hackathon-0/silver/src/watchers/linkedin_watcher.py", line 15, in <module>
2026-02-06 02:35:27 +05:00:     from .base_watcher import BaseWatcher, TaskCreationError
2026-02-06 02:35:27 +05:00: ImportError: attempted relative import with no known parent package
2026-02-06 02:35:34 +05:00: Traceback (most recent call last):
2026-02-06 02:35:34 +05:00:   File "/mnt/d/Hackathons/hackathon-0/silver/src/watchers/linkedin_watcher.py", line 15, in <module>
2026-02-06 02:35:34 +05:00:     from .base_watcher import BaseWatcher, TaskCreationError
2026-02-06 02:35:34 +05:00: ImportError: attempted relative import with no known parent package
2026-02-06 02:35:41 +05:00: Traceback (most recent call last):
2026-02-06 02:35:41 +05:00:   File "/mnt/d/Hackathons/hackathon-0/silver/src/watchers/linkedin_watcher.py", line 15, in <module>
2026-02-06 02:35:41 +05:00:     from .base_watcher import BaseWatcher, TaskCreationError
2026-02-06 02:35:41 +05:00: ImportError: attempted relative import with no known parent package
2026-02-06 02:35:48 +05:00: Traceback (most recent call last):
2026-02-06 02:35:48 +05:00:   File "/mnt/d/Hackathons/hackathon-0/silver/src/watchers/linkedin_watcher.py", line 15, in <module>
2026-02-06 02:35:48 +05:00:     from .base_watcher import BaseWatcher, TaskCreationError
2026-02-06 02:35:48 +05:00: ImportError: attempted relative import with no known parent package
2026-02-06 02:35:55 +05:00: Traceback (most recent call last):
2026-02-06 02:35:55 +05:00:   File "/mnt/d/Hackathons/hackathon-0/silver/src/watchers/linkedin_watcher.py", line 15, in <module>
2026-02-06 02:35:56 +05:00:     from .base_watcher import BaseWatcher, TaskCreationError
2026-02-06 02:35:56 +05:00: ImportError: attempted relative import with no known parent package
2026-02-06 02:36:03 +05:00: Traceback (most recent call last):
2026-02-06 02:36:03 +05:00:   File "/mnt/d/Hackathons/hackathon-0/silver/src/watchers/linkedin_watcher.py", line 15, in <module>
2026-02-06 02:36:03 +05:00:     from .base_watcher import BaseWatcher, TaskCreationError
2026-02-06 02:36:03 +05:00: ImportError: attempted relative import with no known parent package
2026-02-06 02:36:10 +05:00: Traceback (most recent call last):
2026-02-06 02:36:10 +05:00:   File "/mnt/d/Hackathons/hackathon-0/silver/src/watchers/linkedin_watcher.py", line 15, in <module>
2026-02-06 02:36:10 +05:00:     from .base_watcher import BaseWatcher, TaskCreationError
2026-02-06 02:36:10 +05:00: ImportError: attempted relative import with no known parent package
2026-02-06 02:36:16 +05:00: Traceback (most recent call last):
2026-02-06 02:36:16 +05:00:   File "/mnt/d/Hackathons/hackathon-0/silver/src/watchers/linkedin_watcher.py", line 15, in <module>
2026-02-06 02:36:16 +05:00:     from .base_watcher import BaseWatcher, TaskCreationError
2026-02-06 02:36:16 +05:00: ImportError: attempted relative import with no known parent package
2026-02-06 02:36:23 +05:00: Traceback (most recent call last):
2026-02-06 02:36:23 +05:00:   File "/mnt/d/Hackathons/hackathon-0/silver/src/watchers/linkedin_watcher.py", line 15, in <module>
2026-02-06 02:36:23 +05:00:     from .base_watcher import BaseWatcher, TaskCreationError
2026-02-06 02:36:23 +05:00: ImportError: attempted relative import with no known parent package
2026-02-06 02:36:30 +05:00: Traceback (most recent call last):
2026-02-06 02:36:30 +05:00:   File "/mnt/d/Hackathons/hackathon-0/silver/src/watchers/linkedin_watcher.py", line 15, in <module>
2026-02-06 02:36:30 +05:00:     from .base_watcher import BaseWatcher, TaskCreationError
2026-02-06 02:36:30 +05:00: ImportError: attempted relative import with no known parent package
2026-02-06 02:36:36 +05:00: Traceback (most recent call last):
2026-02-06 02:36:36 +05:00:   File "/mnt/d/Hackathons/hackathon-0/silver/src/watchers/linkedin_watcher.py", line 15, in <module>
2026-02-06 02:36:36 +05:00:     from .base_watcher import BaseWatcher, TaskCreationError
2026-02-06 02:36:36 +05:00: ImportError: attempted relative import with no known parent package
2026-02-06 02:36:43 +05:00: Traceback (most recent call last):
2026-02-06 02:36:43 +05:00:   File "/mnt/d/Hackathons/hackathon-0/silver/src/watchers/linkedin_watcher.py", line 15, in <module>
2026-02-06 02:36:43 +05:00:     from .base_watcher import BaseWatcher, TaskCreationError
2026-02-06 02:36:43 +05:00: ImportError: attempted relative import with no known parent package
2026-02-06 02:36:50 +05:00: Traceback (most recent call last):
2026-02-06 02:36:50 +05:00:   File "/mnt/d/Hackathons/hackathon-0/silver/src/watchers/linkedin_watcher.py", line 15, in <module>
2026-02-06 02:36:50 +05:00:     from .base_watcher import BaseWatcher, TaskCreationError
2026-02-06 02:36:50 +05:00: ImportError: attempted relative import with no known parent package
2026-02-06 02:36:56 +05:00: Traceback (most recent call last):
2026-02-06 02:36:56 +05:00:   File "/mnt/d/Hackathons/hackathon-0/silver/src/watchers/linkedin_watcher.py", line 15, in <module>
2026-02-06 02:36:56 +05:00:     from .base_watcher import BaseWatcher, TaskCreationError
2026-02-06 02:36:56 +05:00: ImportError: attempted relative import with no known parent package
2026-02-06 02:37:03 +05:00: Traceback (most recent call last):
2026-02-06 02:37:03 +05:00:   File "/mnt/d/Hackathons/hackathon-0/silver/src/watchers/linkedin_watcher.py", line 15, in <module>
2026-02-06 02:37:03 +05:00:     from .base_watcher import BaseWatcher, TaskCreationError
2026-02-06 02:37:03 +05:00: : attempted relative import with no known parent package
2026-02-06 02:37:10 +05:00: Traceback (most recent call last):
2026-02-06 02:37:10 +05:00:   File "/mnt/d/Hackathons/hackathon-0/silver/src/watchers/linkedin_watcher.py", line 15, in <module>
2026-02-06 02:37:10 +05:00:     from .base_watcher import BaseWatcher, TaskCreationError
2026-02-06 02:37:10 +05:00: ImportError: attempted relative import with no known parent package
2026-02-06 02:37:16 +05:00: Traceback (most recent call last):
2026-02-06 02:37:16 +05:00:   File "/mnt/d/Hackathons/hackathon-0/silver/src/watchers/linkedin_watcher.py", line 15, in <module>
2026-02-06 02:37:16 +05:00:     from .base_watcher import BaseWatcher, TaskCreationError
2026-02-06 02:37:16 +05:00: ImportError: attempted relative import with no known parent package
2026-02-06 02:37:23 +05:00: Traceback (most recent call last):
2026-02-06 02:37:23 +05:00:   File "/mnt/d/Hackathons/hackathon-0/silver/src/watchers/linkedin_watcher.py", line 15, in <module>
2026-02-06 02:37:23 +05:00:     from .base_watcher import BaseWatcher, TaskCreationError
2026-02-06 02:37:23 +05:00: ImportError: attempted relative import with no known parent package
2026-02-06 02:37:30 +05:00: Traceback (most recent call last):
2026-02-06 02:37:30 +05:00:   File "/mnt/d/Hackathons/hackathon-0/silver/src/watchers/linkedin_watcher.py", line 15, in <module>
2026-02-06 02:37:30 +05:00:     from .base_watcher import BaseWatcher, TaskCreationError
2026-02-06 02:37:30 +05:00: ImportError: attempted relative import with no known parent package
2026-02-06 02:37:37 +05:00: Traceback (most recent call last):
2026-02-06 02:37:37 +05:00:   File "/mnt/d/Hackathons/hackathon-0/silver/src/watchers/linkedin_watcher.py", line 15, in <module>
2026-02-06 02:37:37 +05:00:     from .base_watcher import BaseWatcher, TaskCreationError
2026-02-06 02:37:37 +05:00: ImportError: attempted relative import with no known parent package
2026-02-06 02:37:44 +05:00: Traceback (most recent call last):
2026-02-06 02:37:44 +05:00:   File "/mnt/d/Hackathons/hackathon-0/silver/src/watchers/linkedin_watcher.py", line 15, in <module>
2026-02-06 02:37:45 +05:00:     from .base_watcher import BaseWatcher, TaskCreationError
2026-02-06 02:37:45 +05:00: ImportError: attempted relative import with no known parent package
2026-02-06 02:37:51 +05:00: Traceback (most recent call last):
2026-02-06 02:37:51 +05:00:   File "/mnt/d/Hackathons/hackathon-0/silver/src/watchers/linkedin_watcher.py", line 15, in <module>
2026-02-06 02:37:51 +05:00:     from .base_watcher import BaseWatcher, TaskCreationError
2026-02-06 02:37:51 +05:00: ImportError: attempted relative import with no known parent package
2026-02-06 02:37:59 +05:00: Traceback (most recent call last):
2026-02-06 02:37:59 +05:00:   File "/mnt/d/Hackathons/hackathon-0/silver/src/watchers/linkedin_watcher.py", line 15, in <module>
2026-02-06 02:37:59 +05:00:     from .base_watcher import BaseWatcher, TaskCreationError
2026-02-06 02:37:59 +05:00: ImportError: attempted relative import with no known parent package
2026-02-06 02:38:08 +05:00: Traceback (most recent call last):
2026-02-06 02:38:08 +05:00:   File "/mnt/d/Hackathons/hackathon-0/silver/src/watchers/linkedin_watcher.py", line 15, in <module>
2026-02-06 02:38:08 +05:00:     from .base_watcher import BaseWatcher, TaskCreationError
2026-02-06 02:38:08 +05:00: ImportError: attempted relative import with no known parent package
2026-02-06 02:38:15 +05:00: Traceback (most recent call last):
2026-02-06 02:38:15 +05:00:   File "/mnt/d/Hackathons/hackathon-0/silver/src/watchers/linkedin_watcher.py", line 15, in <module>
2026-02-06 02:38:15 +05:00:     from .base_watcher import BaseWatcher, TaskCreationError
2026-02-06 02:38:15 +05:00: ImportError: attempted relative import with no known parent package
2026-02-06 02:38:22 +05:00: Traceback (most recent call last):
2026-02-06 02:38:22 +05:00:   File "/mnt/d/Hackathons/hackathon-0/silver/src/watchers/linkedin_watcher.py", line 15, in <module>
2026-02-06 02:38:22 +05:00:     from .base_watcher import BaseWatcher, TaskCreationError
2026-02-06 02:38:22 +05:00: ImportError: attempted relative import with no known parent package
2026-02-06 02:38:28 +05:00: Traceback (most recent call last):
2026-02-06 02:38:28 +05:00:   File "/mnt/d/Hackathons/hackathon-0/silver/src/watchers/linkedin_watcher.py", line 15, in <module>
2026-02-06 02:38:28 +05:00:     from .base_watcher import BaseWatcher, TaskCreationError
2026-02-06 02:38:28 +05:00: ImportError: attempted relative import with no known parent package
2026-02-06 02:38:35 +05:00: Traceback (most recent call last):
2026-02-06 02:38:35 +05:00:   File "/mnt/d/Hackathons/hackathon-0/silver/src/watchers/linkedin_watcher.py", line 15, in <module>
2026-02-06 02:38:35 +05:00:     from .base_watcher import BaseWatcher, TaskCreationError
2026-02-06 02:38:35 +05:00: ImportError: attempted relative import with no known parent package
2026-02-06 02:38:41 +05:00: Traceback (most recent call last):
2026-02-06 02:38:41 +05:00:   File "/mnt/d/Hackathons/hackathon-0/silver/src/watchers/linkedin_watcher.py", line 15, in <module>
2026-02-06 02:38:41 +05:00:     from .base_watcher import BaseWatcher, TaskCreationError
2026-02-06 02:38:41 +05:00: ImportError: attempted relative import with no known parent package
2026-02-06 02:38:49 +05:00: Traceback (most recent call last):
2026-02-06 02:38:49 +05:00:   File "/mnt/d/Hackathons/hackathon-0/silver/src/watchers/linkedin_watcher.py", line 15, in <module>
2026-02-06 02:38:49 +05:00:     from .base_watcher import BaseWatcher, TaskCreationError
2026-02-06 02:38:49 +05:00: ImportError: attempted relative import with no known parent package
2026-02-06 02:38:56 +05:00: Traceback (most recent call last):
2026-02-06 02:38:56 +05:00:   File "/mnt/d/Hackathons/hackathon-0/silver/src/watchers/linkedin_watcher.py", line 15, in <module>
2026-02-06 02:38:56 +05:00:     from .base_watcher import BaseWatcher, TaskCreationError
2026-02-06 02:38:56 +05:00: ImportError: attempted relative import with no known parent package
2026-02-06 02:39:03 +05:00: Traceback (most recent call last):
2026-02-06 02:39:03 +05:00:   File "/mnt/d/Hackathons/hackathon-0/silver/src/watchers/linkedin_watcher.py", line 15, in <module>
2026-02-06 02:39:03 +05:00:     from .base_watcher import BaseWatcher, TaskCreationError
2026-02-06 02:39:03 +05:00: : attempted relative import with no known parent package
2026-02-06 02:39:09 +05:00: Traceback (most recent call last):
2026-02-06 02:39:09 +05:00:   File "/mnt/d/Hackathons/hackathon-0/silver/src/watchers/linkedin_watcher.py", line 15, in <module>
2026-02-06 02:39:09 +05:00:     from .base_watcher import BaseWatcher, TaskCreationError
2026-02-06 02:39:09 +05:00: ImportError: attempted relative import with no known parent package
2026-02-06 02:39:16 +05:00: Traceback (most recent call last):
2026-02-06 02:39:16 +05:00:   File "/mnt/d/Hackathons/hackathon-0/silver/src/watchers/linkedin_watcher.py", line 15, in <module>
2026-02-06 02:39:16 +05:00:     from .base_watcher import BaseWatcher, TaskCreationError
2026-02-06 02:39:16 +05:00: ImportError: attempted relative import with no known parent package
2026-02-06 02:39:23 +05:00: Traceback (most recent call last):
2026-02-06 02:39:23 +05:00:   File "/mnt/d/Hackathons/hackathon-0/silver/src/watchers/linkedin_watcher.py", line 15, in <module>
2026-02-06 02:39:23 +05:00:     from .base_watcher import BaseWatcher, TaskCreationError
2026-02-06 02:39:23 +05:00: ImportError: attempted relative import with no known parent package
2026-02-06 02:39:30 +05:00: Traceback (most recent call last):
2026-02-06 02:39:30 +05:00:   File "/mnt/d/Hackathons/hackathon-0/silver/src/watchers/linkedin_watcher.py", line 15, in <module>
2026-02-06 02:39:30 +05:00:     from .base_watcher import BaseWatcher, TaskCreationError
2026-02-06 02:39:30 +05:00: ImportError: attempted relative import with no known parent package
2026-02-06 02:39:36 +05:00: Traceback (most recent call last):
2026-02-06 02:39:36 +05:00:   File "/mnt/d/Hackathons/hackathon-0/silver/src/watchers/linkedin_watcher.py", line 15, in <module>
2026-02-06 02:39:36 +05:00:     from .base_watcher import BaseWatcher, TaskCreationError
2026-02-06 02:39:36 +05:00: ImportError: attempted relative import with no known parent package
2026-02-06 02:39:43 +05:00: Traceback (most recent call last):
2026-02-06 02:39:43 +05:00:   File "/mnt/d/Hackathons/hackathon-0/silver/src/watchers/linkedin_watcher.py", line 15, in <module>
2026-02-06 02:39:43 +05:00:     from .base_watcher import BaseWatcher, TaskCreationError
2026-02-06 02:39:43 +05:00: ImportError: attempted relative import with no known parent package
2026-02-06 02:39:50 +05:00: Traceback (most recent call last):
2026-02-06 02:39:50 +05:00:   File "/mnt/d/Hackathons/hackathon-0/silver/src/watchers/linkedin_watcher.py", line 15, in <module>
2026-02-06 02:39:50 +05:00:     from .base_watcher import BaseWatcher, TaskCreationError
2026-02-06 02:39:50 +05:00: ImportError: attempted relative import with no known parent package
2026-02-06 02:39:57 +05:00: Traceback (most recent call last):
2026-02-06 02:39:57 +05:00:   File "/mnt/d/Hackathons/hackathon-0/silver/src/watchers/linkedin_watcher.py", line 15, in <module>
2026-02-06 02:39:57 +05:00:     from .base_watcher import BaseWatcher, TaskCreationError
2026-02-06 02:39:57 +05:00: ImportError: attempted relative import with no known parent package
2026-02-06 02:40:04 +05:00: Traceback (most recent call last):
2026-02-06 02:40:04 +05:00:   File "/mnt/d/Hackathons/hackathon-0/silver/src/watchers/linkedin_watcher.py", line 15, in <module>
2026-02-06 02:40:04 +05:00:     from .base_watcher import BaseWatcher, TaskCreationError
2026-02-06 02:40:04 +05:00: 
2026-02-06 02:40:11 +05:00: Traceback (most recent call last):
2026-02-06 02:40:11 +05:00:   File "/mnt/d/Hackathons/hackathon-0/silver/src/watchers/linkedin_watcher.py", line 15, in <module>
2026-02-06 02:40:11 +05:00:     from .base_watcher import BaseWatcher, TaskCreationError
2026-02-06 02:40:11 +05:00: ImportError: attempted relative import with no known parent package
2026-02-06 02:40:18 +05:00: Traceback (most recent call last):
2026-02-06 02:40:18 +05:00:   File "/mnt/d/Hackathons/hackathon-0/silver/src/watchers/linkedin_watcher.py", line 15, in <module>
2026-02-06 02:40:18 +05:00:     from .base_watcher import BaseWatcher, TaskCreationError
2026-02-06 02:40:18 +05:00: ImportError: attempted relative import with no known parent package
2026-02-06 02:40:25 +05:00: Traceback (most recent call last):
2026-02-06 02:40:25 +05:00:   File "/mnt/d/Hackathons/hackathon-0/silver/src/watchers/linkedin_watcher.py", line 15, in <module>
2026-02-06 02:40:25 +05:00:     from .base_watcher import BaseWatcher, TaskCreationError
2026-02-06 02:40:25 +05:00: ImportError: attempted relative import with no known parent package
2026-02-06 02:40:32 +05:00: Traceback (most recent call last):
2026-02-06 02:40:32 +05:00:   File "/mnt/d/Hackathons/hackathon-0/silver/src/watchers/linkedin_watcher.py", line 15, in <module>
2026-02-06 02:40:32 +05:00:     from .base_watcher import BaseWatcher, TaskCreationError
2026-02-06 02:40:32 +05:00: : attempted relative import with no known parent package
2026-02-06 02:40:39 +05:00: Traceback (most recent call last):
2026-02-06 02:40:39 +05:00:   File "/mnt/d/Hackathons/hackathon-0/silver/src/watchers/linkedin_watcher.py", line 15, in <module>
2026-02-06 02:40:39 +05:00:     from .base_watcher import BaseWatcher, TaskCreationError
2026-02-06 02:40:39 +05:00: ImportError: attempted relative import with no known parent package
2026-02-06 02:40:46 +05:00: Traceback (most recent call last):
2026-02-06 02:40:46 +05:00:   File "/mnt/d/Hackathons/hackathon-0/silver/src/watchers/linkedin_watcher.py", line 15, in <module>
2026-02-06 02:40:46 +05:00:     from .base_watcher import BaseWatcher, TaskCreationError
2026-02-06 02:40:46 +05:00: ImportError: attempted relative import with no known parent package
2026-02-06 02:40:54 +05:00: Traceback (most recent call last):
2026-02-06 02:40:54 +05:00:   File "/mnt/d/Hackathons/hackathon-0/silver/src/watchers/linkedin_watcher.py", line 15, in <module>
2026-02-06 02:40:54 +05:00:     from .base_watcher import BaseWatcher, TaskCreationError
2026-02-06 02:40:54 +05:00: ImportError: attempted relative import with no known parent package
2026-02-06 02:41:01 +05:00: Traceback (most recent call last):
2026-02-06 02:41:01 +05:00:   File "/mnt/d/Hackathons/hackathon-0/silver/src/watchers/linkedin_watcher.py", line 15, in <module>
2026-02-06 02:41:01 +05:00:     from .base_watcher import BaseWatcher, TaskCreationError
2026-02-06 02:41:01 +05:00: ImportError: attempted relative import with no known parent package
2026-02-06 02:41:07 +05:00: Traceback (most recent call last):
2026-02-06 02:41:07 +05:00:   File "/mnt/d/Hackathons/hackathon-0/silver/src/watchers/linkedin_watcher.py", line 15, in <module>
2026-02-06 02:41:07 +05:00:     from .base_watcher import BaseWatcher, TaskCreationError
2026-02-06 02:41:07 +05:00: ImportError: attempted relative import with no known parent package
2026-02-06 02:41:14 +05:00: Traceback (most recent call last):
2026-02-06 02:41:14 +05:00:   File "/mnt/d/Hackathons/hackathon-0/silver/src/watchers/linkedin_watcher.py", line 15, in <module>
2026-02-06 02:41:14 +05:00:     from .base_watcher import BaseWatcher, TaskCreationError
2026-02-06 02:41:14 +05:00: ImportError: attempted relative import with no known parent package
2026-02-06 02:41:22 +05:00: Traceback (most recent call last):
2026-02-06 02:41:22 +05:00:   File "/mnt/d/Hackathons/hackathon-0/silver/src/watchers/linkedin_watcher.py", line 15, in <module>
2026-02-06 02:41:22 +05:00:     from .base_watcher import BaseWatcher, TaskCreationError
2026-02-06 02:41:22 +05:00: ImportError: attempted relative import with no known parent package
2026-02-06 02:41:29 +05:00: Traceback (most recent call last):
2026-02-06 02:41:29 +05:00:   File "/mnt/d/Hackathons/hackathon-0/silver/src/watchers/linkedin_watcher.py", line 15, in <module>
2026-02-06 02:41:29 +05:00:     from .base_watcher import BaseWatcher, TaskCreationError
2026-02-06 02:41:29 +05:00: ImportError: attempted relative import with no known parent package
2026-02-06 02:41:36 +05:00: Traceback (most recent call last):
2026-02-06 02:41:36 +05:00:   File "/mnt/d/Hackathons/hackathon-0/silver/src/watchers/linkedin_watcher.py", line 15, in <module>
2026-02-06 02:41:36 +05:00:     from .base_watcher import BaseWatcher, TaskCreationError
2026-02-06 02:41:36 +05:00: ImportError: attempted relative import with no known parent package
2026-02-06 02:41:43 +05:00: Traceback (most recent call last):
2026-02-06 02:41:43 +05:00:   File "/mnt/d/Hackathons/hackathon-0/silver/src/watchers/linkedin_watcher.py", line 15, in <module>
2026-02-06 02:41:43 +05:00:     from .base_watcher import BaseWatcher, TaskCreationError
2026-02-06 02:41:43 +05:00: ImportError: attempted relative import with no known parent package
2026-02-06 02:41:50 +05:00: Traceback (most recent call last):
2026-02-06 02:41:50 +05:00:   File "/mnt/d/Hackathons/hackathon-0/silver/src/watchers/linkedin_watcher.py", line 15, in <module>
2026-02-06 02:41:50 +05:00:     from .base_watcher import BaseWatcher, TaskCreationError
2026-02-06 02:41:50 +05:00: ImportError: attempted relative import with no known parent package
2026-02-06 02:41:57 +05:00: Traceback (most recent call last):
2026-02-06 02:41:57 +05:00:   File "/mnt/d/Hackathons/hackathon-0/silver/src/watchers/linkedin_watcher.py", line 15, in <module>
2026-02-06 02:41:57 +05:00:     from .base_watcher import BaseWatcher, TaskCreationError
2026-02-06 02:41:57 +05:00: ImportError: attempted relative import with no known parent package
2026-02-06 02:42:04 +05:00: Traceback (most recent call last):
2026-02-06 02:42:04 +05:00:   File "/mnt/d/Hackathons/hackathon-0/silver/src/watchers/linkedin_watcher.py", line 15, in <module>
2026-02-06 02:42:04 +05:00:     from .base_watcher import BaseWatcher, TaskCreationError
2026-02-06 02:42:04 +05:00: ImportError: attempted relative import with no known parent package
2026-02-06 02:42:11 +05:00: Traceback (most recent call last):
2026-02-06 02:42:11 +05:00:   File "/mnt/d/Hackathons/hackathon-0/silver/src/watchers/linkedin_watcher.py", line 15, in <module>
2026-02-06 02:42:11 +05:00:     from .base_watcher import BaseWatcher, TaskCreationError
2026-02-06 02:42:11 +05:00: ImportError: attempted relative import with no known parent package
2026-02-06 02:42:17 +05:00: Traceback (most recent call last):
2026-02-06 02:42:17 +05:00:   File "/mnt/d/Hackathons/hackathon-0/silver/src/watchers/linkedin_watcher.py", line 15, in <module>
2026-02-06 02:42:17 +05:00:     from .base_watcher import BaseWatcher, TaskCreationError
2026-02-06 02:42:17 +05:00: ImportError: attempted relative import with no known parent package
2026-02-06 02:42:24 +05:00: Traceback (most recent call last):
2026-02-06 02:42:24 +05:00:   File "/mnt/d/Hackathons/hackathon-0/silver/src/watchers/linkedin_watcher.py", line 15, in <module>
2026-02-06 02:42:24 +05:00:     from .base_watcher import BaseWatcher, TaskCreationError
2026-02-06 02:42:24 +05:00: ImportError: attempted relative import with no known parent package
2026-02-06 02:42:31 +05:00: Traceback (most recent call last):
2026-02-06 02:42:31 +05:00:   File "/mnt/d/Hackathons/hackathon-0/silver/src/watchers/linkedin_watcher.py", line 15, in <module>
2026-02-06 02:42:31 +05:00:     from .base_watcher import BaseWatcher, TaskCreationError
2026-02-06 02:42:31 +05:00: ImportError: attempted relative import with no known parent package
2026-02-06 02:42:38 +05:00: Traceback (most recent call last):
2026-02-06 02:42:38 +05:00:   File "/mnt/d/Hackathons/hackathon-0/silver/src/watchers/linkedin_watcher.py", line 15, in <module>
2026-02-06 02:42:38 +05:00:     from .base_watcher import BaseWatcher, TaskCreationError
2026-02-06 02:42:38 +05:00: ImportError: attempted relative import with no known parent package
2026-02-06 02:42:45 +05:00: Traceback (most recent call last):
2026-02-06 02:42:45 +05:00:   File "/mnt/d/Hackathons/hackathon-0/silver/src/watchers/linkedin_watcher.py", line 15, in <module>
2026-02-06 02:42:45 +05:00:     from .base_watcher import BaseWatcher, TaskCreationError
2026-02-06 02:42:45 +05:00: ImportError: attempted relative import with no known parent package
2026-02-06 02:42:52 +05:00: Traceback (most recent call last):
2026-02-06 02:42:52 +05:00:   File "/mnt/d/Hackathons/hackathon-0/silver/src/watchers/linkedin_watcher.py", line 15, in <module>
2026-02-06 02:42:52 +05:00:     from .base_watcher import BaseWatcher, TaskCreationError
2026-02-06 02:42:52 +05:00: ImportError: attempted relative import with no known parent package
2026-02-06 02:42:59 +05:00: Traceback (most recent call last):
2026-02-06 02:42:59 +05:00:   File "/mnt/d/Hackathons/hackathon-0/silver/src/watchers/linkedin_watcher.py", line 15, in <module>
2026-02-06 02:42:59 +05:00:     from .base_watcher import BaseWatcher, TaskCreationError
2026-02-06 02:42:59 +05:00: ImportError: attempted relative import with no known parent package
2026-02-06 02:43:05 +05:00: Traceback (most recent call last):
2026-02-06 02:43:05 +05:00:   File "/mnt/d/Hackathons/hackathon-0/silver/src/watchers/linkedin_watcher.py", line 15, in <module>
2026-02-06 02:43:05 +05:00:     from .base_watcher import BaseWatcher, TaskCreationError
2026-02-06 02:43:05 +05:00: ImportError: attempted relative import with no known parent package
2026-02-06 02:43:12 +05:00: Traceback (most recent call last):
2026-02-06 02:43:12 +05:00:   File "/mnt/d/Hackathons/hackathon-0/silver/src/watchers/linkedin_watcher.py", line 15, in <module>
2026-02-06 02:43:12 +05:00:     from .base_watcher import BaseWatcher, TaskCreationError
2026-02-06 02:43:12 +05:00: ImportError: attempted relative import with no known parent package
2026-02-06 02:43:20 +05:00: Traceback (most recent call last):
2026-02-06 02:43:20 +05:00:   File "/mnt/d/Hackathons/hackathon-0/silver/src/watchers/linkedin_watcher.py", line 15, in <module>
2026-02-06 02:43:20 +05:00:     from .base_watcher import BaseWatcher, TaskCreationError
2026-02-06 02:43:20 +05:00: ImportError: attempted relative import with no known parent package
2026-02-06 02:43:27 +05:00: Traceback (most recent call last):
2026-02-06 02:43:27 +05:00:   File "/mnt/d/Hackathons/hackathon-0/silver/src/watchers/linkedin_watcher.py", line 15, in <module>
2026-02-06 02:43:27 +05:00:     from .base_watcher import BaseWatcher, TaskCreationError
2026-02-06 02:43:27 +05:00: ImportError: attempted relative import with no known parent package
2026-02-06 02:43:34 +05:00: Traceback (most recent call last):
2026-02-06 02:43:34 +05:00:   File "/mnt/d/Hackathons/hackathon-0/silver/src/watchers/linkedin_watcher.py", line 15, in <module>
2026-02-06 02:43:34 +05:00:     from .base_watcher import BaseWatcher, TaskCreationError
2026-02-06 02:43:34 +05:00: ImportError: attempted relative import with no known parent package
2026-02-06 02:43:41 +05:00: Traceback (most recent call last):
2026-02-06 02:43:41 +05:00:   File "/mnt/d/Hackathons/hackathon-0/silver/src/watchers/linkedin_watcher.py", line 15, in <module>
2026-02-06 02:43:41 +05:00:     from .base_watcher import BaseWatcher, TaskCreationError
2026-02-06 02:43:41 +05:00: ImportError: attempted relative import with no known parent package
2026-02-06 02:43:49 +05:00: Traceback (most recent call last):
2026-02-06 02:43:49 +05:00:   File "/mnt/d/Hackathons/hackathon-0/silver/src/watchers/linkedin_watcher.py", line 15, in <module>
2026-02-06 02:43:49 +05:00:     from .base_watcher import BaseWatcher, TaskCreationError
2026-02-06 02:43:49 +05:00: ImportError: attempted relative import with no known parent package
2026-02-06 02:43:56 +05:00: Traceback (most recent call last):
2026-02-06 02:43:56 +05:00:   File "/mnt/d/Hackathons/hackathon-0/silver/src/watchers/linkedin_watcher.py", line 15, in <module>
2026-02-06 02:43:56 +05:00:     from .base_watcher import BaseWatcher, TaskCreationError
2026-02-06 02:43:56 +05:00: ImportError: attempted relative import with no known parent package
2026-02-06 02:44:02 +05:00: Traceback (most recent call last):
2026-02-06 02:44:02 +05:00:   File "/mnt/d/Hackathons/hackathon-0/silver/src/watchers/linkedin_watcher.py", line 15, in <module>
2026-02-06 02:44:02 +05:00:     from .base_watcher import BaseWatcher, TaskCreationError
2026-02-06 02:44:02 +05:00: ImportError: attempted relative import with no known parent package
2026-02-06 02:44:12 +05:00: Traceback (most recent call last):
2026-02-06 02:44:12 +05:00:   File "/mnt/d/Hackathons/hackathon-0/silver/src/watchers/linkedin_watcher.py", line 15, in <module>
2026-02-06 02:44:12 +05:00:     from .base_watcher import BaseWatcher, TaskCreationError
2026-02-06 02:44:12 +05:00: ImportError: attempted relative import with no known parent package
2026-02-06 02:44:18 +05:00: Traceback (most recent call last):
2026-02-06 02:44:18 +05:00:   File "/mnt/d/Hackathons/hackathon-0/silver/src/watchers/linkedin_watcher.py", line 15, in <module>
2026-02-06 02:44:18 +05:00:     from .base_watcher import BaseWatcher, TaskCreationError
2026-02-06 02:44:18 +05:00: ImportError: attempted relative import with no known parent package
2026-02-06 02:44:25 +05:00: Traceback (most recent call last):
2026-02-06 02:44:25 +05:00:   File "/mnt/d/Hackathons/hackathon-0/silver/src/watchers/linkedin_watcher.py", line 15, in <module>
2026-02-06 02:44:25 +05:00:     from .base_watcher import BaseWatcher, TaskCreationError
2026-02-06 02:44:25 +05:00: ImportError: attempted relative import with no known parent package
2026-02-06 02:44:32 +05:00: Traceback (most recent call last):
2026-02-06 02:44:32 +05:00:   File "/mnt/d/Hackathons/hackathon-0/silver/src/watchers/linkedin_watcher.py", line 15, in <module>
2026-02-06 02:44:32 +05:00:     from .base_watcher import BaseWatcher, TaskCreationError
2026-02-06 02:44:32 +05:00: ImportError: attempted relative import with no known parent package
2026-02-06 02:44:39 +05:00: Traceback (most recent call last):
2026-02-06 02:44:39 +05:00:   File "/mnt/d/Hackathons/hackathon-0/silver/src/watchers/linkedin_watcher.py", line 15, in <module>
2026-02-06 02:44:39 +05:00:     from .base_watcher import BaseWatcher, TaskCreationError
2026-02-06 02:44:39 +05:00: ImportError: attempted relative import with no known parent package
2026-02-06 02:44:45 +05:00: Traceback (most recent call last):
2026-02-06 02:44:45 +05:00:   File "/mnt/d/Hackathons/hackathon-0/silver/src/watchers/linkedin_watcher.py", line 15, in <module>
2026-02-06 02:44:45 +05:00:     from .base_watcher import BaseWatcher, TaskCreationError
2026-02-06 02:44:45 +05:00: ImportError: attempted relative import with no known parent package
2026-02-06 02:44:52 +05:00: Traceback (most recent call last):
2026-02-06 02:44:52 +05:00:   File "/mnt/d/Hackathons/hackathon-0/silver/src/watchers/linkedin_watcher.py", line 15, in <module>
2026-02-06 02:44:52 +05:00:     from .base_watcher import BaseWatcher, TaskCreationError
2026-02-06 02:44:52 +05:00: ImportError: attempted relative import with no known parent package
2026-02-06 02:45:00 +05:00: Traceback (most recent call last):
2026-02-06 02:45:00 +05:00:   File "/mnt/d/Hackathons/hackathon-0/silver/src/watchers/linkedin_watcher.py", line 15, in <module>
2026-02-06 02:45:00 +05:00:     from .base_watcher import BaseWatcher, TaskCreationError
2026-02-06 02:45:00 +05:00: ImportError: attempted relative import with no known parent package
2026-02-06 02:45:07 +05:00: Traceback (most recent call last):
2026-02-06 02:45:07 +05:00:   File "/mnt/d/Hackathons/hackathon-0/silver/src/watchers/linkedin_watcher.py", line 15, in <module>
2026-02-06 02:45:07 +05:00:     from .base_watcher import BaseWatcher, TaskCreationError
2026-02-06 02:45:07 +05:00: ImportError: attempted relative import with no known parent package
2026-02-06 02:45:14 +05:00: Traceback (most recent call last):
2026-02-06 02:45:14 +05:00:   File "/mnt/d/Hackathons/hackathon-0/silver/src/watchers/linkedin_watcher.py", line 15, in <module>
2026-02-06 02:45:14 +05:00:     from .base_watcher import BaseWatcher, TaskCreationError
2026-02-06 02:45:14 +05:00: ImportError: attempted relative import with no known parent package
2026-02-06 02:45:21 +05:00: Traceback (most recent call last):
2026-02-06 02:45:21 +05:00:   File "/mnt/d/Hackathons/hackathon-0/silver/src/watchers/linkedin_watcher.py", line 15, in <module>
2026-02-06 02:45:21 +05:00:     from .base_watcher import BaseWatcher, TaskCreationError
2026-02-06 02:45:21 +05:00: ImportError: attempted relative import with no known parent package
2026-02-06 02:45:27 +05:00: Traceback (most recent call last):
2026-02-06 02:45:27 +05:00:   File "/mnt/d/Hackathons/hackathon-0/silver/src/watchers/linkedin_watcher.py", line 15, in <module>
2026-02-06 02:45:27 +05:00:     from .base_watcher import BaseWatcher, TaskCreationError
2026-02-06 02:45:27 +05:00: ImportError: attempted relative import with no known parent package
2026-02-06 02:45:34 +05:00: Traceback (most recent call last):
2026-02-06 02:45:34 +05:00:   File "/mnt/d/Hackathons/hackathon-0/silver/src/watchers/linkedin_watcher.py", line 15, in <module>
2026-02-06 02:45:34 +05:00:     from .base_watcher import BaseWatcher, TaskCreationError
2026-02-06 02:45:34 +05:00: 
2026-02-06 02:45:41 +05:00: Traceback (most recent call last):
2026-02-06 02:45:41 +05:00:   File "/mnt/d/Hackathons/hackathon-0/silver/src/watchers/linkedin_watcher.py", line 15, in <module>
2026-02-06 02:45:41 +05:00:     from .base_watcher import BaseWatcher, TaskCreationError
2026-02-06 02:45:41 +05:00: ImportError: attempted relative import with no known parent package
2026-02-06 02:45:48 +05:00: Traceback (most recent call last):
2026-02-06 02:45:48 +05:00:   File "/mnt/d/Hackathons/hackathon-0/silver/src/watchers/linkedin_watcher.py", line 15, in <module>
2026-02-06 02:45:48 +05:00:     from .base_watcher import BaseWatcher, TaskCreationError
2026-02-06 02:45:48 +05:00: ImportError: attempted relative import with no known parent package
2026-02-06 02:45:55 +05:00: Traceback (most recent call last):
2026-02-06 02:45:55 +05:00:   File "/mnt/d/Hackathons/hackathon-0/silver/src/watchers/linkedin_watcher.py", line 15, in <module>
2026-02-06 02:45:55 +05:00:     from .base_watcher import BaseWatcher, TaskCreationError
2026-02-06 02:45:55 +05:00: ImportError: attempted relative import with no known parent package
2026-02-06 02:46:03 +05:00: Traceback (most recent call last):
2026-02-06 02:46:03 +05:00:   File "/mnt/d/Hackathons/hackathon-0/silver/src/watchers/linkedin_watcher.py", line 15, in <module>
2026-02-06 02:46:03 +05:00:     from .base_watcher import BaseWatcher, TaskCreationError
2026-02-06 02:46:03 +05:00: ImportError: attempted relative import with no known parent package
2026-02-06 02:46:10 +05:00: Traceback (most recent call last):
2026-02-06 02:46:10 +05:00:   File "/mnt/d/Hackathons/hackathon-0/silver/src/watchers/linkedin_watcher.py", line 15, in <module>
2026-02-06 02:46:10 +05:00:     from .base_watcher import BaseWatcher, TaskCreationError
2026-02-06 02:46:10 +05:00: ImportError: attempted relative import with no known parent package
2026-02-06 02:46:16 +05:00: Traceback (most recent call last):
2026-02-06 02:46:16 +05:00:   File "/mnt/d/Hackathons/hackathon-0/silver/src/watchers/linkedin_watcher.py", line 15, in <module>
2026-02-06 02:46:16 +05:00:     from .base_watcher import BaseWatcher, TaskCreationError
2026-02-06 02:46:16 +05:00: ImportError: attempted relative import with no known parent package
2026-02-06 02:46:23 +05:00: Traceback (most recent call last):
2026-02-06 02:46:23 +05:00:   File "/mnt/d/Hackathons/hackathon-0/silver/src/watchers/linkedin_watcher.py", line 15, in <module>
2026-02-06 02:46:23 +05:00:     from .base_watcher import BaseWatcher, TaskCreationError
2026-02-06 02:46:23 +05:00: ImportError: attempted relative import with no known parent package
2026-02-06 02:46:30 +05:00: Traceback (most recent call last):
2026-02-06 02:46:30 +05:00:   File "/mnt/d/Hackathons/hackathon-0/silver/src/watchers/linkedin_watcher.py", line 15, in <module>
2026-02-06 02:46:30 +05:00:     from .base_watcher import BaseWatcher, TaskCreationError
2026-02-06 02:46:30 +05:00: ImportError: attempted relative import with no known parent package
2026-02-06 02:46:37 +05:00: Traceback (most recent call last):
2026-02-06 02:46:37 +05:00:   File "/mnt/d/Hackathons/hackathon-0/silver/src/watchers/linkedin_watcher.py", line 15, in <module>
2026-02-06 02:46:37 +05:00:     from .base_watcher import BaseWatcher, TaskCreationError
2026-02-06 02:46:37 +05:00: ImportError: attempted relative import with no known parent package
2026-02-06 02:46:44 +05:00: Traceback (most recent call last):
2026-02-06 02:46:44 +05:00:   File "/mnt/d/Hackathons/hackathon-0/silver/src/watchers/linkedin_watcher.py", line 15, in <module>
2026-02-06 02:46:44 +05:00:     from .base_watcher import BaseWatcher, TaskCreationError
2026-02-06 02:46:44 +05:00: ImportError: attempted relative import with no known parent package
2026-02-06 02:46:50 +05:00: Traceback (most recent call last):
2026-02-06 02:46:50 +05:00:   File "/mnt/d/Hackathons/hackathon-0/silver/src/watchers/linkedin_watcher.py", line 15, in <module>
2026-02-06 02:46:50 +05:00:     from .base_watcher import BaseWatcher, TaskCreationError
2026-02-06 02:46:50 +05:00: ImportError: attempted relative import with no known parent package
2026-02-06 02:46:57 +05:00: Traceback (most recent call last):
2026-02-06 02:46:57 +05:00:   File "/mnt/d/Hackathons/hackathon-0/silver/src/watchers/linkedin_watcher.py", line 15, in <module>
2026-02-06 02:46:57 +05:00:     from .base_watcher import BaseWatcher, TaskCreationError
2026-02-06 02:46:57 +05:00: ImportError: attempted relative import with no known parent package
2026-02-06 02:47:04 +05:00: Traceback (most recent call last):
2026-02-06 02:47:04 +05:00:   File "/mnt/d/Hackathons/hackathon-0/silver/src/watchers/linkedin_watcher.py", line 15, in <module>
2026-02-06 02:47:04 +05:00:     from .base_watcher import BaseWatcher, TaskCreationError
2026-02-06 02:47:04 +05:00: 
2026-02-06 02:47:12 +05:00: Traceback (most recent call last):
2026-02-06 02:47:12 +05:00:   File "/mnt/d/Hackathons/hackathon-0/silver/src/watchers/linkedin_watcher.py", line 15, in <module>
2026-02-06 02:47:12 +05:00:     from .base_watcher import BaseWatcher, TaskCreationError
2026-02-06 02:47:12 +05:00: ImportError: attempted relative import with no known parent package
2026-02-06 02:47:18 +05:00: Traceback (most recent call last):
2026-02-06 02:47:18 +05:00:   File "/mnt/d/Hackathons/hackathon-0/silver/src/watchers/linkedin_watcher.py", line 15, in <module>
2026-02-06 02:47:18 +05:00:     from .base_watcher import BaseWatcher, TaskCreationError
2026-02-06 02:47:18 +05:00: ImportError: attempted relative import with no known parent package
2026-02-06 02:47:26 +05:00: Traceback (most recent call last):
2026-02-06 02:47:26 +05:00:   File "/mnt/d/Hackathons/hackathon-0/silver/src/watchers/linkedin_watcher.py", line 15, in <module>
2026-02-06 02:47:26 +05:00:     from .base_watcher import BaseWatcher, TaskCreationError
2026-02-06 02:47:26 +05:00: ImportError: attempted relative import with no known parent package
2026-02-06 02:47:32 +05:00: Traceback (most recent call last):
2026-02-06 02:47:32 +05:00:   File "/mnt/d/Hackathons/hackathon-0/silver/src/watchers/linkedin_watcher.py", line 15, in <module>
2026-02-06 02:47:32 +05:00:     from .base_watcher import BaseWatcher, TaskCreationError
2026-02-06 02:47:32 +05:00: ImportError: attempted relative import with no known parent package
2026-02-06 02:47:39 +05:00: Traceback (most recent call last):
2026-02-06 02:47:39 +05:00:   File "/mnt/d/Hackathons/hackathon-0/silver/src/watchers/linkedin_watcher.py", line 15, in <module>
2026-02-06 02:47:39 +05:00:     from .base_watcher import BaseWatcher, TaskCreationError
2026-02-06 02:47:39 +05:00: ImportError: attempted relative import with no known parent package
2026-02-06 02:47:45 +05:00: Traceback (most recent call last):
2026-02-06 02:47:45 +05:00:   File "/mnt/d/Hackathons/hackathon-0/silver/src/watchers/linkedin_watcher.py", line 15, in <module>
2026-02-06 02:47:45 +05:00:     from .base_watcher import BaseWatcher, TaskCreationError
2026-02-06 02:47:45 +05:00: ImportError: attempted relative import with no known parent package
2026-02-06 02:47:52 +05:00: Traceback (most recent call last):
2026-02-06 02:47:52 +05:00:   File "/mnt/d/Hackathons/hackathon-0/silver/src/watchers/linkedin_watcher.py", line 15, in <module>
2026-02-06 02:47:52 +05:00:     from .base_watcher import BaseWatcher, TaskCreationError
2026-02-06 02:47:52 +05:00: ImportError: attempted relative import with no known parent package
2026-02-06 02:47:58 +05:00: Traceback (most recent call last):
2026-02-06 02:47:58 +05:00:   File "/mnt/d/Hackathons/hackathon-0/silver/src/watchers/linkedin_watcher.py", line 15, in <module>
2026-02-06 02:47:58 +05:00:     from .base_watcher import BaseWatcher, TaskCreationError
2026-02-06 02:47:58 +05:00: ImportError: attempted relative import with no known parent package
2026-02-06 02:48:06 +05:00: Traceback (most recent call last):
2026-02-06 02:48:06 +05:00:   File "/mnt/d/Hackathons/hackathon-0/silver/src/watchers/linkedin_watcher.py", line 15, in <module>
2026-02-06 02:48:06 +05:00:     from .base_watcher import BaseWatcher, TaskCreationError
2026-02-06 02:48:06 +05:00: : attempted relative import with no known parent package
2026-02-06 02:48:12 +05:00: Traceback (most recent call last):
2026-02-06 02:48:12 +05:00:   File "/mnt/d/Hackathons/hackathon-0/silver/src/watchers/linkedin_watcher.py", line 15, in <module>
2026-02-06 02:48:12 +05:00:     from .base_watcher import BaseWatcher, TaskCreationError
2026-02-06 02:48:12 +05:00: ImportError: attempted relative import with no known parent package
2026-02-06 02:48:19 +05:00: Traceback (most recent call last):
2026-02-06 02:48:19 +05:00:   File "/mnt/d/Hackathons/hackathon-0/silver/src/watchers/linkedin_watcher.py", line 15, in <module>
2026-02-06 02:48:19 +05:00:     from .base_watcher import BaseWatcher, TaskCreationError
2026-02-06 02:48:19 +05:00: ImportError: attempted relative import with no known parent package
2026-02-06 02:48:26 +05:00: Traceback (most recent call last):
2026-02-06 02:48:26 +05:00:   File "/mnt/d/Hackathons/hackathon-0/silver/src/watchers/linkedin_watcher.py", line 15, in <module>
2026-02-06 02:48:26 +05:00:     from .base_watcher import BaseWatcher, TaskCreationError
2026-02-06 02:48:26 +05:00: ImportError: attempted relative import with no known parent package
2026-02-06 02:48:33 +05:00: Traceback (most recent call last):
2026-02-06 02:48:33 +05:00:   File "/mnt/d/Hackathons/hackathon-0/silver/src/watchers/linkedin_watcher.py", line 15, in <module>
2026-02-06 02:48:33 +05:00:     from .base_watcher import BaseWatcher, TaskCreationError
2026-02-06 02:48:33 +05:00: ImportError: attempted relative import with no known parent package
2026-02-06 02:48:40 +05:00: Traceback (most recent call last):
2026-02-06 02:48:40 +05:00:   File "/mnt/d/Hackathons/hackathon-0/silver/src/watchers/linkedin_watcher.py", line 15, in <module>
2026-02-06 02:48:40 +05:00:     from .base_watcher import BaseWatcher, TaskCreationError
2026-02-06 02:48:40 +05:00: ImportError: attempted relative import with no known parent package
2026-02-06 02:48:47 +05:00: Traceback (most recent call last):
2026-02-06 02:48:47 +05:00:   File "/mnt/d/Hackathons/hackathon-0/silver/src/watchers/linkedin_watcher.py", line 15, in <module>
2026-02-06 02:48:47 +05:00:     from .base_watcher import BaseWatcher, TaskCreationError
2026-02-06 02:48:47 +05:00: 
2026-02-06 02:48:54 +05:00: Traceback (most recent call last):
2026-02-06 02:48:54 +05:00:   File "/mnt/d/Hackathons/hackathon-0/silver/src/watchers/linkedin_watcher.py", line 15, in <module>
2026-02-06 02:48:54 +05:00:     from .base_watcher import BaseWatcher, TaskCreationError
2026-02-06 02:48:54 +05:00: ImportError: attempted relative import with no known parent package
2026-02-06 02:49:04 +05:00: Traceback (most recent call last):
2026-02-06 02:49:04 +05:00:   File "/mnt/d/Hackathons/hackathon-0/silver/src/watchers/linkedin_watcher.py", line 15, in <module>
2026-02-06 02:49:04 +05:00:     from .base_watcher import BaseWatcher, TaskCreationError
2026-02-06 02:49:04 +05:00: ImportError: attempted relative import with no known parent package
2026-02-06 02:49:16 +05:00: Traceback (most recent call last):
2026-02-06 02:49:16 +05:00:   File "/mnt/d/Hackathons/hackathon-0/silver/src/watchers/linkedin_watcher.py", line 15, in <module>
2026-02-06 02:49:16 +05:00:     from .base_watcher import BaseWatcher, TaskCreationError
2026-02-06 02:49:16 +05:00: ImportError: attempted relative import with no known parent package
2026-02-06 02:49:23 +05:00: Traceback (most recent call last):
2026-02-06 02:49:23 +05:00:   File "/mnt/d/Hackathons/hackathon-0/silver/src/watchers/linkedin_watcher.py", line 15, in <module>
2026-02-06 02:49:23 +05:00:     from .base_watcher import BaseWatcher, TaskCreationError
2026-02-06 02:49:23 +05:00: ImportError: attempted relative import with no known parent package
2026-02-06 02:49:32 +05:00: Traceback (most recent call last):
2026-02-06 02:49:32 +05:00:   File "/mnt/d/Hackathons/hackathon-0/silver/src/watchers/linkedin_watcher.py", line 15, in <module>
2026-02-06 02:49:32 +05:00:     from .base_watcher import BaseWatcher, TaskCreationError
2026-02-06 02:49:32 +05:00: ImportError: attempted relative import with no known parent package
2026-02-06 02:49:39 +05:00: Traceback (most recent call last):
2026-02-06 02:49:39 +05:00:   File "/mnt/d/Hackathons/hackathon-0/silver/src/watchers/linkedin_watcher.py", line 15, in <module>
2026-02-06 02:49:39 +05:00:     from .base_watcher import BaseWatcher, TaskCreationError
2026-02-06 02:49:39 +05:00: attempted relative import with no known parent package
2026-02-06 02:49:46 +05:00: Traceback (most recent call last):
2026-02-06 02:49:46 +05:00:   File "/mnt/d/Hackathons/hackathon-0/silver/src/watchers/linkedin_watcher.py", line 15, in <module>
2026-02-06 02:49:46 +05:00:     from .base_watcher import BaseWatcher, TaskCreationError
2026-02-06 02:49:46 +05:00: ImportError: attempted relative import with no known parent package
2026-02-06 02:49:53 +05:00: Traceback (most recent call last):
2026-02-06 02:49:53 +05:00:   File "/mnt/d/Hackathons/hackathon-0/silver/src/watchers/linkedin_watcher.py", line 15, in <module>
2026-02-06 02:49:53 +05:00:     from .base_watcher import BaseWatcher, TaskCreationError
2026-02-06 02:49:53 +05:00: ImportError: attempted relative import with no known parent package
2026-02-06 02:50:00 +05:00: Traceback (most recent call last):
2026-02-06 02:50:00 +05:00:   File "/mnt/d/Hackathons/hackathon-0/silver/src/watchers/linkedin_watcher.py", line 15, in <module>
2026-02-06 02:50:00 +05:00:     from .base_watcher import BaseWatcher, TaskCreationError
2026-02-06 02:50:00 +05:00: ImportError: attempted relative import with no known parent package
2026-02-06 02:50:07 +05:00: Traceback (most recent call last):
2026-02-06 02:50:07 +05:00:   File "/mnt/d/Hackathons/hackathon-0/silver/src/watchers/linkedin_watcher.py", line 15, in <module>
2026-02-06 02:50:07 +05:00:     from .base_watcher import BaseWatcher, TaskCreationError
2026-02-06 02:50:07 +05:00: ImportError: attempted relative import with no known parent package
2026-02-06 02:50:14 +05:00: Traceback (most recent call last):
2026-02-06 02:50:14 +05:00:   File "/mnt/d/Hackathons/hackathon-0/silver/src/watchers/linkedin_watcher.py", line 15, in <module>
2026-02-06 02:50:14 +05:00:     from .base_watcher import BaseWatcher, TaskCreationError
2026-02-06 02:50:14 +05:00: ImportError: attempted relative import with no known parent package
2026-02-06 02:50:21 +05:00: Traceback (most recent call last):
2026-02-06 02:50:21 +05:00:   File "/mnt/d/Hackathons/hackathon-0/silver/src/watchers/linkedin_watcher.py", line 15, in <module>
2026-02-06 02:50:21 +05:00:     from .base_watcher import BaseWatcher, TaskCreationError
2026-02-06 02:50:21 +05:00: : attempted relative import with no known parent package
2026-02-06 02:50:27 +05:00: Traceback (most recent call last):
2026-02-06 02:50:27 +05:00:   File "/mnt/d/Hackathons/hackathon-0/silver/src/watchers/linkedin_watcher.py", line 15, in <module>
2026-02-06 02:50:27 +05:00:     from .base_watcher import BaseWatcher, TaskCreationError
2026-02-06 02:50:27 +05:00: ImportError: attempted relative import with no known parent package
2026-02-06 02:50:34 +05:00: Traceback (most recent call last):
2026-02-06 02:50:34 +05:00:   File "/mnt/d/Hackathons/hackathon-0/silver/src/watchers/linkedin_watcher.py", line 15, in <module>
2026-02-06 02:50:34 +05:00:     from .base_watcher import BaseWatcher, TaskCreationError
2026-02-06 02:50:34 +05:00: ImportError: attempted relative import with no known parent package
2026-02-06 02:50:41 +05:00: Traceback (most recent call last):
2026-02-06 02:50:41 +05:00:   File "/mnt/d/Hackathons/hackathon-0/silver/src/watchers/linkedin_watcher.py", line 15, in <module>
2026-02-06 02:50:41 +05:00:     from .base_watcher import BaseWatcher, TaskCreationError
2026-02-06 02:50:41 +05:00: ImportError: attempted relative import with no known parent package
2026-02-06 02:50:48 +05:00: Traceback (most recent call last):
2026-02-06 02:50:48 +05:00:   File "/mnt/d/Hackathons/hackathon-0/silver/src/watchers/linkedin_watcher.py", line 15, in <module>
2026-02-06 02:50:48 +05:00:     from .base_watcher import BaseWatcher, TaskCreationError
2026-02-06 02:50:48 +05:00: ImportError: attempted relative import with no known parent package
2026-02-06 02:50:54 +05:00: Traceback (most recent call last):
2026-02-06 02:50:54 +05:00:   File "/mnt/d/Hackathons/hackathon-0/silver/src/watchers/linkedin_watcher.py", line 15, in <module>
2026-02-06 02:50:54 +05:00:     from .base_watcher import BaseWatcher, TaskCreationError
2026-02-06 02:50:54 +05:00: ImportError: attempted relative import with no known parent package
2026-02-06 02:51:01 +05:00: Traceback (most recent call last):
2026-02-06 02:51:01 +05:00:   File "/mnt/d/Hackathons/hackathon-0/silver/src/watchers/linkedin_watcher.py", line 15, in <module>
2026-02-06 02:51:01 +05:00:     from .base_watcher import BaseWatcher, TaskCreationError
2026-02-06 02:51:01 +05:00: ImportError: attempted relative import with no known parent package
2026-02-06 02:51:08 +05:00: Traceback (most recent call last):
2026-02-06 02:51:08 +05:00:   File "/mnt/d/Hackathons/hackathon-0/silver/src/watchers/linkedin_watcher.py", line 15, in <module>
2026-02-06 02:51:08 +05:00:     from .base_watcher import BaseWatcher, TaskCreationError
2026-02-06 02:51:08 +05:00: ImportError: attempted relative import with no known parent package
2026-02-06 02:51:15 +05:00: Traceback (most recent call last):
2026-02-06 02:51:15 +05:00:   File "/mnt/d/Hackathons/hackathon-0/silver/src/watchers/linkedin_watcher.py", line 15, in <module>
2026-02-06 02:51:15 +05:00:     from .base_watcher import BaseWatcher, TaskCreationError
2026-02-06 02:51:15 +05:00: ImportError: attempted relative import with no known parent package
2026-02-06 02:51:21 +05:00: Traceback (most recent call last):
2026-02-06 02:51:21 +05:00:   File "/mnt/d/Hackathons/hackathon-0/silver/src/watchers/linkedin_watcher.py", line 15, in <module>
2026-02-06 02:51:21 +05:00:     from .base_watcher import BaseWatcher, TaskCreationError
2026-02-06 02:51:21 +05:00: ImportError: attempted relative import with no known parent package
2026-02-06 02:51:28 +05:00: Traceback (most recent call last):
2026-02-06 02:51:28 +05:00:   File "/mnt/d/Hackathons/hackathon-0/silver/src/watchers/linkedin_watcher.py", line 15, in <module>
2026-02-06 02:51:28 +05:00:     from .base_watcher import BaseWatcher, TaskCreationError
2026-02-06 02:51:28 +05:00: ImportError: attempted relative import with no known parent package
2026-02-06 02:51:34 +05:00: Traceback (most recent call last):
2026-02-06 02:51:34 +05:00:   File "/mnt/d/Hackathons/hackathon-0/silver/src/watchers/linkedin_watcher.py", line 15, in <module>
2026-02-06 02:51:34 +05:00:     from .base_watcher import BaseWatcher, TaskCreationError
2026-02-06 02:51:34 +05:00: ImportError: attempted relative import with no known parent package
2026-02-06 02:51:41 +05:00: Traceback (most recent call last):
2026-02-06 02:51:41 +05:00:   File "/mnt/d/Hackathons/hackathon-0/silver/src/watchers/linkedin_watcher.py", line 15, in <module>
2026-02-06 02:51:41 +05:00:     from .base_watcher import BaseWatcher, TaskCreationError
2026-02-06 02:51:41 +05:00: ImportError: attempted relative import with no known parent package
2026-02-06 02:51:48 +05:00: Traceback (most recent call last):
2026-02-06 02:51:48 +05:00:   File "/mnt/d/Hackathons/hackathon-0/silver/src/watchers/linkedin_watcher.py", line 15, in <module>
2026-02-06 02:51:48 +05:00:     from .base_watcher import BaseWatcher, TaskCreationError
2026-02-06 02:51:48 +05:00: ImportError: attempted relative import with no known parent package
2026-02-06 02:51:55 +05:00: Traceback (most recent call last):
2026-02-06 02:51:55 +05:00:   File "/mnt/d/Hackathons/hackathon-0/silver/src/watchers/linkedin_watcher.py", line 15, in <module>
2026-02-06 02:51:55 +05:00:     from .base_watcher import BaseWatcher, TaskCreationError
2026-02-06 02:51:55 +05:00: ImportError: attempted relative import with no known parent package
2026-02-06 02:52:02 +05:00: Traceback (most recent call last):
2026-02-06 02:52:02 +05:00:   File "/mnt/d/Hackathons/hackathon-0/silver/src/watchers/linkedin_watcher.py", line 15, in <module>
2026-02-06 02:52:02 +05:00:     from .base_watcher import BaseWatcher, TaskCreationError
2026-02-06 02:52:02 +05:00: ImportError: attempted relative import with no known parent package
2026-02-06 02:52:09 +05:00: Traceback (most recent call last):
2026-02-06 02:52:09 +05:00:   File "/mnt/d/Hackathons/hackathon-0/silver/src/watchers/linkedin_watcher.py", line 15, in <module>
2026-02-06 02:52:09 +05:00:     from .base_watcher import BaseWatcher, TaskCreationError
2026-02-06 02:52:09 +05:00: ImportError: attempted relative import with no known parent package
2026-02-06 02:52:16 +05:00: Traceback (most recent call last):
2026-02-06 02:52:16 +05:00:   File "/mnt/d/Hackathons/hackathon-0/silver/src/watchers/linkedin_watcher.py", line 15, in <module>
2026-02-06 02:52:16 +05:00:     from .base_watcher import BaseWatcher, TaskCreationError
2026-02-06 02:52:16 +05:00: ImportError: attempted relative import with no known parent package
2026-02-06 02:52:23 +05:00: Traceback (most recent call last):
2026-02-06 02:52:23 +05:00:   File "/mnt/d/Hackathons/hackathon-0/silver/src/watchers/linkedin_watcher.py", line 15, in <module>
2026-02-06 02:52:23 +05:00:     from .base_watcher import BaseWatcher, TaskCreationError
2026-02-06 02:52:23 +05:00: ImportError: attempted relative import with no known parent package
2026-02-06 02:52:30 +05:00: Traceback (most recent call last):
2026-02-06 02:52:30 +05:00:   File "/mnt/d/Hackathons/hackathon-0/silver/src/watchers/linkedin_watcher.py", line 15, in <module>
2026-02-06 02:52:30 +05:00:     from .base_watcher import BaseWatcher, TaskCreationError
2026-02-06 02:52:30 +05:00: ImportError: attempted relative import with no known parent package
2026-02-06 02:52:36 +05:00: Traceback (most recent call last):
2026-02-06 02:52:36 +05:00:   File "/mnt/d/Hackathons/hackathon-0/silver/src/watchers/linkedin_watcher.py", line 15, in <module>
2026-02-06 02:52:36 +05:00:     from .base_watcher import BaseWatcher, TaskCreationError
2026-02-06 02:52:36 +05:00: ImportError: attempted relative import with no known parent package
2026-02-06 02:52:43 +05:00: Traceback (most recent call last):
2026-02-06 02:52:43 +05:00:   File "/mnt/d/Hackathons/hackathon-0/silver/src/watchers/linkedin_watcher.py", line 15, in <module>
2026-02-06 02:52:43 +05:00:     from .base_watcher import BaseWatcher, TaskCreationError
2026-02-06 02:52:43 +05:00: ImportError: attempted relative import with no known parent package
2026-02-06 02:52:50 +05:00: Traceback (most recent call last):
2026-02-06 02:52:50 +05:00:   File "/mnt/d/Hackathons/hackathon-0/silver/src/watchers/linkedin_watcher.py", line 15, in <module>
2026-02-06 02:52:50 +05:00:     from .base_watcher import BaseWatcher, TaskCreationError
2026-02-06 02:52:50 +05:00: ImportError: attempted relative import with no known parent package
2026-02-06 02:52:57 +05:00: Traceback (most recent call last):
2026-02-06 02:52:57 +05:00:   File "/mnt/d/Hackathons/hackathon-0/silver/src/watchers/linkedin_watcher.py", line 15, in <module>
2026-02-06 02:52:57 +05:00:     from .base_watcher import BaseWatcher, TaskCreationError
2026-02-06 02:52:57 +05:00: ImportError: attempted relative import with no known parent package
2026-02-06 02:53:04 +05:00: Traceback (most recent call last):
2026-02-06 02:53:04 +05:00:   File "/mnt/d/Hackathons/hackathon-0/silver/src/watchers/linkedin_watcher.py", line 15, in <module>
2026-02-06 02:53:04 +05:00:     from .base_watcher import BaseWatcher, TaskCreationError
2026-02-06 02:53:04 +05:00: ImportError: attempted relative import with no known parent package
2026-02-06 02:53:11 +05:00: Traceback (most recent call last):
2026-02-06 02:53:11 +05:00:   File "/mnt/d/Hackathons/hackathon-0/silver/src/watchers/linkedin_watcher.py", line 15, in <module>
2026-02-06 02:53:11 +05:00:     from .base_watcher import BaseWatcher, TaskCreationError
2026-02-06 02:53:11 +05:00: ImportError: attempted relative import with no known parent package
2026-02-06 02:53:18 +05:00: Traceback (most recent call last):
2026-02-06 02:53:18 +05:00:   File "/mnt/d/Hackathons/hackathon-0/silver/src/watchers/linkedin_watcher.py", line 15, in <module>
2026-02-06 02:53:18 +05:00:     from .base_watcher import BaseWatcher, TaskCreationError
2026-02-06 02:53:18 +05:00: ImportError: attempted relative import with no known parent package
2026-02-06 02:53:24 +05:00: Traceback (most recent call last):
2026-02-06 02:53:24 +05:00:   File "/mnt/d/Hackathons/hackathon-0/silver/src/watchers/linkedin_watcher.py", line 15, in <module>
2026-02-06 02:53:24 +05:00:     from .base_watcher import BaseWatcher, TaskCreationError
2026-02-06 02:53:24 +05:00: 
2026-02-06 02:53:31 +05:00: Traceback (most recent call last):
2026-02-06 02:53:31 +05:00:   File "/mnt/d/Hackathons/hackathon-0/silver/src/watchers/linkedin_watcher.py", line 15, in <module>
2026-02-06 02:53:31 +05:00:     from .base_watcher import BaseWatcher, TaskCreationError
2026-02-06 02:53:31 +05:00: ImportError: attempted relative import with no known parent package
2026-02-06 02:53:38 +05:00: Traceback (most recent call last):
2026-02-06 02:53:38 +05:00:   File "/mnt/d/Hackathons/hackathon-0/silver/src/watchers/linkedin_watcher.py", line 15, in <module>
2026-02-06 02:53:38 +05:00:     from .base_watcher import BaseWatcher, TaskCreationError
2026-02-06 02:53:38 +05:00: ImportError: attempted relative import with no known parent package
2026-02-06 02:53:45 +05:00: Traceback (most recent call last):
2026-02-06 02:53:45 +05:00:   File "/mnt/d/Hackathons/hackathon-0/silver/src/watchers/linkedin_watcher.py", line 15, in <module>
2026-02-06 02:53:45 +05:00:     from .base_watcher import BaseWatcher, TaskCreationError
2026-02-06 02:53:45 +05:00: ImportError: attempted relative import with no known parent package
2026-02-06 02:53:51 +05:00: Traceback (most recent call last):
2026-02-06 02:53:51 +05:00:   File "/mnt/d/Hackathons/hackathon-0/silver/src/watchers/linkedin_watcher.py", line 15, in <module>
2026-02-06 02:53:51 +05:00:     from .base_watcher import BaseWatcher, TaskCreationError
2026-02-06 02:53:51 +05:00: ImportError: attempted relative import with no known parent package
2026-02-06 02:53:58 +05:00: Traceback (most recent call last):
2026-02-06 02:53:58 +05:00:   File "/mnt/d/Hackathons/hackathon-0/silver/src/watchers/linkedin_watcher.py", line 15, in <module>
2026-02-06 02:53:58 +05:00:     from .base_watcher import BaseWatcher, TaskCreationError
2026-02-06 02:53:58 +05:00: ImportError: attempted relative import with no known parent package
2026-02-06 02:54:05 +05:00: Traceback (most recent call last):
2026-02-06 02:54:05 +05:00:   File "/mnt/d/Hackathons/hackathon-0/silver/src/watchers/linkedin_watcher.py", line 15, in <module>
2026-02-06 02:54:05 +05:00:     
2026-02-06 02:54:05 +05:00: from .base_watcher import BaseWatcher, TaskCreationError
2026-02-06 02:54:05 +05:00: ImportError: attempted relative import with no known parent package
2026-02-06 02:54:12 +05:00: Traceback (most recent call last):
2026-02-06 02:54:12 +05:00:   File "/mnt/d/Hackathons/hackathon-0/silver/src/watchers/linkedin_watcher.py", line 15, in <module>
2026-02-06 02:54:12 +05:00:     from .base_watcher import BaseWatcher, TaskCreationError
2026-02-06 02:54:12 +05:00: ImportError: attempted relative import with no known parent package
2026-02-06 02:54:19 +05:00: Traceback (most recent call last):
2026-02-06 02:54:19 +05:00:   File "/mnt/d/Hackathons/hackathon-0/silver/src/watchers/linkedin_watcher.py", line 15, in <module>
2026-02-06 02:54:19 +05:00:     from .base_watcher import BaseWatcher, TaskCreationError
2026-02-06 02:54:19 +05:00: ImportError: attempted relative import with no known parent package
2026-02-06 02:54:26 +05:00: Traceback (most recent call last):
2026-02-06 02:54:26 +05:00:   File "/mnt/d/Hackathons/hackathon-0/silver/src/watchers/linkedin_watcher.py", line 15, in <module>
2026-02-06 02:54:26 +05:00:     from .base_watcher import BaseWatcher, TaskCreationError
2026-02-06 02:54:26 +05:00: ImportError: attempted relative import with no known parent package
2026-02-06 02:54:32 +05:00: Traceback (most recent call last):
2026-02-06 02:54:32 +05:00:   File "/mnt/d/Hackathons/hackathon-0/silver/src/watchers/linkedin_watcher.py", line 15, in <module>
2026-02-06 02:54:32 +05:00:     from .base_watcher import BaseWatcher, TaskCreationError
2026-02-06 02:54:32 +05:00: ImportError: attempted relative import with no known parent package
2026-02-06 02:54:39 +05:00: Traceback (most recent call last):
2026-02-06 02:54:39 +05:00:   File "/mnt/d/Hackathons/hackathon-0/silver/src/watchers/linkedin_watcher.py", line 15, in <module>
2026-02-06 02:54:39 +05:00:     from .base_watcher import BaseWatcher, TaskCreationError
2026-02-06 02:54:39 +05:00: ImportError: attempted relative import with no known parent package
2026-02-06 02:54:46 +05:00: Traceback (most recent call last):
2026-02-06 02:54:46 +05:00:   File "/mnt/d/Hackathons/hackathon-0/silver/src/watchers/linkedin_watcher.py", line 15, in <module>
2026-02-06 02:54:46 +05:00:     from .base_watcher import BaseWatcher, TaskCreationError
2026-02-06 02:54:46 +05:00: ImportError: attempted relative import with no known parent package
2026-02-06 02:54:53 +05:00: Traceback (most recent call last):
2026-02-06 02:54:53 +05:00:   File "/mnt/d/Hackathons/hackathon-0/silver/src/watchers/linkedin_watcher.py", line 15, in <module>
2026-02-06 02:54:53 +05:00:     from .base_watcher import BaseWatcher, TaskCreationError
2026-02-06 02:54:53 +05:00: ImportError: attempted relative import with no known parent package
2026-02-06 02:55:00 +05:00: Traceback (most recent call last):
2026-02-06 02:55:00 +05:00:   File "/mnt/d/Hackathons/hackathon-0/silver/src/watchers/linkedin_watcher.py", line 15, in <module>
2026-02-06 02:55:00 +05:00:     from .base_watcher import BaseWatcher, TaskCreationError
2026-02-06 02:55:00 +05:00: ImportError: attempted relative import with no known parent package
2026-02-06 02:55:07 +05:00: Traceback (most recent call last):
2026-02-06 02:55:07 +05:00:   File "/mnt/d/Hackathons/hackathon-0/silver/src/watchers/linkedin_watcher.py", line 15, in <module>
2026-02-06 02:55:07 +05:00:     from .base_watcher import BaseWatcher, TaskCreationError
2026-02-06 02:55:07 +05:00: ImportError: attempted relative import with no known parent package
2026-02-06 02:55:15 +05:00: Traceback (most recent call last):
2026-02-06 02:55:15 +05:00:   File "/mnt/d/Hackathons/hackathon-0/silver/src/watchers/linkedin_watcher.py", line 15, in <module>
2026-02-06 02:55:15 +05:00:     from .base_watcher import BaseWatcher, TaskCreationError
2026-02-06 02:55:15 +05:00: ImportError: attempted relative import with no known parent package
2026-02-06 02:55:22 +05:00: Traceback (most recent call last):
2026-02-06 02:55:22 +05:00:   File "/mnt/d/Hackathons/hackathon-0/silver/src/watchers/linkedin_watcher.py", line 15, in <module>
2026-02-06 02:55:22 +05:00:     from .base_watcher import BaseWatcher, TaskCreationError
2026-02-06 02:55:22 +05:00: ImportError: attempted relative import with no known parent package
2026-02-06 02:55:29 +05:00: Traceback (most recent call last):
2026-02-06 02:55:29 +05:00:   File "/mnt/d/Hackathons/hackathon-0/silver/src/watchers/linkedin_watcher.py", line 15, in <module>
2026-02-06 02:55:29 +05:00:     from .base_watcher import BaseWatcher, TaskCreationError
2026-02-06 02:55:29 +05:00: ImportError: attempted relative import with no known parent package
2026-02-06 02:55:35 +05:00: Traceback (most recent call last):
2026-02-06 02:55:35 +05:00:   File "/mnt/d/Hackathons/hackathon-0/silver/src/watchers/linkedin_watcher.py", line 15, in <module>
2026-02-06 02:55:35 +05:00:     from .base_watcher import BaseWatcher, TaskCreationError
2026-02-06 02:55:35 +05:00: ImportError: attempted relative import with no known parent package
2026-02-06 02:55:42 +05:00: Traceback (most recent call last):
2026-02-06 02:55:42 +05:00:   File "/mnt/d/Hackathons/hackathon-0/silver/src/watchers/linkedin_watcher.py", line 15, in <module>
2026-02-06 02:55:42 +05:00:     from .base_watcher import BaseWatcher, TaskCreationError
2026-02-06 02:55:42 +05:00: ImportError: attempted relative import with no known parent package
2026-02-06 02:55:49 +05:00: Traceback (most recent call last):
2026-02-06 02:55:49 +05:00:   File "/mnt/d/Hackathons/hackathon-0/silver/src/watchers/linkedin_watcher.py", line 15, in <module>
2026-02-06 02:55:49 +05:00:     from .base_watcher import BaseWatcher, TaskCreationError
2026-02-06 02:55:49 +05:00: ImportError: attempted relative import with no known parent package
2026-02-06 02:55:55 +05:00: Traceback (most recent call last):
2026-02-06 02:55:55 +05:00:   File "/mnt/d/Hackathons/hackathon-0/silver/src/watchers/linkedin_watcher.py", line 15, in <module>
2026-02-06 02:55:55 +05:00:     from .base_watcher import BaseWatcher, TaskCreationError
2026-02-06 02:55:55 +05:00: ImportError: attempted relative import with no known parent package
2026-02-06 02:56:02 +05:00: Traceback (most recent call last):
2026-02-06 02:56:02 +05:00:   File "/mnt/d/Hackathons/hackathon-0/silver/src/watchers/linkedin_watcher.py", line 15, in <module>
2026-02-06 02:56:02 +05:00:     
2026-02-06 02:56:02 +05:00: from .base_watcher import BaseWatcher, TaskCreationError
2026-02-06 02:56:02 +05:00: ImportError: attempted relative import with no known parent package
2026-02-06 02:56:09 +05:00: Traceback (most recent call last):
2026-02-06 02:56:09 +05:00:   File "/mnt/d/Hackathons/hackathon-0/silver/src/watchers/linkedin_watcher.py", line 15, in <module>
2026-02-06 02:56:09 +05:00:     from .base_watcher import BaseWatcher, TaskCreationError
2026-02-06 02:56:09 +05:00: ImportError: attempted relative import with no known parent package
2026-02-06 02:56:15 +05:00: Traceback (most recent call last):
2026-02-06 02:56:15 +05:00:   File "/mnt/d/Hackathons/hackathon-0/silver/src/watchers/linkedin_watcher.py", line 15, in <module>
2026-02-06 02:56:15 +05:00:     from .base_watcher import BaseWatcher, TaskCreationError
2026-02-06 02:56:15 +05:00: ImportError: attempted relative import with no known parent package
2026-02-06 02:56:23 +05:00: Traceback (most recent call last):
2026-02-06 02:56:23 +05:00:   File "/mnt/d/Hackathons/hackathon-0/silver/src/watchers/linkedin_watcher.py", line 15, in <module>
2026-02-06 02:56:23 +05:00:     from .base_watcher import BaseWatcher, TaskCreationError
2026-02-06 02:56:23 +05:00: 
2026-02-06 02:56:29 +05:00: Traceback (most recent call last):
2026-02-06 02:56:29 +05:00:   File "/mnt/d/Hackathons/hackathon-0/silver/src/watchers/linkedin_watcher.py", line 15, in <module>
2026-02-06 02:56:29 +05:00:     from .base_watcher import BaseWatcher, TaskCreationError
2026-02-06 02:56:29 +05:00: ImportError: attempted relative import with no known parent package
2026-02-06 02:56:36 +05:00: Traceback (most recent call last):
2026-02-06 02:56:36 +05:00:   File "/mnt/d/Hackathons/hackathon-0/silver/src/watchers/linkedin_watcher.py", line 15, in <module>
2026-02-06 02:56:36 +05:00:     from .base_watcher import BaseWatcher, TaskCreationError
2026-02-06 02:56:36 +05:00: ImportError: attempted relative import with no known parent package
2026-02-06 02:56:43 +05:00: Traceback (most recent call last):
2026-02-06 02:56:43 +05:00:   File "/mnt/d/Hackathons/hackathon-0/silver/src/watchers/linkedin_watcher.py", line 15, in <module>
2026-02-06 02:56:43 +05:00:     from .base_watcher import BaseWatcher, TaskCreationError
2026-02-06 02:56:43 +05:00: ImportError: attempted relative import with no known parent package
2026-02-06 02:56:50 +05:00: Traceback (most recent call last):
2026-02-06 02:56:50 +05:00:   File "/mnt/d/Hackathons/hackathon-0/silver/src/watchers/linkedin_watcher.py", line 15, in <module>
2026-02-06 02:56:50 +05:00:     from .base_watcher import BaseWatcher, TaskCreationError
2026-02-06 02:56:50 +05:00: 
2026-02-06 02:56:50 +05:00: ImportError: attempted relative import with no known parent package
2026-02-06 02:56:56 +05:00: Traceback (most recent call last):
2026-02-06 02:56:56 +05:00:   File "/mnt/d/Hackathons/hackathon-0/silver/src/watchers/linkedin_watcher.py", line 15, in <module>
2026-02-06 02:56:56 +05:00:     from .base_watcher import BaseWatcher, TaskCreationError
2026-02-06 02:56:56 +05:00: ImportError: attempted relative import with no known parent package
2026-02-06 02:57:03 +05:00: Traceback (most recent call last):
2026-02-06 02:57:03 +05:00:   File "/mnt/d/Hackathons/hackathon-0/silver/src/watchers/linkedin_watcher.py", line 15, in <module>
2026-02-06 02:57:03 +05:00:     from .base_watcher import BaseWatcher, TaskCreationError
2026-02-06 02:57:03 +05:00: ImportError: attempted relative import with no known parent package
2026-02-06 02:57:09 +05:00: Traceback (most recent call last):
2026-02-06 02:57:09 +05:00:   File "/mnt/d/Hackathons/hackathon-0/silver/src/watchers/linkedin_watcher.py", line 15, in <module>
2026-02-06 02:57:09 +05:00:     from .base_watcher import BaseWatcher, TaskCreationError
2026-02-06 02:57:09 +05:00: ImportError: attempted relative import with no known parent package
2026-02-06 02:57:16 +05:00: Traceback (most recent call last):
2026-02-06 02:57:16 +05:00:   File "/mnt/d/Hackathons/hackathon-0/silver/src/watchers/linkedin_watcher.py", line 15, in <module>
2026-02-06 02:57:16 +05:00:     from .base_watcher import BaseWatcher, TaskCreationError
2026-02-06 02:57:16 +05:00: 
2026-02-06 02:57:16 +05:00: ImportError: attempted relative import with no known parent package
2026-02-06 02:57:23 +05:00: Traceback (most recent call last):
2026-02-06 02:57:23 +05:00:   File "/mnt/d/Hackathons/hackathon-0/silver/src/watchers/linkedin_watcher.py", line 15, in <module>
2026-02-06 02:57:23 +05:00:     from .base_watcher import BaseWatcher, TaskCreationError
2026-02-06 02:57:23 +05:00: ImportError: attempted relative import with no known parent package
2026-02-06 02:57:31 +05:00: Traceback (most recent call last):
2026-02-06 02:57:31 +05:00:   File "/mnt/d/Hackathons/hackathon-0/silver/src/watchers/linkedin_watcher.py", line 15, in <module>
2026-02-06 02:57:31 +05:00:     from .base_watcher import BaseWatcher, TaskCreationError
2026-02-06 02:57:31 +05:00: ImportError: attempted relative import with no known parent package
2026-02-06 02:57:37 +05:00: Traceback (most recent call last):
2026-02-06 02:57:37 +05:00:   File "/mnt/d/Hackathons/hackathon-0/silver/src/watchers/linkedin_watcher.py", line 15, in <module>
2026-02-06 02:57:37 +05:00:     from .base_watcher import BaseWatcher, TaskCreationError
2026-02-06 02:57:37 +05:00: ImportError: attempted relative import with no known parent package
2026-02-06 02:57:44 +05:00: Traceback (most recent call last):
2026-02-06 02:57:44 +05:00:   File "/mnt/d/Hackathons/hackathon-0/silver/src/watchers/linkedin_watcher.py", line 15, in <module>
2026-02-06 02:57:44 +05:00:     from .base_watcher import BaseWatcher, TaskCreationError
2026-02-06 02:57:44 +05:00: ImportError: attempted relative import with no known parent package
2026-02-06 02:57:51 +05:00: Traceback (most recent call last):
2026-02-06 02:57:51 +05:00:   File "/mnt/d/Hackathons/hackathon-0/silver/src/watchers/linkedin_watcher.py", line 15, in <module>
2026-02-06 02:57:51 +05:00:     from .base_watcher import BaseWatcher, TaskCreationError
2026-02-06 02:57:51 +05:00: ImportError: attempted relative import with no known parent package
2026-02-06 02:57:58 +05:00: Traceback (most recent call last):
2026-02-06 02:57:58 +05:00:   File "/mnt/d/Hackathons/hackathon-0/silver/src/watchers/linkedin_watcher.py", line 15, in <module>
2026-02-06 02:57:58 +05:00:     from .base_watcher import BaseWatcher, TaskCreationError
2026-02-06 02:57:58 +05:00: ImportError: attempted relative import with no known parent package
2026-02-06 02:58:05 +05:00: Traceback (most recent call last):
2026-02-06 02:58:05 +05:00:   File "/mnt/d/Hackathons/hackathon-0/silver/src/watchers/linkedin_watcher.py", line 15, in <module>
2026-02-06 02:58:05 +05:00:     from .base_watcher import BaseWatcher, TaskCreationError
2026-02-06 02:58:05 +05:00: ImportError: attempted relative import with no known parent package
2026-02-06 02:58:12 +05:00: Traceback (most recent call last):
2026-02-06 02:58:12 +05:00:   File "/mnt/d/Hackathons/hackathon-0/silver/src/watchers/linkedin_watcher.py", line 15, in <module>
2026-02-06 02:58:12 +05:00:     from .base_watcher import BaseWatcher, TaskCreationError
2026-02-06 02:58:12 +05:00: ImportError: attempted relative import with no known parent package
2026-02-06 02:58:19 +05:00: Traceback (most recent call last):
2026-02-06 02:58:19 +05:00:   File "/mnt/d/Hackathons/hackathon-0/silver/src/watchers/linkedin_watcher.py", line 15, in <module>
2026-02-06 02:58:19 +05:00:     from .base_watcher import BaseWatcher, TaskCreationError
2026-02-06 02:58:19 +05:00: ImportError: attempted relative import with no known parent package
2026-02-06 02:58:25 +05:00: Traceback (most recent call last):
2026-02-06 02:58:25 +05:00:   File "/mnt/d/Hackathons/hackathon-0/silver/src/watchers/linkedin_watcher.py", line 15, in <module>
2026-02-06 02:58:25 +05:00:     from .base_watcher import BaseWatcher, TaskCreationError
2026-02-06 02:58:25 +05:00: ImportError: attempted relative import with no known parent package
2026-02-06 02:58:32 +05:00: Traceback (most recent call last):
2026-02-06 02:58:32 +05:00:   File "/mnt/d/Hackathons/hackathon-0/silver/src/watchers/linkedin_watcher.py", line 15, in <module>
2026-02-06 02:58:32 +05:00:     from .base_watcher import BaseWatcher, TaskCreationError
2026-02-06 02:58:32 +05:00: ImportError: attempted relative import with no known parent package
2026-02-06 02:58:40 +05:00: Traceback (most recent call last):
2026-02-06 02:58:40 +05:00:   File "/mnt/d/Hackathons/hackathon-0/silver/src/watchers/linkedin_watcher.py", line 15, in <module>
2026-02-06 02:58:40 +05:00:     from .base_watcher import BaseWatcher, TaskCreationError
2026-02-06 02:58:40 +05:00: ImportError: attempted relative import with no known parent package
2026-02-06 02:58:47 +05:00: Traceback (most recent call last):
2026-02-06 02:58:47 +05:00:   File "/mnt/d/Hackathons/hackathon-0/silver/src/watchers/linkedin_watcher.py", line 15, in <module>
2026-02-06 02:58:47 +05:00:     from .base_watcher import BaseWatcher, TaskCreationError
2026-02-06 02:58:47 +05:00: ImportError: attempted relative import with no known parent package
2026-02-06 02:58:54 +05:00: Traceback (most recent call last):
2026-02-06 02:58:54 +05:00:   File "/mnt/d/Hackathons/hackathon-0/silver/src/watchers/linkedin_watcher.py", line 15, in <module>
2026-02-06 02:58:54 +05:00:     from .base_watcher import BaseWatcher, TaskCreationError
2026-02-06 02:58:54 +05:00: ImportError: attempted relative import with no known parent package
2026-02-06 02:59:01 +05:00: Traceback (most recent call last):
2026-02-06 02:59:01 +05:00:   File "/mnt/d/Hackathons/hackathon-0/silver/src/watchers/linkedin_watcher.py", line 15, in <module>
2026-02-06 02:59:01 +05:00:     from .base_watcher import BaseWatcher, TaskCreationError
2026-02-06 02:59:01 +05:00: ImportError: attempted relative import with no known parent package
2026-02-06 02:59:08 +05:00: Traceback (most recent call last):
2026-02-06 02:59:08 +05:00:   File "/mnt/d/Hackathons/hackathon-0/silver/src/watchers/linkedin_watcher.py", line 15, in <module>
2026-02-06 02:59:08 +05:00:     from .base_watcher import BaseWatcher, TaskCreationError
2026-02-06 02:59:08 +05:00: ImportError: attempted relative import with no known parent package
2026-02-06 02:59:16 +05:00: Traceback (most recent call last):
2026-02-06 02:59:16 +05:00:   File "/mnt/d/Hackathons/hackathon-0/silver/src/watchers/linkedin_watcher.py", line 15, in <module>
2026-02-06 02:59:16 +05:00:     from .base_watcher import BaseWatcher, TaskCreationError
2026-02-06 02:59:16 +05:00: ImportError: attempted relative import with no known parent package
2026-02-06 02:59:22 +05:00: Traceback (most recent call last):
2026-02-06 02:59:22 +05:00:   File "/mnt/d/Hackathons/hackathon-0/silver/src/watchers/linkedin_watcher.py", line 15, in <module>
2026-02-06 02:59:22 +05:00:     from .base_watcher import BaseWatcher, TaskCreationError
2026-02-06 02:59:22 +05:00: ImportError: attempted relative import with no known parent package
2026-02-06 02:59:30 +05:00: Traceback (most recent call last):
2026-02-06 02:59:30 +05:00:   File "/mnt/d/Hackathons/hackathon-0/silver/src/watchers/linkedin_watcher.py", line 15, in <module>
2026-02-06 02:59:30 +05:00:     from .base_watcher import BaseWatcher, TaskCreationError
2026-02-06 02:59:30 +05:00: ImportError: attempted relative import with no known parent package
2026-02-06 02:59:36 +05:00: Traceback (most recent call last):
2026-02-06 02:59:36 +05:00:   File "/mnt/d/Hackathons/hackathon-0/silver/src/watchers/linkedin_watcher.py", line 15, in <module>
2026-02-06 02:59:36 +05:00:     from .base_watcher import BaseWatcher, TaskCreationError
2026-02-06 02:59:36 +05:00: : attempted relative import with no known parent package
2026-02-06 02:59:43 +05:00: Traceback (most recent call last):
2026-02-06 02:59:43 +05:00:   File "/mnt/d/Hackathons/hackathon-0/silver/src/watchers/linkedin_watcher.py", line 15, in <module>
2026-02-06 02:59:43 +05:00:     from .base_watcher import BaseWatcher, TaskCreationError
2026-02-06 02:59:43 +05:00: ImportError: attempted relative import with no known parent package
2026-02-06 02:59:50 +05:00: Traceback (most recent call last):
2026-02-06 02:59:50 +05:00:   File "/mnt/d/Hackathons/hackathon-0/silver/src/watchers/linkedin_watcher.py", line 15, in <module>
2026-02-06 02:59:50 +05:00:     from .base_watcher import BaseWatcher, TaskCreationError
2026-02-06 02:59:50 +05:00: ImportError: attempted relative import with no known parent package
2026-02-06 02:59:56 +05:00: Traceback (most recent call last):
2026-02-06 02:59:56 +05:00:   File "/mnt/d/Hackathons/hackathon-0/silver/src/watchers/linkedin_watcher.py", line 15, in <module>
2026-02-06 02:59:56 +05:00:     
2026-02-06 02:59:56 +05:00: from .base_watcher import BaseWatcher, TaskCreationError
2026-02-06 02:59:56 +05:00: ImportError: attempted relative import with no known parent package
2026-02-06 03:00:03 +05:00: Traceback (most recent call last):
2026-02-06 03:00:03 +05:00:   File "/mnt/d/Hackathons/hackathon-0/silver/src/watchers/linkedin_watcher.py", line 15, in <module>
2026-02-06 03:00:03 +05:00:     from .base_watcher import BaseWatcher, TaskCreationError
2026-02-06 03:00:03 +05:00: ImportError: attempted relative import with no known parent package
2026-02-06 03:00:10 +05:00: Traceback (most recent call last):
2026-02-06 03:00:10 +05:00:   File "/mnt/d/Hackathons/hackathon-0/silver/src/watchers/linkedin_watcher.py", line 15, in <module>
2026-02-06 03:00:10 +05:00:     from .base_watcher import BaseWatcher, TaskCreationError
2026-02-06 03:00:10 +05:00: ImportError: attempted relative import with no known parent package
2026-02-06 03:00:17 +05:00: Traceback (most recent call last):
2026-02-06 03:00:17 +05:00:   File "/mnt/d/Hackathons/hackathon-0/silver/src/watchers/linkedin_watcher.py", line 15, in <module>
2026-02-06 03:00:17 +05:00:     from .base_watcher import BaseWatcher, TaskCreationError
2026-02-06 03:00:17 +05:00: ImportError: attempted relative import with no known parent package
2026-02-06 03:00:24 +05:00: Traceback (most recent call last):
2026-02-06 03:00:24 +05:00:   File "/mnt/d/Hackathons/hackathon-0/silver/src/watchers/linkedin_watcher.py", line 15, in <module>
2026-02-06 03:00:24 +05:00:     from .base_watcher import BaseWatcher, TaskCreationError
2026-02-06 03:00:24 +05:00: ImportError: attempted relative import with no known parent package
2026-02-06 03:00:30 +05:00: Traceback (most recent call last):
2026-02-06 03:00:30 +05:00:   File "/mnt/d/Hackathons/hackathon-0/silver/src/watchers/linkedin_watcher.py", line 15, in <module>
2026-02-06 03:00:30 +05:00:     from .base_watcher import BaseWatcher, TaskCreationError
2026-02-06 03:00:30 +05:00: ImportError: attempted relative import with no known parent package
2026-02-06 03:00:37 +05:00: Traceback (most recent call last):
2026-02-06 03:00:37 +05:00:   File "/mnt/d/Hackathons/hackathon-0/silver/src/watchers/linkedin_watcher.py", line 15, in <module>
2026-02-06 03:00:37 +05:00:     from .base_watcher import BaseWatcher, TaskCreationError
2026-02-06 03:00:37 +05:00: ImportError: attempted relative import with no known parent package
2026-02-06 03:00:43 +05:00: Traceback (most recent call last):
2026-02-06 03:00:43 +05:00:   File "/mnt/d/Hackathons/hackathon-0/silver/src/watchers/linkedin_watcher.py", line 15, in <module>
2026-02-06 03:00:43 +05:00:     from .base_watcher import BaseWatcher, TaskCreationError
2026-02-06 03:00:43 +05:00: ImportError: attempted relative import with no known parent package
2026-02-06 03:00:50 +05:00: Traceback (most recent call last):
2026-02-06 03:00:50 +05:00:   File "/mnt/d/Hackathons/hackathon-0/silver/src/watchers/linkedin_watcher.py", line 15, in <module>
2026-02-06 03:00:50 +05:00:     
2026-02-06 03:00:50 +05:00: from .base_watcher import BaseWatcher, TaskCreationError
2026-02-06 03:00:50 +05:00: ImportError: attempted relative import with no known parent package
2026-02-06 03:00:56 +05:00: Traceback (most recent call last):
2026-02-06 03:00:56 +05:00:   File "/mnt/d/Hackathons/hackathon-0/silver/src/watchers/linkedin_watcher.py", line 15, in <module>
2026-02-06 03:00:56 +05:00:     from .base_watcher import BaseWatcher, TaskCreationError
2026-02-06 03:00:56 +05:00: ImportError: attempted relative import with no known parent package
2026-02-06 03:01:03 +05:00: Traceback (most recent call last):
2026-02-06 03:01:03 +05:00:   File "/mnt/d/Hackathons/hackathon-0/silver/src/watchers/linkedin_watcher.py", line 15, in <module>
2026-02-06 03:01:03 +05:00:     from .base_watcher import BaseWatcher, TaskCreationError
2026-02-06 03:01:03 +05:00: ImportError: attempted relative import with no known parent package
2026-02-06 03:01:09 +05:00: Traceback (most recent call last):
2026-02-06 03:01:09 +05:00:   File "/mnt/d/Hackathons/hackathon-0/silver/src/watchers/linkedin_watcher.py", line 15, in <module>
2026-02-06 03:01:09 +05:00:     from .base_watcher import BaseWatcher, TaskCreationError
2026-02-06 03:01:09 +05:00: 
2026-02-06 03:01:09 +05:00: ImportError: attempted relative import with no known parent package
2026-02-06 03:01:16 +05:00: Traceback (most recent call last):
2026-02-06 03:01:16 +05:00:   File "/mnt/d/Hackathons/hackathon-0/silver/src/watchers/linkedin_watcher.py", line 15, in <module>
2026-02-06 03:01:16 +05:00:     from .base_watcher import BaseWatcher, TaskCreationError
2026-02-06 03:01:16 +05:00: ImportError: attempted relative import with no known parent package
2026-02-06 03:01:22 +05:00: Traceback (most recent call last):
2026-02-06 03:01:22 +05:00:   File "/mnt/d/Hackathons/hackathon-0/silver/src/watchers/linkedin_watcher.py", line 15, in <module>
2026-02-06 03:01:22 +05:00:     from .base_watcher import BaseWatcher, TaskCreationError
2026-02-06 03:01:22 +05:00: ImportError: attempted relative import with no known parent package
2026-02-06 03:01:29 +05:00: Traceback (most recent call last):
2026-02-06 03:01:29 +05:00:   File "/mnt/d/Hackathons/hackathon-0/silver/src/watchers/linkedin_watcher.py", line 15, in <module>
2026-02-06 03:01:29 +05:00:     from .base_watcher import BaseWatcher, TaskCreationError
2026-02-06 03:01:29 +05:00: ImportError: attempted relative import with no known parent package
2026-02-06 03:01:36 +05:00: Traceback (most recent call last):
2026-02-06 03:01:36 +05:00:   File "/mnt/d/Hackathons/hackathon-0/silver/src/watchers/linkedin_watcher.py", line 15, in <module>
2026-02-06 03:01:36 +05:00:     from .base_watcher import BaseWatcher, TaskCreationError
2026-02-06 03:01:36 +05:00: ImportError: attempted relative import with no known parent package
2026-02-06 03:01:42 +05:00: Traceback (most recent call last):
2026-02-06 03:01:42 +05:00:   File "/mnt/d/Hackathons/hackathon-0/silver/src/watchers/linkedin_watcher.py", line 15, in <module>
2026-02-06 03:01:42 +05:00:     from .base_watcher import BaseWatcher, TaskCreationError
2026-02-06 03:01:42 +05:00: ImportError: attempted relative import with no known parent package
2026-02-06 03:01:48 +05:00: Traceback (most recent call last):
2026-02-06 03:01:48 +05:00:   File "/mnt/d/Hackathons/hackathon-0/silver/src/watchers/linkedin_watcher.py", line 15, in <module>
2026-02-06 03:01:49 +05:00:     from .base_watcher import BaseWatcher, TaskCreationError
2026-02-06 03:01:49 +05:00: attempted relative import with no known parent package
2026-02-06 03:01:55 +05:00: Traceback (most recent call last):
2026-02-06 03:01:55 +05:00:   File "/mnt/d/Hackathons/hackathon-0/silver/src/watchers/linkedin_watcher.py", line 15, in <module>
2026-02-06 03:01:55 +05:00:     from .base_watcher import BaseWatcher, TaskCreationError
2026-02-06 03:01:55 +05:00: ImportError: attempted relative import with no known parent package
2026-02-06 03:02:02 +05:00: Traceback (most recent call last):
2026-02-06 03:02:02 +05:00:   File "/mnt/d/Hackathons/hackathon-0/silver/src/watchers/linkedin_watcher.py", line 15, in <module>
2026-02-06 03:02:02 +05:00:     from .base_watcher import BaseWatcher, TaskCreationError
2026-02-06 03:02:02 +05:00: ImportError: attempted relative import with no known parent package
2026-02-06 03:02:09 +05:00: Traceback (most recent call last):
2026-02-06 03:02:09 +05:00:   File "/mnt/d/Hackathons/hackathon-0/silver/src/watchers/linkedin_watcher.py", line 15, in <module>
2026-02-06 03:02:09 +05:00:     from .base_watcher import BaseWatcher, TaskCreationError
2026-02-06 03:02:09 +05:00: attempted relative import with no known parent package
2026-02-06 03:02:15 +05:00: Traceback (most recent call last):
2026-02-06 03:02:15 +05:00:   File "/mnt/d/Hackathons/hackathon-0/silver/src/watchers/linkedin_watcher.py", line 15, in <module>
2026-02-06 03:02:15 +05:00:     from .base_watcher import BaseWatcher, TaskCreationError
2026-02-06 03:02:15 +05:00: ImportError: attempted relative import with no known parent package
2026-02-06 03:02:23 +05:00: Traceback (most recent call last):
2026-02-06 03:02:23 +05:00:   File "/mnt/d/Hackathons/hackathon-0/silver/src/watchers/linkedin_watcher.py", line 15, in <module>
2026-02-06 03:02:23 +05:00:     from .base_watcher import BaseWatcher, TaskCreationError
2026-02-06 03:02:23 +05:00: ImportError: attempted relative import with no known parent package
2026-02-06 03:02:29 +05:00: Traceback (most recent call last):
2026-02-06 03:02:29 +05:00:   File "/mnt/d/Hackathons/hackathon-0/silver/src/watchers/linkedin_watcher.py", line 15, in <module>
2026-02-06 03:02:29 +05:00:     from .base_watcher import BaseWatcher, TaskCreationError
2026-02-06 03:02:29 +05:00: ImportError: attempted relative import with no known parent package
2026-02-06 03:02:36 +05:00: Traceback (most recent call last):
2026-02-06 03:02:36 +05:00:   File "/mnt/d/Hackathons/hackathon-0/silver/src/watchers/linkedin_watcher.py", line 15, in <module>
2026-02-06 03:02:36 +05:00:     from .base_watcher import BaseWatcher, TaskCreationError
2026-02-06 03:02:36 +05:00: ImportError: attempted relative import with no known parent package
2026-02-06 03:02:42 +05:00: Traceback (most recent call last):
2026-02-06 03:02:42 +05:00:   File "/mnt/d/Hackathons/hackathon-0/silver/src/watchers/linkedin_watcher.py", line 15, in <module>
2026-02-06 03:02:42 +05:00:     from .base_watcher import BaseWatcher, TaskCreationError
2026-02-06 03:02:42 +05:00: ImportError: attempted relative import with no known parent package
2026-02-06 03:02:49 +05:00: Traceback (most recent call last):
2026-02-06 03:02:49 +05:00:   File "/mnt/d/Hackathons/hackathon-0/silver/src/watchers/linkedin_watcher.py", line 15, in <module>
2026-02-06 03:02:49 +05:00:     from .base_watcher import BaseWatcher, TaskCreationError
2026-02-06 03:02:49 +05:00: ImportError: attempted relative import with no known parent package
2026-02-06 03:02:55 +05:00: Traceback (most recent call last):
2026-02-06 03:02:55 +05:00:   File "/mnt/d/Hackathons/hackathon-0/silver/src/watchers/linkedin_watcher.py", line 15, in <module>
2026-02-06 03:02:55 +05:00:     from .base_watcher import BaseWatcher, TaskCreationError
2026-02-06 03:02:55 +05:00: ImportError: attempted relative import with no known parent package
2026-02-06 03:03:02 +05:00: Traceback (most recent call last):
2026-02-06 03:03:02 +05:00:   File "/mnt/d/Hackathons/hackathon-0/silver/src/watchers/linkedin_watcher.py", line 15, in <module>
2026-02-06 03:03:02 +05:00:     from .base_watcher import BaseWatcher, TaskCreationError
2026-02-06 03:03:02 +05:00: attempted relative import with no known parent package
2026-02-06 03:03:08 +05:00: Traceback (most recent call last):
2026-02-06 03:03:08 +05:00:   File "/mnt/d/Hackathons/hackathon-0/silver/src/watchers/linkedin_watcher.py", line 15, in <module>
2026-02-06 03:03:08 +05:00:     from .base_watcher import BaseWatcher, TaskCreationError
2026-02-06 03:03:08 +05:00: ImportError: attempted relative import with no known parent package
2026-02-06 03:03:15 +05:00: Traceback (most recent call last):
2026-02-06 03:03:15 +05:00:   File "/mnt/d/Hackathons/hackathon-0/silver/src/watchers/linkedin_watcher.py", line 15, in <module>
2026-02-06 03:03:15 +05:00:     from .base_watcher import BaseWatcher, TaskCreationError
2026-02-06 03:03:15 +05:00: ImportError: attempted relative import with no known parent package
2026-02-06 03:03:22 +05:00: Traceback (most recent call last):
2026-02-06 03:03:22 +05:00:   File "/mnt/d/Hackathons/hackathon-0/silver/src/watchers/linkedin_watcher.py", line 15, in <module>
2026-02-06 03:03:22 +05:00:     from .base_watcher import BaseWatcher, TaskCreationError
2026-02-06 03:03:22 +05:00: ImportError: attempted relative import with no known parent package
2026-02-06 03:03:28 +05:00: Traceback (most recent call last):
2026-02-06 03:03:28 +05:00:   File "/mnt/d/Hackathons/hackathon-0/silver/src/watchers/linkedin_watcher.py", line 15, in <module>
2026-02-06 03:03:28 +05:00:     from .base_watcher import BaseWatcher, TaskCreationError
2026-02-06 03:03:28 +05:00: ImportError: attempted relative import with no known parent package
2026-02-06 03:03:35 +05:00: Traceback (most recent call last):
2026-02-06 03:03:35 +05:00:   File "/mnt/d/Hackathons/hackathon-0/silver/src/watchers/linkedin_watcher.py", line 15, in <module>
2026-02-06 03:03:35 +05:00:     from .base_watcher import BaseWatcher, TaskCreationError
2026-02-06 03:03:35 +05:00: ImportError: attempted relative import with no known parent package
2026-02-06 03:03:42 +05:00: Traceback (most recent call last):
2026-02-06 03:03:42 +05:00:   File "/mnt/d/Hackathons/hackathon-0/silver/src/watchers/linkedin_watcher.py", line 15, in <module>
2026-02-06 03:03:42 +05:00:     from .base_watcher import BaseWatcher, TaskCreationError
2026-02-06 03:03:42 +05:00: ImportError: attempted relative import with no known parent package
2026-02-06 03:03:49 +05:00: Traceback (most recent call last):
2026-02-06 03:03:49 +05:00:   File "/mnt/d/Hackathons/hackathon-0/silver/src/watchers/linkedin_watcher.py", line 15, in <module>
2026-02-06 03:03:49 +05:00:     from .base_watcher import BaseWatcher, TaskCreationError
2026-02-06 03:03:49 +05:00: ImportError: attempted relative import with no known parent package
2026-02-06 03:03:56 +05:00: Traceback (most recent call last):
2026-02-06 03:03:56 +05:00:   File "/mnt/d/Hackathons/hackathon-0/silver/src/watchers/linkedin_watcher.py", line 15, in <module>
2026-02-06 03:03:56 +05:00:     from .base_watcher import BaseWatcher, TaskCreationError
2026-02-06 03:03:56 +05:00: ImportError: attempted relative import with no known parent package
2026-02-06 03:04:02 +05:00: Traceback (most recent call last):
2026-02-06 03:04:02 +05:00:   File "/mnt/d/Hackathons/hackathon-0/silver/src/watchers/linkedin_watcher.py", line 15, in <module>
2026-02-06 03:04:03 +05:00:     from .base_watcher import BaseWatcher, TaskCreationError
2026-02-06 03:04:03 +05:00: ImportError: attempted relative import with no known parent package
2026-02-06 03:04:09 +05:00: Traceback (most recent call last):
2026-02-06 03:04:09 +05:00:   File "/mnt/d/Hackathons/hackathon-0/silver/src/watchers/linkedin_watcher.py", line 15, in <module>
2026-02-06 03:04:09 +05:00:     from .base_watcher import BaseWatcher, TaskCreationError
2026-02-06 03:04:09 +05:00: ImportError: attempted relative import with no known parent package
2026-02-06 03:04:16 +05:00: Traceback (most recent call last):
2026-02-06 03:04:16 +05:00:   File "/mnt/d/Hackathons/hackathon-0/silver/src/watchers/linkedin_watcher.py", line 15, in <module>
2026-02-06 03:04:16 +05:00:     from .base_watcher import BaseWatcher, TaskCreationError
2026-02-06 03:04:16 +05:00: ImportError: attempted relative import with no known parent package
2026-02-06 03:04:23 +05:00: Traceback (most recent call last):
2026-02-06 03:04:23 +05:00:   File "/mnt/d/Hackathons/hackathon-0/silver/src/watchers/linkedin_watcher.py", line 15, in <module>
2026-02-06 03:04:23 +05:00:     from .base_watcher import BaseWatcher, TaskCreationError
2026-02-06 03:04:23 +05:00: ImportError: attempted relative import with no known parent package
2026-02-06 03:04:29 +05:00: Traceback (most recent call last):
2026-02-06 03:04:29 +05:00:   File "/mnt/d/Hackathons/hackathon-0/silver/src/watchers/linkedin_watcher.py", line 15, in <module>
2026-02-06 03:04:29 +05:00:     from .base_watcher import BaseWatcher, TaskCreationError
2026-02-06 03:04:29 +05:00: ImportError: attempted relative import with no known parent package
2026-02-06 03:04:36 +05:00: Traceback (most recent call last):
2026-02-06 03:04:36 +05:00:   File "/mnt/d/Hackathons/hackathon-0/silver/src/watchers/linkedin_watcher.py", line 15, in <module>
2026-02-06 03:04:36 +05:00:     from .base_watcher import BaseWatcher, TaskCreationError
2026-02-06 03:04:36 +05:00: ImportError: attempted relative import with no known parent package
2026-02-06 03:04:42 +05:00: Traceback (most recent call last):
2026-02-06 03:04:42 +05:00:   File "/mnt/d/Hackathons/hackathon-0/silver/src/watchers/linkedin_watcher.py", line 15, in <module>
2026-02-06 03:04:42 +05:00:     from .base_watcher import BaseWatcher, TaskCreationError
2026-02-06 03:04:42 +05:00: ImportError: attempted relative import with no known parent package
2026-02-06 03:04:49 +05:00: Traceback (most recent call last):
2026-02-06 03:04:49 +05:00:   File "/mnt/d/Hackathons/hackathon-0/silver/src/watchers/linkedin_watcher.py", line 15, in <module>
2026-02-06 03:04:49 +05:00:     from .base_watcher import BaseWatcher, TaskCreationError
2026-02-06 03:04:49 +05:00: ImportError: attempted relative import with no known parent package
2026-02-06 03:04:55 +05:00: Traceback (most recent call last):
2026-02-06 03:04:55 +05:00:   File "/mnt/d/Hackathons/hackathon-0/silver/src/watchers/linkedin_watcher.py", line 15, in <module>
2026-02-06 03:04:55 +05:00:     from .base_watcher import BaseWatcher, TaskCreationError
2026-02-06 03:04:55 +05:00: ImportError: attempted relative import with no known parent package
2026-02-06 03:05:02 +05:00: Traceback (most recent call last):
2026-02-06 03:05:02 +05:00:   File "/mnt/d/Hackathons/hackathon-0/silver/src/watchers/linkedin_watcher.py", line 15, in <module>
2026-02-06 03:05:02 +05:00:     from .base_watcher import BaseWatcher, TaskCreationError
2026-02-06 03:05:02 +05:00: ImportError: attempted relative import with no known parent package
2026-02-06 03:05:08 +05:00: Traceback (most recent call last):
2026-02-06 03:05:08 +05:00:   File "/mnt/d/Hackathons/hackathon-0/silver/src/watchers/linkedin_watcher.py", line 15, in <module>
2026-02-06 03:05:08 +05:00:     from .base_watcher import BaseWatcher, TaskCreationError
2026-02-06 03:05:08 +05:00: ImportError: attempted relative import with no known parent package
2026-02-06 03:05:15 +05:00: Traceback (most recent call last):
2026-02-06 03:05:15 +05:00:   File "/mnt/d/Hackathons/hackathon-0/silver/src/watchers/linkedin_watcher.py", line 15, in <module>
2026-02-06 03:05:15 +05:00:     from .base_watcher import BaseWatcher, TaskCreationError
2026-02-06 03:05:15 +05:00: ImportError: attempted relative import with no known parent package
2026-02-06 03:05:22 +05:00: Traceback (most recent call last):
2026-02-06 03:05:22 +05:00:   File "/mnt/d/Hackathons/hackathon-0/silver/src/watchers/linkedin_watcher.py", line 15, in <module>
2026-02-06 03:05:22 +05:00:     from .base_watcher import BaseWatcher, TaskCreationError
2026-02-06 03:05:22 +05:00: ImportError: attempted relative import with no known parent package
2026-02-06 03:05:29 +05:00: Traceback (most recent call last):
2026-02-06 03:05:29 +05:00:   File "/mnt/d/Hackathons/hackathon-0/silver/src/watchers/linkedin_watcher.py", line 15, in <module>
2026-02-06 03:05:29 +05:00:     from .base_watcher import BaseWatcher, TaskCreationError
2026-02-06 03:05:29 +05:00: ImportError: attempted relative import with no known parent package
2026-02-06 03:05:35 +05:00: Traceback (most recent call last):
2026-02-06 03:05:35 +05:00:   File "/mnt/d/Hackathons/hackathon-0/silver/src/watchers/linkedin_watcher.py", line 15, in <module>
2026-02-06 03:05:35 +05:00:     from .base_watcher import BaseWatcher, TaskCreationError
2026-02-06 03:05:35 +05:00: ImportError: attempted relative import with no known parent package
2026-02-06 03:05:42 +05:00: Traceback (most recent call last):
2026-02-06 03:05:42 +05:00:   File "/mnt/d/Hackathons/hackathon-0/silver/src/watchers/linkedin_watcher.py", line 15, in <module>
2026-02-06 03:05:42 +05:00:     from .base_watcher import BaseWatcher, TaskCreationError
2026-02-06 03:05:42 +05:00: ImportError: attempted relative import with no known parent package
2026-02-06 03:05:49 +05:00: Traceback (most recent call last):
2026-02-06 03:05:49 +05:00:   File "/mnt/d/Hackathons/hackathon-0/silver/src/watchers/linkedin_watcher.py", line 15, in <module>
2026-02-06 03:05:49 +05:00:     from .base_watcher import BaseWatcher, TaskCreationError
2026-02-06 03:05:49 +05:00: ImportError: attempted relative import with no known parent package
2026-02-06 03:05:55 +05:00: Traceback (most recent call last):
2026-02-06 03:05:55 +05:00:   File "/mnt/d/Hackathons/hackathon-0/silver/src/watchers/linkedin_watcher.py", line 15, in <module>
2026-02-06 03:05:55 +05:00:     from .base_watcher import BaseWatcher, TaskCreationError
2026-02-06 03:05:55 +05:00: ImportError: attempted relative import with no known parent package
2026-02-06 03:06:02 +05:00: Traceback (most recent call last):
2026-02-06 03:06:02 +05:00:   File "/mnt/d/Hackathons/hackathon-0/silver/src/watchers/linkedin_watcher.py", line 15, in <module>
2026-02-06 03:06:02 +05:00:     from .base_watcher import BaseWatcher, TaskCreationError
2026-02-06 03:06:02 +05:00: ImportError: attempted relative import with no known parent package
2026-02-06 03:06:09 +05:00: Traceback (most recent call last):
2026-02-06 03:06:09 +05:00:   File "/mnt/d/Hackathons/hackathon-0/silver/src/watchers/linkedin_watcher.py", line 15, in <module>
2026-02-06 03:06:09 +05:00:     from .base_watcher import BaseWatcher, TaskCreationError
2026-02-06 03:06:09 +05:00: ImportError: attempted relative import with no known parent package
2026-02-06 03:06:15 +05:00: Traceback (most recent call last):
2026-02-06 03:06:15 +05:00:   File "/mnt/d/Hackathons/hackathon-0/silver/src/watchers/linkedin_watcher.py", line 15, in <module>
2026-02-06 03:06:15 +05:00:     from .base_watcher import BaseWatcher, TaskCreationError
2026-02-06 03:06:15 +05:00: : attempted relative import with no known parent package
2026-02-06 03:06:22 +05:00: Traceback (most recent call last):
2026-02-06 03:06:22 +05:00:   File "/mnt/d/Hackathons/hackathon-0/silver/src/watchers/linkedin_watcher.py", line 15, in <module>
2026-02-06 03:06:22 +05:00:     from .base_watcher import BaseWatcher, TaskCreationError
2026-02-06 03:06:22 +05:00: ImportError: attempted relative import with no known parent package
2026-02-06 03:06:29 +05:00: Traceback (most recent call last):
2026-02-06 03:06:29 +05:00:   File "/mnt/d/Hackathons/hackathon-0/silver/src/watchers/linkedin_watcher.py", line 15, in <module>
2026-02-06 03:06:29 +05:00:     from .base_watcher import BaseWatcher, TaskCreationError
2026-02-06 03:06:29 +05:00: ImportError: attempted relative import with no known parent package
2026-02-06 03:06:36 +05:00: Traceback (most recent call last):
2026-02-06 03:06:36 +05:00:   File "/mnt/d/Hackathons/hackathon-0/silver/src/watchers/linkedin_watcher.py", line 15, in <module>
2026-02-06 03:06:36 +05:00:     from .base_watcher import BaseWatcher, TaskCreationError
2026-02-06 03:06:36 +05:00: ImportError: attempted relative import with no known parent package
2026-02-06 03:06:42 +05:00: Traceback (most recent call last):
2026-02-06 03:06:42 +05:00:   File "/mnt/d/Hackathons/hackathon-0/silver/src/watchers/linkedin_watcher.py", line 15, in <module>
2026-02-06 03:06:42 +05:00:     from .base_watcher import BaseWatcher, TaskCreationError
2026-02-06 03:06:42 +05:00: ImportError: attempted relative import with no known parent package
2026-02-06 03:06:49 +05:00: Traceback (most recent call last):
2026-02-06 03:06:49 +05:00:   File "/mnt/d/Hackathons/hackathon-0/silver/src/watchers/linkedin_watcher.py", line 15, in <module>
2026-02-06 03:06:49 +05:00:     from .base_watcher import BaseWatcher, TaskCreationError
2026-02-06 03:06:49 +05:00: ImportError: attempted relative import with no known parent package
2026-02-06 03:06:55 +05:00: Traceback (most recent call last):
2026-02-06 03:06:55 +05:00:   File "/mnt/d/Hackathons/hackathon-0/silver/src/watchers/linkedin_watcher.py", line 15, in <module>
2026-02-06 03:06:55 +05:00:     from .base_watcher import BaseWatcher, TaskCreationError
2026-02-06 03:06:55 +05:00: ImportError: attempted relative import with no known parent package
2026-02-06 03:07:02 +05:00: Traceback (most recent call last):
2026-02-06 03:07:02 +05:00:   File "/mnt/d/Hackathons/hackathon-0/silver/src/watchers/linkedin_watcher.py", line 15, in <module>
2026-02-06 03:07:02 +05:00:     from .base_watcher import BaseWatcher, TaskCreationError
2026-02-06 03:07:02 +05:00: ImportError: attempted relative import with no known parent package
2026-02-06 03:07:08 +05:00: Traceback (most recent call last):
2026-02-06 03:07:08 +05:00:   File "/mnt/d/Hackathons/hackathon-0/silver/src/watchers/linkedin_watcher.py", line 15, in <module>
2026-02-06 03:07:08 +05:00:     from .base_watcher import BaseWatcher, TaskCreationError
2026-02-06 03:07:08 +05:00: ImportError: attempted relative import with no known parent package
2026-02-06 03:07:15 +05:00: Traceback (most recent call last):
2026-02-06 03:07:15 +05:00:   File "/mnt/d/Hackathons/hackathon-0/silver/src/watchers/linkedin_watcher.py", line 15, in <module>
2026-02-06 03:07:15 +05:00:     from .base_watcher import BaseWatcher, TaskCreationError
2026-02-06 03:07:15 +05:00: ImportError: attempted relative import with no known parent package
2026-02-06 03:07:22 +05:00: Traceback (most recent call last):
2026-02-06 03:07:22 +05:00:   File "/mnt/d/Hackathons/hackathon-0/silver/src/watchers/linkedin_watcher.py", line 15, in <module>
2026-02-06 03:07:22 +05:00:     from .base_watcher import BaseWatcher, TaskCreationError
2026-02-06 03:07:22 +05:00: ImportError: attempted relative import with no known parent package
2026-02-06 03:07:29 +05:00: Traceback (most recent call last):
2026-02-06 03:07:29 +05:00:   File "/mnt/d/Hackathons/hackathon-0/silver/src/watchers/linkedin_watcher.py", line 15, in <module>
2026-02-06 03:07:29 +05:00:     from .base_watcher import BaseWatcher, TaskCreationError
2026-02-06 03:07:29 +05:00: ImportError: attempted relative import with no known parent package
2026-02-06 03:07:35 +05:00: Traceback (most recent call last):
2026-02-06 03:07:35 +05:00:   File "/mnt/d/Hackathons/hackathon-0/silver/src/watchers/linkedin_watcher.py", line 15, in <module>
2026-02-06 03:07:35 +05:00:     from .base_watcher import BaseWatcher, TaskCreationError
2026-02-06 03:07:35 +05:00: ImportError: attempted relative import with no known parent package
2026-02-06 03:07:43 +05:00: Traceback (most recent call last):
2026-02-06 03:07:43 +05:00:   File "/mnt/d/Hackathons/hackathon-0/silver/src/watchers/linkedin_watcher.py", line 15, in <module>
2026-02-06 03:07:43 +05:00:     from .base_watcher import BaseWatcher, TaskCreationError
2026-02-06 03:07:43 +05:00: ImportError: attempted relative import with no known parent package
2026-02-06 03:07:49 +05:00: Traceback (most recent call last):
2026-02-06 03:07:49 +05:00:   File "/mnt/d/Hackathons/hackathon-0/silver/src/watchers/linkedin_watcher.py", line 15, in <module>
2026-02-06 03:07:49 +05:00:     from .base_watcher import BaseWatcher, TaskCreationError
2026-02-06 03:07:49 +05:00: ImportError: attempted relative import with no known parent package
2026-02-06 03:07:56 +05:00: Traceback (most recent call last):
2026-02-06 03:07:56 +05:00:   File "/mnt/d/Hackathons/hackathon-0/silver/src/watchers/linkedin_watcher.py", line 15, in <module>
2026-02-06 03:07:56 +05:00:     from .base_watcher import BaseWatcher, TaskCreationError
2026-02-06 03:07:56 +05:00: ImportError: attempted relative import with no known parent package
2026-02-06 03:08:02 +05:00: Traceback (most recent call last):
2026-02-06 03:08:02 +05:00:   File "/mnt/d/Hackathons/hackathon-0/silver/src/watchers/linkedin_watcher.py", line 15, in <module>
2026-02-06 03:08:02 +05:00:     from .base_watcher import BaseWatcher, TaskCreationError
2026-02-06 03:08:02 +05:00: ImportError: attempted relative import with no known parent package
2026-02-06 03:08:09 +05:00: Traceback (most recent call last):
2026-02-06 03:08:09 +05:00:   File "/mnt/d/Hackathons/hackathon-0/silver/src/watchers/linkedin_watcher.py", line 15, in <module>
2026-02-06 03:08:09 +05:00:     from .base_watcher import BaseWatcher, TaskCreationError
2026-02-06 03:08:09 +05:00: ImportError: attempted relative import with no known parent package
2026-02-06 03:08:15 +05:00: Traceback (most recent call last):
2026-02-06 03:08:15 +05:00:   File "/mnt/d/Hackathons/hackathon-0/silver/src/watchers/linkedin_watcher.py", line 15, in <module>
2026-02-06 03:08:15 +05:00:     from .base_watcher import BaseWatcher, TaskCreationError
2026-02-06 03:08:15 +05:00: ImportError: attempted relative import with no known parent package
2026-02-06 03:08:23 +05:00: Traceback (most recent call last):
2026-02-06 03:08:23 +05:00:   File "/mnt/d/Hackathons/hackathon-0/silver/src/watchers/linkedin_watcher.py", line 15, in <module>
2026-02-06 03:08:23 +05:00:     from .base_watcher import BaseWatcher, TaskCreationError
2026-02-06 03:08:23 +05:00: ImportError: attempted relative import with no known parent package
2026-02-06 03:08:29 +05:00: Traceback (most recent call last):
2026-02-06 03:08:29 +05:00:   File "/mnt/d/Hackathons/hackathon-0/silver/src/watchers/linkedin_watcher.py", line 15, in <module>
2026-02-06 03:08:29 +05:00:     from .base_watcher import BaseWatcher, TaskCreationError
2026-02-06 03:08:29 +05:00: ImportError: attempted relative import with no known parent package
2026-02-06 03:08:36 +05:00: Traceback (most recent call last):
2026-02-06 03:08:36 +05:00:   File "/mnt/d/Hackathons/hackathon-0/silver/src/watchers/linkedin_watcher.py", line 15, in <module>
2026-02-06 03:08:36 +05:00:     from .base_watcher import BaseWatcher, TaskCreationError
2026-02-06 03:08:36 +05:00: ImportError: attempted relative import with no known parent package
2026-02-06 03:08:43 +05:00: Traceback (most recent call last):
2026-02-06 03:08:43 +05:00:   File "/mnt/d/Hackathons/hackathon-0/silver/src/watchers/linkedin_watcher.py", line 15, in <module>
2026-02-06 03:08:43 +05:00:     from .base_watcher import BaseWatcher, TaskCreationError
2026-02-06 03:08:43 +05:00: ImportError: attempted relative import with no known parent package
2026-02-06 03:08:51 +05:00: Traceback (most recent call last):
2026-02-06 03:08:51 +05:00:   File "/mnt/d/Hackathons/hackathon-0/silver/src/watchers/linkedin_watcher.py", line 15, in <module>
2026-02-06 03:08:51 +05:00:     from .base_watcher import BaseWatcher, TaskCreationError
2026-02-06 03:08:51 +05:00: : attempted relative import with no known parent package
2026-02-06 03:08:58 +05:00: Traceback (most recent call last):
2026-02-06 03:08:58 +05:00:   File "/mnt/d/Hackathons/hackathon-0/silver/src/watchers/linkedin_watcher.py", line 15, in <module>
2026-02-06 03:08:58 +05:00:     from .base_watcher import BaseWatcher, TaskCreationError
2026-02-06 03:08:58 +05:00: ImportError: attempted relative import with no known parent package
2026-02-06 03:09:05 +05:00: Traceback (most recent call last):
2026-02-06 03:09:05 +05:00:   File "/mnt/d/Hackathons/hackathon-0/silver/src/watchers/linkedin_watcher.py", line 15, in <module>
2026-02-06 03:09:05 +05:00:     from .base_watcher import BaseWatcher, TaskCreationError
2026-02-06 03:09:05 +05:00: ImportError: attempted relative import with no known parent package
2026-02-06 03:09:11 +05:00: Traceback (most recent call last):
2026-02-06 03:09:11 +05:00:   File "/mnt/d/Hackathons/hackathon-0/silver/src/watchers/linkedin_watcher.py", line 15, in <module>
2026-02-06 03:09:11 +05:00:     from .base_watcher import BaseWatcher, TaskCreationError
2026-02-06 03:09:11 +05:00: ImportError: attempted relative import with no known parent package
2026-02-06 03:09:18 +05:00: Traceback (most recent call last):
2026-02-06 03:09:18 +05:00:   File "/mnt/d/Hackathons/hackathon-0/silver/src/watchers/linkedin_watcher.py", line 15, in <module>
2026-02-06 03:09:18 +05:00:     from .base_watcher import BaseWatcher, TaskCreationError
2026-02-06 03:09:18 +05:00: ImportError: attempted relative import with no known parent package
2026-02-06 03:09:25 +05:00: Traceback (most recent call last):
2026-02-06 03:09:25 +05:00:   File "/mnt/d/Hackathons/hackathon-0/silver/src/watchers/linkedin_watcher.py", line 15, in <module>
2026-02-06 03:09:25 +05:00:     from .base_watcher import BaseWatcher, TaskCreationError
2026-02-06 03:09:25 +05:00: ImportError: attempted relative import with no known parent package
2026-02-06 03:09:31 +05:00: Traceback (most recent call last):
2026-02-06 03:09:31 +05:00:   File "/mnt/d/Hackathons/hackathon-0/silver/src/watchers/linkedin_watcher.py", line 15, in <module>
2026-02-06 03:09:31 +05:00:     from .base_watcher import BaseWatcher, TaskCreationError
2026-02-06 03:09:31 +05:00: ImportError: attempted relative import with no known parent package
2026-02-06 03:09:38 +05:00: Traceback (most recent call last):
2026-02-06 03:09:38 +05:00:   File "/mnt/d/Hackathons/hackathon-0/silver/src/watchers/linkedin_watcher.py", line 15, in <module>
2026-02-06 03:09:38 +05:00:     from .base_watcher import BaseWatcher, TaskCreationError
2026-02-06 03:09:38 +05:00: ImportError: attempted relative import with no known parent package
2026-02-06 03:09:45 +05:00: Traceback (most recent call last):
2026-02-06 03:09:45 +05:00:   File "/mnt/d/Hackathons/hackathon-0/silver/src/watchers/linkedin_watcher.py", line 15, in <module>
2026-02-06 03:09:45 +05:00:     from .base_watcher import BaseWatcher, TaskCreationError
2026-02-06 03:09:45 +05:00: ImportError: attempted relative import with no known parent package
2026-02-06 03:09:51 +05:00: Traceback (most recent call last):
2026-02-06 03:09:51 +05:00:   File "/mnt/d/Hackathons/hackathon-0/silver/src/watchers/linkedin_watcher.py", line 15, in <module>
2026-02-06 03:09:51 +05:00:     from .base_watcher import BaseWatcher, TaskCreationError
2026-02-06 03:09:51 +05:00: ImportError: attempted relative import with no known parent package
2026-02-06 03:09:59 +05:00: Traceback (most recent call last):
2026-02-06 03:09:59 +05:00:   File "/mnt/d/Hackathons/hackathon-0/silver/src/watchers/linkedin_watcher.py", line 15, in <module>
2026-02-06 03:09:59 +05:00:     from .base_watcher import BaseWatcher, TaskCreationError
2026-02-06 03:09:59 +05:00: ImportError: attempted relative import with no known parent package
2026-02-06 03:10:05 +05:00: Traceback (most recent call last):
2026-02-06 03:10:05 +05:00:   File "/mnt/d/Hackathons/hackathon-0/silver/src/watchers/linkedin_watcher.py", line 15, in <module>
2026-02-06 03:10:05 +05:00:     from .base_watcher import BaseWatcher, TaskCreationError
2026-02-06 03:10:05 +05:00: ImportError: attempted relative import with no known parent package
2026-02-06 03:10:12 +05:00: Traceback (most recent call last):
2026-02-06 03:10:12 +05:00:   File "/mnt/d/Hackathons/hackathon-0/silver/src/watchers/linkedin_watcher.py", line 15, in <module>
2026-02-06 03:10:12 +05:00:     from .base_watcher import BaseWatcher, TaskCreationError
2026-02-06 03:10:12 +05:00: ImportError: attempted relative import with no known parent package
2026-02-06 03:10:18 +05:00: Traceback (most recent call last):
2026-02-06 03:10:18 +05:00:   File "/mnt/d/Hackathons/hackathon-0/silver/src/watchers/linkedin_watcher.py", line 15, in <module>
2026-02-06 03:10:18 +05:00:     from .base_watcher import BaseWatcher, TaskCreationError
2026-02-06 03:10:18 +05:00: ImportError: attempted relative import with no known parent package
2026-02-06 03:10:29 +05:00: Traceback (most recent call last):
2026-02-06 03:10:29 +05:00:   File "/mnt/d/Hackathons/hackathon-0/silver/src/watchers/linkedin_watcher.py", line 15, in <module>
2026-02-06 03:10:29 +05:00:     from .base_watcher import BaseWatcher, TaskCreationError
2026-02-06 03:10:29 +05:00: 
2026-02-06 03:10:29 +05:00: ImportError: attempted relative import with no known parent package
2026-02-06 03:10:38 +05:00: Traceback (most recent call last):
2026-02-06 03:10:38 +05:00:   File "/mnt/d/Hackathons/hackathon-0/silver/src/watchers/linkedin_watcher.py", line 15, in <module>
2026-02-06 03:10:38 +05:00:     from .base_watcher import BaseWatcher, TaskCreationError
2026-02-06 03:10:38 +05:00: ImportError: attempted relative import with no known parent package
2026-02-06 03:10:46 +05:00: Traceback (most recent call last):
2026-02-06 03:10:46 +05:00:   File "/mnt/d/Hackathons/hackathon-0/silver/src/watchers/linkedin_watcher.py", line 15, in <module>
2026-02-06 03:10:46 +05:00:     from .base_watcher import BaseWatcher, TaskCreationError
2026-02-06 03:10:46 +05:00: 
2026-02-06 03:10:46 +05:00: ImportError: attempted relative import with no known parent package
2026-02-06 03:10:56 +05:00: Traceback (most recent call last):
2026-02-06 03:10:56 +05:00:   File "/mnt/d/Hackathons/hackathon-0/silver/src/watchers/linkedin_watcher.py", line 15, in <module>
2026-02-06 03:10:56 +05:00:     from .base_watcher import BaseWatcher, TaskCreationError
2026-02-06 03:10:56 +05:00: ImportError: attempted relative import with no known parent package
2026-02-06 03:11:06 +05:00: Traceback (most recent call last):
2026-02-06 03:11:06 +05:00:   File "/mnt/d/Hackathons/hackathon-0/silver/src/watchers/linkedin_watcher.py", line 15, in <module>
2026-02-06 03:11:06 +05:00:     from .base_watcher import BaseWatcher, TaskCreationError
2026-02-06 03:11:06 +05:00: ImportError: attempted relative import with no known parent package
2026-02-06 03:11:14 +05:00: Traceback (most recent call last):
2026-02-06 03:11:14 +05:00:   File "/mnt/d/Hackathons/hackathon-0/silver/src/watchers/linkedin_watcher.py", line 15, in <module>
2026-02-06 03:11:14 +05:00:     from .base_watcher import BaseWatcher, TaskCreationError
2026-02-06 03:11:14 +05:00: attempted relative import with no known parent package
2026-02-06 03:11:21 +05:00: Traceback (most recent call last):
2026-02-06 03:11:21 +05:00:   File "/mnt/d/Hackathons/hackathon-0/silver/src/watchers/linkedin_watcher.py", line 15, in <module>
2026-02-06 03:11:22 +05:00:     from .base_watcher import BaseWatcher, TaskCreationError
2026-02-06 03:11:22 +05:00: ImportError: attempted relative import with no known parent package
2026-02-06 03:11:29 +05:00: Traceback (most recent call last):
2026-02-06 03:11:29 +05:00:   File "/mnt/d/Hackathons/hackathon-0/silver/src/watchers/linkedin_watcher.py", line 15, in <module>
2026-02-06 03:11:29 +05:00:     from .base_watcher import BaseWatcher, TaskCreationError
2026-02-06 03:11:29 +05:00: ImportError: attempted relative import with no known parent package
2026-02-06 03:11:36 +05:00: Traceback (most recent call last):
2026-02-06 03:11:36 +05:00:   File "/mnt/d/Hackathons/hackathon-0/silver/src/watchers/linkedin_watcher.py", line 15, in <module>
2026-02-06 03:11:36 +05:00:     from .base_watcher import BaseWatcher, TaskCreationError
2026-02-06 03:11:36 +05:00: ImportError: attempted relative import with no known parent package
2026-02-06 03:11:43 +05:00: Traceback (most recent call last):
2026-02-06 03:11:43 +05:00:   File "/mnt/d/Hackathons/hackathon-0/silver/src/watchers/linkedin_watcher.py", line 15, in <module>
2026-02-06 03:11:43 +05:00:     from .base_watcher import BaseWatcher, TaskCreationError
2026-02-06 03:11:43 +05:00: ImportError: attempted relative import with no known parent package
2026-02-06 03:11:50 +05:00: Traceback (most recent call last):
2026-02-06 03:11:50 +05:00:   File "/mnt/d/Hackathons/hackathon-0/silver/src/watchers/linkedin_watcher.py", line 15, in <module>
2026-02-06 03:11:50 +05:00:     from .base_watcher import BaseWatcher, TaskCreationError
2026-02-06 03:11:50 +05:00: ImportError: attempted relative import with no known parent package
2026-02-06 03:11:58 +05:00: Traceback (most recent call last):
2026-02-06 03:11:58 +05:00:   File "/mnt/d/Hackathons/hackathon-0/silver/src/watchers/linkedin_watcher.py", line 15, in <module>
2026-02-06 03:11:58 +05:00:     from .base_watcher import BaseWatcher, TaskCreationError
2026-02-06 03:11:58 +05:00: ImportError: attempted relative import with no known parent package
2026-02-06 03:12:05 +05:00: Traceback (most recent call last):
2026-02-06 03:12:05 +05:00:   File "/mnt/d/Hackathons/hackathon-0/silver/src/watchers/linkedin_watcher.py", line 15, in <module>
2026-02-06 03:12:05 +05:00:     from .base_watcher import BaseWatcher, TaskCreationError
2026-02-06 03:12:05 +05:00: ImportError: attempted relative import with no known parent package
2026-02-06 03:12:14 +05:00: Traceback (most recent call last):
2026-02-06 03:12:14 +05:00:   File "/mnt/d/Hackathons/hackathon-0/silver/src/watchers/linkedin_watcher.py", line 15, in <module>
2026-02-06 03:12:14 +05:00:     from .base_watcher import BaseWatcher, TaskCreationError
2026-02-06 03:12:14 +05:00: 
2026-02-06 03:12:14 +05:00: ImportError: attempted relative import with no known parent package
2026-02-06 03:12:23 +05:00: Traceback (most recent call last):
2026-02-06 03:12:23 +05:00:   File "/mnt/d/Hackathons/hackathon-0/silver/src/watchers/linkedin_watcher.py", line 15, in <module>
2026-02-06 03:12:23 +05:00:     from .base_watcher import BaseWatcher, TaskCreationError
2026-02-06 03:12:23 +05:00: ImportError: attempted relative import with no known parent package
2026-02-06 03:12:31 +05:00: Traceback (most recent call last):
2026-02-06 03:12:31 +05:00:   File "/mnt/d/Hackathons/hackathon-0/silver/src/watchers/linkedin_watcher.py", line 15, in <module>
2026-02-06 03:12:31 +05:00:     from .base_watcher import BaseWatcher, TaskCreationError
2026-02-06 03:12:31 +05:00: ImportError: attempted relative import with no known parent package
2026-02-06 03:12:39 +05:00: Traceback (most recent call last):
2026-02-06 03:12:39 +05:00:   File "/mnt/d/Hackathons/hackathon-0/silver/src/watchers/linkedin_watcher.py", line 15, in <module>
2026-02-06 03:12:39 +05:00:     from .base_watcher import BaseWatcher, TaskCreationError
2026-02-06 03:12:39 +05:00: ImportError: attempted relative import with no known parent package
2026-02-06 03:12:47 +05:00: Traceback (most recent call last):
2026-02-06 03:12:47 +05:00:   File "/mnt/d/Hackathons/hackathon-0/silver/src/watchers/linkedin_watcher.py", line 15, in <module>
2026-02-06 03:12:47 +05:00:     from .base_watcher import BaseWatcher, TaskCreationError
2026-02-06 03:12:47 +05:00: ImportError: attempted relative import with no known parent package
2026-02-06 03:12:54 +05:00: Traceback (most recent call last):
2026-02-06 03:12:54 +05:00:   File "/mnt/d/Hackathons/hackathon-0/silver/src/watchers/linkedin_watcher.py", line 15, in <module>
2026-02-06 03:12:54 +05:00:     from .base_watcher import BaseWatcher, TaskCreationError
2026-02-06 03:12:54 +05:00: ImportError: attempted relative import with no known parent package
2026-02-06 03:13:02 +05:00: Traceback (most recent call last):
2026-02-06 03:13:02 +05:00:   File "/mnt/d/Hackathons/hackathon-0/silver/src/watchers/linkedin_watcher.py", line 15, in <module>
2026-02-06 03:13:02 +05:00:     from .base_watcher import BaseWatcher, TaskCreationError
2026-02-06 03:13:02 +05:00: ImportError: attempted relative import with no known parent package
2026-02-06 03:13:09 +05:00: Traceback (most recent call last):
2026-02-06 03:13:09 +05:00:   File "/mnt/d/Hackathons/hackathon-0/silver/src/watchers/linkedin_watcher.py", line 15, in <module>
2026-02-06 03:13:09 +05:00:     from .base_watcher import BaseWatcher, TaskCreationError
2026-02-06 03:13:09 +05:00: ImportError: attempted relative import with no known parent package
2026-02-06 03:13:17 +05:00: Traceback (most recent call last):
2026-02-06 03:13:17 +05:00:   File "/mnt/d/Hackathons/hackathon-0/silver/src/watchers/linkedin_watcher.py", line 15, in <module>
2026-02-06 03:13:17 +05:00:     from .base_watcher import BaseWatcher, TaskCreationError
2026-02-06 03:13:17 +05:00: ImportError: attempted relative import with no known parent package
2026-02-06 03:13:25 +05:00: Traceback (most recent call last):
2026-02-06 03:13:25 +05:00:   File "/mnt/d/Hackathons/hackathon-0/silver/src/watchers/linkedin_watcher.py", line 15, in <module>
2026-02-06 03:13:25 +05:00:     from .base_watcher import BaseWatcher, TaskCreationError
2026-02-06 03:13:25 +05:00: ImportError: attempted relative import with no known parent package
2026-02-06 03:13:33 +05:00: Traceback (most recent call last):
2026-02-06 03:13:33 +05:00:   File "/mnt/d/Hackathons/hackathon-0/silver/src/watchers/linkedin_watcher.py", line 15, in <module>
2026-02-06 03:13:33 +05:00:     from .base_watcher import BaseWatcher, TaskCreationError
2026-02-06 03:13:33 +05:00: ImportError: attempted relative import with no known parent package
2026-02-06 03:13:40 +05:00: Traceback (most recent call last):
2026-02-06 03:13:40 +05:00:   File "/mnt/d/Hackathons/hackathon-0/silver/src/watchers/linkedin_watcher.py", line 15, in <module>
2026-02-06 03:13:40 +05:00:     from .base_watcher import BaseWatcher, TaskCreationError
2026-02-06 03:13:40 +05:00: ImportError: attempted relative import with no known parent package
2026-02-06 03:13:47 +05:00: Traceback (most recent call last):
2026-02-06 03:13:47 +05:00:   File "/mnt/d/Hackathons/hackathon-0/silver/src/watchers/linkedin_watcher.py", line 15, in <module>
2026-02-06 03:13:47 +05:00:     from .base_watcher import BaseWatcher, TaskCreationError
2026-02-06 03:13:47 +05:00: ImportError: attempted relative import with no known parent package
2026-02-06 03:13:55 +05:00: Traceback (most recent call last):
2026-02-06 03:13:55 +05:00:   File "/mnt/d/Hackathons/hackathon-0/silver/src/watchers/linkedin_watcher.py", line 15, in <module>
2026-02-06 03:13:55 +05:00:     from .base_watcher import BaseWatcher, TaskCreationError
2026-02-06 03:13:55 +05:00: ImportError: attempted relative import with no known parent package
2026-02-06 03:14:03 +05:00: Traceback (most recent call last):
2026-02-06 03:14:03 +05:00:   File "/mnt/d/Hackathons/hackathon-0/silver/src/watchers/linkedin_watcher.py", line 15, in <module>
2026-02-06 03:14:03 +05:00:     from .base_watcher import BaseWatcher, TaskCreationError
2026-02-06 03:14:03 +05:00: ImportError: attempted relative import with no known parent package
2026-02-06 03:14:11 +05:00: Traceback (most recent call last):
2026-02-06 03:14:11 +05:00:   File "/mnt/d/Hackathons/hackathon-0/silver/src/watchers/linkedin_watcher.py", line 15, in <module>
2026-02-06 03:14:11 +05:00:     from .base_watcher import BaseWatcher, TaskCreationError
2026-02-06 03:14:11 +05:00: ImportError: attempted relative import with no known parent package
2026-02-06 03:14:19 +05:00: Traceback (most recent call last):
2026-02-06 03:14:19 +05:00:   File "/mnt/d/Hackathons/hackathon-0/silver/src/watchers/linkedin_watcher.py", line 15, in <module>
2026-02-06 03:14:19 +05:00:     from .base_watcher import BaseWatcher, TaskCreationError
2026-02-06 03:14:19 +05:00: ImportError: attempted relative import with no known parent package
2026-02-06 03:14:26 +05:00: Traceback (most recent call last):
2026-02-06 03:14:26 +05:00:   File "/mnt/d/Hackathons/hackathon-0/silver/src/watchers/linkedin_watcher.py", line 15, in <module>
2026-02-06 03:14:26 +05:00:     from .base_watcher import BaseWatcher, TaskCreationError
2026-02-06 03:14:26 +05:00: ImportError: attempted relative import with no known parent package
2026-02-06 03:14:34 +05:00: Traceback (most recent call last):
2026-02-06 03:14:34 +05:00:   File "/mnt/d/Hackathons/hackathon-0/silver/src/watchers/linkedin_watcher.py", line 15, in <module>
2026-02-06 03:14:34 +05:00:     from .base_watcher import BaseWatcher, TaskCreationError
2026-02-06 03:14:34 +05:00: ImportError: attempted relative import with no known parent package
2026-02-06 03:14:42 +05:00: Traceback (most recent call last):
2026-02-06 03:14:42 +05:00:   File "/mnt/d/Hackathons/hackathon-0/silver/src/watchers/linkedin_watcher.py", line 15, in <module>
2026-02-06 03:14:42 +05:00:     from .base_watcher import BaseWatcher, TaskCreationError
2026-02-06 03:14:42 +05:00: ImportError: attempted relative import with no known parent package
2026-02-06 03:14:49 +05:00: Traceback (most recent call last):
2026-02-06 03:14:49 +05:00:   File "/mnt/d/Hackathons/hackathon-0/silver/src/watchers/linkedin_watcher.py", line 15, in <module>
2026-02-06 03:14:49 +05:00:     from .base_watcher import BaseWatcher, TaskCreationError
2026-02-06 03:14:49 +05:00: ImportError: attempted relative import with no known parent package
2026-02-06 03:14:57 +05:00: Traceback (most recent call last):
2026-02-06 03:14:57 +05:00:   File "/mnt/d/Hackathons/hackathon-0/silver/src/watchers/linkedin_watcher.py", line 15, in <module>
2026-02-06 03:14:57 +05:00:     from .base_watcher import BaseWatcher, TaskCreationError
2026-02-06 03:14:57 +05:00: ImportError: attempted relative import with no known parent package
2026-02-06 03:15:05 +05:00: Traceback (most recent call last):
2026-02-06 03:15:05 +05:00:   File "/mnt/d/Hackathons/hackathon-0/silver/src/watchers/linkedin_watcher.py", line 15, in <module>
2026-02-06 03:15:05 +05:00:     from .base_watcher import BaseWatcher, TaskCreationError
2026-02-06 03:15:05 +05:00: : attempted relative import with no known parent package
2026-02-06 03:15:12 +05:00: Traceback (most recent call last):
2026-02-06 03:15:12 +05:00:   File "/mnt/d/Hackathons/hackathon-0/silver/src/watchers/linkedin_watcher.py", line 15, in <module>
2026-02-06 03:15:12 +05:00:     from .base_watcher import BaseWatcher, TaskCreationError
2026-02-06 03:15:12 +05:00: ImportError: attempted relative import with no known parent package
2026-02-06 03:15:20 +05:00: Traceback (most recent call last):
2026-02-06 03:15:20 +05:00:   File "/mnt/d/Hackathons/hackathon-0/silver/src/watchers/linkedin_watcher.py", line 15, in <module>
2026-02-06 03:15:20 +05:00:     from .base_watcher import BaseWatcher, TaskCreationError
2026-02-06 03:15:20 +05:00: 
2026-02-06 03:15:27 +05:00: Traceback (most recent call last):
2026-02-06 03:15:27 +05:00:   File "/mnt/d/Hackathons/hackathon-0/silver/src/watchers/linkedin_watcher.py", line 15, in <module>
2026-02-06 03:15:27 +05:00:     from .base_watcher import BaseWatcher, TaskCreationError
2026-02-06 03:15:27 +05:00: ImportError: attempted relative import with no known parent package
2026-02-06 03:15:35 +05:00: Traceback (most recent call last):
2026-02-06 03:15:35 +05:00:   File "/mnt/d/Hackathons/hackathon-0/silver/src/watchers/linkedin_watcher.py", line 15, in <module>
2026-02-06 03:15:35 +05:00:     from .base_watcher import BaseWatcher, TaskCreationError
2026-02-06 03:15:35 +05:00: 
2026-02-06 03:15:35 +05:00: ImportError: attempted relative import with no known parent package
2026-02-06 03:15:43 +05:00: Traceback (most recent call last):
2026-02-06 03:15:43 +05:00:   File "/mnt/d/Hackathons/hackathon-0/silver/src/watchers/linkedin_watcher.py", line 15, in <module>
2026-02-06 03:15:43 +05:00:     from .base_watcher import BaseWatcher, TaskCreationError
2026-02-06 03:15:43 +05:00: ImportError: attempted relative import with no known parent package
2026-02-06 03:15:52 +05:00: Traceback (most recent call last):
2026-02-06 03:15:52 +05:00:   File "/mnt/d/Hackathons/hackathon-0/silver/src/watchers/linkedin_watcher.py", line 15, in <module>
2026-02-06 03:15:52 +05:00:     from .base_watcher import BaseWatcher, TaskCreationError
2026-02-06 03:15:52 +05:00: ImportError: attempted relative import with no known parent package
2026-02-06 03:16:00 +05:00: Traceback (most recent call last):
2026-02-06 03:16:00 +05:00:   File "/mnt/d/Hackathons/hackathon-0/silver/src/watchers/linkedin_watcher.py", line 15, in <module>
2026-02-06 03:16:00 +05:00:     from .base_watcher import BaseWatcher, TaskCreationError
2026-02-06 03:16:00 +05:00: ImportError: attempted relative import with no known parent package
2026-02-06 03:16:08 +05:00: Traceback (most recent call last):
2026-02-06 03:16:08 +05:00:   File "/mnt/d/Hackathons/hackathon-0/silver/src/watchers/linkedin_watcher.py", line 15, in <module>
2026-02-06 03:16:08 +05:00:     from .base_watcher import BaseWatcher, TaskCreationError
2026-02-06 03:16:08 +05:00: ImportError: attempted relative import with no known parent package
2026-02-06 03:16:18 +05:00: Traceback (most recent call last):
2026-02-06 03:16:18 +05:00:   File "/mnt/d/Hackathons/hackathon-0/silver/src/watchers/linkedin_watcher.py", line 15, in <module>
2026-02-06 03:16:18 +05:00:     from .base_watcher import BaseWatcher, TaskCreationError
2026-02-06 03:16:18 +05:00: ImportError: attempted relative import with no known parent package
2026-02-06 03:16:26 +05:00: Traceback (most recent call last):
2026-02-06 03:16:26 +05:00:   File "/mnt/d/Hackathons/hackathon-0/silver/src/watchers/linkedin_watcher.py", line 15, in <module>
2026-02-06 03:16:26 +05:00:     from .base_watcher import BaseWatcher, TaskCreationError
2026-02-06 03:16:26 +05:00: ImportError: attempted relative import with no known parent package
2026-02-06 03:16:33 +05:00: Traceback (most recent call last):
2026-02-06 03:16:33 +05:00:   File "/mnt/d/Hackathons/hackathon-0/silver/src/watchers/linkedin_watcher.py", line 15, in <module>
2026-02-06 03:16:33 +05:00:     from .base_watcher import BaseWatcher, TaskCreationError
2026-02-06 03:16:33 +05:00: ImportError: attempted relative import with no known parent package
2026-02-06 03:16:41 +05:00: Traceback (most recent call last):
2026-02-06 03:16:41 +05:00:   File "/mnt/d/Hackathons/hackathon-0/silver/src/watchers/linkedin_watcher.py", line 15, in <module>
2026-02-06 03:16:41 +05:00:     from .base_watcher import BaseWatcher, TaskCreationError
2026-02-06 03:16:41 +05:00: ImportError: attempted relative import with no known parent package
2026-02-06 03:16:48 +05:00: Traceback (most recent call last):
2026-02-06 03:16:48 +05:00:   File "/mnt/d/Hackathons/hackathon-0/silver/src/watchers/linkedin_watcher.py", line 15, in <module>
2026-02-06 03:16:48 +05:00:     from .base_watcher import BaseWatcher, TaskCreationError
2026-02-06 03:16:48 +05:00: ImportError: attempted relative import with no known parent package
2026-02-06 03:16:56 +05:00: Traceback (most recent call last):
2026-02-06 03:16:56 +05:00:   File "/mnt/d/Hackathons/hackathon-0/silver/src/watchers/linkedin_watcher.py", line 15, in <module>
2026-02-06 03:16:56 +05:00:     from .base_watcher import BaseWatcher, TaskCreationError
2026-02-06 03:16:56 +05:00: ImportError: attempted relative import with no known parent package
2026-02-06 03:17:05 +05:00: Traceback (most recent call last):
2026-02-06 03:17:05 +05:00:   File "/mnt/d/Hackathons/hackathon-0/silver/src/watchers/linkedin_watcher.py", line 15, in <module>
2026-02-06 03:17:05 +05:00:     from .base_watcher import BaseWatcher, TaskCreationError
2026-02-06 03:17:05 +05:00: ImportError: attempted relative import with no known parent package
2026-02-06 03:17:13 +05:00: Traceback (most recent call last):
2026-02-06 03:17:13 +05:00:   File "/mnt/d/Hackathons/hackathon-0/silver/src/watchers/linkedin_watcher.py", line 15, in <module>
2026-02-06 03:17:13 +05:00:     from .base_watcher import BaseWatcher, TaskCreationError
2026-02-06 03:17:13 +05:00: ImportError: attempted relative import with no known parent package
2026-02-06 03:17:20 +05:00: Traceback (most recent call last):
2026-02-06 03:17:20 +05:00:   File "/mnt/d/Hackathons/hackathon-0/silver/src/watchers/linkedin_watcher.py", line 15, in <module>
2026-02-06 03:17:20 +05:00:     from .base_watcher import BaseWatcher, TaskCreationError
2026-02-06 03:17:20 +05:00: ImportError: attempted relative import with no known parent package
2026-02-06 03:17:28 +05:00: Traceback (most recent call last):
2026-02-06 03:17:28 +05:00:   File "/mnt/d/Hackathons/hackathon-0/silver/src/watchers/linkedin_watcher.py", line 15, in <module>
2026-02-06 03:17:28 +05:00:     from .base_watcher import BaseWatcher, TaskCreationError
2026-02-06 03:17:28 +05:00: ImportError: attempted relative import with no known parent package
2026-02-06 03:17:36 +05:00: Traceback (most recent call last):
2026-02-06 03:17:36 +05:00:   File "/mnt/d/Hackathons/hackathon-0/silver/src/watchers/linkedin_watcher.py", line 15, in <module>
2026-02-06 03:17:36 +05:00:     from .base_watcher import BaseWatcher, TaskCreationError
2026-02-06 03:17:36 +05:00: ImportError: attempted relative import with no known parent package
2026-02-06 03:17:43 +05:00: Traceback (most recent call last):
2026-02-06 03:17:43 +05:00:   File "/mnt/d/Hackathons/hackathon-0/silver/src/watchers/linkedin_watcher.py", line 15, in <module>
2026-02-06 03:17:43 +05:00:     from .base_watcher import BaseWatcher, TaskCreationError
2026-02-06 03:17:43 +05:00: ImportError: attempted relative import with no known parent package
2026-02-06 03:17:50 +05:00: Traceback (most recent call last):
2026-02-06 03:17:50 +05:00:   File "/mnt/d/Hackathons/hackathon-0/silver/src/watchers/linkedin_watcher.py", line 15, in <module>
2026-02-06 03:17:50 +05:00:     from .base_watcher import BaseWatcher, TaskCreationError
2026-02-06 03:17:50 +05:00: ImportError: attempted relative import with no known parent package
2026-02-06 03:17:57 +05:00: Traceback (most recent call last):
2026-02-06 03:17:57 +05:00:   File "/mnt/d/Hackathons/hackathon-0/silver/src/watchers/linkedin_watcher.py", line 15, in <module>
2026-02-06 03:17:57 +05:00:     from .base_watcher import BaseWatcher, TaskCreationError
2026-02-06 03:17:57 +05:00: ImportError: attempted relative import with no known parent package
2026-02-06 03:18:05 +05:00: Traceback (most recent call last):
2026-02-06 03:18:05 +05:00:   File "/mnt/d/Hackathons/hackathon-0/silver/src/watchers/linkedin_watcher.py", line 15, in <module>
2026-02-06 03:18:05 +05:00:     from .base_watcher import BaseWatcher, TaskCreationError
2026-02-06 03:18:05 +05:00: ImportError: attempted relative import with no known parent package
2026-02-06 03:18:14 +05:00: Traceback (most recent call last):
2026-02-06 03:18:14 +05:00:   File "/mnt/d/Hackathons/hackathon-0/silver/src/watchers/linkedin_watcher.py", line 15, in <module>
2026-02-06 03:18:14 +05:00:     from .base_watcher import BaseWatcher, TaskCreationError
2026-02-06 03:18:14 +05:00: attempted relative import with no known parent package
2026-02-06 03:18:23 +05:00: Traceback (most recent call last):
2026-02-06 03:18:23 +05:00:   File "/mnt/d/Hackathons/hackathon-0/silver/src/watchers/linkedin_watcher.py", line 15, in <module>
2026-02-06 03:18:23 +05:00:     from .base_watcher import BaseWatcher, TaskCreationError
2026-02-06 03:18:23 +05:00: ImportError: attempted relative import with no known parent package
2026-02-06 03:18:30 +05:00: Traceback (most recent call last):
2026-02-06 03:18:30 +05:00:   File "/mnt/d/Hackathons/hackathon-0/silver/src/watchers/linkedin_watcher.py", line 15, in <module>
2026-02-06 03:18:30 +05:00:     from .base_watcher import BaseWatcher, TaskCreationError
2026-02-06 03:18:30 +05:00: ImportError: attempted relative import with no known parent package
2026-02-06 03:18:37 +05:00: Traceback (most recent call last):
2026-02-06 03:18:37 +05:00:   File "/mnt/d/Hackathons/hackathon-0/silver/src/watchers/linkedin_watcher.py", line 15, in <module>
2026-02-06 03:18:37 +05:00:     from .base_watcher import BaseWatcher, TaskCreationError
2026-02-06 03:18:37 +05:00: ImportError: attempted relative import with no known parent package
2026-02-06 03:18:44 +05:00: Traceback (most recent call last):
2026-02-06 03:18:44 +05:00:   File "/mnt/d/Hackathons/hackathon-0/silver/src/watchers/linkedin_watcher.py", line 15, in <module>
2026-02-06 03:18:44 +05:00:     from .base_watcher import BaseWatcher, TaskCreationError
2026-02-06 03:18:44 +05:00: ImportError: attempted relative import with no known parent package
2026-02-06 03:18:51 +05:00: Traceback (most recent call last):
2026-02-06 03:18:51 +05:00:   File "/mnt/d/Hackathons/hackathon-0/silver/src/watchers/linkedin_watcher.py", line 15, in <module>
2026-02-06 03:18:51 +05:00:     from .base_watcher import BaseWatcher, TaskCreationError
2026-02-06 03:18:51 +05:00: ImportError: attempted relative import with no known parent package
2026-02-06 03:19:00 +05:00: Traceback (most recent call last):
2026-02-06 03:19:00 +05:00:   File "/mnt/d/Hackathons/hackathon-0/silver/src/watchers/linkedin_watcher.py", line 15, in <module>
2026-02-06 03:19:00 +05:00:     from .base_watcher import BaseWatcher, TaskCreationError
2026-02-06 03:19:00 +05:00: ImportError: attempted relative import with no known parent package
2026-02-06 03:19:08 +05:00: Traceback (most recent call last):
2026-02-06 03:19:08 +05:00:   File "/mnt/d/Hackathons/hackathon-0/silver/src/watchers/linkedin_watcher.py", line 15, in <module>
2026-02-06 03:19:08 +05:00:     
2026-02-06 03:19:08 +05:00: from .base_watcher import BaseWatcher, TaskCreationError
2026-02-06 03:19:08 +05:00: ImportError: attempted relative import with no known parent package
2026-02-06 03:19:16 +05:00: Traceback (most recent call last):
2026-02-06 03:19:16 +05:00:   File "/mnt/d/Hackathons/hackathon-0/silver/src/watchers/linkedin_watcher.py", line 15, in <module>
2026-02-06 03:19:16 +05:00:     from .base_watcher import BaseWatcher, TaskCreationError
2026-02-06 03:19:16 +05:00: ImportError: attempted relative import with no known parent package
2026-02-06 03:19:23 +05:00: Traceback (most recent call last):
2026-02-06 03:19:23 +05:00:   File "/mnt/d/Hackathons/hackathon-0/silver/src/watchers/linkedin_watcher.py", line 15, in <module>
2026-02-06 03:19:23 +05:00:     from .base_watcher import BaseWatcher, TaskCreationError
2026-02-06 03:19:23 +05:00: ImportError: attempted relative import with no known parent package
2026-02-06 03:19:31 +05:00: Traceback (most recent call last):
2026-02-06 03:19:31 +05:00:   File "/mnt/d/Hackathons/hackathon-0/silver/src/watchers/linkedin_watcher.py", line 15, in <module>
2026-02-06 03:19:31 +05:00:     from .base_watcher import BaseWatcher, TaskCreationError
2026-02-06 03:19:31 +05:00: ImportError: attempted relative import with no known parent package
2026-02-06 03:19:40 +05:00: Traceback (most recent call last):
2026-02-06 03:19:40 +05:00:   File "/mnt/d/Hackathons/hackathon-0/silver/src/watchers/linkedin_watcher.py", line 15, in <module>
2026-02-06 03:19:40 +05:00:     from .base_watcher import BaseWatcher, TaskCreationError
2026-02-06 03:19:40 +05:00: ImportError: attempted relative import with no known parent package
2026-02-06 03:19:47 +05:00: Traceback (most recent call last):
2026-02-06 03:19:47 +05:00:   File "/mnt/d/Hackathons/hackathon-0/silver/src/watchers/linkedin_watcher.py", line 15, in <module>
2026-02-06 03:19:47 +05:00:     from .base_watcher import BaseWatcher, TaskCreationError
2026-02-06 03:19:47 +05:00: ImportError: attempted relative import with no known parent package
2026-02-06 03:19:55 +05:00: Traceback (most recent call last):
2026-02-06 03:19:55 +05:00:   File "/mnt/d/Hackathons/hackathon-0/silver/src/watchers/linkedin_watcher.py", line 15, in <module>
2026-02-06 03:19:55 +05:00:     from .base_watcher import BaseWatcher, TaskCreationError
2026-02-06 03:19:55 +05:00: 
2026-02-06 03:19:55 +05:00: ImportError: attempted relative import with no known parent package
2026-02-06 03:20:03 +05:00: Traceback (most recent call last):
2026-02-06 03:20:03 +05:00:   File "/mnt/d/Hackathons/hackathon-0/silver/src/watchers/linkedin_watcher.py", line 15, in <module>
2026-02-06 03:20:03 +05:00:     from .base_watcher import BaseWatcher, TaskCreationError
2026-02-06 03:20:03 +05:00: ImportError: attempted relative import with no known parent package
2026-02-06 03:20:11 +05:00: Traceback (most recent call last):
2026-02-06 03:20:11 +05:00:   File "/mnt/d/Hackathons/hackathon-0/silver/src/watchers/linkedin_watcher.py", line 15, in <module>
2026-02-06 03:20:11 +05:00:     from .base_watcher import BaseWatcher, TaskCreationError
2026-02-06 03:20:11 +05:00: ImportError: attempted relative import with no known parent package
2026-02-06 03:20:19 +05:00: Traceback (most recent call last):
2026-02-06 03:20:19 +05:00:   File "/mnt/d/Hackathons/hackathon-0/silver/src/watchers/linkedin_watcher.py", line 15, in <module>
2026-02-06 03:20:19 +05:00:     from .base_watcher import BaseWatcher, TaskCreationError
2026-02-06 03:20:19 +05:00: ImportError: attempted relative import with no known parent package
2026-02-06 03:20:26 +05:00: Traceback (most recent call last):
2026-02-06 03:20:26 +05:00:   File "/mnt/d/Hackathons/hackathon-0/silver/src/watchers/linkedin_watcher.py", line 15, in <module>
2026-02-06 03:20:26 +05:00:     from .base_watcher import BaseWatcher, TaskCreationError
2026-02-06 03:20:26 +05:00: ImportError: attempted relative import with no known parent package
2026-02-06 03:20:33 +05:00: Traceback (most recent call last):
2026-02-06 03:20:33 +05:00:   File "/mnt/d/Hackathons/hackathon-0/silver/src/watchers/linkedin_watcher.py", line 15, in <module>
2026-02-06 03:20:33 +05:00:     from .base_watcher import BaseWatcher, TaskCreationError
2026-02-06 03:20:33 +05:00: ImportError: attempted relative import with no known parent package
2026-02-06 03:20:42 +05:00: Traceback (most recent call last):
2026-02-06 03:20:42 +05:00:   File "/mnt/d/Hackathons/hackathon-0/silver/src/watchers/linkedin_watcher.py", line 15, in <module>
2026-02-06 03:20:42 +05:00:     from .base_watcher import BaseWatcher, TaskCreationError
2026-02-06 03:20:42 +05:00: : attempted relative import with no known parent package
2026-02-06 03:20:49 +05:00: Traceback (most recent call last):
2026-02-06 03:20:49 +05:00:   File "/mnt/d/Hackathons/hackathon-0/silver/src/watchers/linkedin_watcher.py", line 15, in <module>
2026-02-06 03:20:49 +05:00:     from .base_watcher import BaseWatcher, TaskCreationError
2026-02-06 03:20:49 +05:00: ImportError: attempted relative import with no known parent package
2026-02-06 03:20:56 +05:00: Traceback (most recent call last):
2026-02-06 03:20:56 +05:00:   File "/mnt/d/Hackathons/hackathon-0/silver/src/watchers/linkedin_watcher.py", line 15, in <module>
2026-02-06 03:20:56 +05:00:     from .base_watcher import BaseWatcher, TaskCreationError
2026-02-06 03:20:56 +05:00: ImportError: attempted relative import with no known parent package
2026-02-06 03:21:04 +05:00: Traceback (most recent call last):
2026-02-06 03:21:04 +05:00:   File "/mnt/d/Hackathons/hackathon-0/silver/src/watchers/linkedin_watcher.py", line 15, in <module>
2026-02-06 03:21:04 +05:00:     from .base_watcher import BaseWatcher, TaskCreationError
2026-02-06 03:21:04 +05:00: ImportError: attempted relative import with no known parent package
2026-02-06 03:21:11 +05:00: Traceback (most recent call last):
2026-02-06 03:21:11 +05:00:   File "/mnt/d/Hackathons/hackathon-0/silver/src/watchers/linkedin_watcher.py", line 15, in <module>
2026-02-06 03:21:11 +05:00:     from .base_watcher import BaseWatcher, TaskCreationError
2026-02-06 03:21:11 +05:00: ImportError: attempted relative import with no known parent package
2026-02-06 03:21:19 +05:00: Traceback (most recent call last):
2026-02-06 03:21:19 +05:00:   File "/mnt/d/Hackathons/hackathon-0/silver/src/watchers/linkedin_watcher.py", line 15, in <module>
2026-02-06 03:21:19 +05:00:     from .base_watcher import BaseWatcher, TaskCreationError
2026-02-06 03:21:19 +05:00: ImportError: attempted relative import with no known parent package
2026-02-06 03:21:27 +05:00: Traceback (most recent call last):
2026-02-06 03:21:27 +05:00:   File "/mnt/d/Hackathons/hackathon-0/silver/src/watchers/linkedin_watcher.py", line 15, in <module>
2026-02-06 03:21:27 +05:00:     from .base_watcher import BaseWatcher, TaskCreationError
2026-02-06 03:21:27 +05:00: ImportError: attempted relative import with no known parent package
2026-02-06 03:21:35 +05:00: Traceback (most recent call last):
2026-02-06 03:21:35 +05:00:   File "/mnt/d/Hackathons/hackathon-0/silver/src/watchers/linkedin_watcher.py", line 15, in <module>
2026-02-06 03:21:35 +05:00:     from .base_watcher import BaseWatcher, TaskCreationError
2026-02-06 03:21:35 +05:00: ImportError: attempted relative import with no known parent package
2026-02-06 03:21:43 +05:00: Traceback (most recent call last):
2026-02-06 03:21:43 +05:00:   File "/mnt/d/Hackathons/hackathon-0/silver/src/watchers/linkedin_watcher.py", line 15, in <module>
2026-02-06 03:21:43 +05:00:     from .base_watcher import BaseWatcher, TaskCreationError
2026-02-06 03:21:43 +05:00: ImportError: attempted relative import with no known parent package
2026-02-06 03:21:52 +05:00: Traceback (most recent call last):
2026-02-06 03:21:52 +05:00:   File "/mnt/d/Hackathons/hackathon-0/silver/src/watchers/linkedin_watcher.py", line 15, in <module>
2026-02-06 03:21:52 +05:00:     from .base_watcher import BaseWatcher, TaskCreationError
2026-02-06 03:21:52 +05:00: ImportError: attempted relative import with no known parent package
2026-02-06 03:21:59 +05:00: Traceback (most recent call last):
2026-02-06 03:21:59 +05:00:   File "/mnt/d/Hackathons/hackathon-0/silver/src/watchers/linkedin_watcher.py", line 15, in <module>
2026-02-06 03:21:59 +05:00:     from .base_watcher import BaseWatcher, TaskCreationError
2026-02-06 03:21:59 +05:00: ImportError: attempted relative import with no known parent package
2026-02-06 03:22:07 +05:00: Traceback (most recent call last):
2026-02-06 03:22:07 +05:00:   File "/mnt/d/Hackathons/hackathon-0/silver/src/watchers/linkedin_watcher.py", line 15, in <module>
2026-02-06 03:22:07 +05:00:     from .base_watcher import BaseWatcher, TaskCreationError
2026-02-06 03:22:07 +05:00: ImportError: attempted relative import with no known parent package
2026-02-06 03:22:15 +05:00: Traceback (most recent call last):
2026-02-06 03:22:15 +05:00:   File "/mnt/d/Hackathons/hackathon-0/silver/src/watchers/linkedin_watcher.py", line 15, in <module>
2026-02-06 03:22:15 +05:00:     from .base_watcher import BaseWatcher, TaskCreationError
2026-02-06 03:22:15 +05:00: ImportError: attempted relative import with no known parent package
2026-02-06 03:22:22 +05:00: Traceback (most recent call last):
2026-02-06 03:22:22 +05:00:   File "/mnt/d/Hackathons/hackathon-0/silver/src/watchers/linkedin_watcher.py", line 15, in <module>
2026-02-06 03:22:22 +05:00:     from .base_watcher import BaseWatcher, TaskCreationError
2026-02-06 03:22:22 +05:00: ImportError: attempted relative import with no known parent package
2026-02-06 03:22:31 +05:00: Traceback (most recent call last):
2026-02-06 03:22:31 +05:00:   File "/mnt/d/Hackathons/hackathon-0/silver/src/watchers/linkedin_watcher.py", line 15, in <module>
2026-02-06 03:22:31 +05:00:     from .base_watcher import BaseWatcher, TaskCreationError
2026-02-06 03:22:31 +05:00: ImportError: attempted relative import with no known parent package
2026-02-06 03:22:38 +05:00: Traceback (most recent call last):
2026-02-06 03:22:38 +05:00:   File "/mnt/d/Hackathons/hackathon-0/silver/src/watchers/linkedin_watcher.py", line 15, in <module>
2026-02-06 03:22:38 +05:00:     from .base_watcher import BaseWatcher, TaskCreationError
2026-02-06 03:22:38 +05:00: ImportError: attempted relative import with no known parent package
2026-02-06 03:22:46 +05:00: Traceback (most recent call last):
2026-02-06 03:22:46 +05:00:   File "/mnt/d/Hackathons/hackathon-0/silver/src/watchers/linkedin_watcher.py", line 15, in <module>
2026-02-06 03:22:46 +05:00:     from .base_watcher import BaseWatcher, TaskCreationError
2026-02-06 03:22:46 +05:00: ImportError: attempted relative import with no known parent package
2026-02-06 03:22:53 +05:00: Traceback (most recent call last):
2026-02-06 03:22:53 +05:00:   File "/mnt/d/Hackathons/hackathon-0/silver/src/watchers/linkedin_watcher.py", line 15, in <module>
2026-02-06 03:22:53 +05:00:     from .base_watcher import BaseWatcher, TaskCreationError
2026-02-06 03:22:53 +05:00: ImportError: attempted relative import with no known parent package
2026-02-06 03:23:02 +05:00: Traceback (most recent call last):
2026-02-06 03:23:02 +05:00:   File "/mnt/d/Hackathons/hackathon-0/silver/src/watchers/linkedin_watcher.py", line 15, in <module>
2026-02-06 03:23:02 +05:00:     from .base_watcher import BaseWatcher, TaskCreationError
2026-02-06 03:23:02 +05:00: ImportError: attempted relative import with no known parent package
2026-02-06 03:23:09 +05:00: Traceback (most recent call last):
2026-02-06 03:23:09 +05:00:   File "/mnt/d/Hackathons/hackathon-0/silver/src/watchers/linkedin_watcher.py", line 15, in <module>
2026-02-06 03:23:09 +05:00:     from .base_watcher import BaseWatcher, TaskCreationError
2026-02-06 03:23:09 +05:00: ImportError: attempted relative import with no known parent package
2026-02-06 03:23:16 +05:00: Traceback (most recent call last):
2026-02-06 03:23:16 +05:00:   File "/mnt/d/Hackathons/hackathon-0/silver/src/watchers/linkedin_watcher.py", line 15, in <module>
2026-02-06 03:23:16 +05:00:     from .base_watcher import BaseWatcher, TaskCreationError
2026-02-06 03:23:16 +05:00: ImportError: attempted relative import with no known parent package
2026-02-06 03:23:24 +05:00: Traceback (most recent call last):
2026-02-06 03:23:24 +05:00:   File "/mnt/d/Hackathons/hackathon-0/silver/src/watchers/linkedin_watcher.py", line 15, in <module>
2026-02-06 03:23:24 +05:00:     from .base_watcher import BaseWatcher, TaskCreationError
2026-02-06 03:23:24 +05:00: ImportError: attempted relative import with no known parent package
2026-02-06 03:23:32 +05:00: Traceback (most recent call last):
2026-02-06 03:23:32 +05:00:   File "/mnt/d/Hackathons/hackathon-0/silver/src/watchers/linkedin_watcher.py", line 15, in <module>
2026-02-06 03:23:32 +05:00:     from .base_watcher import BaseWatcher, TaskCreationError
2026-02-06 03:23:32 +05:00: ImportError: attempted relative import with no known parent package
2026-02-06 03:23:40 +05:00: Traceback (most recent call last):
2026-02-06 03:23:40 +05:00:   File "/mnt/d/Hackathons/hackathon-0/silver/src/watchers/linkedin_watcher.py", line 15, in <module>
2026-02-06 03:23:40 +05:00:     from .base_watcher import BaseWatcher, TaskCreationError
2026-02-06 03:23:40 +05:00: ImportError: attempted relative import with no known parent package
2026-02-06 03:23:48 +05:00: Traceback (most recent call last):
2026-02-06 03:23:48 +05:00:   File "/mnt/d/Hackathons/hackathon-0/silver/src/watchers/linkedin_watcher.py", line 15, in <module>
2026-02-06 03:23:48 +05:00:     from .base_watcher import BaseWatcher, TaskCreationError
2026-02-06 03:23:48 +05:00: 
2026-02-06 03:23:48 +05:00: : attempted relative import with no known parent package
2026-02-06 03:23:56 +05:00: Traceback (most recent call last):
2026-02-06 03:23:56 +05:00:   File "/mnt/d/Hackathons/hackathon-0/silver/src/watchers/linkedin_watcher.py", line 15, in <module>
2026-02-06 03:23:56 +05:00:     from .base_watcher import BaseWatcher, TaskCreationError
2026-02-06 03:23:56 +05:00: ImportError: attempted relative import with no known parent package
2026-02-06 03:24:05 +05:00: Traceback (most recent call last):
2026-02-06 03:24:05 +05:00:   File "/mnt/d/Hackathons/hackathon-0/silver/src/watchers/linkedin_watcher.py", line 15, in <module>
2026-02-06 03:24:05 +05:00:     from .base_watcher import BaseWatcher, TaskCreationError
2026-02-06 03:24:05 +05:00: ImportError: attempted relative import with no known parent package
2026-02-06 03:24:13 +05:00: Traceback (most recent call last):
2026-02-06 03:24:13 +05:00:   File "/mnt/d/Hackathons/hackathon-0/silver/src/watchers/linkedin_watcher.py", line 15, in <module>
2026-02-06 03:24:13 +05:00:     from .base_watcher import BaseWatcher, TaskCreationError
2026-02-06 03:24:13 +05:00: ImportError: attempted relative import with no known parent package
2026-02-06 03:24:21 +05:00: Traceback (most recent call last):
2026-02-06 03:24:21 +05:00:   File "/mnt/d/Hackathons/hackathon-0/silver/src/watchers/linkedin_watcher.py", line 15, in <module>
2026-02-06 03:24:21 +05:00:     from .base_watcher import BaseWatcher, TaskCreationError
2026-02-06 03:24:21 +05:00: ImportError: attempted relative import with no known parent package
2026-02-06 03:24:28 +05:00: Traceback (most recent call last):
2026-02-06 03:24:28 +05:00:   File "/mnt/d/Hackathons/hackathon-0/silver/src/watchers/linkedin_watcher.py", line 15, in <module>
2026-02-06 03:24:28 +05:00:     from .base_watcher import BaseWatcher, TaskCreationError
2026-02-06 03:24:28 +05:00: ImportError: attempted relative import with no known parent package
2026-02-06 03:24:36 +05:00: Traceback (most recent call last):
2026-02-06 03:24:36 +05:00:   File "/mnt/d/Hackathons/hackathon-0/silver/src/watchers/linkedin_watcher.py", line 15, in <module>
2026-02-06 03:24:36 +05:00:     from .base_watcher import BaseWatcher, TaskCreationError
2026-02-06 03:24:36 +05:00: ImportError: attempted relative import with no known parent package
2026-02-06 03:24:43 +05:00: Traceback (most recent call last):
2026-02-06 03:24:43 +05:00:   File "/mnt/d/Hackathons/hackathon-0/silver/src/watchers/linkedin_watcher.py", line 15, in <module>
2026-02-06 03:24:43 +05:00:     from .base_watcher import BaseWatcher, TaskCreationError
2026-02-06 03:24:43 +05:00: attempted relative import with no known parent package
2026-02-06 03:24:51 +05:00: Traceback (most recent call last):
2026-02-06 03:24:51 +05:00:   File "/mnt/d/Hackathons/hackathon-0/silver/src/watchers/linkedin_watcher.py", line 15, in <module>
2026-02-06 03:24:51 +05:00:     from .base_watcher import BaseWatcher, TaskCreationError
2026-02-06 03:24:51 +05:00: ImportError: attempted relative import with no known parent package
2026-02-06 03:25:00 +05:00: Traceback (most recent call last):
2026-02-06 03:25:00 +05:00:   File "/mnt/d/Hackathons/hackathon-0/silver/src/watchers/linkedin_watcher.py", line 15, in <module>
2026-02-06 03:25:00 +05:00:     from .base_watcher import BaseWatcher, TaskCreationError
2026-02-06 03:25:00 +05:00: ImportError: attempted relative import with no known parent package
2026-02-06 03:25:07 +05:00: Traceback (most recent call last):
2026-02-06 03:25:07 +05:00:   File "/mnt/d/Hackathons/hackathon-0/silver/src/watchers/linkedin_watcher.py", line 15, in <module>
2026-02-06 03:25:07 +05:00:     from .base_watcher import BaseWatcher, TaskCreationError
2026-02-06 03:25:07 +05:00: ImportError: attempted relative import with no known parent package
2026-02-06 03:25:15 +05:00: Traceback (most recent call last):
2026-02-06 03:25:15 +05:00:   File "/mnt/d/Hackathons/hackathon-0/silver/src/watchers/linkedin_watcher.py", line 15, in <module>
2026-02-06 03:25:15 +05:00:     from .base_watcher import BaseWatcher, TaskCreationError
2026-02-06 03:25:15 +05:00: ImportError: attempted relative import with no known parent package
2026-02-06 03:25:28 +05:00: Traceback (most recent call last):
2026-02-06 03:25:28 +05:00:   File "/mnt/d/Hackathons/hackathon-0/silver/src/watchers/linkedin_watcher.py", line 15, in <module>
2026-02-06 03:25:28 +05:00:     from .base_watcher import BaseWatcher, TaskCreationError
2026-02-06 03:25:28 +05:00: ImportError: attempted relative import with no known parent package
2026-02-06 03:25:38 +05:00: Traceback (most recent call last):
2026-02-06 03:25:38 +05:00:   File "/mnt/d/Hackathons/hackathon-0/silver/src/watchers/linkedin_watcher.py", line 15, in <module>
2026-02-06 03:25:38 +05:00:     from .base_watcher import BaseWatcher, TaskCreationError
2026-02-06 03:25:38 +05:00: ImportError: attempted relative import with no known parent package
2026-02-06 03:25:47 +05:00: Traceback (most recent call last):
2026-02-06 03:25:47 +05:00:   File "/mnt/d/Hackathons/hackathon-0/silver/src/watchers/linkedin_watcher.py", line 15, in <module>
2026-02-06 03:25:47 +05:00:     from .base_watcher import BaseWatcher, TaskCreationError
2026-02-06 03:25:47 +05:00: ImportError: attempted relative import with no known parent package
2026-02-06 03:25:55 +05:00: Traceback (most recent call last):
2026-02-06 03:25:55 +05:00:   File "/mnt/d/Hackathons/hackathon-0/silver/src/watchers/linkedin_watcher.py", line 15, in <module>
2026-02-06 03:25:55 +05:00:     from .base_watcher import BaseWatcher, TaskCreationError
2026-02-06 03:25:55 +05:00: ImportError: attempted relative import with no known parent package
2026-02-06 03:26:03 +05:00: Traceback (most recent call last):
2026-02-06 03:26:03 +05:00:   File "/mnt/d/Hackathons/hackathon-0/silver/src/watchers/linkedin_watcher.py", line 15, in <module>
2026-02-06 03:26:03 +05:00:     from .base_watcher import BaseWatcher, TaskCreationError
2026-02-06 03:26:03 +05:00: ImportError: attempted relative import with no known parent package
2026-02-06 03:26:11 +05:00: Traceback (most recent call last):
2026-02-06 03:26:11 +05:00:   File "/mnt/d/Hackathons/hackathon-0/silver/src/watchers/linkedin_watcher.py", line 15, in <module>
2026-02-06 03:26:11 +05:00:     from .base_watcher import BaseWatcher, TaskCreationError
2026-02-06 03:26:11 +05:00: ImportError: attempted relative import with no known parent package
2026-02-06 03:26:20 +05:00: Traceback (most recent call last):
2026-02-06 03:26:20 +05:00:   File "/mnt/d/Hackathons/hackathon-0/silver/src/watchers/linkedin_watcher.py", line 15, in <module>
2026-02-06 03:26:20 +05:00:     from .base_watcher import BaseWatcher, TaskCreationError
2026-02-06 03:26:20 +05:00: ImportError: attempted relative import with no known parent package
2026-02-06 03:26:28 +05:00: Traceback (most recent call last):
2026-02-06 03:26:28 +05:00:   File "/mnt/d/Hackathons/hackathon-0/silver/src/watchers/linkedin_watcher.py", line 15, in <module>
2026-02-06 03:26:28 +05:00:     from .base_watcher import BaseWatcher, TaskCreationError
2026-02-06 03:26:28 +05:00: ImportError: attempted relative import with no known parent package
2026-02-06 03:26:38 +05:00: Traceback (most recent call last):
2026-02-06 03:26:38 +05:00:   File "/mnt/d/Hackathons/hackathon-0/silver/src/watchers/linkedin_watcher.py", line 15, in <module>
2026-02-06 03:26:38 +05:00:     from .base_watcher import BaseWatcher, TaskCreationError
2026-02-06 03:26:38 +05:00: ImportError: attempted relative import with no known parent package
2026-02-06 03:26:46 +05:00: Traceback (most recent call last):
2026-02-06 03:26:46 +05:00:   File "/mnt/d/Hackathons/hackathon-0/silver/src/watchers/linkedin_watcher.py", line 15, in <module>
2026-02-06 03:26:46 +05:00:     from .base_watcher import BaseWatcher, TaskCreationError
2026-02-06 03:26:46 +05:00: ImportError: attempted relative import with no known parent package
2026-02-06 03:26:54 +05:00: Traceback (most recent call last):
2026-02-06 03:26:54 +05:00:   File "/mnt/d/Hackathons/hackathon-0/silver/src/watchers/linkedin_watcher.py", line 15, in <module>
2026-02-06 03:26:54 +05:00:     from .base_watcher import BaseWatcher, TaskCreationError
2026-02-06 03:26:54 +05:00: ImportError: attempted relative import with no known parent package
2026-02-06 03:27:02 +05:00: Traceback (most recent call last):
2026-02-06 03:27:02 +05:00:   File "/mnt/d/Hackathons/hackathon-0/silver/src/watchers/linkedin_watcher.py", line 15, in <module>
2026-02-06 03:27:02 +05:00:     from .base_watcher import BaseWatcher, TaskCreationError
2026-02-06 03:27:02 +05:00: ImportError: attempted relative import with no known parent package
2026-02-06 03:27:10 +05:00: Traceback (most recent call last):
2026-02-06 03:27:10 +05:00:   File "/mnt/d/Hackathons/hackathon-0/silver/src/watchers/linkedin_watcher.py", line 15, in <module>
2026-02-06 03:27:10 +05:00:     from .base_watcher import BaseWatcher, TaskCreationError
2026-02-06 03:27:10 +05:00: ImportError: attempted relative import with no known parent package
2026-02-06 03:27:17 +05:00: Traceback (most recent call last):
2026-02-06 03:27:17 +05:00:   File "/mnt/d/Hackathons/hackathon-0/silver/src/watchers/linkedin_watcher.py", line 15, in <module>
2026-02-06 03:27:17 +05:00:     from .base_watcher import BaseWatcher, TaskCreationError
2026-02-06 03:27:17 +05:00: ImportError: attempted relative import with no known parent package
2026-02-06 03:27:24 +05:00: Traceback (most recent call last):
2026-02-06 03:27:24 +05:00:   File "/mnt/d/Hackathons/hackathon-0/silver/src/watchers/linkedin_watcher.py", line 15, in <module>
2026-02-06 03:27:24 +05:00:     from .base_watcher import BaseWatcher, TaskCreationError
2026-02-06 03:27:24 +05:00: ImportError: attempted relative import with no known parent package
2026-02-06 03:27:31 +05:00: Traceback (most recent call last):
2026-02-06 03:27:31 +05:00:   File "/mnt/d/Hackathons/hackathon-0/silver/src/watchers/linkedin_watcher.py", line 15, in <module>
2026-02-06 03:27:31 +05:00:     from .base_watcher import BaseWatcher, TaskCreationError
2026-02-06 03:27:31 +05:00: 
2026-02-06 03:27:31 +05:00: ImportError: attempted relative import with no known parent package
2026-02-06 03:27:39 +05:00: Traceback (most recent call last):
2026-02-06 03:27:39 +05:00:   File "/mnt/d/Hackathons/hackathon-0/silver/src/watchers/linkedin_watcher.py", line 15, in <module>
2026-02-06 03:27:39 +05:00:     from .base_watcher import BaseWatcher, TaskCreationError
2026-02-06 03:27:39 +05:00: ImportError: attempted relative import with no known parent package
2026-02-06 03:27:46 +05:00: Traceback (most recent call last):
2026-02-06 03:27:46 +05:00:   File "/mnt/d/Hackathons/hackathon-0/silver/src/watchers/linkedin_watcher.py", line 15, in <module>
2026-02-06 03:27:46 +05:00:     from .base_watcher import BaseWatcher, TaskCreationError
2026-02-06 03:27:46 +05:00: ImportError: attempted relative import with no known parent package
2026-02-06 03:27:55 +05:00: Traceback (most recent call last):
2026-02-06 03:27:55 +05:00:   File "/mnt/d/Hackathons/hackathon-0/silver/src/watchers/linkedin_watcher.py", line 15, in <module>
2026-02-06 03:27:55 +05:00:     from .base_watcher import BaseWatcher, TaskCreationError
2026-02-06 03:27:55 +05:00: ImportError: attempted relative import with no known parent package
2026-02-06 03:28:03 +05:00: Traceback (most recent call last):
2026-02-06 03:28:03 +05:00:   File "/mnt/d/Hackathons/hackathon-0/silver/src/watchers/linkedin_watcher.py", line 15, in <module>
2026-02-06 03:28:03 +05:00:     from .base_watcher import BaseWatcher, TaskCreationError
2026-02-06 03:28:03 +05:00: ImportError: attempted relative import with no known parent package
2026-02-06 03:28:12 +05:00: Traceback (most recent call last):
2026-02-06 03:28:12 +05:00:   File "/mnt/d/Hackathons/hackathon-0/silver/src/watchers/linkedin_watcher.py", line 15, in <module>
2026-02-06 03:28:12 +05:00:     from .base_watcher import BaseWatcher, TaskCreationError
2026-02-06 03:28:12 +05:00: ImportError: attempted relative import with no known parent package
2026-02-06 03:28:20 +05:00: Traceback (most recent call last):
2026-02-06 03:28:20 +05:00:   File "/mnt/d/Hackathons/hackathon-0/silver/src/watchers/linkedin_watcher.py", line 15, in <module>
2026-02-06 03:28:20 +05:00:     from .base_watcher import BaseWatcher, TaskCreationError
2026-02-06 03:28:20 +05:00: attempted relative import with no known parent package
2026-02-06 03:28:28 +05:00: Traceback (most recent call last):
2026-02-06 03:28:28 +05:00:   File "/mnt/d/Hackathons/hackathon-0/silver/src/watchers/linkedin_watcher.py", line 15, in <module>
2026-02-06 03:28:28 +05:00:     from .base_watcher import BaseWatcher, TaskCreationError
2026-02-06 03:28:28 +05:00: ImportError: attempted relative import with no known parent package
2026-02-06 03:28:36 +05:00: Traceback (most recent call last):
2026-02-06 03:28:36 +05:00:   File "/mnt/d/Hackathons/hackathon-0/silver/src/watchers/linkedin_watcher.py", line 15, in <module>
2026-02-06 03:28:36 +05:00:     from .base_watcher import BaseWatcher, TaskCreationError
2026-02-06 03:28:36 +05:00: ImportError: attempted relative import with no known parent package
2026-02-06 03:28:43 +05:00: Traceback (most recent call last):
2026-02-06 03:28:43 +05:00:   File "/mnt/d/Hackathons/hackathon-0/silver/src/watchers/linkedin_watcher.py", line 15, in <module>
2026-02-06 03:28:43 +05:00:     from .base_watcher import BaseWatcher, TaskCreationError
2026-02-06 03:28:43 +05:00: ImportError: attempted relative import with no known parent package
2026-02-06 03:28:53 +05:00: Traceback (most recent call last):
2026-02-06 03:28:53 +05:00:   File "/mnt/d/Hackathons/hackathon-0/silver/src/watchers/linkedin_watcher.py", line 15, in <module>
2026-02-06 03:28:53 +05:00:     from .base_watcher import BaseWatcher, TaskCreationError
2026-02-06 03:28:53 +05:00: ImportError: attempted relative import with no known parent package
2026-02-06 03:29:04 +05:00: Traceback (most recent call last):
2026-02-06 03:29:04 +05:00:   File "/mnt/d/Hackathons/hackathon-0/silver/src/watchers/linkedin_watcher.py", line 15, in <module>
2026-02-06 03:29:04 +05:00:     from .base_watcher import BaseWatcher, TaskCreationError
2026-02-06 03:29:04 +05:00: ImportError: attempted relative import with no known parent package
2026-02-06 03:29:16 +05:00: Traceback (most recent call last):
2026-02-06 03:29:16 +05:00:   File "/mnt/d/Hackathons/hackathon-0/silver/src/watchers/linkedin_watcher.py", line 15, in <module>
2026-02-06 03:29:16 +05:00:     from .base_watcher import BaseWatcher, TaskCreationError
2026-02-06 03:29:16 +05:00: ImportError: attempted relative import with no known parent package
2026-02-06 03:29:26 +05:00: Traceback (most recent call last):
2026-02-06 03:29:26 +05:00:   File "/mnt/d/Hackathons/hackathon-0/silver/src/watchers/linkedin_watcher.py", line 15, in <module>
2026-02-06 03:29:26 +05:00:     from .base_watcher import BaseWatcher, TaskCreationError
2026-02-06 03:29:26 +05:00: ImportError: attempted relative import with no known parent package
2026-02-06 03:29:34 +05:00: Traceback (most recent call last):
2026-02-06 03:29:34 +05:00:   File "/mnt/d/Hackathons/hackathon-0/silver/src/watchers/linkedin_watcher.py", line 15, in <module>
2026-02-06 03:29:34 +05:00:     from .base_watcher import BaseWatcher, TaskCreationError
2026-02-06 03:29:34 +05:00: ImportError: attempted relative import with no known parent package
2026-02-06 03:29:41 +05:00: Traceback (most recent call last):
2026-02-06 03:29:41 +05:00:   File "/mnt/d/Hackathons/hackathon-0/silver/src/watchers/linkedin_watcher.py", line 15, in <module>
2026-02-06 03:29:41 +05:00:     from .base_watcher import BaseWatcher, TaskCreationError
2026-02-06 03:29:41 +05:00: ImportError: attempted relative import with no known parent package
2026-02-06 03:29:48 +05:00: Traceback (most recent call last):
2026-02-06 03:29:48 +05:00:   File "/mnt/d/Hackathons/hackathon-0/silver/src/watchers/linkedin_watcher.py", line 15, in <module>
2026-02-06 03:29:48 +05:00:     from .base_watcher import BaseWatcher, TaskCreationError
2026-02-06 03:29:48 +05:00: ImportError: attempted relative import with no known parent package
2026-02-06 03:29:55 +05:00: Traceback (most recent call last):
2026-02-06 03:29:55 +05:00:   File "/mnt/d/Hackathons/hackathon-0/silver/src/watchers/linkedin_watcher.py", line 15, in <module>
2026-02-06 03:29:55 +05:00:     from .base_watcher import BaseWatcher, TaskCreationError
2026-02-06 03:29:55 +05:00: ImportError: attempted relative import with no known parent package
2026-02-06 03:30:03 +05:00: Traceback (most recent call last):
2026-02-06 03:30:03 +05:00:   File "/mnt/d/Hackathons/hackathon-0/silver/src/watchers/linkedin_watcher.py", line 15, in <module>
2026-02-06 03:30:03 +05:00:     from .base_watcher import BaseWatcher, TaskCreationError
2026-02-06 03:30:03 +05:00: ImportError: attempted relative import with no known parent package
2026-02-06 03:30:11 +05:00: Traceback (most recent call last):
2026-02-06 03:30:11 +05:00:   File "/mnt/d/Hackathons/hackathon-0/silver/src/watchers/linkedin_watcher.py", line 15, in <module>
2026-02-06 03:30:11 +05:00:     from .base_watcher import BaseWatcher, TaskCreationError
2026-02-06 03:30:11 +05:00: ImportError: attempted relative import with no known parent package
2026-02-06 03:30:18 +05:00: Traceback (most recent call last):
2026-02-06 03:30:18 +05:00:   File "/mnt/d/Hackathons/hackathon-0/silver/src/watchers/linkedin_watcher.py", line 15, in <module>
2026-02-06 03:30:18 +05:00:     from .base_watcher import BaseWatcher, TaskCreationError
2026-02-06 03:30:18 +05:00: ImportError: attempted relative import with no known parent package
2026-02-06 03:30:27 +05:00: Traceback (most recent call last):
2026-02-06 03:30:27 +05:00:   File "/mnt/d/Hackathons/hackathon-0/silver/src/watchers/linkedin_watcher.py", line 15, in <module>
2026-02-06 03:30:27 +05:00:     from .base_watcher import BaseWatcher, TaskCreationError
2026-02-06 03:30:27 +05:00: ImportError: attempted relative import with no known parent package
2026-02-06 03:30:35 +05:00: Traceback (most recent call last):
2026-02-06 03:30:35 +05:00:   File "/mnt/d/Hackathons/hackathon-0/silver/src/watchers/linkedin_watcher.py", line 15, in <module>
2026-02-06 03:30:35 +05:00:     from .base_watcher import BaseWatcher, TaskCreationError
2026-02-06 03:30:35 +05:00: ImportError: attempted relative import with no known parent package
2026-02-06 03:30:43 +05:00: Traceback (most recent call last):
2026-02-06 03:30:43 +05:00:   File "/mnt/d/Hackathons/hackathon-0/silver/src/watchers/linkedin_watcher.py", line 15, in <module>
2026-02-06 03:30:43 +05:00:     from .base_watcher import BaseWatcher, TaskCreationError
2026-02-06 03:30:43 +05:00: ImportError: attempted relative import with no known parent package
2026-02-06 03:30:51 +05:00: Traceback (most recent call last):
2026-02-06 03:30:51 +05:00:   File "/mnt/d/Hackathons/hackathon-0/silver/src/watchers/linkedin_watcher.py", line 15, in <module>
2026-02-06 03:30:51 +05:00:     from .base_watcher import BaseWatcher, TaskCreationError
2026-02-06 03:30:51 +05:00: ImportError: attempted relative import with no known parent package
2026-02-06 03:30:58 +05:00: Traceback (most recent call last):
2026-02-06 03:30:58 +05:00:   File "/mnt/d/Hackathons/hackathon-0/silver/src/watchers/linkedin_watcher.py", line 15, in <module>
2026-02-06 03:30:58 +05:00:     from .base_watcher import BaseWatcher, TaskCreationError
2026-02-06 03:30:58 +05:00: ImportError: attempted relative import with no known parent package
2026-02-06 03:31:05 +05:00: Traceback (most recent call last):
2026-02-06 03:31:05 +05:00:   File "/mnt/d/Hackathons/hackathon-0/silver/src/watchers/linkedin_watcher.py", line 15, in <module>
2026-02-06 03:31:05 +05:00:     from .base_watcher import BaseWatcher, TaskCreationError
2026-02-06 03:31:05 +05:00: ImportError: attempted relative import with no known parent package
2026-02-06 03:31:13 +05:00: Traceback (most recent call last):
2026-02-06 03:31:13 +05:00:   File "/mnt/d/Hackathons/hackathon-0/silver/src/watchers/linkedin_watcher.py", line 15, in <module>
2026-02-06 03:31:13 +05:00:     from .base_watcher import BaseWatcher, TaskCreationError
2026-02-06 03:31:13 +05:00: : attempted relative import with no known parent package
2026-02-06 03:31:22 +05:00: Traceback (most recent call last):
2026-02-06 03:31:22 +05:00:   File "/mnt/d/Hackathons/hackathon-0/silver/src/watchers/linkedin_watcher.py", line 15, in <module>
2026-02-06 03:31:22 +05:00:     from .base_watcher import BaseWatcher, TaskCreationError
2026-02-06 03:31:22 +05:00: ImportError: attempted relative import with no known parent package
2026-02-06 03:31:32 +05:00: Traceback (most recent call last):
2026-02-06 03:31:32 +05:00:   File "/mnt/d/Hackathons/hackathon-0/silver/src/watchers/linkedin_watcher.py", line 15, in <module>
2026-02-06 03:31:32 +05:00:     from .base_watcher import BaseWatcher, TaskCreationError
2026-02-06 03:31:32 +05:00: ImportError: attempted relative import with no known parent package
2026-02-06 03:31:41 +05:00: Traceback (most recent call last):
2026-02-06 03:31:41 +05:00:   File "/mnt/d/Hackathons/hackathon-0/silver/src/watchers/linkedin_watcher.py", line 15, in <module>
2026-02-06 03:31:41 +05:00:     from .base_watcher import BaseWatcher, TaskCreationError
2026-02-06 03:31:41 +05:00: ImportError: attempted relative import with no known parent package
2026-02-06 03:31:50 +05:00: Traceback (most recent call last):
2026-02-06 03:31:50 +05:00:   File "/mnt/d/Hackathons/hackathon-0/silver/src/watchers/linkedin_watcher.py", line 15, in <module>
2026-02-06 03:31:50 +05:00:     from .base_watcher import BaseWatcher, TaskCreationError
2026-02-06 03:31:50 +05:00: ImportError: attempted relative import with no known parent package
2026-02-06 03:31:58 +05:00: Traceback (most recent call last):
2026-02-06 03:31:58 +05:00:   File "/mnt/d/Hackathons/hackathon-0/silver/src/watchers/linkedin_watcher.py", line 15, in <module>
2026-02-06 03:31:58 +05:00:     from .base_watcher import BaseWatcher, TaskCreationError
2026-02-06 03:31:58 +05:00: ImportError: attempted relative import with no known parent package
2026-02-06 03:32:05 +05:00: Traceback (most recent call last):
2026-02-06 03:32:05 +05:00:   File "/mnt/d/Hackathons/hackathon-0/silver/src/watchers/linkedin_watcher.py", line 15, in <module>
2026-02-06 03:32:05 +05:00:     from .base_watcher import BaseWatcher, TaskCreationError
2026-02-06 03:32:05 +05:00: ImportError: attempted relative import with no known parent package
2026-02-06 03:32:13 +05:00: Traceback (most recent call last):
2026-02-06 03:32:13 +05:00:   File "/mnt/d/Hackathons/hackathon-0/silver/src/watchers/linkedin_watcher.py", line 15, in <module>
2026-02-06 03:32:13 +05:00:     from .base_watcher import BaseWatcher, TaskCreationError
2026-02-06 03:32:13 +05:00: 
2026-02-06 03:32:13 +05:00: ImportError: attempted relative import with no known parent package
2026-02-06 03:32:20 +05:00: Traceback (most recent call last):
2026-02-06 03:32:20 +05:00:   File "/mnt/d/Hackathons/hackathon-0/silver/src/watchers/linkedin_watcher.py", line 15, in <module>
2026-02-06 03:32:20 +05:00:     from .base_watcher import BaseWatcher, TaskCreationError
2026-02-06 03:32:20 +05:00: ImportError: attempted relative import with no known parent package
2026-02-06 03:32:27 +05:00: Traceback (most recent call last):
2026-02-06 03:32:27 +05:00:   File "/mnt/d/Hackathons/hackathon-0/silver/src/watchers/linkedin_watcher.py", line 15, in <module>
2026-02-06 03:32:27 +05:00:     from .base_watcher import BaseWatcher, TaskCreationError
2026-02-06 03:32:27 +05:00: ImportError: attempted relative import with no known parent package
2026-02-06 03:32:34 +05:00: Traceback (most recent call last):
2026-02-06 03:32:34 +05:00:   File "/mnt/d/Hackathons/hackathon-0/silver/src/watchers/linkedin_watcher.py", line 15, in <module>
2026-02-06 03:32:34 +05:00:     from .base_watcher import BaseWatcher, TaskCreationError
2026-02-06 03:32:34 +05:00: ImportError: attempted relative import with no known parent package
2026-02-06 03:32:42 +05:00: Traceback (most recent call last):
2026-02-06 03:32:42 +05:00:   File "/mnt/d/Hackathons/hackathon-0/silver/src/watchers/linkedin_watcher.py", line 15, in <module>
2026-02-06 03:32:42 +05:00:     from .base_watcher import BaseWatcher, TaskCreationError
2026-02-06 03:32:42 +05:00: ImportError: attempted relative import with no known parent package
2026-02-06 03:32:50 +05:00: Traceback (most recent call last):
2026-02-06 03:32:50 +05:00:   File "/mnt/d/Hackathons/hackathon-0/silver/src/watchers/linkedin_watcher.py", line 15, in <module>
2026-02-06 03:32:50 +05:00:     from .base_watcher import BaseWatcher, TaskCreationError
2026-02-06 03:32:50 +05:00: ImportError: attempted relative import with no known parent package
2026-02-06 03:32:58 +05:00: Traceback (most recent call last):
2026-02-06 03:32:58 +05:00:   File "/mnt/d/Hackathons/hackathon-0/silver/src/watchers/linkedin_watcher.py", line 15, in <module>
2026-02-06 03:32:58 +05:00:     from .base_watcher import BaseWatcher, TaskCreationError
2026-02-06 03:32:58 +05:00: ImportError: attempted relative import with no known parent package
2026-02-06 03:33:05 +05:00: Traceback (most recent call last):
2026-02-06 03:33:05 +05:00:   File "/mnt/d/Hackathons/hackathon-0/silver/src/watchers/linkedin_watcher.py", line 15, in <module>
2026-02-06 03:33:05 +05:00:     from .base_watcher import BaseWatcher, TaskCreationError
2026-02-06 03:33:05 +05:00: ImportError: attempted relative import with no known parent package
2026-02-06 03:33:13 +05:00: Traceback (most recent call last):
2026-02-06 03:33:13 +05:00:   File "/mnt/d/Hackathons/hackathon-0/silver/src/watchers/linkedin_watcher.py", line 15, in <module>
2026-02-06 03:33:13 +05:00:     from .base_watcher import BaseWatcher, TaskCreationError
2026-02-06 03:33:13 +05:00: ImportError: attempted relative import with no known parent package
2026-02-06 03:33:21 +05:00: Traceback (most recent call last):
2026-02-06 03:33:21 +05:00:   File "/mnt/d/Hackathons/hackathon-0/silver/src/watchers/linkedin_watcher.py", line 15, in <module>
2026-02-06 03:33:21 +05:00:     from .base_watcher import BaseWatcher, TaskCreationError
2026-02-06 03:33:21 +05:00: ImportError: attempted relative import with no known parent package
2026-02-06 03:33:28 +05:00: Traceback (most recent call last):
2026-02-06 03:33:28 +05:00:   File "/mnt/d/Hackathons/hackathon-0/silver/src/watchers/linkedin_watcher.py", line 15, in <module>
2026-02-06 03:33:28 +05:00:     from .base_watcher import BaseWatcher, TaskCreationError
2026-02-06 03:33:28 +05:00: ImportError: attempted relative import with no known parent package
2026-02-06 03:33:36 +05:00: Traceback (most recent call last):
2026-02-06 03:33:36 +05:00:   File "/mnt/d/Hackathons/hackathon-0/silver/src/watchers/linkedin_watcher.py", line 15, in <module>
2026-02-06 03:33:36 +05:00:     from .base_watcher import BaseWatcher, TaskCreationError
2026-02-06 03:33:36 +05:00: ImportError: attempted relative import with no known parent package
2026-02-06 03:33:43 +05:00: Traceback (most recent call last):
2026-02-06 03:33:43 +05:00:   File "/mnt/d/Hackathons/hackathon-0/silver/src/watchers/linkedin_watcher.py", line 15, in <module>
2026-02-06 03:33:43 +05:00:     from .base_watcher import BaseWatcher, TaskCreationError
2026-02-06 03:33:43 +05:00: ImportError: attempted relative import with no known parent package
2026-02-06 03:33:51 +05:00: Traceback (most recent call last):
2026-02-06 03:33:51 +05:00:   File "/mnt/d/Hackathons/hackathon-0/silver/src/watchers/linkedin_watcher.py", line 15, in <module>
2026-02-06 03:33:51 +05:00:     from .base_watcher import BaseWatcher, TaskCreationError
2026-02-06 03:33:51 +05:00: ImportError: attempted relative import with no known parent package
2026-02-06 03:33:58 +05:00: Traceback (most recent call last):
2026-02-06 03:33:58 +05:00:   File "/mnt/d/Hackathons/hackathon-0/silver/src/watchers/linkedin_watcher.py", line 15, in <module>
2026-02-06 03:33:58 +05:00:     from .base_watcher import BaseWatcher, TaskCreationError
2026-02-06 03:33:58 +05:00: ImportError: attempted relative import with no known parent package
2026-02-06 03:34:07 +05:00: Traceback (most recent call last):
2026-02-06 03:34:07 +05:00:   File "/mnt/d/Hackathons/hackathon-0/silver/src/watchers/linkedin_watcher.py", line 15, in <module>
2026-02-06 03:34:07 +05:00:     from .base_watcher import BaseWatcher, TaskCreationError
2026-02-06 03:34:07 +05:00: ImportError: attempted relative import with no known parent package
2026-02-06 03:34:14 +05:00: Traceback (most recent call last):
2026-02-06 03:34:14 +05:00:   File "/mnt/d/Hackathons/hackathon-0/silver/src/watchers/linkedin_watcher.py", line 15, in <module>
2026-02-06 03:34:14 +05:00:     from .base_watcher import BaseWatcher, TaskCreationError
2026-02-06 03:34:14 +05:00: ImportError: attempted relative import with no known parent package
2026-02-06 03:34:22 +05:00: Traceback (most recent call last):
2026-02-06 03:34:22 +05:00:   File "/mnt/d/Hackathons/hackathon-0/silver/src/watchers/linkedin_watcher.py", line 15, in <module>
2026-02-06 03:34:22 +05:00:     from .base_watcher import BaseWatcher, TaskCreationError
2026-02-06 03:34:22 +05:00: ImportError: attempted relative import with no known parent package
2026-02-06 03:34:30 +05:00: Traceback (most recent call last):
2026-02-06 03:34:30 +05:00:   File "/mnt/d/Hackathons/hackathon-0/silver/src/watchers/linkedin_watcher.py", line 15, in <module>
2026-02-06 03:34:30 +05:00:     from .base_watcher import BaseWatcher, TaskCreationError
2026-02-06 03:34:30 +05:00: : attempted relative import with no known parent package
2026-02-06 03:34:37 +05:00: Traceback (most recent call last):
2026-02-06 03:34:37 +05:00:   File "/mnt/d/Hackathons/hackathon-0/silver/src/watchers/linkedin_watcher.py", line 15, in <module>
2026-02-06 03:34:37 +05:00:     from .base_watcher import BaseWatcher, TaskCreationError
2026-02-06 03:34:37 +05:00: ImportError: attempted relative import with no known parent package
2026-02-06 03:34:44 +05:00: Traceback (most recent call last):
2026-02-06 03:34:44 +05:00:   File "/mnt/d/Hackathons/hackathon-0/silver/src/watchers/linkedin_watcher.py", line 15, in <module>
2026-02-06 03:34:44 +05:00:     from .base_watcher import BaseWatcher, TaskCreationError
2026-02-06 03:34:44 +05:00: ImportError: attempted relative import with no known parent package
2026-02-06 03:34:53 +05:00: Traceback (most recent call last):
2026-02-06 03:34:53 +05:00:   File "/mnt/d/Hackathons/hackathon-0/silver/src/watchers/linkedin_watcher.py", line 15, in <module>
2026-02-06 03:34:53 +05:00:     from .base_watcher import BaseWatcher, TaskCreationError
2026-02-06 03:34:53 +05:00: ImportError: attempted relative import with no known parent package
2026-02-06 03:35:02 +05:00: Traceback (most recent call last):
2026-02-06 03:35:02 +05:00:   File "/mnt/d/Hackathons/hackathon-0/silver/src/watchers/linkedin_watcher.py", line 15, in <module>
2026-02-06 03:35:02 +05:00:     from .base_watcher import BaseWatcher, TaskCreationError
2026-02-06 03:35:02 +05:00: ImportError: attempted relative import with no known parent package
2026-02-06 03:35:11 +05:00: Traceback (most recent call last):
2026-02-06 03:35:11 +05:00:   File "/mnt/d/Hackathons/hackathon-0/silver/src/watchers/linkedin_watcher.py", line 15, in <module>
2026-02-06 03:35:11 +05:00:     from .base_watcher import BaseWatcher, TaskCreationError
2026-02-06 03:35:11 +05:00: ImportError: attempted relative import with no known parent package
2026-02-06 03:35:20 +05:00: Traceback (most recent call last):
2026-02-06 03:35:20 +05:00:   File "/mnt/d/Hackathons/hackathon-0/silver/src/watchers/linkedin_watcher.py", line 15, in <module>
2026-02-06 03:35:21 +05:00:     from .base_watcher import BaseWatcher, TaskCreationError
2026-02-06 03:35:21 +05:00: ImportError: attempted relative import with no known parent package
2026-02-06 03:35:29 +05:00: Traceback (most recent call last):
2026-02-06 03:35:29 +05:00:   File "/mnt/d/Hackathons/hackathon-0/silver/src/watchers/linkedin_watcher.py", line 15, in <module>
2026-02-06 03:35:29 +05:00:     from .base_watcher import BaseWatcher, TaskCreationError
2026-02-06 03:35:29 +05:00: ImportError: attempted relative import with no known parent package
2026-02-06 03:35:36 +05:00: Traceback (most recent call last):
2026-02-06 03:35:36 +05:00:   File "/mnt/d/Hackathons/hackathon-0/silver/src/watchers/linkedin_watcher.py", line 15, in <module>
2026-02-06 03:35:36 +05:00:     from .base_watcher import BaseWatcher, TaskCreationError
2026-02-06 03:35:36 +05:00: ImportError: attempted relative import with no known parent package
2026-02-06 03:35:44 +05:00: Traceback (most recent call last):
2026-02-06 03:35:44 +05:00:   File "/mnt/d/Hackathons/hackathon-0/silver/src/watchers/linkedin_watcher.py", line 15, in <module>
2026-02-06 03:35:44 +05:00:     from .base_watcher import BaseWatcher, TaskCreationError
2026-02-06 03:35:44 +05:00: ImportError: attempted relative import with no known parent package
2026-02-06 03:35:52 +05:00: Traceback (most recent call last):
2026-02-06 03:35:52 +05:00:   File "/mnt/d/Hackathons/hackathon-0/silver/src/watchers/linkedin_watcher.py", line 15, in <module>
2026-02-06 03:35:52 +05:00:     from .base_watcher import BaseWatcher, TaskCreationError
2026-02-06 03:35:52 +05:00: 
2026-02-06 03:35:52 +05:00: ImportError: attempted relative import with no known parent package
2026-02-06 03:36:00 +05:00: Traceback (most recent call last):
2026-02-06 03:36:00 +05:00:   File "/mnt/d/Hackathons/hackathon-0/silver/src/watchers/linkedin_watcher.py", line 15, in <module>
2026-02-06 03:36:00 +05:00:     from .base_watcher import BaseWatcher, TaskCreationError
2026-02-06 03:36:00 +05:00: ImportError: attempted relative import with no known parent package
2026-02-06 03:36:08 +05:00: Traceback (most recent call last):
2026-02-06 03:36:08 +05:00:   File "/mnt/d/Hackathons/hackathon-0/silver/src/watchers/linkedin_watcher.py", line 15, in <module>
2026-02-06 03:36:08 +05:00:     from .base_watcher import BaseWatcher, TaskCreationError
2026-02-06 03:36:08 +05:00: ImportError: attempted relative import with no known parent package
2026-02-06 03:36:15 +05:00: Traceback (most recent call last):
2026-02-06 03:36:15 +05:00:   File "/mnt/d/Hackathons/hackathon-0/silver/src/watchers/linkedin_watcher.py", line 15, in <module>
2026-02-06 03:36:15 +05:00:     from .base_watcher import BaseWatcher, TaskCreationError
2026-02-06 03:36:15 +05:00: ImportError: attempted relative import with no known parent package
2026-02-06 03:36:22 +05:00: Traceback (most recent call last):
2026-02-06 03:36:22 +05:00:   File "/mnt/d/Hackathons/hackathon-0/silver/src/watchers/linkedin_watcher.py", line 15, in <module>
2026-02-06 03:36:22 +05:00:     from .base_watcher import BaseWatcher, TaskCreationError
2026-02-06 03:36:22 +05:00: ImportError: attempted relative import with no known parent package
2026-02-06 03:36:31 +05:00: Traceback (most recent call last):
2026-02-06 03:36:31 +05:00:   File "/mnt/d/Hackathons/hackathon-0/silver/src/watchers/linkedin_watcher.py", line 15, in <module>
2026-02-06 03:36:31 +05:00:     from .base_watcher import BaseWatcher, TaskCreationError
2026-02-06 03:36:31 +05:00: ImportError: attempted relative import with no known parent package
2026-02-06 03:36:39 +05:00: Traceback (most recent call last):
2026-02-06 03:36:39 +05:00:   File "/mnt/d/Hackathons/hackathon-0/silver/src/watchers/linkedin_watcher.py", line 15, in <module>
2026-02-06 03:36:39 +05:00:     from .base_watcher import BaseWatcher, TaskCreationError
2026-02-06 03:36:39 +05:00: ImportError: attempted relative import with no known parent package
2026-02-06 03:36:46 +05:00: Traceback (most recent call last):
2026-02-06 03:36:46 +05:00:   File "/mnt/d/Hackathons/hackathon-0/silver/src/watchers/linkedin_watcher.py", line 15, in <module>
2026-02-06 03:36:46 +05:00:     from .base_watcher import BaseWatcher, TaskCreationError
2026-02-06 03:36:46 +05:00: ImportError: attempted relative import with no known parent package
2026-02-06 03:36:53 +05:00: Traceback (most recent call last):
2026-02-06 03:36:53 +05:00:   File "/mnt/d/Hackathons/hackathon-0/silver/src/watchers/linkedin_watcher.py", line 15, in <module>
2026-02-06 03:36:53 +05:00:     from .base_watcher import BaseWatcher, TaskCreationError
2026-02-06 03:36:53 +05:00: ImportError: attempted relative import with no known parent package
2026-02-06 03:37:02 +05:00: Traceback (most recent call last):
2026-02-06 03:37:02 +05:00:   File "/mnt/d/Hackathons/hackathon-0/silver/src/watchers/linkedin_watcher.py", line 15, in <module>
2026-02-06 03:37:02 +05:00:     from .base_watcher import BaseWatcher, TaskCreationError
2026-02-06 03:37:02 +05:00: ImportError: attempted relative import with no known parent package
2026-02-06 03:37:09 +05:00: Traceback (most recent call last):
2026-02-06 03:37:09 +05:00:   File "/mnt/d/Hackathons/hackathon-0/silver/src/watchers/linkedin_watcher.py", line 15, in <module>
2026-02-06 03:37:09 +05:00:     from .base_watcher import BaseWatcher, TaskCreationError
2026-02-06 03:37:09 +05:00: ImportError: attempted relative import with no known parent package
2026-02-06 03:37:16 +05:00: Traceback (most recent call last):
2026-02-06 03:37:16 +05:00:   File "/mnt/d/Hackathons/hackathon-0/silver/src/watchers/linkedin_watcher.py", line 15, in <module>
2026-02-06 03:37:16 +05:00:     from .base_watcher import BaseWatcher, TaskCreationError
2026-02-06 03:37:16 +05:00: ImportError: attempted relative import with no known parent package
2026-02-06 03:37:23 +05:00: Traceback (most recent call last):
2026-02-06 03:37:23 +05:00:   File "/mnt/d/Hackathons/hackathon-0/silver/src/watchers/linkedin_watcher.py", line 15, in <module>
2026-02-06 03:37:23 +05:00:     from .base_watcher import BaseWatcher, TaskCreationError
2026-02-06 03:37:23 +05:00: ImportError: attempted relative import with no known parent package
2026-02-06 03:37:30 +05:00: Traceback (most recent call last):
2026-02-06 03:37:30 +05:00:   File "/mnt/d/Hackathons/hackathon-0/silver/src/watchers/linkedin_watcher.py", line 15, in <module>
2026-02-06 03:37:30 +05:00:     from .base_watcher import BaseWatcher, TaskCreationError
2026-02-06 03:37:30 +05:00: ImportError: attempted relative import with no known parent package
2026-02-06 03:37:39 +05:00: Traceback (most recent call last):
2026-02-06 03:37:39 +05:00:   File "/mnt/d/Hackathons/hackathon-0/silver/src/watchers/linkedin_watcher.py", line 15, in <module>
2026-02-06 03:37:39 +05:00:     from .base_watcher import BaseWatcher, TaskCreationError
2026-02-06 03:37:39 +05:00: ImportError: attempted relative import with no known parent package
2026-02-06 03:37:46 +05:00: Traceback (most recent call last):
2026-02-06 03:37:46 +05:00:   File "/mnt/d/Hackathons/hackathon-0/silver/src/watchers/linkedin_watcher.py", line 15, in <module>
2026-02-06 03:37:46 +05:00:     from .base_watcher import BaseWatcher, TaskCreationError
2026-02-06 03:37:46 +05:00: ImportError: attempted relative import with no known parent package
2026-02-06 03:37:54 +05:00: Traceback (most recent call last):
2026-02-06 03:37:54 +05:00:   File "/mnt/d/Hackathons/hackathon-0/silver/src/watchers/linkedin_watcher.py", line 15, in <module>
2026-02-06 03:37:54 +05:00:     from .base_watcher import BaseWatcher, TaskCreationError
2026-02-06 03:37:54 +05:00: ImportError: attempted relative import with no known parent package
2026-02-06 03:38:02 +05:00: Traceback (most recent call last):
2026-02-06 03:38:02 +05:00:   File "/mnt/d/Hackathons/hackathon-0/silver/src/watchers/linkedin_watcher.py", line 15, in <module>
2026-02-06 03:38:02 +05:00:     from .base_watcher import BaseWatcher, TaskCreationError
2026-02-06 03:38:02 +05:00: attempted relative import with no known parent package
2026-02-06 03:38:09 +05:00: Traceback (most recent call last):
2026-02-06 03:38:09 +05:00:   File "/mnt/d/Hackathons/hackathon-0/silver/src/watchers/linkedin_watcher.py", line 15, in <module>
2026-02-06 03:38:09 +05:00:     from .base_watcher import BaseWatcher, TaskCreationError
2026-02-06 03:38:09 +05:00: ImportError: attempted relative import with no known parent package
2026-02-06 03:38:16 +05:00: Traceback (most recent call last):
2026-02-06 03:38:16 +05:00:   File "/mnt/d/Hackathons/hackathon-0/silver/src/watchers/linkedin_watcher.py", line 15, in <module>
2026-02-06 03:38:16 +05:00:     from .base_watcher import BaseWatcher, TaskCreationError
2026-02-06 03:38:16 +05:00: ImportError: attempted relative import with no known parent package
2026-02-06 03:38:23 +05:00: Traceback (most recent call last):
2026-02-06 03:38:23 +05:00:   File "/mnt/d/Hackathons/hackathon-0/silver/src/watchers/linkedin_watcher.py", line 15, in <module>
2026-02-06 03:38:23 +05:00:     from .base_watcher import BaseWatcher, TaskCreationError
2026-02-06 03:38:23 +05:00: ImportError: attempted relative import with no known parent package
2026-02-06 03:38:31 +05:00: Traceback (most recent call last):
2026-02-06 03:38:31 +05:00:   File "/mnt/d/Hackathons/hackathon-0/silver/src/watchers/linkedin_watcher.py", line 15, in <module>
2026-02-06 03:38:31 +05:00:     from .base_watcher import BaseWatcher, TaskCreationError
2026-02-06 03:38:31 +05:00: ImportError: attempted relative import with no known parent package
2026-02-06 03:38:38 +05:00: Traceback (most recent call last):
2026-02-06 03:38:38 +05:00:   File "/mnt/d/Hackathons/hackathon-0/silver/src/watchers/linkedin_watcher.py", line 15, in <module>
2026-02-06 03:38:38 +05:00:     from .base_watcher import BaseWatcher, TaskCreationError
2026-02-06 03:38:38 +05:00: ImportError: attempted relative import with no known parent package
2026-02-06 03:38:47 +05:00: Traceback (most recent call last):
2026-02-06 03:38:47 +05:00:   File "/mnt/d/Hackathons/hackathon-0/silver/src/watchers/linkedin_watcher.py", line 15, in <module>
2026-02-06 03:38:47 +05:00:     from .base_watcher import BaseWatcher, TaskCreationError
2026-02-06 03:38:47 +05:00: ImportError: attempted relative import with no known parent package
2026-02-06 03:38:56 +05:00: Traceback (most recent call last):
2026-02-06 03:38:56 +05:00:   File "/mnt/d/Hackathons/hackathon-0/silver/src/watchers/linkedin_watcher.py", line 15, in <module>
2026-02-06 03:38:56 +05:00:     from .base_watcher import BaseWatcher, TaskCreationError
2026-02-06 03:38:56 +05:00: ImportError: attempted relative import with no known parent package
2026-02-06 03:39:04 +05:00: Traceback (most recent call last):
2026-02-06 03:39:04 +05:00:   File "/mnt/d/Hackathons/hackathon-0/silver/src/watchers/linkedin_watcher.py", line 15, in <module>
2026-02-06 03:39:04 +05:00:     from .base_watcher import BaseWatcher, TaskCreationError
2026-02-06 03:39:04 +05:00: ImportError: attempted relative import with no known parent package
2026-02-06 03:39:12 +05:00: Traceback (most recent call last):
2026-02-06 03:39:12 +05:00:   File "/mnt/d/Hackathons/hackathon-0/silver/src/watchers/linkedin_watcher.py", line 15, in <module>
2026-02-06 03:39:12 +05:00:     from .base_watcher import BaseWatcher, TaskCreationError
2026-02-06 03:39:12 +05:00: ImportError: attempted relative import with no known parent package
2026-02-06 03:39:19 +05:00: Traceback (most recent call last):
2026-02-06 03:39:19 +05:00:   File "/mnt/d/Hackathons/hackathon-0/silver/src/watchers/linkedin_watcher.py", line 15, in <module>
2026-02-06 03:39:19 +05:00:     from .base_watcher import BaseWatcher, TaskCreationError
2026-02-06 03:39:19 +05:00: ImportError: attempted relative import with no known parent package
2026-02-06 03:39:27 +05:00: Traceback (most recent call last):
2026-02-06 03:39:27 +05:00:   File "/mnt/d/Hackathons/hackathon-0/silver/src/watchers/linkedin_watcher.py", line 15, in <module>
2026-02-06 03:39:27 +05:00:     from .base_watcher import BaseWatcher, TaskCreationError
2026-02-06 03:39:27 +05:00: ImportError: attempted relative import with no known parent package
2026-02-06 03:39:34 +05:00: Traceback (most recent call last):
2026-02-06 03:39:34 +05:00:   File "/mnt/d/Hackathons/hackathon-0/silver/src/watchers/linkedin_watcher.py", line 15, in <module>
2026-02-06 03:39:34 +05:00:     from .base_watcher import BaseWatcher, TaskCreationError
2026-02-06 03:39:34 +05:00: ImportError: attempted relative import with no known parent package
2026-02-06 03:39:41 +05:00: Traceback (most recent call last):
2026-02-06 03:39:41 +05:00:   File "/mnt/d/Hackathons/hackathon-0/silver/src/watchers/linkedin_watcher.py", line 15, in <module>
2026-02-06 03:39:41 +05:00:     from .base_watcher import BaseWatcher, TaskCreationError
2026-02-06 03:39:41 +05:00: ImportError: attempted relative import with no known parent package
2026-02-06 03:39:49 +05:00: Traceback (most recent call last):
2026-02-06 03:39:49 +05:00:   File "/mnt/d/Hackathons/hackathon-0/silver/src/watchers/linkedin_watcher.py", line 15, in <module>
2026-02-06 03:39:49 +05:00:     from .base_watcher import BaseWatcher, TaskCreationError
2026-02-06 03:39:49 +05:00: ImportError: attempted relative import with no known parent package
2026-02-06 03:40:03 +05:00: Traceback (most recent call last):
2026-02-06 03:40:03 +05:00:   File "/mnt/d/Hackathons/hackathon-0/silver/src/watchers/linkedin_watcher.py", line 15, in <module>
2026-02-06 03:40:03 +05:00:     from .base_watcher import BaseWatcher, TaskCreationError
2026-02-06 03:40:03 +05:00: ImportError: attempted relative import with no known parent package
2026-02-06 03:40:12 +05:00: Traceback (most recent call last):
2026-02-06 03:40:12 +05:00:   File "/mnt/d/Hackathons/hackathon-0/silver/src/watchers/linkedin_watcher.py", line 15, in <module>
2026-02-06 03:40:12 +05:00:     from .base_watcher import BaseWatcher, TaskCreationError
2026-02-06 03:40:12 +05:00: ImportError: attempted relative import with no known parent package
2026-02-06 03:40:20 +05:00: Traceback (most recent call last):
2026-02-06 03:40:20 +05:00:   File "/mnt/d/Hackathons/hackathon-0/silver/src/watchers/linkedin_watcher.py", line 15, in <module>
2026-02-06 03:40:20 +05:00:     from .base_watcher import BaseWatcher, TaskCreationError
2026-02-06 03:40:20 +05:00: ImportError: attempted relative import with no known parent package
2026-02-06 03:40:28 +05:00: Traceback (most recent call last):
2026-02-06 03:40:28 +05:00:   File "/mnt/d/Hackathons/hackathon-0/silver/src/watchers/linkedin_watcher.py", line 15, in <module>
2026-02-06 03:40:28 +05:00:     from .base_watcher import BaseWatcher, TaskCreationError
2026-02-06 03:40:28 +05:00: ImportError: attempted relative import with no known parent package
2026-02-06 03:40:36 +05:00: Traceback (most recent call last):
2026-02-06 03:40:36 +05:00:   File "/mnt/d/Hackathons/hackathon-0/silver/src/watchers/linkedin_watcher.py", line 15, in <module>
2026-02-06 03:40:36 +05:00:     from .base_watcher import BaseWatcher, TaskCreationError
2026-02-06 03:40:36 +05:00: ImportError: attempted relative import with no known parent package
2026-02-06 03:40:43 +05:00: Traceback (most recent call last):
2026-02-06 03:40:43 +05:00:   File "/mnt/d/Hackathons/hackathon-0/silver/src/watchers/linkedin_watcher.py", line 15, in <module>
2026-02-06 03:40:43 +05:00:     from .base_watcher import BaseWatcher, TaskCreationError
2026-02-06 03:40:43 +05:00: 
2026-02-06 03:40:53 +05:00: Traceback (most recent call last):
2026-02-06 03:40:53 +05:00:   File "/mnt/d/Hackathons/hackathon-0/silver/src/watchers/linkedin_watcher.py", line 15, in <module>
2026-02-06 03:40:53 +05:00:     from .base_watcher import BaseWatcher, TaskCreationError
2026-02-06 03:40:53 +05:00: ImportError: attempted relative import with no known parent package
2026-02-06 03:41:03 +05:00: Traceback (most recent call last):
2026-02-06 03:41:03 +05:00:   File "/mnt/d/Hackathons/hackathon-0/silver/src/watchers/linkedin_watcher.py", line 15, in <module>
2026-02-06 03:41:03 +05:00:     from .base_watcher import BaseWatcher, TaskCreationError
2026-02-06 03:41:03 +05:00: ImportError: attempted relative import with no known parent package
2026-02-06 03:41:17 +05:00: Traceback (most recent call last):
2026-02-06 03:41:17 +05:00:   File "/mnt/d/Hackathons/hackathon-0/silver/src/watchers/linkedin_watcher.py", line 15, in <module>
2026-02-06 03:41:17 +05:00:     from .base_watcher import BaseWatcher, TaskCreationError
2026-02-06 03:41:17 +05:00: ImportError: attempted relative import with no known parent package
2026-02-06 03:41:26 +05:00: Traceback (most recent call last):
2026-02-06 03:41:26 +05:00:   File "/mnt/d/Hackathons/hackathon-0/silver/src/watchers/linkedin_watcher.py", line 15, in <module>
2026-02-06 03:41:26 +05:00:     from .base_watcher import BaseWatcher, TaskCreationError
2026-02-06 03:41:26 +05:00: ImportError: attempted relative import with no known parent package
2026-02-06 03:41:35 +05:00: Traceback (most recent call last):
2026-02-06 03:41:35 +05:00:   File "/mnt/d/Hackathons/hackathon-0/silver/src/watchers/linkedin_watcher.py", line 15, in <module>
2026-02-06 03:41:35 +05:00:     from .base_watcher import BaseWatcher, TaskCreationError
2026-02-06 03:41:35 +05:00: ImportError: attempted relative import with no known parent package
2026-02-06 03:41:44 +05:00: Traceback (most recent call last):
2026-02-06 03:41:44 +05:00:   File "/mnt/d/Hackathons/hackathon-0/silver/src/watchers/linkedin_watcher.py", line 15, in <module>
2026-02-06 03:41:44 +05:00:     from .base_watcher import BaseWatcher, TaskCreationError
2026-02-06 03:41:44 +05:00: : attempted relative import with no known parent package
2026-02-06 03:41:53 +05:00: Traceback (most recent call last):
2026-02-06 03:41:53 +05:00:   File "/mnt/d/Hackathons/hackathon-0/silver/src/watchers/linkedin_watcher.py", line 15, in <module>
2026-02-06 03:41:53 +05:00:     from .base_watcher import BaseWatcher, TaskCreationError
2026-02-06 03:41:53 +05:00: ImportError: attempted relative import with no known parent package
2026-02-06 03:42:04 +05:00: Traceback (most recent call last):
2026-02-06 03:42:04 +05:00:   File "/mnt/d/Hackathons/hackathon-0/silver/src/watchers/linkedin_watcher.py", line 15, in <module>
2026-02-06 03:42:04 +05:00:     from .base_watcher import BaseWatcher, TaskCreationError
2026-02-06 03:42:04 +05:00: ImportError: attempted relative import with no known parent package
2026-02-06 03:42:12 +05:00: Traceback (most recent call last):
2026-02-06 03:42:12 +05:00:   File "/mnt/d/Hackathons/hackathon-0/silver/src/watchers/linkedin_watcher.py", line 15, in <module>
2026-02-06 03:42:12 +05:00:     from .base_watcher import BaseWatcher, TaskCreationError
2026-02-06 03:42:12 +05:00: ImportError: attempted relative import with no known parent package
2026-02-06 03:42:21 +05:00: Traceback (most recent call last):
2026-02-06 03:42:21 +05:00:   File "/mnt/d/Hackathons/hackathon-0/silver/src/watchers/linkedin_watcher.py", line 15, in <module>
2026-02-06 03:42:21 +05:00:     from .base_watcher import BaseWatcher, TaskCreationError
2026-02-06 03:42:21 +05:00: ImportError: attempted relative import with no known parent package
2026-02-06 03:42:30 +05:00: Traceback (most recent call last):
2026-02-06 03:42:30 +05:00:   File "/mnt/d/Hackathons/hackathon-0/silver/src/watchers/linkedin_watcher.py", line 15, in <module>
2026-02-06 03:42:30 +05:00:     from .base_watcher import BaseWatcher, TaskCreationError
2026-02-06 03:42:30 +05:00: ImportError: attempted relative import with no known parent package
2026-02-06 03:42:40 +05:00: Traceback (most recent call last):
2026-02-06 03:42:40 +05:00:   File "/mnt/d/Hackathons/hackathon-0/silver/src/watchers/linkedin_watcher.py", line 15, in <module>
2026-02-06 03:42:40 +05:00:     from .base_watcher import BaseWatcher, TaskCreationError
2026-02-06 03:42:40 +05:00: ImportError: attempted relative import with no known parent package
2026-02-06 03:42:47 +05:00: Traceback (most recent call last):
2026-02-06 03:42:47 +05:00:   File "/mnt/d/Hackathons/hackathon-0/silver/src/watchers/linkedin_watcher.py", line 15, in <module>
2026-02-06 03:42:47 +05:00:     
2026-02-06 03:42:47 +05:00: from .base_watcher import BaseWatcher, TaskCreationError
2026-02-06 03:42:47 +05:00: ImportError: attempted relative import with no known parent package
2026-02-06 03:42:55 +05:00: Traceback (most recent call last):
2026-02-06 03:42:55 +05:00:   File "/mnt/d/Hackathons/hackathon-0/silver/src/watchers/linkedin_watcher.py", line 15, in <module>
2026-02-06 03:42:55 +05:00:     from .base_watcher import BaseWatcher, TaskCreationError
2026-02-06 03:42:55 +05:00: ImportError: attempted relative import with no known parent package
2026-02-06 03:43:03 +05:00: Traceback (most recent call last):
2026-02-06 03:43:03 +05:00:   File "/mnt/d/Hackathons/hackathon-0/silver/src/watchers/linkedin_watcher.py", line 15, in <module>
2026-02-06 03:43:03 +05:00:     from .base_watcher import BaseWatcher, TaskCreationError
2026-02-06 03:43:03 +05:00: ImportError: attempted relative import with no known parent package
2026-02-06 03:43:10 +05:00: Traceback (most recent call last):
2026-02-06 03:43:10 +05:00:   File "/mnt/d/Hackathons/hackathon-0/silver/src/watchers/linkedin_watcher.py", line 15, in <module>
2026-02-06 03:43:10 +05:00:     from .base_watcher import BaseWatcher, TaskCreationError
2026-02-06 03:43:10 +05:00: ImportError: attempted relative import with no known parent package
2026-02-06 03:43:18 +05:00: Traceback (most recent call last):
2026-02-06 03:43:18 +05:00:   File "/mnt/d/Hackathons/hackathon-0/silver/src/watchers/linkedin_watcher.py", line 15, in <module>
2026-02-06 03:43:18 +05:00:     from .base_watcher import BaseWatcher, TaskCreationError
2026-02-06 03:43:18 +05:00: ImportError: attempted relative import with no known parent package
2026-02-06 03:43:26 +05:00: Traceback (most recent call last):
2026-02-06 03:43:26 +05:00:   File "/mnt/d/Hackathons/hackathon-0/silver/src/watchers/linkedin_watcher.py", line 15, in <module>
2026-02-06 03:43:26 +05:00:     from .base_watcher import BaseWatcher, TaskCreationError
2026-02-06 03:43:26 +05:00: ImportError: attempted relative import with no known parent package
2026-02-06 03:43:33 +05:00: Traceback (most recent call last):
2026-02-06 03:43:33 +05:00:   File "/mnt/d/Hackathons/hackathon-0/silver/src/watchers/linkedin_watcher.py", line 15, in <module>
2026-02-06 03:43:33 +05:00:     from .base_watcher import BaseWatcher, TaskCreationError
2026-02-06 03:43:33 +05:00: ImportError: attempted relative import with no known parent package
2026-02-06 03:43:42 +05:00: Traceback (most recent call last):
2026-02-06 03:43:42 +05:00:   File "/mnt/d/Hackathons/hackathon-0/silver/src/watchers/linkedin_watcher.py", line 15, in <module>
2026-02-06 03:43:42 +05:00:     from .base_watcher import BaseWatcher, TaskCreationError
2026-02-06 03:43:42 +05:00: ImportError: attempted relative import with no known parent package
2026-02-06 03:43:49 +05:00: Traceback (most recent call last):
2026-02-06 03:43:49 +05:00:   File "/mnt/d/Hackathons/hackathon-0/silver/src/watchers/linkedin_watcher.py", line 15, in <module>
2026-02-06 03:43:49 +05:00:     from .base_watcher import BaseWatcher, TaskCreationError
2026-02-06 03:43:49 +05:00: ImportError: attempted relative import with no known parent package
2026-02-06 03:43:57 +05:00: Traceback (most recent call last):
2026-02-06 03:43:57 +05:00:   File "/mnt/d/Hackathons/hackathon-0/silver/src/watchers/linkedin_watcher.py", line 15, in <module>
2026-02-06 03:43:57 +05:00:     
2026-02-06 03:43:57 +05:00: from .base_watcher import BaseWatcher, TaskCreationError
2026-02-06 03:43:57 +05:00: ImportError: attempted relative import with no known parent package
2026-02-06 03:44:04 +05:00: Traceback (most recent call last):
2026-02-06 03:44:04 +05:00:   File "/mnt/d/Hackathons/hackathon-0/silver/src/watchers/linkedin_watcher.py", line 15, in <module>
2026-02-06 03:44:04 +05:00:     from .base_watcher import BaseWatcher, TaskCreationError
2026-02-06 03:44:04 +05:00: ImportError: attempted relative import with no known parent package
2026-02-06 03:44:11 +05:00: Traceback (most recent call last):
2026-02-06 03:44:11 +05:00:   File "/mnt/d/Hackathons/hackathon-0/silver/src/watchers/linkedin_watcher.py", line 15, in <module>
2026-02-06 03:44:11 +05:00:     from .base_watcher import BaseWatcher, TaskCreationError
2026-02-06 03:44:11 +05:00: ImportError: attempted relative import with no known parent package
2026-02-06 03:44:18 +05:00: Traceback (most recent call last):
2026-02-06 03:44:18 +05:00:   File "/mnt/d/Hackathons/hackathon-0/silver/src/watchers/linkedin_watcher.py", line 15, in <module>
2026-02-06 03:44:18 +05:00:     from .base_watcher import BaseWatcher, TaskCreationError
2026-02-06 03:44:18 +05:00: ImportError: attempted relative import with no known parent package
2026-02-06 03:44:26 +05:00: Traceback (most recent call last):
2026-02-06 03:44:26 +05:00:   File "/mnt/d/Hackathons/hackathon-0/silver/src/watchers/linkedin_watcher.py", line 15, in <module>
2026-02-06 03:44:26 +05:00:     from .base_watcher import BaseWatcher, TaskCreationError
2026-02-06 03:44:26 +05:00: ImportError: attempted relative import with no known parent package
2026-02-06 03:44:34 +05:00: Traceback (most recent call last):
2026-02-06 03:44:34 +05:00:   File "/mnt/d/Hackathons/hackathon-0/silver/src/watchers/linkedin_watcher.py", line 15, in <module>
2026-02-06 03:44:34 +05:00:     from .base_watcher import BaseWatcher, TaskCreationError
2026-02-06 03:44:34 +05:00: ImportError: attempted relative import with no known parent package
2026-02-06 03:44:41 +05:00: Traceback (most recent call last):
2026-02-06 03:44:41 +05:00:   File "/mnt/d/Hackathons/hackathon-0/silver/src/watchers/linkedin_watcher.py", line 15, in <module>
2026-02-06 03:44:41 +05:00:     from .base_watcher import BaseWatcher, TaskCreationError
2026-02-06 03:44:41 +05:00: ImportError: attempted relative import with no known parent package
2026-02-06 03:44:48 +05:00: Traceback (most recent call last):
2026-02-06 03:44:48 +05:00:   File "/mnt/d/Hackathons/hackathon-0/silver/src/watchers/linkedin_watcher.py", line 15, in <module>
2026-02-06 03:44:48 +05:00:     from .base_watcher import BaseWatcher, TaskCreationError
2026-02-06 03:44:48 +05:00: ImportError: attempted relative import with no known parent package
2026-02-06 03:44:57 +05:00: Traceback (most recent call last):
2026-02-06 03:44:57 +05:00:   File "/mnt/d/Hackathons/hackathon-0/silver/src/watchers/linkedin_watcher.py", line 15, in <module>
2026-02-06 03:44:57 +05:00:     from .base_watcher import BaseWatcher, TaskCreationError
2026-02-06 03:44:57 +05:00: ImportError: attempted relative import with no known parent package
2026-02-06 03:45:05 +05:00: Traceback (most recent call last):
2026-02-06 03:45:05 +05:00:   File "/mnt/d/Hackathons/hackathon-0/silver/src/watchers/linkedin_watcher.py", line 15, in <module>
2026-02-06 03:45:05 +05:00:     
2026-02-06 03:45:05 +05:00: from .base_watcher import BaseWatcher, TaskCreationError
2026-02-06 03:45:05 +05:00: ImportError: attempted relative import with no known parent package
2026-02-06 03:45:12 +05:00: Traceback (most recent call last):
2026-02-06 03:45:12 +05:00:   File "/mnt/d/Hackathons/hackathon-0/silver/src/watchers/linkedin_watcher.py", line 15, in <module>
2026-02-06 03:45:12 +05:00:     from .base_watcher import BaseWatcher, TaskCreationError
2026-02-06 03:45:12 +05:00: ImportError: attempted relative import with no known parent package
2026-02-06 03:45:19 +05:00: Traceback (most recent call last):
2026-02-06 03:45:19 +05:00:   File "/mnt/d/Hackathons/hackathon-0/silver/src/watchers/linkedin_watcher.py", line 15, in <module>
2026-02-06 03:45:19 +05:00:     from .base_watcher import BaseWatcher, TaskCreationError
2026-02-06 03:45:19 +05:00: : attempted relative import with no known parent package
2026-02-06 03:45:26 +05:00: Traceback (most recent call last):
2026-02-06 03:45:26 +05:00:   File "/mnt/d/Hackathons/hackathon-0/silver/src/watchers/linkedin_watcher.py", line 15, in <module>
2026-02-06 03:45:26 +05:00:     from .base_watcher import BaseWatcher, TaskCreationError
2026-02-06 03:45:26 +05:00: ImportError: attempted relative import with no known parent package
2026-02-06 03:45:34 +05:00: Traceback (most recent call last):
2026-02-06 03:45:34 +05:00:   File "/mnt/d/Hackathons/hackathon-0/silver/src/watchers/linkedin_watcher.py", line 15, in <module>
2026-02-06 03:45:34 +05:00:     from .base_watcher import BaseWatcher, TaskCreationError
2026-02-06 03:45:34 +05:00: ImportError: attempted relative import with no known parent package
2026-02-06 03:45:41 +05:00: Traceback (most recent call last):
2026-02-06 03:45:41 +05:00:   File "/mnt/d/Hackathons/hackathon-0/silver/src/watchers/linkedin_watcher.py", line 15, in <module>
2026-02-06 03:45:41 +05:00:     from .base_watcher import BaseWatcher, TaskCreationError
2026-02-06 03:45:41 +05:00: ImportError: attempted relative import with no known parent package
2026-02-06 03:45:48 +05:00: Traceback (most recent call last):
2026-02-06 03:45:48 +05:00:   File "/mnt/d/Hackathons/hackathon-0/silver/src/watchers/linkedin_watcher.py", line 15, in <module>
2026-02-06 03:45:48 +05:00:     from .base_watcher import BaseWatcher, TaskCreationError
2026-02-06 03:45:48 +05:00: ImportError: attempted relative import with no known parent package
2026-02-06 03:45:55 +05:00: Traceback (most recent call last):
2026-02-06 03:45:55 +05:00:   File "/mnt/d/Hackathons/hackathon-0/silver/src/watchers/linkedin_watcher.py", line 15, in <module>
2026-02-06 03:45:55 +05:00:     from .base_watcher import BaseWatcher, TaskCreationError
2026-02-06 03:45:55 +05:00: ImportError: attempted relative import with no known parent package
2026-02-06 03:46:03 +05:00: Traceback (most recent call last):
2026-02-06 03:46:03 +05:00:   File "/mnt/d/Hackathons/hackathon-0/silver/src/watchers/linkedin_watcher.py", line 15, in <module>
2026-02-06 03:46:03 +05:00:     from .base_watcher import BaseWatcher, TaskCreationError
2026-02-06 03:46:03 +05:00: ImportError: attempted relative import with no known parent package
2026-02-06 03:46:12 +05:00: Traceback (most recent call last):
2026-02-06 03:46:12 +05:00:   File "/mnt/d/Hackathons/hackathon-0/silver/src/watchers/linkedin_watcher.py", line 15, in <module>
2026-02-06 03:46:12 +05:00:     from .base_watcher import BaseWatcher, TaskCreationError
2026-02-06 03:46:12 +05:00: ImportError: attempted relative import with no known parent package
2026-02-06 03:46:19 +05:00: Traceback (most recent call last):
2026-02-06 03:46:19 +05:00:   File "/mnt/d/Hackathons/hackathon-0/silver/src/watchers/linkedin_watcher.py", line 15, in <module>
2026-02-06 03:46:19 +05:00:     from .base_watcher import BaseWatcher, TaskCreationError
2026-02-06 03:46:19 +05:00: ImportError: attempted relative import with no known parent package
2026-02-06 03:46:26 +05:00: Traceback (most recent call last):
2026-02-06 03:46:26 +05:00:   File "/mnt/d/Hackathons/hackathon-0/silver/src/watchers/linkedin_watcher.py", line 15, in <module>
2026-02-06 03:46:26 +05:00:     from .base_watcher import BaseWatcher, TaskCreationError
2026-02-06 03:46:26 +05:00: ImportError: attempted relative import with no known parent package
2026-02-06 03:46:34 +05:00: Traceback (most recent call last):
2026-02-06 03:46:34 +05:00:   File "/mnt/d/Hackathons/hackathon-0/silver/src/watchers/linkedin_watcher.py", line 15, in <module>
2026-02-06 03:46:34 +05:00:     from .base_watcher import BaseWatcher, TaskCreationError
2026-02-06 03:46:34 +05:00: ImportError: attempted relative import with no known parent package
2026-02-06 03:46:41 +05:00: Traceback (most recent call last):
2026-02-06 03:46:41 +05:00:   File "/mnt/d/Hackathons/hackathon-0/silver/src/watchers/linkedin_watcher.py", line 15, in <module>
2026-02-06 03:46:41 +05:00:     from .base_watcher import BaseWatcher, TaskCreationError
2026-02-06 03:46:41 +05:00: ImportError: attempted relative import with no known parent package
2026-02-06 03:46:49 +05:00: Traceback (most recent call last):
2026-02-06 03:46:49 +05:00:   File "/mnt/d/Hackathons/hackathon-0/silver/src/watchers/linkedin_watcher.py", line 15, in <module>
2026-02-06 03:46:49 +05:00:     from .base_watcher import BaseWatcher, TaskCreationError
2026-02-06 03:46:49 +05:00: ImportError: attempted relative import with no known parent package
2026-02-06 03:46:57 +05:00: Traceback (most recent call last):
2026-02-06 03:46:57 +05:00:   File "/mnt/d/Hackathons/hackathon-0/silver/src/watchers/linkedin_watcher.py", line 15, in <module>
2026-02-06 03:46:57 +05:00:     from .base_watcher import BaseWatcher, TaskCreationError
2026-02-06 03:46:57 +05:00: : attempted relative import with no known parent package
2026-02-06 03:47:04 +05:00: Traceback (most recent call last):
2026-02-06 03:47:04 +05:00:   File "/mnt/d/Hackathons/hackathon-0/silver/src/watchers/linkedin_watcher.py", line 15, in <module>
2026-02-06 03:47:04 +05:00:     from .base_watcher import BaseWatcher, TaskCreationError
2026-02-06 03:47:04 +05:00: ImportError: attempted relative import with no known parent package
2026-02-06 03:47:10 +05:00: Traceback (most recent call last):
2026-02-06 03:47:10 +05:00:   File "/mnt/d/Hackathons/hackathon-0/silver/src/watchers/linkedin_watcher.py", line 15, in <module>
2026-02-06 03:47:10 +05:00:     from .base_watcher import BaseWatcher, TaskCreationError
2026-02-06 03:47:10 +05:00: ImportError: attempted relative import with no known parent package
2026-02-06 03:47:19 +05:00: Traceback (most recent call last):
2026-02-06 03:47:19 +05:00:   File "/mnt/d/Hackathons/hackathon-0/silver/src/watchers/linkedin_watcher.py", line 15, in <module>
2026-02-06 03:47:19 +05:00:     from .base_watcher import BaseWatcher, TaskCreationError
2026-02-06 03:47:19 +05:00: ImportError: attempted relative import with no known parent package
2026-02-06 03:47:27 +05:00: Traceback (most recent call last):
2026-02-06 03:47:27 +05:00:   File "/mnt/d/Hackathons/hackathon-0/silver/src/watchers/linkedin_watcher.py", line 15, in <module>
2026-02-06 03:47:27 +05:00:     from .base_watcher import BaseWatcher, TaskCreationError
2026-02-06 03:47:27 +05:00: ImportError: attempted relative import with no known parent package
2026-02-06 03:47:34 +05:00: Traceback (most recent call last):
2026-02-06 03:47:34 +05:00:   File "/mnt/d/Hackathons/hackathon-0/silver/src/watchers/linkedin_watcher.py", line 15, in <module>
2026-02-06 03:47:34 +05:00:     from .base_watcher import BaseWatcher, TaskCreationError
2026-02-06 03:47:34 +05:00: ImportError: attempted relative import with no known parent package
2026-02-06 03:47:42 +05:00: Traceback (most recent call last):
2026-02-06 03:47:42 +05:00:   File "/mnt/d/Hackathons/hackathon-0/silver/src/watchers/linkedin_watcher.py", line 15, in <module>
2026-02-06 03:47:42 +05:00:     from .base_watcher import BaseWatcher, TaskCreationError
2026-02-06 03:47:42 +05:00: ImportError: attempted relative import with no known parent package
2026-02-06 03:47:49 +05:00: Traceback (most recent call last):
2026-02-06 03:47:49 +05:00:   File "/mnt/d/Hackathons/hackathon-0/silver/src/watchers/linkedin_watcher.py", line 15, in <module>
2026-02-06 03:47:49 +05:00:     from .base_watcher import BaseWatcher, TaskCreationError
2026-02-06 03:47:49 +05:00: ImportError: attempted relative import with no known parent package
2026-02-06 03:47:56 +05:00: Traceback (most recent call last):
2026-02-06 03:47:56 +05:00:   File "/mnt/d/Hackathons/hackathon-0/silver/src/watchers/linkedin_watcher.py", line 15, in <module>
2026-02-06 03:47:56 +05:00:     from .base_watcher import BaseWatcher, TaskCreationError
2026-02-06 03:47:56 +05:00: ImportError: attempted relative import with no known parent package
2026-02-06 03:48:04 +05:00: Traceback (most recent call last):
2026-02-06 03:48:04 +05:00:   File "/mnt/d/Hackathons/hackathon-0/silver/src/watchers/linkedin_watcher.py", line 15, in <module>
2026-02-06 03:48:04 +05:00:     from .base_watcher import BaseWatcher, TaskCreationError
2026-02-06 03:48:04 +05:00: ImportError: attempted relative import with no known parent package
2026-02-06 03:48:11 +05:00: Traceback (most recent call last):
2026-02-06 03:48:11 +05:00:   File "/mnt/d/Hackathons/hackathon-0/silver/src/watchers/linkedin_watcher.py", line 15, in <module>
2026-02-06 03:48:11 +05:00:     from .base_watcher import BaseWatcher, TaskCreationError
2026-02-06 03:48:11 +05:00: ImportError: attempted relative import with no known parent package
2026-02-06 03:48:18 +05:00: Traceback (most recent call last):
2026-02-06 03:48:18 +05:00:   File "/mnt/d/Hackathons/hackathon-0/silver/src/watchers/linkedin_watcher.py", line 15, in <module>
2026-02-06 03:48:18 +05:00:     from .base_watcher import BaseWatcher, TaskCreationError
2026-02-06 03:48:18 +05:00: ImportError: attempted relative import with no known parent package
2026-02-06 03:48:26 +05:00: Traceback (most recent call last):
2026-02-06 03:48:26 +05:00:   File "/mnt/d/Hackathons/hackathon-0/silver/src/watchers/linkedin_watcher.py", line 15, in <module>
2026-02-06 03:48:26 +05:00:     from .base_watcher import BaseWatcher, TaskCreationError
2026-02-06 03:48:26 +05:00: ImportError: attempted relative import with no known parent package
2026-02-06 03:48:35 +05:00: Traceback (most recent call last):
2026-02-06 03:48:35 +05:00:   File "/mnt/d/Hackathons/hackathon-0/silver/src/watchers/linkedin_watcher.py", line 15, in <module>
2026-02-06 03:48:35 +05:00:     from .base_watcher import BaseWatcher, TaskCreationError
2026-02-06 03:48:35 +05:00: ImportError: attempted relative import with no known parent package
2026-02-06 03:48:42 +05:00: Traceback (most recent call last):
2026-02-06 03:48:42 +05:00:   File "/mnt/d/Hackathons/hackathon-0/silver/src/watchers/linkedin_watcher.py", line 15, in <module>
2026-02-06 03:48:42 +05:00:     from .base_watcher import BaseWatcher, TaskCreationError
2026-02-06 03:48:42 +05:00: ImportError: attempted relative import with no known parent package
2026-02-06 03:48:50 +05:00: Traceback (most recent call last):
2026-02-06 03:48:50 +05:00:   File "/mnt/d/Hackathons/hackathon-0/silver/src/watchers/linkedin_watcher.py", line 15, in <module>
2026-02-06 03:48:50 +05:00:     from .base_watcher import BaseWatcher, TaskCreationError
2026-02-06 03:48:50 +05:00: ImportError: attempted relative import with no known parent package
2026-02-06 03:48:56 +05:00: Traceback (most recent call last):
2026-02-06 03:48:56 +05:00:   File "/mnt/d/Hackathons/hackathon-0/silver/src/watchers/linkedin_watcher.py", line 15, in <module>
2026-02-06 03:48:56 +05:00:     from .base_watcher import BaseWatcher, TaskCreationError
2026-02-06 03:48:56 +05:00: ImportError: attempted relative import with no known parent package
2026-02-06 03:49:04 +05:00: Traceback (most recent call last):
2026-02-06 03:49:04 +05:00:   File "/mnt/d/Hackathons/hackathon-0/silver/src/watchers/linkedin_watcher.py", line 15, in <module>
2026-02-06 03:49:04 +05:00:     from .base_watcher import BaseWatcher, TaskCreationError
2026-02-06 03:49:04 +05:00: ImportError: attempted relative import with no known parent package
2026-02-06 03:49:12 +05:00: Traceback (most recent call last):
2026-02-06 03:49:12 +05:00:   File "/mnt/d/Hackathons/hackathon-0/silver/src/watchers/linkedin_watcher.py", line 15, in <module>
2026-02-06 03:49:12 +05:00:     from .base_watcher import BaseWatcher, TaskCreationError
2026-02-06 03:49:12 +05:00: ImportError: attempted relative import with no known parent package
2026-02-06 03:49:19 +05:00: Traceback (most recent call last):
2026-02-06 03:49:19 +05:00:   File "/mnt/d/Hackathons/hackathon-0/silver/src/watchers/linkedin_watcher.py", line 15, in <module>
2026-02-06 03:49:19 +05:00:     from .base_watcher import BaseWatcher, TaskCreationError
2026-02-06 03:49:19 +05:00: ImportError: attempted relative import with no known parent package
2026-02-06 03:49:27 +05:00: Traceback (most recent call last):
2026-02-06 03:49:27 +05:00:   File "/mnt/d/Hackathons/hackathon-0/silver/src/watchers/linkedin_watcher.py", line 15, in <module>
2026-02-06 03:49:27 +05:00:     from .base_watcher import BaseWatcher, TaskCreationError
2026-02-06 03:49:27 +05:00: ImportError: attempted relative import with no known parent package
2026-02-06 03:49:36 +05:00: Traceback (most recent call last):
2026-02-06 03:49:36 +05:00:   File "/mnt/d/Hackathons/hackathon-0/silver/src/watchers/linkedin_watcher.py", line 15, in <module>
2026-02-06 03:49:36 +05:00:     from .base_watcher import BaseWatcher, TaskCreationError
2026-02-06 03:49:36 +05:00: ImportError: attempted relative import with no known parent package
2026-02-06 03:49:45 +05:00: Traceback (most recent call last):
2026-02-06 03:49:45 +05:00:   File "/mnt/d/Hackathons/hackathon-0/silver/src/watchers/linkedin_watcher.py", line 15, in <module>
2026-02-06 03:49:45 +05:00:     from .base_watcher import BaseWatcher, TaskCreationError
2026-02-06 03:49:45 +05:00: ImportError: attempted relative import with no known parent package
2026-02-06 03:49:52 +05:00: Traceback (most recent call last):
2026-02-06 03:49:52 +05:00:   File "/mnt/d/Hackathons/hackathon-0/silver/src/watchers/linkedin_watcher.py", line 15, in <module>
2026-02-06 03:49:52 +05:00:     from .base_watcher import BaseWatcher, TaskCreationError
2026-02-06 03:49:52 +05:00: ImportError: attempted relative import with no known parent package
2026-02-06 03:49:59 +05:00: Traceback (most recent call last):
2026-02-06 03:49:59 +05:00:   File "/mnt/d/Hackathons/hackathon-0/silver/src/watchers/linkedin_watcher.py", line 15, in <module>
2026-02-06 03:49:59 +05:00:     from .base_watcher import BaseWatcher, TaskCreationError
2026-02-06 03:49:59 +05:00: ImportError: attempted relative import with no known parent package
2026-02-06 03:50:07 +05:00: Traceback (most recent call last):
2026-02-06 03:50:07 +05:00:   File "/mnt/d/Hackathons/hackathon-0/silver/src/watchers/linkedin_watcher.py", line 15, in <module>
2026-02-06 03:50:07 +05:00:     from .base_watcher import BaseWatcher, TaskCreationError
2026-02-06 03:50:07 +05:00: ImportError: attempted relative import with no known parent package
2026-02-06 03:50:14 +05:00: Traceback (most recent call last):
2026-02-06 03:50:14 +05:00:   File "/mnt/d/Hackathons/hackathon-0/silver/src/watchers/linkedin_watcher.py", line 15, in <module>
2026-02-06 03:50:14 +05:00:     
2026-02-06 03:50:14 +05:00: from .base_watcher import BaseWatcher, TaskCreationError
2026-02-06 03:50:14 +05:00: ImportError: attempted relative import with no known parent package
2026-02-06 03:50:21 +05:00: Traceback (most recent call last):
2026-02-06 03:50:21 +05:00:   File "/mnt/d/Hackathons/hackathon-0/silver/src/watchers/linkedin_watcher.py", line 15, in <module>
2026-02-06 03:50:21 +05:00:     from .base_watcher import BaseWatcher, TaskCreationError
2026-02-06 03:50:21 +05:00: ImportError: attempted relative import with no known parent package
2026-02-06 03:50:28 +05:00: Traceback (most recent call last):
2026-02-06 03:50:28 +05:00:   File "/mnt/d/Hackathons/hackathon-0/silver/src/watchers/linkedin_watcher.py", line 15, in <module>
2026-02-06 03:50:28 +05:00:     from .base_watcher import BaseWatcher, TaskCreationError
2026-02-06 03:50:28 +05:00: ImportError: attempted relative import with no known parent package
2026-02-06 03:50:36 +05:00: Traceback (most recent call last):
2026-02-06 03:50:36 +05:00:   File "/mnt/d/Hackathons/hackathon-0/silver/src/watchers/linkedin_watcher.py", line 15, in <module>
2026-02-06 03:50:36 +05:00:     from .base_watcher import BaseWatcher, TaskCreationError
2026-02-06 03:50:36 +05:00: ImportError: attempted relative import with no known parent package
2026-02-06 03:50:43 +05:00: Traceback (most recent call last):
2026-02-06 03:50:43 +05:00:   File "/mnt/d/Hackathons/hackathon-0/silver/src/watchers/linkedin_watcher.py", line 15, in <module>
2026-02-06 03:50:43 +05:00:     from .base_watcher import BaseWatcher, TaskCreationError
2026-02-06 03:50:43 +05:00: ImportError: attempted relative import with no known parent package
2026-02-06 03:50:52 +05:00: Traceback (most recent call last):
2026-02-06 03:50:52 +05:00:   File "/mnt/d/Hackathons/hackathon-0/silver/src/watchers/linkedin_watcher.py", line 15, in <module>
2026-02-06 03:50:52 +05:00:     from .base_watcher import BaseWatcher, TaskCreationError
2026-02-06 03:50:52 +05:00: ImportError: attempted relative import with no known parent package
2026-02-06 03:51:00 +05:00: Traceback (most recent call last):
2026-02-06 03:51:00 +05:00:   File "/mnt/d/Hackathons/hackathon-0/silver/src/watchers/linkedin_watcher.py", line 15, in <module>
2026-02-06 03:51:00 +05:00:     from .base_watcher import BaseWatcher, TaskCreationError
2026-02-06 03:51:00 +05:00: ImportError: attempted relative import with no known parent package
2026-02-06 03:51:08 +05:00: Traceback (most recent call last):
2026-02-06 03:51:08 +05:00:   File "/mnt/d/Hackathons/hackathon-0/silver/src/watchers/linkedin_watcher.py", line 15, in <module>
2026-02-06 03:51:08 +05:00:     from .base_watcher import BaseWatcher, TaskCreationError
2026-02-06 03:51:08 +05:00: ImportError: attempted relative import with no known parent package
2026-02-06 03:51:15 +05:00: Traceback (most recent call last):
2026-02-06 03:51:15 +05:00:   File "/mnt/d/Hackathons/hackathon-0/silver/src/watchers/linkedin_watcher.py", line 15, in <module>
2026-02-06 03:51:15 +05:00:     from .base_watcher import BaseWatcher, TaskCreationError
2026-02-06 03:51:15 +05:00: ImportError: attempted relative import with no known parent package
2026-02-06 03:51:22 +05:00: Traceback (most recent call last):
2026-02-06 03:51:22 +05:00:   File "/mnt/d/Hackathons/hackathon-0/silver/src/watchers/linkedin_watcher.py", line 15, in <module>
2026-02-06 03:51:22 +05:00:     from .base_watcher import BaseWatcher, TaskCreationError
2026-02-06 03:51:22 +05:00: ImportError: attempted relative import with no known parent package
2026-02-06 03:51:30 +05:00: Traceback (most recent call last):
2026-02-06 03:51:30 +05:00:   File "/mnt/d/Hackathons/hackathon-0/silver/src/watchers/linkedin_watcher.py", line 15, in <module>
2026-02-06 03:51:30 +05:00:     from .base_watcher import BaseWatcher, TaskCreationError
2026-02-06 03:51:30 +05:00: ImportError: attempted relative import with no known parent package
2026-02-06 03:51:37 +05:00: Traceback (most recent call last):
2026-02-06 03:51:37 +05:00:   File "/mnt/d/Hackathons/hackathon-0/silver/src/watchers/linkedin_watcher.py", line 15, in <module>
2026-02-06 03:51:37 +05:00:     from .base_watcher import BaseWatcher, TaskCreationError
2026-02-06 03:51:37 +05:00: ImportError: attempted relative import with no known parent package
2026-02-06 03:51:44 +05:00: Traceback (most recent call last):
2026-02-06 03:51:44 +05:00:   File "/mnt/d/Hackathons/hackathon-0/silver/src/watchers/linkedin_watcher.py", line 15, in <module>
2026-02-06 03:51:44 +05:00:     from .base_watcher import BaseWatcher, TaskCreationError
2026-02-06 03:51:44 +05:00: ImportError: attempted relative import with no known parent package
2026-02-06 03:51:51 +05:00: Traceback (most recent call last):
2026-02-06 03:51:51 +05:00:   File "/mnt/d/Hackathons/hackathon-0/silver/src/watchers/linkedin_watcher.py", line 15, in <module>
2026-02-06 03:51:51 +05:00:     from .base_watcher import BaseWatcher, TaskCreationError
2026-02-06 03:51:51 +05:00: ImportError: attempted relative import with no known parent package
2026-02-06 03:51:59 +05:00: Traceback (most recent call last):
2026-02-06 03:51:59 +05:00:   File "/mnt/d/Hackathons/hackathon-0/silver/src/watchers/linkedin_watcher.py", line 15, in <module>
2026-02-06 03:51:59 +05:00:     from .base_watcher import BaseWatcher, TaskCreationError
2026-02-06 03:51:59 +05:00: ImportError: attempted relative import with no known parent package
2026-02-06 03:52:08 +05:00: Traceback (most recent call last):
2026-02-06 03:52:08 +05:00:   File "/mnt/d/Hackathons/hackathon-0/silver/src/watchers/linkedin_watcher.py", line 15, in <module>
2026-02-06 03:52:08 +05:00:     from .base_watcher import BaseWatcher, TaskCreationError
2026-02-06 03:52:08 +05:00: ImportError: attempted relative import with no known parent package
2026-02-06 03:52:15 +05:00: Traceback (most recent call last):
2026-02-06 03:52:15 +05:00:   File "/mnt/d/Hackathons/hackathon-0/silver/src/watchers/linkedin_watcher.py", line 15, in <module>
2026-02-06 03:52:15 +05:00:     from .base_watcher import BaseWatcher, TaskCreationError
2026-02-06 03:52:15 +05:00: ImportError: attempted relative import with no known parent package
2026-02-06 03:52:22 +05:00: Traceback (most recent call last):
2026-02-06 03:52:22 +05:00:   File "/mnt/d/Hackathons/hackathon-0/silver/src/watchers/linkedin_watcher.py", line 15, in <module>
2026-02-06 03:52:22 +05:00:     from .base_watcher import BaseWatcher, TaskCreationError
2026-02-06 03:52:22 +05:00: ImportError: attempted relative import with no known parent package
2026-02-06 03:52:30 +05:00: Traceback (most recent call last):
2026-02-06 03:52:30 +05:00:   File "/mnt/d/Hackathons/hackathon-0/silver/src/watchers/linkedin_watcher.py", line 15, in <module>
2026-02-06 03:52:30 +05:00:     from .base_watcher import BaseWatcher, TaskCreationError
2026-02-06 03:52:30 +05:00: ImportError: attempted relative import with no known parent package
2026-02-06 03:52:38 +05:00: Traceback (most recent call last):
2026-02-06 03:52:38 +05:00:   File "/mnt/d/Hackathons/hackathon-0/silver/src/watchers/linkedin_watcher.py", line 15, in <module>
2026-02-06 03:52:38 +05:00:     from .base_watcher import BaseWatcher, TaskCreationError
2026-02-06 03:52:38 +05:00: ImportError: attempted relative import with no known parent package
2026-02-06 03:52:46 +05:00: Traceback (most recent call last):
2026-02-06 03:52:46 +05:00:   File "/mnt/d/Hackathons/hackathon-0/silver/src/watchers/linkedin_watcher.py", line 15, in <module>
2026-02-06 03:52:46 +05:00:     from .base_watcher import BaseWatcher, TaskCreationError
2026-02-06 03:52:46 +05:00: ImportError: attempted relative import with no known parent package
2026-02-06 03:52:53 +05:00: Traceback (most recent call last):
2026-02-06 03:52:53 +05:00:   File "/mnt/d/Hackathons/hackathon-0/silver/src/watchers/linkedin_watcher.py", line 15, in <module>
2026-02-06 03:52:53 +05:00:     from .base_watcher import BaseWatcher, TaskCreationError
2026-02-06 03:52:53 +05:00: ImportError: attempted relative import with no known parent package
2026-02-06 03:53:01 +05:00: Traceback (most recent call last):
2026-02-06 03:53:01 +05:00:   File "/mnt/d/Hackathons/hackathon-0/silver/src/watchers/linkedin_watcher.py", line 15, in <module>
2026-02-06 03:53:01 +05:00:     from .base_watcher import BaseWatcher, TaskCreationError
2026-02-06 03:53:01 +05:00: ImportError: attempted relative import with no known parent package
2026-02-06 03:53:08 +05:00: Traceback (most recent call last):
2026-02-06 03:53:08 +05:00:   File "/mnt/d/Hackathons/hackathon-0/silver/src/watchers/linkedin_watcher.py", line 15, in <module>
2026-02-06 03:53:08 +05:00:     from .base_watcher import BaseWatcher, TaskCreationError
2026-02-06 03:53:08 +05:00: ImportError: attempted relative import with no known parent package
2026-02-06 03:53:17 +05:00: Traceback (most recent call last):
2026-02-06 03:53:17 +05:00:   File "/mnt/d/Hackathons/hackathon-0/silver/src/watchers/linkedin_watcher.py", line 15, in <module>
2026-02-06 03:53:17 +05:00:     from .base_watcher import BaseWatcher, TaskCreationError
2026-02-06 03:53:17 +05:00: ImportError: attempted relative import with no known parent package
2026-02-06 03:53:25 +05:00: Traceback (most recent call last):
2026-02-06 03:53:25 +05:00:   File "/mnt/d/Hackathons/hackathon-0/silver/src/watchers/linkedin_watcher.py", line 15, in <module>
2026-02-06 03:53:25 +05:00:     from .base_watcher import BaseWatcher, TaskCreationError
2026-02-06 03:53:25 +05:00: ImportError: attempted relative import with no known parent package
2026-02-06 03:53:32 +05:00: Traceback (most recent call last):
2026-02-06 03:53:32 +05:00:   File "/mnt/d/Hackathons/hackathon-0/silver/src/watchers/linkedin_watcher.py", line 15, in <module>
2026-02-06 03:53:32 +05:00:     from .base_watcher import BaseWatcher, TaskCreationError
2026-02-06 03:53:32 +05:00: ImportError: attempted relative import with no known parent package
2026-02-06 03:53:40 +05:00: Traceback (most recent call last):
2026-02-06 03:53:40 +05:00:   File "/mnt/d/Hackathons/hackathon-0/silver/src/watchers/linkedin_watcher.py", line 15, in <module>
2026-02-06 03:53:40 +05:00:     from .base_watcher import BaseWatcher, TaskCreationError
2026-02-06 03:53:40 +05:00: ImportError: attempted relative import with no known parent package
2026-02-06 03:53:47 +05:00: Traceback (most recent call last):
2026-02-06 03:53:47 +05:00:   File "/mnt/d/Hackathons/hackathon-0/silver/src/watchers/linkedin_watcher.py", line 15, in <module>
2026-02-06 03:53:47 +05:00:     from .base_watcher import BaseWatcher, TaskCreationError
2026-02-06 03:53:47 +05:00: ImportError: attempted relative import with no known parent package
2026-02-06 03:53:54 +05:00: Traceback (most recent call last):
2026-02-06 03:53:54 +05:00:   File "/mnt/d/Hackathons/hackathon-0/silver/src/watchers/linkedin_watcher.py", line 15, in <module>
2026-02-06 03:53:54 +05:00:     from .base_watcher import BaseWatcher, TaskCreationError
2026-02-06 03:53:54 +05:00: ImportError: attempted relative import with no known parent package
2026-02-06 03:54:02 +05:00: Traceback (most recent call last):
2026-02-06 03:54:02 +05:00:   File "/mnt/d/Hackathons/hackathon-0/silver/src/watchers/linkedin_watcher.py", line 15, in <module>
2026-02-06 03:54:02 +05:00:     from .base_watcher import BaseWatcher, TaskCreationError
2026-02-06 03:54:02 +05:00: ImportError: attempted relative import with no known parent package
2026-02-06 03:54:09 +05:00: Traceback (most recent call last):
2026-02-06 03:54:09 +05:00:   File "/mnt/d/Hackathons/hackathon-0/silver/src/watchers/linkedin_watcher.py", line 15, in <module>
2026-02-06 03:54:09 +05:00:     from .base_watcher import BaseWatcher, TaskCreationError
2026-02-06 03:54:09 +05:00: : attempted relative import with no known parent package
2026-02-06 03:54:17 +05:00: Traceback (most recent call last):
2026-02-06 03:54:17 +05:00:   File "/mnt/d/Hackathons/hackathon-0/silver/src/watchers/linkedin_watcher.py", line 15, in <module>
2026-02-06 03:54:17 +05:00:     from .base_watcher import BaseWatcher, TaskCreationError
2026-02-06 03:54:17 +05:00: ImportError: attempted relative import with no known parent package
2026-02-06 03:54:25 +05:00: Traceback (most recent call last):
2026-02-06 03:54:25 +05:00:   File "/mnt/d/Hackathons/hackathon-0/silver/src/watchers/linkedin_watcher.py", line 15, in <module>
2026-02-06 03:54:25 +05:00:     from .base_watcher import BaseWatcher, TaskCreationError
2026-02-06 03:54:25 +05:00: ImportError: attempted relative import with no known parent package
2026-02-06 03:54:34 +05:00: Traceback (most recent call last):
2026-02-06 03:54:34 +05:00:   File "/mnt/d/Hackathons/hackathon-0/silver/src/watchers/linkedin_watcher.py", line 15, in <module>
2026-02-06 03:54:34 +05:00:     from .base_watcher import BaseWatcher, TaskCreationError
2026-02-06 03:54:34 +05:00: ImportError: attempted relative import with no known parent package
2026-02-06 03:54:41 +05:00: Traceback (most recent call last):
2026-02-06 03:54:41 +05:00:   File "/mnt/d/Hackathons/hackathon-0/silver/src/watchers/linkedin_watcher.py", line 15, in <module>
2026-02-06 03:54:41 +05:00:     from .base_watcher import BaseWatcher, TaskCreationError
2026-02-06 03:54:41 +05:00: ImportError: attempted relative import with no known parent package
2026-02-06 03:54:50 +05:00: Traceback (most recent call last):
2026-02-06 03:54:50 +05:00:   File "/mnt/d/Hackathons/hackathon-0/silver/src/watchers/linkedin_watcher.py", line 15, in <module>
2026-02-06 03:54:50 +05:00:     from .base_watcher import BaseWatcher, TaskCreationError
2026-02-06 03:54:50 +05:00: ImportError: attempted relative import with no known parent package
2026-02-06 03:54:57 +05:00: Traceback (most recent call last):
2026-02-06 03:54:57 +05:00:   File "/mnt/d/Hackathons/hackathon-0/silver/src/watchers/linkedin_watcher.py", line 15, in <module>
2026-02-06 03:54:57 +05:00:     from .base_watcher import BaseWatcher, TaskCreationError
2026-02-06 03:54:57 +05:00: ImportError: attempted relative import with no known parent package
2026-02-06 03:55:04 +05:00: Traceback (most recent call last):
2026-02-06 03:55:04 +05:00:   File "/mnt/d/Hackathons/hackathon-0/silver/src/watchers/linkedin_watcher.py", line 15, in <module>
2026-02-06 03:55:04 +05:00:     from .base_watcher import BaseWatcher, TaskCreationError
2026-02-06 03:55:04 +05:00: ImportError: attempted relative import with no known parent package
2026-02-06 03:55:12 +05:00: Traceback (most recent call last):
2026-02-06 03:55:12 +05:00:   File "/mnt/d/Hackathons/hackathon-0/silver/src/watchers/linkedin_watcher.py", line 15, in <module>
2026-02-06 03:55:12 +05:00:     from .base_watcher import BaseWatcher, TaskCreationError
2026-02-06 03:55:12 +05:00: ImportError: attempted relative import with no known parent package
2026-02-06 03:55:19 +05:00: Traceback (most recent call last):
2026-02-06 03:55:19 +05:00:   File "/mnt/d/Hackathons/hackathon-0/silver/src/watchers/linkedin_watcher.py", line 15, in <module>
2026-02-06 03:55:19 +05:00:     from .base_watcher import BaseWatcher, TaskCreationError
2026-02-06 03:55:19 +05:00: ImportError: attempted relative import with no known parent package
2026-02-06 03:55:26 +05:00: Traceback (most recent call last):
2026-02-06 03:55:26 +05:00:   File "/mnt/d/Hackathons/hackathon-0/silver/src/watchers/linkedin_watcher.py", line 15, in <module>
2026-02-06 03:55:26 +05:00:     from .base_watcher import BaseWatcher, TaskCreationError
2026-02-06 03:55:26 +05:00: ImportError: attempted relative import with no known parent package
2026-02-06 03:55:35 +05:00: Traceback (most recent call last):
2026-02-06 03:55:35 +05:00:   File "/mnt/d/Hackathons/hackathon-0/silver/src/watchers/linkedin_watcher.py", line 15, in <module>
2026-02-06 03:55:35 +05:00:     from .base_watcher import BaseWatcher, TaskCreationError
2026-02-06 03:55:35 +05:00: ImportError: attempted relative import with no known parent package
2026-02-06 03:55:45 +05:00: Traceback (most recent call last):
2026-02-06 03:55:45 +05:00:   File "/mnt/d/Hackathons/hackathon-0/silver/src/watchers/linkedin_watcher.py", line 15, in <module>
2026-02-06 03:55:45 +05:00:     from .base_watcher import BaseWatcher, TaskCreationError
2026-02-06 03:55:45 +05:00: ImportError: attempted relative import with no known parent package
2026-02-06 03:55:53 +05:00: Traceback (most recent call last):
2026-02-06 03:55:53 +05:00:   File "/mnt/d/Hackathons/hackathon-0/silver/src/watchers/linkedin_watcher.py", line 15, in <module>
2026-02-06 03:55:53 +05:00:     from .base_watcher import BaseWatcher, TaskCreationError
2026-02-06 03:55:53 +05:00: ImportError: attempted relative import with no known parent package
2026-02-06 03:56:01 +05:00: Traceback (most recent call last):
2026-02-06 03:56:01 +05:00:   File "/mnt/d/Hackathons/hackathon-0/silver/src/watchers/linkedin_watcher.py", line 15, in <module>
2026-02-06 03:56:01 +05:00:     from .base_watcher import BaseWatcher, TaskCreationError
2026-02-06 03:56:01 +05:00: ImportError: attempted relative import with no known parent package
2026-02-06 03:56:08 +05:00: Traceback (most recent call last):
2026-02-06 03:56:08 +05:00:   File "/mnt/d/Hackathons/hackathon-0/silver/src/watchers/linkedin_watcher.py", line 15, in <module>
2026-02-06 03:56:08 +05:00:     from .base_watcher import BaseWatcher, TaskCreationError
2026-02-06 03:56:08 +05:00: ImportError: attempted relative import with no known parent package
2026-02-06 03:56:16 +05:00: Traceback (most recent call last):
2026-02-06 03:56:16 +05:00:   File "/mnt/d/Hackathons/hackathon-0/silver/src/watchers/linkedin_watcher.py", line 15, in <module>
2026-02-06 03:56:16 +05:00:     from .base_watcher import BaseWatcher, TaskCreationError
2026-02-06 03:56:16 +05:00: ImportError: attempted relative import with no known parent package
2026-02-06 03:56:23 +05:00: Traceback (most recent call last):
2026-02-06 03:56:23 +05:00:   File "/mnt/d/Hackathons/hackathon-0/silver/src/watchers/linkedin_watcher.py", line 15, in <module>
2026-02-06 03:56:23 +05:00:     from .base_watcher import BaseWatcher, TaskCreationError
2026-02-06 03:56:23 +05:00: ImportError: attempted relative import with no known parent package
2026-02-06 03:56:30 +05:00: Traceback (most recent call last):
2026-02-06 03:56:30 +05:00:   File "/mnt/d/Hackathons/hackathon-0/silver/src/watchers/linkedin_watcher.py", line 15, in <module>
2026-02-06 03:56:30 +05:00:     from .base_watcher import BaseWatcher, TaskCreationError
2026-02-06 03:56:30 +05:00: ImportError: attempted relative import with no known parent package
2026-02-06 03:56:37 +05:00: Traceback (most recent call last):
2026-02-06 03:56:37 +05:00:   File "/mnt/d/Hackathons/hackathon-0/silver/src/watchers/linkedin_watcher.py", line 15, in <module>
2026-02-06 03:56:37 +05:00:     from .base_watcher import BaseWatcher, TaskCreationError
2026-02-06 03:56:37 +05:00: ImportError: attempted relative import with no known parent package
2026-02-06 03:56:45 +05:00: Traceback (most recent call last):
2026-02-06 03:56:45 +05:00:   File "/mnt/d/Hackathons/hackathon-0/silver/src/watchers/linkedin_watcher.py", line 15, in <module>
2026-02-06 03:56:45 +05:00:     from .base_watcher import BaseWatcher, TaskCreationError
2026-02-06 03:56:45 +05:00: ImportError: attempted relative import with no known parent package
2026-02-06 03:56:53 +05:00: Traceback (most recent call last):
2026-02-06 03:56:53 +05:00:   File "/mnt/d/Hackathons/hackathon-0/silver/src/watchers/linkedin_watcher.py", line 15, in <module>
2026-02-06 03:56:53 +05:00:     from .base_watcher import BaseWatcher, TaskCreationError
2026-02-06 03:56:53 +05:00: ImportError: attempted relative import with no known parent package
2026-02-06 03:57:01 +05:00: Traceback (most recent call last):
2026-02-06 03:57:01 +05:00:   File "/mnt/d/Hackathons/hackathon-0/silver/src/watchers/linkedin_watcher.py", line 15, in <module>
2026-02-06 03:57:01 +05:00:     from .base_watcher import BaseWatcher, TaskCreationError
2026-02-06 03:57:01 +05:00: ImportError: attempted relative import with no known parent package
2026-02-06 03:57:08 +05:00: Traceback (most recent call last):
2026-02-06 03:57:08 +05:00:   File "/mnt/d/Hackathons/hackathon-0/silver/src/watchers/linkedin_watcher.py", line 15, in <module>
2026-02-06 03:57:08 +05:00:     from .base_watcher import BaseWatcher, TaskCreationError
2026-02-06 03:57:08 +05:00: ImportError: attempted relative import with no known parent package
2026-02-06 03:57:16 +05:00: Traceback (most recent call last):
2026-02-06 03:57:16 +05:00:   File "/mnt/d/Hackathons/hackathon-0/silver/src/watchers/linkedin_watcher.py", line 15, in <module>
2026-02-06 03:57:16 +05:00:     from .base_watcher import BaseWatcher, TaskCreationError
2026-02-06 03:57:16 +05:00: ImportError: attempted relative import with no known parent package
2026-02-06 03:57:24 +05:00: Traceback (most recent call last):
2026-02-06 03:57:24 +05:00:   File "/mnt/d/Hackathons/hackathon-0/silver/src/watchers/linkedin_watcher.py", line 15, in <module>
2026-02-06 03:57:24 +05:00:     from .base_watcher import BaseWatcher, TaskCreationError
2026-02-06 03:57:24 +05:00: ImportError: attempted relative import with no known parent package
2026-02-06 03:57:31 +05:00: Traceback (most recent call last):
2026-02-06 03:57:31 +05:00:   File "/mnt/d/Hackathons/hackathon-0/silver/src/watchers/linkedin_watcher.py", line 15, in <module>
2026-02-06 03:57:31 +05:00:     from .base_watcher import BaseWatcher, TaskCreationError
2026-02-06 03:57:31 +05:00: ImportError: attempted relative import with no known parent package
2026-02-06 03:57:38 +05:00: Traceback (most recent call last):
2026-02-06 03:57:38 +05:00:   File "/mnt/d/Hackathons/hackathon-0/silver/src/watchers/linkedin_watcher.py", line 15, in <module>
2026-02-06 03:57:38 +05:00:     from .base_watcher import BaseWatcher, TaskCreationError
2026-02-06 03:57:38 +05:00: ImportError: attempted relative import with no known parent package
2026-02-06 03:57:45 +05:00: Traceback (most recent call last):
2026-02-06 03:57:45 +05:00:   File "/mnt/d/Hackathons/hackathon-0/silver/src/watchers/linkedin_watcher.py", line 15, in <module>
2026-02-06 03:57:45 +05:00:     from .base_watcher import BaseWatcher, TaskCreationError
2026-02-06 03:57:45 +05:00: ImportError: attempted relative import with no known parent package
2026-02-06 03:57:53 +05:00: Traceback (most recent call last):
2026-02-06 03:57:53 +05:00:   File "/mnt/d/Hackathons/hackathon-0/silver/src/watchers/linkedin_watcher.py", line 15, in <module>
2026-02-06 03:57:53 +05:00:     from .base_watcher import BaseWatcher, TaskCreationError
2026-02-06 03:57:53 +05:00: ImportError: attempted relative import with no known parent package
2026-02-06 03:58:03 +05:00: Traceback (most recent call last):
2026-02-06 03:58:03 +05:00:   File "/mnt/d/Hackathons/hackathon-0/silver/src/watchers/linkedin_watcher.py", line 15, in <module>
2026-02-06 03:58:03 +05:00:     from .base_watcher import BaseWatcher, TaskCreationError
2026-02-06 03:58:03 +05:00: ImportError: attempted relative import with no known parent package
2026-02-06 03:58:11 +05:00: Traceback (most recent call last):
2026-02-06 03:58:11 +05:00:   File "/mnt/d/Hackathons/hackathon-0/silver/src/watchers/linkedin_watcher.py", line 15, in <module>
2026-02-06 03:58:11 +05:00:     
2026-02-06 03:58:11 +05:00: from .base_watcher import BaseWatcher, TaskCreationError
2026-02-06 03:58:11 +05:00: ImportError: attempted relative import with no known parent package
2026-02-06 03:58:18 +05:00: Traceback (most recent call last):
2026-02-06 03:58:18 +05:00:   File "/mnt/d/Hackathons/hackathon-0/silver/src/watchers/linkedin_watcher.py", line 15, in <module>
2026-02-06 03:58:18 +05:00:     
2026-02-06 03:58:18 +05:00: from .base_watcher import BaseWatcher, TaskCreationError
2026-02-06 03:58:18 +05:00: ImportError: attempted relative import with no known parent package
2026-02-06 03:58:25 +05:00: Traceback (most recent call last):
2026-02-06 03:58:25 +05:00:   File "/mnt/d/Hackathons/hackathon-0/silver/src/watchers/linkedin_watcher.py", line 15, in <module>
2026-02-06 03:58:25 +05:00:     from .base_watcher import BaseWatcher, TaskCreationError
2026-02-06 03:58:25 +05:00: ImportError: attempted relative import with no known parent package
2026-02-06 03:58:32 +05:00: Traceback (most recent call last):
2026-02-06 03:58:32 +05:00:   File "/mnt/d/Hackathons/hackathon-0/silver/src/watchers/linkedin_watcher.py", line 15, in <module>
2026-02-06 03:58:32 +05:00:     from .base_watcher import BaseWatcher, TaskCreationError
2026-02-06 03:58:32 +05:00: ImportError: attempted relative import with no known parent package
2026-02-06 03:58:39 +05:00: Traceback (most recent call last):
2026-02-06 03:58:39 +05:00:   File "/mnt/d/Hackathons/hackathon-0/silver/src/watchers/linkedin_watcher.py", line 15, in <module>
2026-02-06 03:58:39 +05:00:     from .base_watcher import BaseWatcher, TaskCreationError
2026-02-06 03:58:39 +05:00: ImportError: attempted relative import with no known parent package
2026-02-06 03:58:47 +05:00: Traceback (most recent call last):
2026-02-06 03:58:47 +05:00:   File "/mnt/d/Hackathons/hackathon-0/silver/src/watchers/linkedin_watcher.py", line 15, in <module>
2026-02-06 03:58:47 +05:00:     from .base_watcher import BaseWatcher, TaskCreationError
2026-02-06 03:58:47 +05:00: ImportError: attempted relative import with no known parent package
2026-02-06 03:58:55 +05:00: Traceback (most recent call last):
2026-02-06 03:58:55 +05:00:   File "/mnt/d/Hackathons/hackathon-0/silver/src/watchers/linkedin_watcher.py", line 15, in <module>
2026-02-06 03:58:55 +05:00:     from .base_watcher import BaseWatcher, TaskCreationError
2026-02-06 03:58:55 +05:00: ImportError: attempted relative import with no known parent package
2026-02-06 03:59:03 +05:00: Traceback (most recent call last):
2026-02-06 03:59:03 +05:00:   File "/mnt/d/Hackathons/hackathon-0/silver/src/watchers/linkedin_watcher.py", line 15, in <module>
2026-02-06 03:59:03 +05:00:     from .base_watcher import BaseWatcher, TaskCreationError
2026-02-06 03:59:03 +05:00: ImportError: attempted relative import with no known parent package
2026-02-06 03:59:10 +05:00: Traceback (most recent call last):
2026-02-06 03:59:10 +05:00:   File "/mnt/d/Hackathons/hackathon-0/silver/src/watchers/linkedin_watcher.py", line 15, in <module>
2026-02-06 03:59:10 +05:00:     from .base_watcher import BaseWatcher, TaskCreationError
2026-02-06 03:59:10 +05:00: ImportError: attempted relative import with no known parent package
2026-02-06 03:59:18 +05:00: Traceback (most recent call last):
2026-02-06 03:59:18 +05:00:   File "/mnt/d/Hackathons/hackathon-0/silver/src/watchers/linkedin_watcher.py", line 15, in <module>
2026-02-06 03:59:18 +05:00:     from .base_watcher import BaseWatcher, TaskCreationError
2026-02-06 03:59:18 +05:00: ImportError: attempted relative import with no known parent package
2026-02-06 03:59:27 +05:00: Traceback (most recent call last):
2026-02-06 03:59:27 +05:00:   File "/mnt/d/Hackathons/hackathon-0/silver/src/watchers/linkedin_watcher.py", line 15, in <module>
2026-02-06 03:59:27 +05:00:     from .base_watcher import BaseWatcher, TaskCreationError
2026-02-06 03:59:27 +05:00: ImportError: attempted relative import with no known parent package
2026-02-06 03:59:34 +05:00: Traceback (most recent call last):
2026-02-06 03:59:34 +05:00:   File "/mnt/d/Hackathons/hackathon-0/silver/src/watchers/linkedin_watcher.py", line 15, in <module>
2026-02-06 03:59:34 +05:00:     from .base_watcher import BaseWatcher, TaskCreationError
2026-02-06 03:59:34 +05:00: ImportError: attempted relative import with no known parent package
2026-02-06 03:59:43 +05:00: Traceback (most recent call last):
2026-02-06 03:59:43 +05:00:   File "/mnt/d/Hackathons/hackathon-0/silver/src/watchers/linkedin_watcher.py", line 15, in <module>
2026-02-06 03:59:43 +05:00:     from .base_watcher import BaseWatcher, TaskCreationError
2026-02-06 03:59:43 +05:00: ImportError: attempted relative import with no known parent package
2026-02-06 03:59:52 +05:00: Traceback (most recent call last):
2026-02-06 03:59:52 +05:00:   File "/mnt/d/Hackathons/hackathon-0/silver/src/watchers/linkedin_watcher.py", line 15, in <module>
2026-02-06 03:59:52 +05:00:     from .base_watcher import BaseWatcher, TaskCreationError
2026-02-06 03:59:52 +05:00: ImportError: attempted relative import with no known parent package
2026-02-06 04:00:00 +05:00: Traceback (most recent call last):
2026-02-06 04:00:00 +05:00:   File "/mnt/d/Hackathons/hackathon-0/silver/src/watchers/linkedin_watcher.py", line 15, in <module>
2026-02-06 04:00:00 +05:00:     from .base_watcher import BaseWatcher, TaskCreationError
2026-02-06 04:00:00 +05:00: attempted relative import with no known parent package
2026-02-06 04:00:08 +05:00: Traceback (most recent call last):
2026-02-06 04:00:08 +05:00:   File "/mnt/d/Hackathons/hackathon-0/silver/src/watchers/linkedin_watcher.py", line 15, in <module>
2026-02-06 04:00:08 +05:00:     from .base_watcher import BaseWatcher, TaskCreationError
2026-02-06 04:00:08 +05:00: ImportError: attempted relative import with no known parent package
2026-02-06 04:00:15 +05:00: Traceback (most recent call last):
2026-02-06 04:00:15 +05:00:   File "/mnt/d/Hackathons/hackathon-0/silver/src/watchers/linkedin_watcher.py", line 15, in <module>
2026-02-06 04:00:15 +05:00:     from .base_watcher import BaseWatcher, TaskCreationError
2026-02-06 04:00:15 +05:00: ImportError: attempted relative import with no known parent package
2026-02-06 04:00:22 +05:00: Traceback (most recent call last):
2026-02-06 04:00:22 +05:00:   File "/mnt/d/Hackathons/hackathon-0/silver/src/watchers/linkedin_watcher.py", line 15, in <module>
2026-02-06 04:00:22 +05:00:     from .base_watcher import BaseWatcher, TaskCreationError
2026-02-06 04:00:22 +05:00: attempted relative import with no known parent package
2026-02-06 04:00:31 +05:00: Traceback (most recent call last):
2026-02-06 04:00:31 +05:00:   File "/mnt/d/Hackathons/hackathon-0/silver/src/watchers/linkedin_watcher.py", line 15, in <module>
2026-02-06 04:00:31 +05:00:     from .base_watcher import BaseWatcher, TaskCreationError
2026-02-06 04:00:31 +05:00: ImportError: attempted relative import with no known parent package
2026-02-06 04:00:38 +05:00: Traceback (most recent call last):
2026-02-06 04:00:38 +05:00:   File "/mnt/d/Hackathons/hackathon-0/silver/src/watchers/linkedin_watcher.py", line 15, in <module>
2026-02-06 04:00:38 +05:00:     from .base_watcher import BaseWatcher, TaskCreationError
2026-02-06 04:00:38 +05:00: ImportError: attempted relative import with no known parent package
2026-02-06 04:00:46 +05:00: Traceback (most recent call last):
2026-02-06 04:00:46 +05:00:   File "/mnt/d/Hackathons/hackathon-0/silver/src/watchers/linkedin_watcher.py", line 15, in <module>
2026-02-06 04:00:46 +05:00:     from .base_watcher import BaseWatcher, TaskCreationError
2026-02-06 04:00:46 +05:00: ImportError: attempted relative import with no known parent package
2026-02-06 04:00:54 +05:00: Traceback (most recent call last):
2026-02-06 04:00:54 +05:00:   File "/mnt/d/Hackathons/hackathon-0/silver/src/watchers/linkedin_watcher.py", line 15, in <module>
2026-02-06 04:00:54 +05:00:     from .base_watcher import BaseWatcher, TaskCreationError
2026-02-06 04:00:54 +05:00: ImportError: attempted relative import with no known parent package
2026-02-06 04:01:02 +05:00: Traceback (most recent call last):
2026-02-06 04:01:02 +05:00:   File "/mnt/d/Hackathons/hackathon-0/silver/src/watchers/linkedin_watcher.py", line 15, in <module>
2026-02-06 04:01:02 +05:00:     from .base_watcher import BaseWatcher, TaskCreationError
2026-02-06 04:01:02 +05:00: ImportError: attempted relative import with no known parent package
2026-02-06 04:01:10 +05:00: Traceback (most recent call last):
2026-02-06 04:01:10 +05:00:   File "/mnt/d/Hackathons/hackathon-0/silver/src/watchers/linkedin_watcher.py", line 15, in <module>
2026-02-06 04:01:10 +05:00:     from .base_watcher import BaseWatcher, TaskCreationError
2026-02-06 04:01:10 +05:00: attempted relative import with no known parent package
2026-02-06 04:01:17 +05:00: Traceback (most recent call last):
2026-02-06 04:01:17 +05:00:   File "/mnt/d/Hackathons/hackathon-0/silver/src/watchers/linkedin_watcher.py", line 15, in <module>
2026-02-06 04:01:17 +05:00:     from .base_watcher import BaseWatcher, TaskCreationError
2026-02-06 04:01:17 +05:00: ImportError: attempted relative import with no known parent package
2026-02-06 04:01:25 +05:00: Traceback (most recent call last):
2026-02-06 04:01:25 +05:00:   File "/mnt/d/Hackathons/hackathon-0/silver/src/watchers/linkedin_watcher.py", line 15, in <module>
2026-02-06 04:01:25 +05:00:     
2026-02-06 04:01:25 +05:00: from .base_watcher import BaseWatcher, TaskCreationError
2026-02-06 04:01:25 +05:00: ImportError: attempted relative import with no known parent package
2026-02-06 04:01:32 +05:00: Traceback (most recent call last):
2026-02-06 04:01:32 +05:00:   File "/mnt/d/Hackathons/hackathon-0/silver/src/watchers/linkedin_watcher.py", line 15, in <module>
2026-02-06 04:01:32 +05:00:     from .base_watcher import BaseWatcher, TaskCreationError
2026-02-06 04:01:32 +05:00: ImportError: attempted relative import with no known parent package
2026-02-06 04:01:40 +05:00: Traceback (most recent call last):
2026-02-06 04:01:40 +05:00:   File "/mnt/d/Hackathons/hackathon-0/silver/src/watchers/linkedin_watcher.py", line 15, in <module>
2026-02-06 04:01:40 +05:00:     
2026-02-06 04:01:40 +05:00: from .base_watcher import BaseWatcher, TaskCreationError
2026-02-06 04:01:40 +05:00: ImportError: attempted relative import with no known parent package
2026-02-06 04:01:48 +05:00: Traceback (most recent call last):
2026-02-06 04:01:48 +05:00:   File "/mnt/d/Hackathons/hackathon-0/silver/src/watchers/linkedin_watcher.py", line 15, in <module>
2026-02-06 04:01:48 +05:00:     from .base_watcher import BaseWatcher, TaskCreationError
2026-02-06 04:01:48 +05:00: ImportError: attempted relative import with no known parent package
2026-02-06 04:01:55 +05:00: Traceback (most recent call last):
2026-02-06 04:01:55 +05:00:   File "/mnt/d/Hackathons/hackathon-0/silver/src/watchers/linkedin_watcher.py", line 15, in <module>
2026-02-06 04:01:55 +05:00:     from .base_watcher import BaseWatcher, TaskCreationError
2026-02-06 04:01:55 +05:00: ImportError: attempted relative import with no known parent package
2026-02-06 04:02:03 +05:00: Traceback (most recent call last):
2026-02-06 04:02:03 +05:00:   File "/mnt/d/Hackathons/hackathon-0/silver/src/watchers/linkedin_watcher.py", line 15, in <module>
2026-02-06 04:02:03 +05:00:     from .base_watcher import BaseWatcher, TaskCreationError
2026-02-06 04:02:03 +05:00: ImportError: attempted relative import with no known parent package
2026-02-06 04:02:10 +05:00: Traceback (most recent call last):
2026-02-06 04:02:10 +05:00:   File "/mnt/d/Hackathons/hackathon-0/silver/src/watchers/linkedin_watcher.py", line 15, in <module>
2026-02-06 04:02:10 +05:00:     from .base_watcher import BaseWatcher, TaskCreationError
2026-02-06 04:02:10 +05:00: ImportError: attempted relative import with no known parent package
2026-02-06 04:02:17 +05:00: Traceback (most recent call last):
2026-02-06 04:02:17 +05:00:   File "/mnt/d/Hackathons/hackathon-0/silver/src/watchers/linkedin_watcher.py", line 15, in <module>
2026-02-06 04:02:17 +05:00:     from .base_watcher import BaseWatcher, TaskCreationError
2026-02-06 04:02:17 +05:00: ImportError: attempted relative import with no known parent package
2026-02-06 04:02:24 +05:00: Traceback (most recent call last):
2026-02-06 04:02:24 +05:00:   File "/mnt/d/Hackathons/hackathon-0/silver/src/watchers/linkedin_watcher.py", line 15, in <module>
2026-02-06 04:02:24 +05:00:     from .base_watcher import BaseWatcher, TaskCreationError
2026-02-06 04:02:24 +05:00: ImportError: attempted relative import with no known parent package
2026-02-06 04:02:32 +05:00: Traceback (most recent call last):
2026-02-06 04:02:32 +05:00:   File "/mnt/d/Hackathons/hackathon-0/silver/src/watchers/linkedin_watcher.py", line 15, in <module>
2026-02-06 04:02:32 +05:00:     from .base_watcher import BaseWatcher, TaskCreationError
2026-02-06 04:02:32 +05:00: ImportError: attempted relative import with no known parent package
2026-02-06 04:02:40 +05:00: Traceback (most recent call last):
2026-02-06 04:02:40 +05:00:   File "/mnt/d/Hackathons/hackathon-0/silver/src/watchers/linkedin_watcher.py", line 15, in <module>
2026-02-06 04:02:40 +05:00:     from .base_watcher import BaseWatcher, TaskCreationError
2026-02-06 04:02:40 +05:00: ImportError: attempted relative import with no known parent package
2026-02-06 04:02:48 +05:00: Traceback (most recent call last):
2026-02-06 04:02:48 +05:00:   File "/mnt/d/Hackathons/hackathon-0/silver/src/watchers/linkedin_watcher.py", line 15, in <module>
2026-02-06 04:02:48 +05:00:     from .base_watcher import BaseWatcher, TaskCreationError
2026-02-06 04:02:48 +05:00: ImportError: attempted relative import with no known parent package
2026-02-06 04:02:57 +05:00: Traceback (most recent call last):
2026-02-06 04:02:57 +05:00:   File "/mnt/d/Hackathons/hackathon-0/silver/src/watchers/linkedin_watcher.py", line 15, in <module>
2026-02-06 04:02:57 +05:00:     from .base_watcher import BaseWatcher, TaskCreationError
2026-02-06 04:02:57 +05:00: ImportError: attempted relative import with no known parent package
2026-02-06 04:03:04 +05:00: Traceback (most recent call last):
2026-02-06 04:03:04 +05:00:   File "/mnt/d/Hackathons/hackathon-0/silver/src/watchers/linkedin_watcher.py", line 15, in <module>
2026-02-06 04:03:04 +05:00:     from .base_watcher import BaseWatcher, TaskCreationError
2026-02-06 04:03:04 +05:00: ImportError: attempted relative import with no known parent package
2026-02-06 04:03:11 +05:00: Traceback (most recent call last):
2026-02-06 04:03:11 +05:00:   File "/mnt/d/Hackathons/hackathon-0/silver/src/watchers/linkedin_watcher.py", line 15, in <module>
2026-02-06 04:03:11 +05:00:     from .base_watcher import BaseWatcher, TaskCreationError
2026-02-06 04:03:11 +05:00: ImportError: attempted relative import with no known parent package
2026-02-06 04:03:18 +05:00: Traceback (most recent call last):
2026-02-06 04:03:18 +05:00:   File "/mnt/d/Hackathons/hackathon-0/silver/src/watchers/linkedin_watcher.py", line 15, in <module>
2026-02-06 04:03:18 +05:00:     from .base_watcher import BaseWatcher, TaskCreationError
2026-02-06 04:03:18 +05:00: ImportError: attempted relative import with no known parent package
2026-02-06 04:03:26 +05:00: Traceback (most recent call last):
2026-02-06 04:03:26 +05:00:   File "/mnt/d/Hackathons/hackathon-0/silver/src/watchers/linkedin_watcher.py", line 15, in <module>
2026-02-06 04:03:26 +05:00:     from .base_watcher import BaseWatcher, TaskCreationError
2026-02-06 04:03:26 +05:00: ImportError: attempted relative import with no known parent package
2026-02-06 04:03:34 +05:00: Traceback (most recent call last):
2026-02-06 04:03:34 +05:00:   File "/mnt/d/Hackathons/hackathon-0/silver/src/watchers/linkedin_watcher.py", line 15, in <module>
2026-02-06 04:03:34 +05:00:     from .base_watcher import BaseWatcher, TaskCreationError
2026-02-06 04:03:34 +05:00: ImportError: attempted relative import with no known parent package
2026-02-06 04:03:40 +05:00: Traceback (most recent call last):
2026-02-06 04:03:40 +05:00:   File "/mnt/d/Hackathons/hackathon-0/silver/src/watchers/linkedin_watcher.py", line 15, in <module>
2026-02-06 04:03:40 +05:00:     from .base_watcher import BaseWatcher, TaskCreationError
2026-02-06 04:03:40 +05:00: ImportError: attempted relative import with no known parent package
2026-02-06 04:03:48 +05:00: Traceback (most recent call last):
2026-02-06 04:03:48 +05:00:   File "/mnt/d/Hackathons/hackathon-0/silver/src/watchers/linkedin_watcher.py", line 15, in <module>
2026-02-06 04:03:48 +05:00:     from .base_watcher import BaseWatcher, TaskCreationError
2026-02-06 04:03:48 +05:00: ImportError: attempted relative import with no known parent package
2026-02-06 04:03:55 +05:00: Traceback (most recent call last):
2026-02-06 04:03:55 +05:00:   File "/mnt/d/Hackathons/hackathon-0/silver/src/watchers/linkedin_watcher.py", line 15, in <module>
2026-02-06 04:03:55 +05:00:     from .base_watcher import BaseWatcher, TaskCreationError
2026-02-06 04:03:55 +05:00: ImportError: attempted relative import with no known parent package
2026-02-06 04:04:04 +05:00: Traceback (most recent call last):
2026-02-06 04:04:04 +05:00:   File "/mnt/d/Hackathons/hackathon-0/silver/src/watchers/linkedin_watcher.py", line 15, in <module>
2026-02-06 04:04:04 +05:00:     from .base_watcher import BaseWatcher, TaskCreationError
2026-02-06 04:04:04 +05:00: ImportError: attempted relative import with no known parent package
2026-02-06 04:04:12 +05:00: Traceback (most recent call last):
2026-02-06 04:04:12 +05:00:   File "/mnt/d/Hackathons/hackathon-0/silver/src/watchers/linkedin_watcher.py", line 15, in <module>
2026-02-06 04:04:12 +05:00:     from .base_watcher import BaseWatcher, TaskCreationError
2026-02-06 04:04:12 +05:00: ImportError: attempted relative import with no known parent package
2026-02-06 04:04:20 +05:00: Traceback (most recent call last):
2026-02-06 04:04:20 +05:00:   File "/mnt/d/Hackathons/hackathon-0/silver/src/watchers/linkedin_watcher.py", line 15, in <module>
2026-02-06 04:04:20 +05:00:     from .base_watcher import BaseWatcher, TaskCreationError
2026-02-06 04:04:20 +05:00: ImportError: attempted relative import with no known parent package
2026-02-06 04:04:27 +05:00: Traceback (most recent call last):
2026-02-06 04:04:27 +05:00:   File "/mnt/d/Hackathons/hackathon-0/silver/src/watchers/linkedin_watcher.py", line 15, in <module>
2026-02-06 04:04:27 +05:00:     from .base_watcher import BaseWatcher, TaskCreationError
2026-02-06 04:04:27 +05:00: ImportError: attempted relative import with no known parent package
2026-02-06 04:04:34 +05:00: Traceback (most recent call last):
2026-02-06 04:04:34 +05:00:   File "/mnt/d/Hackathons/hackathon-0/silver/src/watchers/linkedin_watcher.py", line 15, in <module>
2026-02-06 04:04:34 +05:00:     from .base_watcher import BaseWatcher, TaskCreationError
2026-02-06 04:04:34 +05:00: ImportError: attempted relative import with no known parent package
2026-02-06 04:04:41 +05:00: Traceback (most recent call last):
2026-02-06 04:04:41 +05:00:   File "/mnt/d/Hackathons/hackathon-0/silver/src/watchers/linkedin_watcher.py", line 15, in <module>
2026-02-06 04:04:41 +05:00:     from .base_watcher import BaseWatcher, TaskCreationError
2026-02-06 04:04:41 +05:00: ImportError: attempted relative import with no known parent package
2026-02-06 04:04:48 +05:00: Traceback (most recent call last):
2026-02-06 04:04:48 +05:00:   File "/mnt/d/Hackathons/hackathon-0/silver/src/watchers/linkedin_watcher.py", line 15, in <module>
2026-02-06 04:04:48 +05:00:     from .base_watcher import BaseWatcher, TaskCreationError
2026-02-06 04:04:48 +05:00: ImportError: attempted relative import with no known parent package
2026-02-06 04:04:56 +05:00: Traceback (most recent call last):
2026-02-06 04:04:56 +05:00:   File "/mnt/d/Hackathons/hackathon-0/silver/src/watchers/linkedin_watcher.py", line 15, in <module>
2026-02-06 04:04:56 +05:00:     from .base_watcher import BaseWatcher, TaskCreationError
2026-02-06 04:04:56 +05:00: ImportError: attempted relative import with no known parent package
2026-02-06 04:05:03 +05:00: Traceback (most recent call last):
2026-02-06 04:05:03 +05:00:   File "/mnt/d/Hackathons/hackathon-0/silver/src/watchers/linkedin_watcher.py", line 15, in <module>
2026-02-06 04:05:03 +05:00:     from .base_watcher import BaseWatcher, TaskCreationError
2026-02-06 04:05:03 +05:00: ImportError: attempted relative import with no known parent package
2026-02-06 04:05:11 +05:00: Traceback (most recent call last):
2026-02-06 04:05:11 +05:00:   File "/mnt/d/Hackathons/hackathon-0/silver/src/watchers/linkedin_watcher.py", line 15, in <module>
2026-02-06 04:05:11 +05:00:     from .base_watcher import BaseWatcher, TaskCreationError
2026-02-06 04:05:11 +05:00: ImportError: attempted relative import with no known parent package
2026-02-06 04:05:20 +05:00: Traceback (most recent call last):
2026-02-06 04:05:20 +05:00:   File "/mnt/d/Hackathons/hackathon-0/silver/src/watchers/linkedin_watcher.py", line 15, in <module>
2026-02-06 04:05:20 +05:00:     from .base_watcher import BaseWatcher, TaskCreationError
2026-02-06 04:05:20 +05:00: ImportError: attempted relative import with no known parent package
2026-02-06 04:05:27 +05:00: Traceback (most recent call last):
2026-02-06 04:05:27 +05:00:   File "/mnt/d/Hackathons/hackathon-0/silver/src/watchers/linkedin_watcher.py", line 15, in <module>
2026-02-06 04:05:27 +05:00:     from .base_watcher import BaseWatcher, TaskCreationError
2026-02-06 04:05:27 +05:00: ImportError: attempted relative import with no known parent package
2026-02-06 04:05:52 +05:00: Traceback (most recent call last):
2026-02-06 04:05:52 +05:00:   File "/mnt/d/Hackathons/hackathon-0/silver/src/watchers/linkedin_watcher.py", line 15, in <module>
2026-02-06 04:05:52 +05:00:     from .base_watcher import BaseWatcher, TaskCreationError
2026-02-06 04:05:52 +05:00: ImportError: attempted relative import with no known parent package
2026-02-06 04:06:00 +05:00: Traceback (most recent call last):
2026-02-06 04:06:00 +05:00:   File "/mnt/d/Hackathons/hackathon-0/silver/src/watchers/linkedin_watcher.py", line 15, in <module>
2026-02-06 04:06:00 +05:00:     from .base_watcher import BaseWatcher, TaskCreationError
2026-02-06 04:06:00 +05:00: ImportError: attempted relative import with no known parent package
2026-02-06 04:06:06 +05:00: Traceback (most recent call last):
2026-02-06 04:06:06 +05:00:   File "/mnt/d/Hackathons/hackathon-0/silver/src/watchers/linkedin_watcher.py", line 15, in <module>
2026-02-06 04:06:06 +05:00:     from .base_watcher import BaseWatcher, TaskCreationError
2026-02-06 04:06:06 +05:00: ImportError: attempted relative import with no known parent package
2026-02-06 04:06:14 +05:00: Traceback (most recent call last):
2026-02-06 04:06:14 +05:00:   File "/mnt/d/Hackathons/hackathon-0/silver/src/watchers/linkedin_watcher.py", line 15, in <module>
2026-02-06 04:06:14 +05:00:     from .base_watcher import BaseWatcher, TaskCreationError
2026-02-06 04:06:14 +05:00: ImportError: attempted relative import with no known parent package
2026-02-06 04:06:24 +05:00: Traceback (most recent call last):
2026-02-06 04:06:24 +05:00:   File "/mnt/d/Hackathons/hackathon-0/silver/src/watchers/linkedin_watcher.py", line 15, in <module>
2026-02-06 04:06:24 +05:00:     from .base_watcher import BaseWatcher, TaskCreationError
2026-02-06 04:06:24 +05:00: ImportError: attempted relative import with no known parent package
2026-02-06 04:06:34 +05:00: Traceback (most recent call last):
2026-02-06 04:06:34 +05:00:   File "/mnt/d/Hackathons/hackathon-0/silver/src/watchers/linkedin_watcher.py", line 15, in <module>
2026-02-06 04:06:34 +05:00:     from .base_watcher import BaseWatcher, TaskCreationError
2026-02-06 04:06:34 +05:00: ImportError: attempted relative import with no known parent package
2026-02-06 04:06:43 +05:00: Traceback (most recent call last):
2026-02-06 04:06:43 +05:00:   File "/mnt/d/Hackathons/hackathon-0/silver/src/watchers/linkedin_watcher.py", line 15, in <module>
2026-02-06 04:06:43 +05:00:     from .base_watcher import BaseWatcher, TaskCreationError
2026-02-06 04:06:43 +05:00: ImportError: attempted relative import with no known parent package
2026-02-06 04:06:52 +05:00: Traceback (most recent call last):
2026-02-06 04:06:52 +05:00:   File "/mnt/d/Hackathons/hackathon-0/silver/src/watchers/linkedin_watcher.py", line 15, in <module>
2026-02-06 04:06:52 +05:00:     from .base_watcher import BaseWatcher, TaskCreationError
2026-02-06 04:06:52 +05:00: ImportError: attempted relative import with no known parent package
2026-02-06 04:07:02 +05:00: Traceback (most recent call last):
2026-02-06 04:07:02 +05:00:   File "/mnt/d/Hackathons/hackathon-0/silver/src/watchers/linkedin_watcher.py", line 15, in <module>
2026-02-06 04:07:02 +05:00:     from .base_watcher import BaseWatcher, TaskCreationError
2026-02-06 04:07:02 +05:00: ImportError: attempted relative import with no known parent package
2026-02-06 04:07:10 +05:00: Traceback (most recent call last):
2026-02-06 04:07:10 +05:00:   File "/mnt/d/Hackathons/hackathon-0/silver/src/watchers/linkedin_watcher.py", line 15, in <module>
2026-02-06 04:07:10 +05:00:     from .base_watcher import BaseWatcher, TaskCreationError
2026-02-06 04:07:10 +05:00: ImportError: attempted relative import with no known parent package
2026-02-06 04:07:17 +05:00: Traceback (most recent call last):
2026-02-06 04:07:17 +05:00:   File "/mnt/d/Hackathons/hackathon-0/silver/src/watchers/linkedin_watcher.py", line 15, in <module>
2026-02-06 04:07:17 +05:00:     from .base_watcher import BaseWatcher, TaskCreationError
2026-02-06 04:07:17 +05:00: ImportError: attempted relative import with no known parent package
2026-02-06 04:07:26 +05:00: Traceback (most recent call last):
2026-02-06 04:07:26 +05:00:   File "/mnt/d/Hackathons/hackathon-0/silver/src/watchers/linkedin_watcher.py", line 15, in <module>
2026-02-06 04:07:26 +05:00:     from .base_watcher import BaseWatcher, TaskCreationError
2026-02-06 04:07:26 +05:00: ImportError: attempted relative import with no known parent package
2026-02-06 04:07:34 +05:00: Traceback (most recent call last):
2026-02-06 04:07:34 +05:00:   File "/mnt/d/Hackathons/hackathon-0/silver/src/watchers/linkedin_watcher.py", line 15, in <module>
2026-02-06 04:07:34 +05:00:     from .base_watcher import BaseWatcher, TaskCreationError
2026-02-06 04:07:34 +05:00: ImportError: attempted relative import with no known parent package
2026-02-06 04:07:45 +05:00: Traceback (most recent call last):
2026-02-06 04:07:45 +05:00:   File "/mnt/d/Hackathons/hackathon-0/silver/src/watchers/linkedin_watcher.py", line 15, in <module>
2026-02-06 04:07:45 +05:00:     from .base_watcher import BaseWatcher, TaskCreationError
2026-02-06 04:07:45 +05:00: ImportError: attempted relative import with no known parent package
2026-02-06 04:07:54 +05:00: Traceback (most recent call last):
2026-02-06 04:07:54 +05:00:   File "/mnt/d/Hackathons/hackathon-0/silver/src/watchers/linkedin_watcher.py", line 15, in <module>
2026-02-06 04:07:54 +05:00:     from .base_watcher import BaseWatcher, TaskCreationError
2026-02-06 04:07:54 +05:00: ImportError: attempted relative import with no known parent package
2026-02-06 04:08:03 +05:00: Traceback (most recent call last):
2026-02-06 04:08:03 +05:00:   File "/mnt/d/Hackathons/hackathon-0/silver/src/watchers/linkedin_watcher.py", line 15, in <module>
2026-02-06 04:08:03 +05:00:     from .base_watcher import BaseWatcher, TaskCreationError
2026-02-06 04:08:03 +05:00: ImportError: attempted relative import with no known parent package
2026-02-06 04:08:12 +05:00: Traceback (most recent call last):
2026-02-06 04:08:12 +05:00:   File "/mnt/d/Hackathons/hackathon-0/silver/src/watchers/linkedin_watcher.py", line 15, in <module>
2026-02-06 04:08:12 +05:00:     from .base_watcher import BaseWatcher, TaskCreationError
2026-02-06 04:08:12 +05:00: ImportError: attempted relative import with no known parent package
2026-02-06 04:08:22 +05:00: Traceback (most recent call last):
2026-02-06 04:08:22 +05:00:   File "/mnt/d/Hackathons/hackathon-0/silver/src/watchers/linkedin_watcher.py", line 15, in <module>
2026-02-06 04:08:22 +05:00:     from .base_watcher import BaseWatcher, TaskCreationError
2026-02-06 04:08:22 +05:00: ImportError: attempted relative import with no known parent package
2026-02-06 04:08:31 +05:00: Traceback (most recent call last):
2026-02-06 04:08:31 +05:00:   File "/mnt/d/Hackathons/hackathon-0/silver/src/watchers/linkedin_watcher.py", line 15, in <module>
2026-02-06 04:08:31 +05:00:     from .base_watcher import BaseWatcher, TaskCreationError
2026-02-06 04:08:31 +05:00: 
2026-02-06 04:08:31 +05:00: ImportError: attempted relative import with no known parent package
2026-02-06 04:08:40 +05:00: Traceback (most recent call last):
2026-02-06 04:08:40 +05:00:   File "/mnt/d/Hackathons/hackathon-0/silver/src/watchers/linkedin_watcher.py", line 15, in <module>
2026-02-06 04:08:40 +05:00:     from .base_watcher import BaseWatcher, TaskCreationError
2026-02-06 04:08:40 +05:00: 
2026-02-06 04:08:48 +05:00: Traceback (most recent call last):
2026-02-06 04:08:48 +05:00:   File "/mnt/d/Hackathons/hackathon-0/silver/src/watchers/linkedin_watcher.py", line 15, in <module>
2026-02-06 04:08:48 +05:00:     from .base_watcher import BaseWatcher, TaskCreationError
2026-02-06 04:08:48 +05:00: ImportError: attempted relative import with no known parent package
2026-02-06 04:08:58 +05:00: Traceback (most recent call last):
2026-02-06 04:08:58 +05:00:   File "/mnt/d/Hackathons/hackathon-0/silver/src/watchers/linkedin_watcher.py", line 15, in <module>
2026-02-06 04:08:58 +05:00:     from .base_watcher import BaseWatcher, TaskCreationError
2026-02-06 04:08:58 +05:00: ImportError: attempted relative import with no known parent package
2026-02-06 04:09:05 +05:00: Traceback (most recent call last):
2026-02-06 04:09:05 +05:00:   File "/mnt/d/Hackathons/hackathon-0/silver/src/watchers/linkedin_watcher.py", line 15, in <module>
2026-02-06 04:09:05 +05:00:     from .base_watcher import BaseWatcher, TaskCreationError
2026-02-06 04:09:05 +05:00: ImportError: attempted relative import with no known parent package
2026-02-06 04:09:14 +05:00: Traceback (most recent call last):
2026-02-06 04:09:14 +05:00:   File "/mnt/d/Hackathons/hackathon-0/silver/src/watchers/linkedin_watcher.py", line 15, in <module>
2026-02-06 04:09:14 +05:00:     from .base_watcher import BaseWatcher, TaskCreationError
2026-02-06 04:09:14 +05:00: ImportError: attempted relative import with no known parent package
2026-02-06 04:09:23 +05:00: Traceback (most recent call last):
2026-02-06 04:09:23 +05:00:   File "/mnt/d/Hackathons/hackathon-0/silver/src/watchers/linkedin_watcher.py", line 15, in <module>
2026-02-06 04:09:23 +05:00:     from .base_watcher import BaseWatcher, TaskCreationError
2026-02-06 04:09:23 +05:00: ImportError: attempted relative import with no known parent package
2026-02-06 04:09:32 +05:00: Traceback (most recent call last):
2026-02-06 04:09:32 +05:00:   File "/mnt/d/Hackathons/hackathon-0/silver/src/watchers/linkedin_watcher.py", line 15, in <module>
2026-02-06 04:09:32 +05:00:     from .base_watcher import BaseWatcher, TaskCreationError
2026-02-06 04:09:32 +05:00: ImportError: attempted relative import with no known parent package
2026-02-06 04:09:39 +05:00: Traceback (most recent call last):
2026-02-06 04:09:39 +05:00:   File "/mnt/d/Hackathons/hackathon-0/silver/src/watchers/linkedin_watcher.py", line 15, in <module>
2026-02-06 04:09:39 +05:00:     from .base_watcher import BaseWatcher, TaskCreationError
2026-02-06 04:09:39 +05:00: ImportError: attempted relative import with no known parent package
2026-02-06 04:09:47 +05:00: Traceback (most recent call last):
2026-02-06 04:09:47 +05:00:   File "/mnt/d/Hackathons/hackathon-0/silver/src/watchers/linkedin_watcher.py", line 15, in <module>
2026-02-06 04:09:47 +05:00:     from .base_watcher import BaseWatcher, TaskCreationError
2026-02-06 04:09:47 +05:00: ImportError: attempted relative import with no known parent package
2026-02-06 04:09:56 +05:00: Traceback (most recent call last):
2026-02-06 04:09:56 +05:00:   File "/mnt/d/Hackathons/hackathon-0/silver/src/watchers/linkedin_watcher.py", line 15, in <module>
2026-02-06 04:09:56 +05:00:     from .base_watcher import BaseWatcher, TaskCreationError
2026-02-06 04:09:56 +05:00: ImportError: attempted relative import with no known parent package
2026-02-06 04:10:04 +05:00: Traceback (most recent call last):
2026-02-06 04:10:04 +05:00:   File "/mnt/d/Hackathons/hackathon-0/silver/src/watchers/linkedin_watcher.py", line 15, in <module>
2026-02-06 04:10:04 +05:00:     from .base_watcher import BaseWatcher, TaskCreationError
2026-02-06 04:10:04 +05:00: ImportError: attempted relative import with no known parent package
2026-02-06 04:10:15 +05:00: Traceback (most recent call last):
2026-02-06 04:10:15 +05:00:   File "/mnt/d/Hackathons/hackathon-0/silver/src/watchers/linkedin_watcher.py", line 15, in <module>
2026-02-06 04:10:15 +05:00:     from .base_watcher import BaseWatcher, TaskCreationError
2026-02-06 04:10:15 +05:00: ImportError: attempted relative import with no known parent package
2026-02-06 04:10:23 +05:00: Traceback (most recent call last):
2026-02-06 04:10:23 +05:00:   File "/mnt/d/Hackathons/hackathon-0/silver/src/watchers/linkedin_watcher.py", line 15, in <module>
2026-02-06 04:10:23 +05:00:     from .base_watcher import BaseWatcher, TaskCreationError
2026-02-06 04:10:23 +05:00: ImportError: attempted relative import with no known parent package
2026-02-06 04:10:31 +05:00: Traceback (most recent call last):
2026-02-06 04:10:31 +05:00:   File "/mnt/d/Hackathons/hackathon-0/silver/src/watchers/linkedin_watcher.py", line 15, in <module>
2026-02-06 04:10:31 +05:00:     from .base_watcher import BaseWatcher, TaskCreationError
2026-02-06 04:10:31 +05:00: ImportError: attempted relative import with no known parent package
2026-02-06 04:10:39 +05:00: Traceback (most recent call last):
2026-02-06 04:10:39 +05:00:   File "/mnt/d/Hackathons/hackathon-0/silver/src/watchers/linkedin_watcher.py", line 15, in <module>
2026-02-06 04:10:39 +05:00:     from .base_watcher import BaseWatcher, TaskCreationError
2026-02-06 04:10:39 +05:00: ImportError: attempted relative import with no known parent package
2026-02-06 04:10:48 +05:00: Traceback (most recent call last):
2026-02-06 04:10:48 +05:00:   File "/mnt/d/Hackathons/hackathon-0/silver/src/watchers/linkedin_watcher.py", line 15, in <module>
2026-02-06 04:10:48 +05:00:     from .base_watcher import BaseWatcher, TaskCreationError
2026-02-06 04:10:48 +05:00: ImportError: attempted relative import with no known parent package
2026-02-06 04:10:58 +05:00: Traceback (most recent call last):
2026-02-06 04:10:58 +05:00:   File "/mnt/d/Hackathons/hackathon-0/silver/src/watchers/linkedin_watcher.py", line 15, in <module>
2026-02-06 04:10:58 +05:00:     from .base_watcher import BaseWatcher, TaskCreationError
2026-02-06 04:10:58 +05:00: ImportError: attempted relative import with no known parent package
2026-02-06 04:11:06 +05:00: Traceback (most recent call last):
2026-02-06 04:11:06 +05:00:   File "/mnt/d/Hackathons/hackathon-0/silver/src/watchers/linkedin_watcher.py", line 15, in <module>
2026-02-06 04:11:06 +05:00:     from .base_watcher import BaseWatcher, TaskCreationError
2026-02-06 04:11:06 +05:00: ImportError: attempted relative import with no known parent package
2026-02-06 04:11:14 +05:00: Traceback (most recent call last):
2026-02-06 04:11:14 +05:00:   File "/mnt/d/Hackathons/hackathon-0/silver/src/watchers/linkedin_watcher.py", line 15, in <module>
2026-02-06 04:11:14 +05:00:     from .base_watcher import BaseWatcher, TaskCreationError
2026-02-06 04:11:14 +05:00: attempted relative import with no known parent package
2026-02-06 04:11:24 +05:00: Traceback (most recent call last):
2026-02-06 04:11:24 +05:00:   File "/mnt/d/Hackathons/hackathon-0/silver/src/watchers/linkedin_watcher.py", line 15, in <module>
2026-02-06 04:11:24 +05:00:     from .base_watcher import BaseWatcher, TaskCreationError
2026-02-06 04:11:24 +05:00: ImportError: attempted relative import with no known parent package
2026-02-06 04:11:34 +05:00: Traceback (most recent call last):
2026-02-06 04:11:34 +05:00:   File "/mnt/d/Hackathons/hackathon-0/silver/src/watchers/linkedin_watcher.py", line 15, in <module>
2026-02-06 04:11:34 +05:00:     from .base_watcher import BaseWatcher, TaskCreationError
2026-02-06 04:11:34 +05:00: ImportError: attempted relative import with no known parent package
2026-02-06 04:11:41 +05:00: Traceback (most recent call last):
2026-02-06 04:11:41 +05:00:   File "/mnt/d/Hackathons/hackathon-0/silver/src/watchers/linkedin_watcher.py", line 15, in <module>
2026-02-06 04:11:41 +05:00:     from .base_watcher import BaseWatcher, TaskCreationError
2026-02-06 04:11:41 +05:00: ImportError: attempted relative import with no known parent package
2026-02-06 04:11:49 +05:00: Traceback (most recent call last):
2026-02-06 04:11:49 +05:00:   File "/mnt/d/Hackathons/hackathon-0/silver/src/watchers/linkedin_watcher.py", line 15, in <module>
2026-02-06 04:11:49 +05:00:     from .base_watcher import BaseWatcher, TaskCreationError
2026-02-06 04:11:49 +05:00: ImportError: attempted relative import with no known parent package
2026-02-06 04:11:57 +05:00: Traceback (most recent call last):
2026-02-06 04:11:57 +05:00:   File "/mnt/d/Hackathons/hackathon-0/silver/src/watchers/linkedin_watcher.py", line 15, in <module>
2026-02-06 04:11:57 +05:00:     from .base_watcher import BaseWatcher, TaskCreationError
2026-02-06 04:11:57 +05:00: ImportError: attempted relative import with no known parent package
2026-02-06 04:12:05 +05:00: Traceback (most recent call last):
2026-02-06 04:12:05 +05:00:   File "/mnt/d/Hackathons/hackathon-0/silver/src/watchers/linkedin_watcher.py", line 15, in <module>
2026-02-06 04:12:05 +05:00:     from .base_watcher import BaseWatcher, TaskCreationError
2026-02-06 04:12:05 +05:00: ImportError: attempted relative import with no known parent package
2026-02-06 04:12:14 +05:00: Traceback (most recent call last):
2026-02-06 04:12:14 +05:00:   File "/mnt/d/Hackathons/hackathon-0/silver/src/watchers/linkedin_watcher.py", line 15, in <module>
2026-02-06 04:12:14 +05:00:     from .base_watcher import BaseWatcher, TaskCreationError
2026-02-06 04:12:14 +05:00: ImportError: attempted relative import with no known parent package
2026-02-06 04:12:23 +05:00: Traceback (most recent call last):
2026-02-06 04:12:23 +05:00:   File "/mnt/d/Hackathons/hackathon-0/silver/src/watchers/linkedin_watcher.py", line 15, in <module>
2026-02-06 04:12:23 +05:00:     from .base_watcher import BaseWatcher, TaskCreationError
2026-02-06 04:12:23 +05:00: : attempted relative import with no known parent package
2026-02-06 04:12:31 +05:00: Traceback (most recent call last):
2026-02-06 04:12:31 +05:00:   File "/mnt/d/Hackathons/hackathon-0/silver/src/watchers/linkedin_watcher.py", line 15, in <module>
2026-02-06 04:12:31 +05:00:     from .base_watcher import BaseWatcher, TaskCreationError
2026-02-06 04:12:31 +05:00: ImportError: attempted relative import with no known parent package
2026-02-06 04:12:41 +05:00: Traceback (most recent call last):
2026-02-06 04:12:41 +05:00:   File "/mnt/d/Hackathons/hackathon-0/silver/src/watchers/linkedin_watcher.py", line 15, in <module>
2026-02-06 04:12:41 +05:00:     from .base_watcher import BaseWatcher, TaskCreationError
2026-02-06 04:12:41 +05:00: ImportError: attempted relative import with no known parent package
2026-02-06 04:12:49 +05:00: Traceback (most recent call last):
2026-02-06 04:12:49 +05:00:   File "/mnt/d/Hackathons/hackathon-0/silver/src/watchers/linkedin_watcher.py", line 15, in <module>
2026-02-06 04:12:49 +05:00:     from .base_watcher import BaseWatcher, TaskCreationError
2026-02-06 04:12:49 +05:00: ImportError: attempted relative import with no known parent package
2026-02-06 04:12:57 +05:00: Traceback (most recent call last):
2026-02-06 04:12:57 +05:00:   File "/mnt/d/Hackathons/hackathon-0/silver/src/watchers/linkedin_watcher.py", line 15, in <module>
2026-02-06 04:12:57 +05:00:     from .base_watcher import BaseWatcher, TaskCreationError
2026-02-06 04:12:57 +05:00: : attempted relative import with no known parent package
2026-02-06 04:13:05 +05:00: Traceback (most recent call last):
2026-02-06 04:13:05 +05:00:   File "/mnt/d/Hackathons/hackathon-0/silver/src/watchers/linkedin_watcher.py", line 15, in <module>
2026-02-06 04:13:05 +05:00:     from .base_watcher import BaseWatcher, TaskCreationError
2026-02-06 04:13:05 +05:00: ImportError: attempted relative import with no known parent package
2026-02-06 04:13:13 +05:00: Traceback (most recent call last):
2026-02-06 04:13:13 +05:00:   File "/mnt/d/Hackathons/hackathon-0/silver/src/watchers/linkedin_watcher.py", line 15, in <module>
2026-02-06 04:13:13 +05:00:     from .base_watcher import BaseWatcher, TaskCreationError
2026-02-06 04:13:13 +05:00: ImportError: attempted relative import with no known parent package
2026-02-06 04:13:20 +05:00: Traceback (most recent call last):
2026-02-06 04:13:20 +05:00:   File "/mnt/d/Hackathons/hackathon-0/silver/src/watchers/linkedin_watcher.py", line 15, in <module>
2026-02-06 04:13:20 +05:00:     from .base_watcher import BaseWatcher, TaskCreationError
2026-02-06 04:13:20 +05:00: ImportError: attempted relative import with no known parent package
2026-02-06 04:13:28 +05:00: Traceback (most recent call last):
2026-02-06 04:13:28 +05:00:   File "/mnt/d/Hackathons/hackathon-0/silver/src/watchers/linkedin_watcher.py", line 15, in <module>
2026-02-06 04:13:28 +05:00:     from .base_watcher import BaseWatcher, TaskCreationError
2026-02-06 04:13:28 +05:00: ImportError: attempted relative import with no known parent package
2026-02-06 04:13:37 +05:00: Traceback (most recent call last):
2026-02-06 04:13:37 +05:00:   File "/mnt/d/Hackathons/hackathon-0/silver/src/watchers/linkedin_watcher.py", line 15, in <module>
2026-02-06 04:13:37 +05:00:     from .base_watcher import BaseWatcher, TaskCreationError
2026-02-06 04:13:37 +05:00: ImportError: attempted relative import with no known parent package
2026-02-06 04:13:46 +05:00: Traceback (most recent call last):
2026-02-06 04:13:46 +05:00:   File "/mnt/d/Hackathons/hackathon-0/silver/src/watchers/linkedin_watcher.py", line 15, in <module>
2026-02-06 04:13:46 +05:00:     from .base_watcher import BaseWatcher, TaskCreationError
2026-02-06 04:13:46 +05:00: ImportError: attempted relative import with no known parent package
2026-02-06 04:13:55 +05:00: Traceback (most recent call last):
2026-02-06 04:13:55 +05:00:   File "/mnt/d/Hackathons/hackathon-0/silver/src/watchers/linkedin_watcher.py", line 15, in <module>
2026-02-06 04:13:55 +05:00:     from .base_watcher import BaseWatcher, TaskCreationError
2026-02-06 04:13:55 +05:00: ImportError: attempted relative import with no known parent package
2026-02-06 04:14:06 +05:00: Traceback (most recent call last):
2026-02-06 04:14:06 +05:00:   File "/mnt/d/Hackathons/hackathon-0/silver/src/watchers/linkedin_watcher.py", line 15, in <module>
2026-02-06 04:14:06 +05:00:     from .base_watcher import BaseWatcher, TaskCreationError
2026-02-06 04:14:06 +05:00: ImportError: attempted relative import with no known parent package
2026-02-06 04:14:16 +05:00: Traceback (most recent call last):
2026-02-06 04:14:16 +05:00:   File "/mnt/d/Hackathons/hackathon-0/silver/src/watchers/linkedin_watcher.py", line 15, in <module>
2026-02-06 04:14:16 +05:00:     from .base_watcher import BaseWatcher, TaskCreationError
2026-02-06 04:14:16 +05:00: ImportError: attempted relative import with no known parent package
2026-02-06 04:14:25 +05:00: Traceback (most recent call last):
2026-02-06 04:14:25 +05:00:   File "/mnt/d/Hackathons/hackathon-0/silver/src/watchers/linkedin_watcher.py", line 15, in <module>
2026-02-06 04:14:25 +05:00:     from .base_watcher import BaseWatcher, TaskCreationError
2026-02-06 04:14:25 +05:00: ImportError: attempted relative import with no known parent package
2026-02-06 04:14:34 +05:00: Traceback (most recent call last):
2026-02-06 04:14:34 +05:00:   File "/mnt/d/Hackathons/hackathon-0/silver/src/watchers/linkedin_watcher.py", line 15, in <module>
2026-02-06 04:14:34 +05:00:     from .base_watcher import BaseWatcher, TaskCreationError
2026-02-06 04:14:34 +05:00: ImportError: attempted relative import with no known parent package
2026-02-06 04:14:50 +05:00: Traceback (most recent call last):
2026-02-06 04:14:50 +05:00:   File "/mnt/d/Hackathons/hackathon-0/silver/src/watchers/linkedin_watcher.py", line 15, in <module>
2026-02-06 04:14:50 +05:00:     from .base_watcher import BaseWatcher, TaskCreationError
2026-02-06 04:14:50 +05:00: ImportError: attempted relative import with no known parent package
2026-02-06 04:15:02 +05:00: Traceback (most recent call last):
2026-02-06 04:15:02 +05:00:   File "/mnt/d/Hackathons/hackathon-0/silver/src/watchers/linkedin_watcher.py", line 15, in <module>
2026-02-06 04:15:02 +05:00:     from .base_watcher import BaseWatcher, TaskCreationError
2026-02-06 04:15:02 +05:00: ImportError: attempted relative import with no known parent package
2026-02-06 04:15:12 +05:00: Traceback (most recent call last):
2026-02-06 04:15:12 +05:00:   File "/mnt/d/Hackathons/hackathon-0/silver/src/watchers/linkedin_watcher.py", line 15, in <module>
2026-02-06 04:15:12 +05:00:     from .base_watcher import BaseWatcher, TaskCreationError
2026-02-06 04:15:12 +05:00: ImportError: attempted relative import with no known parent package
2026-02-06 04:15:20 +05:00: Traceback (most recent call last):
2026-02-06 04:15:20 +05:00:   File "/mnt/d/Hackathons/hackathon-0/silver/src/watchers/linkedin_watcher.py", line 15, in <module>
2026-02-06 04:15:20 +05:00:     from .base_watcher import BaseWatcher, TaskCreationError
2026-02-06 04:15:20 +05:00: ImportError: attempted relative import with no known parent package
2026-02-06 04:15:27 +05:00: Traceback (most recent call last):
2026-02-06 04:15:27 +05:00:   File "/mnt/d/Hackathons/hackathon-0/silver/src/watchers/linkedin_watcher.py", line 15, in <module>
2026-02-06 04:15:27 +05:00:     from .base_watcher import BaseWatcher, TaskCreationError
2026-02-06 04:15:27 +05:00: ImportError: attempted relative import with no known parent package
2026-02-06 04:15:35 +05:00: Traceback (most recent call last):
2026-02-06 04:15:35 +05:00:   File "/mnt/d/Hackathons/hackathon-0/silver/src/watchers/linkedin_watcher.py", line 15, in <module>
2026-02-06 04:15:35 +05:00:     from .base_watcher import BaseWatcher, TaskCreationError
2026-02-06 04:15:35 +05:00: ImportError: attempted relative import with no known parent package
2026-02-06 04:15:43 +05:00: Traceback (most recent call last):
2026-02-06 04:15:43 +05:00:   File "/mnt/d/Hackathons/hackathon-0/silver/src/watchers/linkedin_watcher.py", line 15, in <module>
2026-02-06 04:15:43 +05:00:     from .base_watcher import BaseWatcher, TaskCreationError
2026-02-06 04:15:43 +05:00: ImportError: attempted relative import with no known parent package
2026-02-06 04:15:51 +05:00: Traceback (most recent call last):
2026-02-06 04:15:51 +05:00:   File "/mnt/d/Hackathons/hackathon-0/silver/src/watchers/linkedin_watcher.py", line 15, in <module>
2026-02-06 04:15:51 +05:00:     from .base_watcher import BaseWatcher, TaskCreationError
2026-02-06 04:15:51 +05:00: ImportError: attempted relative import with no known parent package
2026-02-06 04:15:58 +05:00: Traceback (most recent call last):
2026-02-06 04:15:58 +05:00:   File "/mnt/d/Hackathons/hackathon-0/silver/src/watchers/linkedin_watcher.py", line 15, in <module>
2026-02-06 04:15:58 +05:00:     from .base_watcher import BaseWatcher, TaskCreationError
2026-02-06 04:15:58 +05:00: ImportError: attempted relative import with no known parent package
2026-02-06 04:16:06 +05:00: Traceback (most recent call last):
2026-02-06 04:16:06 +05:00:   File "/mnt/d/Hackathons/hackathon-0/silver/src/watchers/linkedin_watcher.py", line 15, in <module>
2026-02-06 04:16:06 +05:00:     from .base_watcher import BaseWatcher, TaskCreationError
2026-02-06 04:16:06 +05:00: ImportError: attempted relative import with no known parent package
2026-02-06 04:16:14 +05:00: Traceback (most recent call last):
2026-02-06 04:16:14 +05:00:   File "/mnt/d/Hackathons/hackathon-0/silver/src/watchers/linkedin_watcher.py", line 15, in <module>
2026-02-06 04:16:14 +05:00:     from .base_watcher import BaseWatcher, TaskCreationError
2026-02-06 04:16:14 +05:00: ImportError: attempted relative import with no known parent package
2026-02-06 04:16:22 +05:00: Traceback (most recent call last):
2026-02-06 04:16:22 +05:00:   File "/mnt/d/Hackathons/hackathon-0/silver/src/watchers/linkedin_watcher.py", line 15, in <module>
2026-02-06 04:16:22 +05:00:     from .base_watcher import BaseWatcher, TaskCreationError
2026-02-06 04:16:22 +05:00: 
2026-02-06 04:16:30 +05:00: Traceback (most recent call last):
2026-02-06 04:16:30 +05:00:   File "/mnt/d/Hackathons/hackathon-0/silver/src/watchers/linkedin_watcher.py", line 15, in <module>
2026-02-06 04:16:30 +05:00:     from .base_watcher import BaseWatcher, TaskCreationError
2026-02-06 04:16:30 +05:00: ImportError: attempted relative import with no known parent package
2026-02-06 04:16:50 +05:00: Traceback (most recent call last):
2026-02-06 04:16:50 +05:00:   File "/mnt/d/Hackathons/hackathon-0/silver/src/watchers/linkedin_watcher.py", line 15, in <module>
2026-02-06 04:16:50 +05:00:     from .base_watcher import BaseWatcher, TaskCreationError
2026-02-06 04:16:50 +05:00: ImportError: attempted relative import with no known parent package
2026-02-06 04:17:05 +05:00: Traceback (most recent call last):
2026-02-06 04:17:05 +05:00:   File "/mnt/d/Hackathons/hackathon-0/silver/src/watchers/linkedin_watcher.py", line 15, in <module>
2026-02-06 04:17:05 +05:00:     from .base_watcher import BaseWatcher, TaskCreationError
2026-02-06 04:17:05 +05:00: ImportError: attempted relative import with no known parent package
2026-02-06 04:17:19 +05:00: Traceback (most recent call last):
2026-02-06 04:17:19 +05:00:   File "/mnt/d/Hackathons/hackathon-0/silver/src/watchers/linkedin_watcher.py", line 15, in <module>
2026-02-06 04:17:19 +05:00:     from .base_watcher import BaseWatcher, TaskCreationError
2026-02-06 04:17:19 +05:00: ImportError: attempted relative import with no known parent package
2026-02-06 04:17:36 +05:00: Traceback (most recent call last):
2026-02-06 04:17:36 +05:00:   File "/mnt/d/Hackathons/hackathon-0/silver/src/watchers/linkedin_watcher.py", line 15, in <module>
2026-02-06 04:17:36 +05:00:     from .base_watcher import BaseWatcher, TaskCreationError
2026-02-06 04:17:36 +05:00: ImportError: attempted relative import with no known parent package
2026-02-06 04:17:53 +05:00: Traceback (most recent call last):
2026-02-06 04:17:53 +05:00:   File "/mnt/d/Hackathons/hackathon-0/silver/src/watchers/linkedin_watcher.py", line 15, in <module>
2026-02-06 04:17:53 +05:00:     from .base_watcher import BaseWatcher, TaskCreationError
2026-02-06 04:17:53 +05:00: ImportError: attempted relative import with no known parent package
2026-02-06 04:18:07 +05:00: Traceback (most recent call last):
2026-02-06 04:18:07 +05:00:   File "/mnt/d/Hackathons/hackathon-0/silver/src/watchers/linkedin_watcher.py", line 15, in <module>
2026-02-06 04:18:07 +05:00:     from .base_watcher import BaseWatcher, TaskCreationError
2026-02-06 04:18:07 +05:00: ImportError: attempted relative import with no known parent package
2026-02-06 04:18:20 +05:00: Traceback (most recent call last):
2026-02-06 04:18:20 +05:00:   File "/mnt/d/Hackathons/hackathon-0/silver/src/watchers/linkedin_watcher.py", line 15, in <module>
2026-02-06 04:18:20 +05:00:     from .base_watcher import BaseWatcher, TaskCreationError
2026-02-06 04:18:20 +05:00: ImportError: attempted relative import with no known parent package
2026-02-06 04:18:33 +05:00: Traceback (most recent call last):
2026-02-06 04:18:33 +05:00:   File "/mnt/d/Hackathons/hackathon-0/silver/src/watchers/linkedin_watcher.py", line 15, in <module>
2026-02-06 04:18:33 +05:00:     from .base_watcher import BaseWatcher, TaskCreationError
2026-02-06 04:18:33 +05:00: ImportError: attempted relative import with no known parent package
2026-02-06 04:18:46 +05:00: Traceback (most recent call last):
2026-02-06 04:18:46 +05:00:   File "/mnt/d/Hackathons/hackathon-0/silver/src/watchers/linkedin_watcher.py", line 15, in <module>
2026-02-06 04:18:46 +05:00:     from .base_watcher import BaseWatcher, TaskCreationError
2026-02-06 04:18:46 +05:00: ImportError: attempted relative import with no known parent package
2026-02-06 04:19:03 +05:00: Traceback (most recent call last):
2026-02-06 04:19:03 +05:00:   File "/mnt/d/Hackathons/hackathon-0/silver/src/watchers/linkedin_watcher.py", line 15, in <module>
2026-02-06 04:19:03 +05:00:     from .base_watcher import BaseWatcher, TaskCreationError
2026-02-06 04:19:03 +05:00: ImportError: attempted relative import with no known parent package
2026-02-06 04:19:17 +05:00: Traceback (most recent call last):
2026-02-06 04:19:17 +05:00:   File "/mnt/d/Hackathons/hackathon-0/silver/src/watchers/linkedin_watcher.py", line 15, in <module>
2026-02-06 04:19:17 +05:00:     from .base_watcher import BaseWatcher, TaskCreationError
2026-02-06 04:19:17 +05:00: ImportError: attempted relative import with no known parent package
2026-02-06 04:19:30 +05:00: Traceback (most recent call last):
2026-02-06 04:19:30 +05:00:   File "/mnt/d/Hackathons/hackathon-0/silver/src/watchers/linkedin_watcher.py", line 15, in <module>
2026-02-06 04:19:30 +05:00:     from .base_watcher import BaseWatcher, TaskCreationError
2026-02-06 04:19:30 +05:00: ImportError: attempted relative import with no known parent package
2026-02-06 04:19:43 +05:00: Traceback (most recent call last):
2026-02-06 04:19:43 +05:00:   File "/mnt/d/Hackathons/hackathon-0/silver/src/watchers/linkedin_watcher.py", line 15, in <module>
2026-02-06 04:19:43 +05:00:     from .base_watcher import BaseWatcher, TaskCreationError
2026-02-06 04:19:43 +05:00: ImportError: attempted relative import with no known parent package
2026-02-06 04:19:55 +05:00: Traceback (most recent call last):
2026-02-06 04:19:55 +05:00:   File "/mnt/d/Hackathons/hackathon-0/silver/src/watchers/linkedin_watcher.py", line 15, in <module>
2026-02-06 04:19:55 +05:00:     from .base_watcher import BaseWatcher, TaskCreationError
2026-02-06 04:19:55 +05:00: ImportError: attempted relative import with no known parent package
2026-02-06 04:20:07 +05:00: Traceback (most recent call last):
2026-02-06 04:20:07 +05:00:   File "/mnt/d/Hackathons/hackathon-0/silver/src/watchers/linkedin_watcher.py", line 15, in <module>
2026-02-06 04:20:07 +05:00:     from .base_watcher import BaseWatcher, TaskCreationError
2026-02-06 04:20:07 +05:00: ImportError: attempted relative import with no known parent package
2026-02-06 04:20:23 +05:00: Traceback (most recent call last):
2026-02-06 04:20:23 +05:00:   File "/mnt/d/Hackathons/hackathon-0/silver/src/watchers/linkedin_watcher.py", line 15, in <module>
2026-02-06 04:20:23 +05:00:     from .base_watcher import BaseWatcher, TaskCreationError
2026-02-06 04:20:23 +05:00: ImportError: attempted relative import with no known parent package
2026-02-06 04:20:40 +05:00: Traceback (most recent call last):
2026-02-06 04:20:40 +05:00:   File "/mnt/d/Hackathons/hackathon-0/silver/src/watchers/linkedin_watcher.py", line 15, in <module>
2026-02-06 04:20:40 +05:00:     from .base_watcher import BaseWatcher, TaskCreationError
2026-02-06 04:20:40 +05:00: ImportError: attempted relative import with no known parent package
2026-02-06 04:20:53 +05:00: Traceback (most recent call last):
2026-02-06 04:20:53 +05:00:   File "/mnt/d/Hackathons/hackathon-0/silver/src/watchers/linkedin_watcher.py", line 15, in <module>
2026-02-06 04:20:53 +05:00:     from .base_watcher import BaseWatcher, TaskCreationError
2026-02-06 04:20:53 +05:00: ImportError: attempted relative import with no known parent package
2026-02-06 04:21:07 +05:00: Traceback (most recent call last):
2026-02-06 04:21:07 +05:00:   File "/mnt/d/Hackathons/hackathon-0/silver/src/watchers/linkedin_watcher.py", line 15, in <module>
2026-02-06 04:21:07 +05:00:     from .base_watcher import BaseWatcher, TaskCreationError
2026-02-06 04:21:07 +05:00: ImportError: attempted relative import with no known parent package
2026-02-06 04:21:33 +05:00: Traceback (most recent call last):
2026-02-06 04:21:33 +05:00:   File "/mnt/d/Hackathons/hackathon-0/silver/src/watchers/linkedin_watcher.py", line 15, in <module>
2026-02-06 04:21:33 +05:00:     from .base_watcher import BaseWatcher, TaskCreationError
2026-02-06 04:21:33 +05:00: ImportError: attempted relative import with no known parent package
2026-02-06 04:21:50 +05:00: Traceback (most recent call last):
2026-02-06 04:21:50 +05:00:   File "/mnt/d/Hackathons/hackathon-0/silver/src/watchers/linkedin_watcher.py", line 15, in <module>
2026-02-06 04:21:51 +05:00:     from .base_watcher import BaseWatcher, TaskCreationError
2026-02-06 04:21:51 +05:00: ImportError: attempted relative import with no known parent package
2026-02-06 04:22:07 +05:00: Traceback (most recent call last):
2026-02-06 04:22:07 +05:00:   File "/mnt/d/Hackathons/hackathon-0/silver/src/watchers/linkedin_watcher.py", line 15, in <module>
2026-02-06 04:22:07 +05:00:     from .base_watcher import BaseWatcher, TaskCreationError
2026-02-06 04:22:07 +05:00: : attempted relative import with no known parent package
2026-02-06 04:22:21 +05:00: Traceback (most recent call last):
2026-02-06 04:22:21 +05:00:   File "/mnt/d/Hackathons/hackathon-0/silver/src/watchers/linkedin_watcher.py", line 15, in <module>
2026-02-06 04:22:21 +05:00:     from .base_watcher import BaseWatcher, TaskCreationError
2026-02-06 04:22:21 +05:00: ImportError: attempted relative import with no known parent package
2026-02-06 04:22:31 +05:00: Traceback (most recent call last):
2026-02-06 04:22:31 +05:00:   File "/mnt/d/Hackathons/hackathon-0/silver/src/watchers/linkedin_watcher.py", line 15, in <module>
2026-02-06 04:22:31 +05:00:     from .base_watcher import BaseWatcher, TaskCreationError
2026-02-06 04:22:31 +05:00: ImportError: attempted relative import with no known parent package
2026-02-06 04:22:42 +05:00: Traceback (most recent call last):
2026-02-06 04:22:42 +05:00:   File "/mnt/d/Hackathons/hackathon-0/silver/src/watchers/linkedin_watcher.py", line 15, in <module>
2026-02-06 04:22:42 +05:00:     from .base_watcher import BaseWatcher, TaskCreationError
2026-02-06 04:22:42 +05:00: ImportError: attempted relative import with no known parent package
2026-02-06 04:22:52 +05:00: Traceback (most recent call last):
2026-02-06 04:22:52 +05:00:   File "/mnt/d/Hackathons/hackathon-0/silver/src/watchers/linkedin_watcher.py", line 15, in <module>
2026-02-06 04:22:52 +05:00:     from .base_watcher import BaseWatcher, TaskCreationError
2026-02-06 04:22:52 +05:00: ImportError: attempted relative import with no known parent package
2026-02-06 04:23:08 +05:00: Traceback (most recent call last):
2026-02-06 04:23:08 +05:00:   File "/mnt/d/Hackathons/hackathon-0/silver/src/watchers/linkedin_watcher.py", line 15, in <module>
2026-02-06 04:23:08 +05:00:     from .base_watcher import BaseWatcher, TaskCreationError
2026-02-06 04:23:08 +05:00: attempted relative import with no known parent package
2026-02-06 04:23:21 +05:00: Traceback (most recent call last):
2026-02-06 04:23:21 +05:00:   File "/mnt/d/Hackathons/hackathon-0/silver/src/watchers/linkedin_watcher.py", line 15, in <module>
2026-02-06 04:23:21 +05:00:     from .base_watcher import BaseWatcher, TaskCreationError
2026-02-06 04:23:21 +05:00: ImportError: attempted relative import with no known parent package
2026-02-06 04:23:34 +05:00: Traceback (most recent call last):
2026-02-06 04:23:34 +05:00:   File "/mnt/d/Hackathons/hackathon-0/silver/src/watchers/linkedin_watcher.py", line 15, in <module>
2026-02-06 04:23:34 +05:00:     from .base_watcher import BaseWatcher, TaskCreationError
2026-02-06 04:23:34 +05:00: ImportError: attempted relative import with no known parent package
2026-02-06 04:23:46 +05:00: Traceback (most recent call last):
2026-02-06 04:23:46 +05:00:   File "/mnt/d/Hackathons/hackathon-0/silver/src/watchers/linkedin_watcher.py", line 15, in <module>
2026-02-06 04:23:46 +05:00:     from .base_watcher import BaseWatcher, TaskCreationError
2026-02-06 04:23:46 +05:00: ImportError: attempted relative import with no known parent package
2026-02-06 04:23:58 +05:00: Traceback (most recent call last):
2026-02-06 04:23:58 +05:00:   File "/mnt/d/Hackathons/hackathon-0/silver/src/watchers/linkedin_watcher.py", line 15, in <module>
2026-02-06 04:23:58 +05:00:     from .base_watcher import BaseWatcher, TaskCreationError
2026-02-06 04:23:58 +05:00: 
2026-02-06 04:24:11 +05:00: Traceback (most recent call last):
2026-02-06 04:24:11 +05:00:   File "/mnt/d/Hackathons/hackathon-0/silver/src/watchers/linkedin_watcher.py", line 15, in <module>
2026-02-06 04:24:11 +05:00:     from .base_watcher import BaseWatcher, TaskCreationError
2026-02-06 04:24:11 +05:00: ImportError: attempted relative import with no known parent package
2026-02-06 04:24:24 +05:00: Traceback (most recent call last):
2026-02-06 04:24:24 +05:00:   File "/mnt/d/Hackathons/hackathon-0/silver/src/watchers/linkedin_watcher.py", line 15, in <module>
2026-02-06 04:24:24 +05:00:     from .base_watcher import BaseWatcher, TaskCreationError
2026-02-06 04:24:24 +05:00: ImportError: attempted relative import with no known parent package
2026-02-06 04:24:40 +05:00: Traceback (most recent call last):
2026-02-06 04:24:40 +05:00:   File "/mnt/d/Hackathons/hackathon-0/silver/src/watchers/linkedin_watcher.py", line 15, in <module>
2026-02-06 04:24:40 +05:00:     from .base_watcher import BaseWatcher, TaskCreationError
2026-02-06 04:24:40 +05:00: : attempted relative import with no known parent package
2026-02-06 04:24:56 +05:00: Traceback (most recent call last):
2026-02-06 04:24:56 +05:00:   File "/mnt/d/Hackathons/hackathon-0/silver/src/watchers/linkedin_watcher.py", line 15, in <module>
2026-02-06 04:24:56 +05:00:     from .base_watcher import BaseWatcher, TaskCreationError
2026-02-06 04:24:56 +05:00: ImportError: attempted relative import with no known parent package
2026-02-06 04:25:09 +05:00: Traceback (most recent call last):
2026-02-06 04:25:09 +05:00:   File "/mnt/d/Hackathons/hackathon-0/silver/src/watchers/linkedin_watcher.py", line 15, in <module>
2026-02-06 04:25:09 +05:00:     from .base_watcher import BaseWatcher, TaskCreationError
2026-02-06 04:25:09 +05:00: ImportError: attempted relative import with no known parent package
2026-02-06 04:25:23 +05:00: Traceback (most recent call last):
2026-02-06 04:25:23 +05:00:   File "/mnt/d/Hackathons/hackathon-0/silver/src/watchers/linkedin_watcher.py", line 15, in <module>
2026-02-06 04:25:23 +05:00:     from .base_watcher import BaseWatcher, TaskCreationError
2026-02-06 04:25:23 +05:00: ImportError: attempted relative import with no known parent package
2026-02-06 04:25:35 +05:00: Traceback (most recent call last):
2026-02-06 04:25:35 +05:00:   File "/mnt/d/Hackathons/hackathon-0/silver/src/watchers/linkedin_watcher.py", line 15, in <module>
2026-02-06 04:25:35 +05:00:     from .base_watcher import BaseWatcher, TaskCreationError
2026-02-06 04:25:35 +05:00: ImportError: attempted relative import with no known parent package
2026-02-06 04:25:47 +05:00: Traceback (most recent call last):
2026-02-06 04:25:47 +05:00:   File "/mnt/d/Hackathons/hackathon-0/silver/src/watchers/linkedin_watcher.py", line 15, in <module>
2026-02-06 04:25:47 +05:00:     from .base_watcher import BaseWatcher, TaskCreationError
2026-02-06 04:25:47 +05:00: : attempted relative import with no known parent package
2026-02-06 04:26:18 +05:00: Traceback (most recent call last):
2026-02-06 04:26:18 +05:00:   File "/mnt/d/Hackathons/hackathon-0/silver/src/watchers/linkedin_watcher.py", line 15, in <module>
2026-02-06 04:26:18 +05:00:     from .base_watcher import BaseWatcher, TaskCreationError
2026-02-06 04:26:18 +05:00: ImportError: attempted relative import with no known parent package
2026-02-06 04:26:34 +05:00: Traceback (most recent call last):
2026-02-06 04:26:34 +05:00:   File "/mnt/d/Hackathons/hackathon-0/silver/src/watchers/linkedin_watcher.py", line 15, in <module>
2026-02-06 04:26:34 +05:00:     from .base_watcher import BaseWatcher, TaskCreationError
2026-02-06 04:26:34 +05:00: ImportError: attempted relative import with no known parent package
2026-02-06 04:26:44 +05:00: Traceback (most recent call last):
2026-02-06 04:26:44 +05:00:   File "/mnt/d/Hackathons/hackathon-0/silver/src/watchers/linkedin_watcher.py", line 15, in <module>
2026-02-06 04:26:44 +05:00:     from .base_watcher import BaseWatcher, TaskCreationError
2026-02-06 04:26:44 +05:00: ImportError: attempted relative import with no known parent package
2026-02-06 04:26:51 +05:00: Traceback (most recent call last):
2026-02-06 04:26:51 +05:00:   File "/mnt/d/Hackathons/hackathon-0/silver/src/watchers/linkedin_watcher.py", line 15, in <module>
2026-02-06 04:26:51 +05:00:     from .base_watcher import BaseWatcher, TaskCreationError
2026-02-06 04:26:51 +05:00: ImportError: attempted relative import with no known parent package
2026-02-06 04:26:58 +05:00: Traceback (most recent call last):
2026-02-06 04:26:58 +05:00:   File "/mnt/d/Hackathons/hackathon-0/silver/src/watchers/linkedin_watcher.py", line 15, in <module>
2026-02-06 04:26:58 +05:00:     from .base_watcher import BaseWatcher, TaskCreationError
2026-02-06 04:26:58 +05:00: ImportError: attempted relative import with no known parent package
2026-02-06 04:27:08 +05:00: Traceback (most recent call last):
2026-02-06 04:27:08 +05:00:   File "/mnt/d/Hackathons/hackathon-0/silver/src/watchers/linkedin_watcher.py", line 15, in <module>
2026-02-06 04:27:08 +05:00:     from .base_watcher import BaseWatcher, TaskCreationError
2026-02-06 04:27:08 +05:00: ImportError: attempted relative import with no known parent package
2026-02-06 04:27:15 +05:00: Traceback (most recent call last):
2026-02-06 04:27:15 +05:00:   File "/mnt/d/Hackathons/hackathon-0/silver/src/watchers/linkedin_watcher.py", line 15, in <module>
2026-02-06 04:27:15 +05:00:     from .base_watcher import BaseWatcher, TaskCreationError
2026-02-06 04:27:15 +05:00: ImportError: attempted relative import with no known parent package
2026-02-06 04:27:23 +05:00: Traceback (most recent call last):
2026-02-06 04:27:23 +05:00:   File "/mnt/d/Hackathons/hackathon-0/silver/src/watchers/linkedin_watcher.py", line 15, in <module>
2026-02-06 04:27:23 +05:00:     from .base_watcher import BaseWatcher, TaskCreationError
2026-02-06 04:27:23 +05:00: ImportError: attempted relative import with no known parent package
2026-02-06 04:27:32 +05:00: Traceback (most recent call last):
2026-02-06 04:27:32 +05:00:   File "/mnt/d/Hackathons/hackathon-0/silver/src/watchers/linkedin_watcher.py", line 15, in <module>
2026-02-06 04:27:32 +05:00:     from .base_watcher import BaseWatcher, TaskCreationError
2026-02-06 04:27:32 +05:00: ImportError: attempted relative import with no known parent package
2026-02-06 04:27:39 +05:00: Traceback (most recent call last):
2026-02-06 04:27:39 +05:00:   File "/mnt/d/Hackathons/hackathon-0/silver/src/watchers/linkedin_watcher.py", line 15, in <module>
2026-02-06 04:27:39 +05:00:     from .base_watcher import BaseWatcher, TaskCreationError
2026-02-06 04:27:39 +05:00: ImportError: attempted relative import with no known parent package
2026-02-06 04:27:46 +05:00: Traceback (most recent call last):
2026-02-06 04:27:46 +05:00:   File "/mnt/d/Hackathons/hackathon-0/silver/src/watchers/linkedin_watcher.py", line 15, in <module>
2026-02-06 04:27:46 +05:00:     from .base_watcher import BaseWatcher, TaskCreationError
2026-02-06 04:27:46 +05:00: ImportError: attempted relative import with no known parent package
2026-02-06 04:27:56 +05:00: Traceback (most recent call last):
2026-02-06 04:27:56 +05:00:   File "/mnt/d/Hackathons/hackathon-0/silver/src/watchers/linkedin_watcher.py", line 15, in <module>
2026-02-06 04:27:56 +05:00:     from .base_watcher import BaseWatcher, TaskCreationError
2026-02-06 04:27:56 +05:00: 
2026-02-06 04:28:03 +05:00: Traceback (most recent call last):
2026-02-06 04:28:03 +05:00:   File "/mnt/d/Hackathons/hackathon-0/silver/src/watchers/linkedin_watcher.py", line 15, in <module>
2026-02-06 04:28:03 +05:00:     from .base_watcher import BaseWatcher, TaskCreationError
2026-02-06 04:28:03 +05:00: ImportError: attempted relative import with no known parent package
2026-02-06 04:28:11 +05:00: Traceback (most recent call last):
2026-02-06 04:28:11 +05:00:   File "/mnt/d/Hackathons/hackathon-0/silver/src/watchers/linkedin_watcher.py", line 13, in <module>
2026-02-06 04:28:11 +05:00:     from playwright.sync_api import sync_playwright, Browser, BrowserContext, Page
2026-02-06 04:28:11 +05:00:   File "/mnt/d/Hackathons/hackathon-0/silver/venv/lib/python3.12/site-packages/playwright/sync_api/__init__.py", line 23, in <module>
2026-02-06 04:28:11 +05:00:     import playwright._impl._api_structures
2026-02-06 04:28:11 +05:00: 
2026-02-06 04:28:11 +05:00:   File "<frozen importlib._bootstrap>", line 1360, in _find_and_load
2026-02-06 04:28:11 +05:00:   File "<frozen importlib._bootstrap>", line 1322, in _find_and_load_unlocked
2026-02-06 04:28:11 +05:00:   File "<frozen importlib._bootstrap>", line 1262, in _find_spec
2026-02-06 04:28:11 +05:00:   File "<frozen importlib._bootstrap_external>", line 1528, in find_spec
2026-02-06 04:28:11 +05:00:   File "<frozen importlib._bootstrap_external>", line 1502, in _get_spec
2026-02-06 04:28:11 +05:00:   File "<frozen importlib._bootstrap_external>", line 1605, in find_spec
2026-02-06 04:28:11 +05:00:   File "<frozen importlib._bootstrap_external>", line 1648, in _fill_cache
2026-02-06 04:28:11 +05:00: KeyboardInterrupt
2026-02-06 04:28:20 +05:00: Traceback (most recent call last):
2026-02-06 04:28:20 +05:00:   File "/mnt/d/Hackathons/hackathon-0/silver/src/watchers/linkedin_watcher.py", line 15, in <module>
2026-02-06 04:28:20 +05:00:     from .base_watcher import BaseWatcher, TaskCreationError
2026-02-06 04:28:20 +05:00: ImportError: attempted relative import with no known parent package
2026-02-06 04:28:29 +05:00: Traceback (most recent call last):
2026-02-06 04:28:29 +05:00:   File "/mnt/d/Hackathons/hackathon-0/silver/src/watchers/linkedin_watcher.py", line 15, in <module>
2026-02-06 04:28:29 +05:00:     from .base_watcher import BaseWatcher, TaskCreationError
2026-02-06 04:28:29 +05:00: ImportError: attempted relative import with no known parent package
2026-02-06 04:28:38 +05:00: Traceback (most recent call last):
2026-02-06 04:28:38 +05:00:   File "/mnt/d/Hackathons/hackathon-0/silver/src/watchers/linkedin_watcher.py", line 15, in <module>
2026-02-06 04:28:38 +05:00:     from .base_watcher import BaseWatcher, TaskCreationError
2026-02-06 04:28:38 +05:00: : attempted relative import with no known parent package
2026-02-06 04:28:45 +05:00: Traceback (most recent call last):
2026-02-06 04:28:45 +05:00:   File "/mnt/d/Hackathons/hackathon-0/silver/src/watchers/linkedin_watcher.py", line 15, in <module>
2026-02-06 04:28:45 +05:00:     from .base_watcher import BaseWatcher, TaskCreationError
2026-02-06 04:28:45 +05:00: ImportError: attempted relative import with no known parent package
2026-02-06 04:28:55 +05:00: Traceback (most recent call last):
2026-02-06 04:28:55 +05:00:   File "/mnt/d/Hackathons/hackathon-0/silver/src/watchers/linkedin_watcher.py", line 15, in <module>
2026-02-06 04:28:55 +05:00:     from .base_watcher import BaseWatcher, TaskCreationError
2026-02-06 04:28:55 +05:00: ImportError: attempted relative import with no known parent package
2026-02-06 04:29:07 +05:00: Traceback (most recent call last):
2026-02-06 04:29:07 +05:00:   File "/mnt/d/Hackathons/hackathon-0/silver/src/watchers/linkedin_watcher.py", line 15, in <module>
2026-02-06 04:29:07 +05:00:     from .base_watcher import BaseWatcher, TaskCreationError
2026-02-06 04:29:07 +05:00: ImportError: attempted relative import with no known parent package
2026-02-06 04:29:16 +05:00: Traceback (most recent call last):
2026-02-06 04:29:16 +05:00:   File "/mnt/d/Hackathons/hackathon-0/silver/src/watchers/linkedin_watcher.py", line 15, in <module>
2026-02-06 04:29:17 +05:00:     from .base_watcher import BaseWatcher, TaskCreationError
2026-02-06 04:29:17 +05:00: ImportError: attempted relative import with no known parent package
2026-02-06 04:29:25 +05:00: Traceback (most recent call last):
2026-02-06 04:29:25 +05:00:   File "/mnt/d/Hackathons/hackathon-0/silver/src/watchers/linkedin_watcher.py", line 15, in <module>
2026-02-06 04:29:25 +05:00:     from .base_watcher import BaseWatcher, TaskCreationError
2026-02-06 04:29:25 +05:00: ImportError: attempted relative import with no known parent package
2026-02-06 04:29:37 +05:00: Traceback (most recent call last):
2026-02-06 04:29:37 +05:00:   File "/mnt/d/Hackathons/hackathon-0/silver/src/watchers/linkedin_watcher.py", line 15, in <module>
2026-02-06 04:29:37 +05:00:     from .base_watcher import BaseWatcher, TaskCreationError
2026-02-06 04:29:37 +05:00: ImportError: attempted relative import with no known parent package
2026-02-06 04:34:42 +05:00: [INFO] Starting LinkedInWatcher
2026-02-06 04:34:42 +05:00: [INFO] Initializing LinkedIn session
2026-02-06 04:35:53 +05:00: [ERROR] Error loading LinkedIn: Timeout 30000ms exceeded.
2026-02-06 04:36:05 +05:00: [WARNING] LinkedIn session expired
2026-02-06 04:38:07 +05:00: [WARNING] LinkedIn session expired
2026-02-06 04:40:07 +05:00: [WARNING] LinkedIn session expired
2026-02-06 04:41:52 +05:00: [INFO] Received SIGINT, initiating graceful shutdown
2026-02-06 04:41:53 +05:00: [INFO] Cleaning up LinkedInWatcher
2026-02-06 04:41:53 +05:00: [INFO] Closing browser context
2026-02-06 04:41:53 +05:00: [ERROR] Error during cleanup: Target page, context or browser has been closed
2026-02-06 04:41:53 +05:00: [INFO] LinkedInWatcher stopped
2026-02-06 04:41:59 +05:00: [INFO] Starting LinkedInWatcher
2026-02-06 04:41:59 +05:00: [INFO] Initializing LinkedIn session
2026-02-06 04:42:54 +05:00: [ERROR] Error loading LinkedIn: Timeout 30000ms exceeded.
2026-02-06 04:43:06 +05:00: [WARNING] LinkedIn session expired
2026-02-06 04:45:06 +05:00: [WARNING] LinkedIn session expired
2026-02-06 04:47:07 +05:00: [WARNING] LinkedIn session expired
2026-02-06 04:47:32 +05:00: [INFO] Received SIGINT, initiating graceful shutdown
2026-02-06 04:47:33 +05:00: [INFO] Cleaning up LinkedInWatcher
2026-02-06 04:47:33 +05:00: [INFO] Closing browser context
2026-02-06 04:48:14 +05:00: [INFO] Starting LinkedInWatcher
2026-02-06 04:48:14 +05:00: [INFO] Initializing LinkedIn session
2026-02-06 04:49:01 +05:00: [ERROR] Error loading LinkedIn: Timeout 30000ms exceeded.
2026-02-06 04:49:21 +05:00: [WARNING] LinkedIn session expired
2026-02-06 04:51:22 +05:00: [WARNING] LinkedIn session expired
2026-02-06 04:53:22 +05:00: [WARNING] LinkedIn session expired
2026-02-06 04:55:22 +05:00: [WARNING] LinkedIn session expired
2026-02-06 04:57:22 +05:00: [WARNING] LinkedIn session expired
2026-02-06 04:59:23 +05:00: [WARNING] LinkedIn session expired
2026-02-06 05:01:23 +05:00: [WARNING] LinkedIn session expired
2026-02-06 05:03:24 +05:00: [WARNING] LinkedIn session expired
2026-02-06 14:37:16 +05:00: [WARNING] LinkedIn session expired
2026-02-06 14:39:17 +05:00: [WARNING] LinkedIn session expired
2026-02-06 14:41:18 +05:00: [WARNING] LinkedIn session expired
2026-02-06 14:43:20 +05:00: [WARNING] LinkedIn session expired
2026-02-06 14:45:21 +05:00: [WARNING] LinkedIn session expired
2026-02-06 14:47:22 +05:00: [WARNING] LinkedIn session expired
2026-02-06 14:49:22 +05:00: [WARNING] LinkedIn session expired
2026-02-06 14:51:22 +05:00: [WARNING] LinkedIn session expired
2026-02-06 14:53:23 +05:00: [WARNING] LinkedIn session expired
2026-02-06 14:56:05 +05:00: [WARNING] LinkedIn session expired
2026-02-06 14:58:06 +05:00: [WARNING] LinkedIn session expired
2026-02-06 15:00:06 +05:00: [WARNING] LinkedIn session expired
2026-02-06 15:02:06 +05:00: [WARNING] LinkedIn session expired
2026-02-06 15:04:06 +05:00: [WARNING] LinkedIn session expired
2026-02-06 15:06:06 +05:00: [WARNING] LinkedIn session expired
2026-02-06 15:08:06 +05:00: [WARNING] LinkedIn session expired
2026-02-06 15:10:06 +05:00: [WARNING] LinkedIn session expired
2026-02-06 15:12:06 +05:00: [WARNING] LinkedIn session expired
2026-02-06 15:14:06 +05:00: [WARNING] LinkedIn session expired
2026-02-06 15:16:07 +05:00: [WARNING] LinkedIn session expired
2026-02-06 15:18:07 +05:00: [WARNING] LinkedIn session expired
2026-02-06 15:20:07 +05:00: [WARNING] LinkedIn session expired
2026-02-06 15:22:07 +05:00: [WARNING] LinkedIn session expired
2026-02-06 15:24:07 +05:00: [WARNING] LinkedIn session expired
2026-02-06 15:26:07 +05:00: [WARNING] LinkedIn session expired
2026-02-06 15:28:07 +05:00: [WARNING] LinkedIn session expired
2026-02-06 15:30:07 +05:00: [WARNING] LinkedIn session expired
2026-02-06 15:32:08 +05:00: [WARNING] LinkedIn session expired
2026-02-06 15:34:08 +05:00: [WARNING] LinkedIn session expired
2026-02-06 15:36:08 +05:00: [WARNING] LinkedIn session expired
2026-02-06 15:38:08 +05:00: [WARNING] LinkedIn session expired
2026-02-06 15:40:08 +05:00: [WARNING] LinkedIn session expired
2026-02-06 15:42:08 +05:00: [WARNING] LinkedIn session expired
2026-02-06 15:44:08 +05:00: [WARNING] LinkedIn session expired
2026-02-06 15:46:08 +05:00: [WARNING] LinkedIn session expired
2026-02-06 15:48:08 +05:00: [WARNING] LinkedIn session expired
2026-02-06 15:50:08 +05:00: [WARNING] LinkedIn session expired
2026-02-06 15:52:09 +05:00: [WARNING] LinkedIn session expired
2026-02-06 15:54:09 +05:00: [WARNING] LinkedIn session expired
2026-02-06 15:56:09 +05:00: [WARNING] LinkedIn session expired
2026-02-06 15:58:09 +05:00: [WARNING] LinkedIn session expired
2026-02-06 16:00:09 +05:00: [WARNING] LinkedIn session expired
2026-02-06 16:02:09 +05:00: [WARNING] LinkedIn session expired
2026-02-06 16:04:09 +05:00: [WARNING] LinkedIn session expired
2026-02-06 16:06:09 +05:00: [WARNING] LinkedIn session expired
2026-02-06 16:08:09 +05:00: [WARNING] LinkedIn session expired
2026-02-06 16:10:09 +05:00: [WARNING] LinkedIn session expired
2026-02-06 16:12:09 +05:00: [WARNING] LinkedIn session expired
2026-02-06 16:14:11 +05:00: [WARNING] LinkedIn session expired
2026-02-06 16:16:11 +05:00: [WARNING] LinkedIn session expired
2026-02-06 16:18:11 +05:00: [WARNING] LinkedIn session expired
2026-02-06 20:14:55 +05:00: [WARNING] LinkedIn session expired
2026-02-06 20:16:58 +05:00: [WARNING] LinkedIn session expired
2026-02-06 20:18:58 +05:00: [WARNING] LinkedIn session expired
2026-02-06 20:21:00 +05:00: [WARNING] LinkedIn session expired
2026-02-06 20:23:01 +05:00: [WARNING] LinkedIn session expired
2026-02-06 20:25:01 +05:00: [WARNING] LinkedIn session expired
2026-02-06 20:27:02 +05:00: [WARNING] LinkedIn session expired
2026-02-06 20:29:03 +05:00: [WARNING] LinkedIn session expired
2026-02-06 20:31:04 +05:00: [WARNING] LinkedIn session expired
2026-02-06 20:33:05 +05:00: [WARNING] LinkedIn session expired
2026-02-06 20:35:05 +05:00: [WARNING] LinkedIn session expired
2026-02-06 20:37:07 +05:00: [WARNING] LinkedIn session expired
2026-02-06 20:39:08 +05:00: [WARNING] LinkedIn session expired
2026-02-06 20:41:08 +05:00: [WARNING] LinkedIn session expired
2026-02-06 20:43:08 +05:00: [WARNING] LinkedIn session expired
2026-02-06 20:45:08 +05:00: [WARNING] LinkedIn session expired
2026-02-06 20:47:09 +05:00: [WARNING] LinkedIn session expired
2026-02-06 20:49:09 +05:00: [WARNING] LinkedIn session expired
2026-02-06 20:51:09 +05:00: [WARNING] LinkedIn session expired
2026-02-06 20:53:09 +05:00: [WARNING] LinkedIn session expired
2026-02-06 20:55:09 +05:00: [WARNING] LinkedIn session expired
2026-02-06 20:57:09 +05:00: [WARNING] LinkedIn session expired
2026-02-06 20:59:09 +05:00: [WARNING] LinkedIn session expired
2026-02-06 21:03:13 +05:00: [WARNING] LinkedIn session expired
2026-02-06 21:05:14 +05:00: [WARNING] LinkedIn session expired
2026-02-06 21:07:14 +05:00: [WARNING] LinkedIn session expired
2026-02-06 21:09:14 +05:00: [WARNING] LinkedIn session expired
2026-02-06 21:11:18 +05:00: [WARNING] LinkedIn session expired
2026-02-06 21:13:19 +05:00: [WARNING] LinkedIn session expired
2026-02-06 21:15:19 +05:00: [WARNING] LinkedIn session expired
2026-02-06 21:17:19 +05:00: [WARNING] LinkedIn session expired
2026-02-06 21:19:19 +05:00: [WARNING] LinkedIn session expired
2026-02-06 21:21:19 +05:00: [WARNING] LinkedIn session expired
2026-02-06 21:22:53 +05:00: [INFO] Received SIGINT, initiating graceful shutdown
2026-02-06 21:22:53 +05:00: [INFO] Cleaning up LinkedInWatcher
2026-02-06 21:22:54 +05:00: [INFO] Closing browser context
2026-02-06 21:26:39 +05:00: [INFO] Starting LinkedInWatcher
2026-02-06 21:26:39 +05:00: [INFO] Initializing LinkedIn session
2026-02-06 21:27:40 +05:00: [ERROR] Error loading LinkedIn: Timeout 30000ms exceeded.
2026-02-06 21:27:42 +05:00: [WARNING] LinkedIn session expired
2026-02-06 21:29:43 +05:00: [WARNING] LinkedIn session expired
2026-02-06 21:31:45 +05:00: [WARNING] LinkedIn session expired
2026-02-06 21:33:45 +05:00: [WARNING] LinkedIn session expired
2026-02-06 21:35:46 +05:00: [WARNING] LinkedIn session expired
2026-02-06 21:37:46 +05:00: [WARNING] LinkedIn session expired
2026-02-06 21:39:48 +05:00: [WARNING] LinkedIn session expired
2026-02-06 21:41:49 +05:00: [WARNING] LinkedIn session expired
2026-02-06 21:43:49 +05:00: [WARNING] LinkedIn session expired
2026-02-06 21:45:50 +05:00: [WARNING] LinkedIn session expired
2026-02-06 21:47:50 +05:00: [WARNING] LinkedIn session expired
2026-02-06 21:49:50 +05:00: [WARNING] LinkedIn session expired
2026-02-06 21:51:50 +05:00: [WARNING] LinkedIn session expired
2026-02-06 21:53:51 +05:00: [WARNING] LinkedIn session expired
2026-02-06 21:55:51 +05:00: [WARNING] LinkedIn session expired
2026-02-06 21:57:51 +05:00: [WARNING] LinkedIn session expired
2026-02-06 21:59:51 +05:00: [WARNING] LinkedIn session expired
2026-02-06 22:01:51 +05:00: [WARNING] LinkedIn session expired
2026-02-06 22:04:00 +05:00: [WARNING] LinkedIn session expired
2026-02-06 22:06:00 +05:00: [WARNING] LinkedIn session expired
2026-02-06 22:08:00 +05:00: [WARNING] LinkedIn session expired
2026-02-06 22:10:01 +05:00: [WARNING] LinkedIn session expired
2026-02-06 22:12:02 +05:00: [WARNING] LinkedIn session expired
2026-02-06 22:14:02 +05:00: [WARNING] LinkedIn session expired
2026-02-06 22:16:04 +05:00: [WARNING] LinkedIn session expired
2026-02-06 22:18:04 +05:00: [WARNING] LinkedIn session expired
2026-02-06 22:20:04 +05:00: [WARNING] LinkedIn session expired
2026-02-07 00:14:25 +05:00: [WARNING] LinkedIn session expired
2026-02-07 00:16:26 +05:00: [WARNING] LinkedIn session expired
2026-02-07 00:18:27 +05:00: [WARNING] LinkedIn session expired
2026-02-07 00:20:28 +05:00: [WARNING] LinkedIn session expired
2026-02-07 00:22:30 +05:00: [WARNING] LinkedIn session expired
2026-02-07 00:24:31 +05:00: [WARNING] LinkedIn session expired
2026-02-07 00:26:31 +05:00: [WARNING] LinkedIn session expired
2026-02-07 00:28:31 +05:00: [WARNING] LinkedIn session expired
2026-02-07 00:30:33 +05:00: [WARNING] LinkedIn session expired
2026-02-07 00:32:34 +05:00: [WARNING] LinkedIn session expired
2026-02-07 00:34:35 +05:00: [WARNING] LinkedIn session expired
2026-02-07 00:36:36 +05:00: [WARNING] LinkedIn session expired
2026-02-07 00:38:36 +05:00: [WARNING] LinkedIn session expired
2026-02-07 00:40:37 +05:00: [WARNING] LinkedIn session expired
2026-02-07 00:42:38 +05:00: [WARNING] LinkedIn session expired
2026-02-07 00:44:40 +05:00: [WARNING] LinkedIn session expired
2026-02-07 00:46:43 +05:00: [WARNING] LinkedIn session expired
2026-02-07 00:48:44 +05:00: [WARNING] LinkedIn session expired
2026-02-07 00:50:45 +05:00: [WARNING] LinkedIn session expired
2026-02-07 00:52:46 +05:00: [WARNING] LinkedIn session expired
2026-02-07 00:54:48 +05:00: [WARNING] LinkedIn session expired
2026-02-07 00:56:48 +05:00: [WARNING] LinkedIn session expired
2026-02-07 00:58:49 +05:00: [WARNING] LinkedIn session expired
2026-02-07 01:00:50 +05:00: [WARNING] LinkedIn session expired
2026-02-07 01:02:50 +05:00: [WARNING] LinkedIn session expired
2026-02-07 01:04:50 +05:00: [WARNING] LinkedIn session expired
2026-02-07 01:06:51 +05:00: [WARNING] LinkedIn session expired
2026-02-07 01:34:33 +05:00: [WARNING] LinkedIn session expired
2026-02-07 01:36:34 +05:00: [WARNING] LinkedIn session expired
2026-02-07 01:38:34 +05:00: [WARNING] LinkedIn session expired
2026-02-07 01:40:35 +05:00: [WARNING] LinkedIn session expired
2026-02-07 01:42:35 +05:00: [WARNING] LinkedIn session expired
2026-02-07 01:44:35 +05:00: [WARNING] LinkedIn session expired
2026-02-07 01:46:36 +05:00: [WARNING] LinkedIn session expired
2026-02-07 01:48:37 +05:00: [WARNING] LinkedIn session expired
2026-02-07 01:50:38 +05:00: [WARNING] LinkedIn session expired
2026-02-07 01:52:38 +05:00: [WARNING] LinkedIn session expired
2026-02-07 01:54:39 +05:00: [WARNING] LinkedIn session expired
2026-02-07 01:56:39 +05:00: [WARNING] LinkedIn session expired
2026-02-07 01:58:41 +05:00: [WARNING] LinkedIn session expired
2026-02-07 02:00:41 +05:00: [WARNING] LinkedIn session expired
2026-02-07 02:02:43 +05:00: [WARNING] LinkedIn session expired
2026-02-07 02:04:44 +05:00: [WARNING] LinkedIn session expired
2026-02-07 02:06:45 +05:00: [WARNING] LinkedIn session expired
2026-02-07 02:08:46 +05:00: [WARNING] LinkedIn session expired
2026-02-07 02:10:47 +05:00: [WARNING] LinkedIn session expired
2026-02-07 02:12:49 +05:00: [WARNING] LinkedIn session expired
2026-02-07 02:14:49 +05:00: [WARNING] LinkedIn session expired
2026-02-07 02:16:49 +05:00: [WARNING] LinkedIn session expired
2026-02-07 02:18:49 +05:00: [WARNING] LinkedIn session expired
2026-02-07 02:20:49 +05:00: [WARNING] LinkedIn session expired
2026-02-07 02:22:50 +05:00: [WARNING] LinkedIn session expired
2026-02-07 02:24:50 +05:00: [WARNING] LinkedIn session expired
2026-02-07 02:26:50 +05:00: [WARNING] LinkedIn session expired
2026-02-07 02:28:50 +05:00: [WARNING] LinkedIn session expired
2026-02-07 02:30:50 +05:00: [WARNING] LinkedIn session expired
2026-02-07 02:32:50 +05:00: [WARNING] LinkedIn session expired
2026-02-07 02:34:50 +05:00: [WARNING] LinkedIn session expired
2026-02-07 02:36:54 +05:00: [WARNING] LinkedIn session expired
2026-02-07 02:38:55 +05:00: [WARNING] LinkedIn session expired
2026-02-07 02:40:55 +05:00: [WARNING] LinkedIn session expired
2026-02-07 10:30:48 +05:00: [WARNING] LinkedIn session expired
2026-02-07 10:32:50 +05:00: [WARNING] LinkedIn session expired
2026-02-07 10:34:51 +05:00: [WARNING] LinkedIn session expired
2026-02-07 10:36:53 +05:00: [WARNING] LinkedIn session expired
2026-02-07 10:38:54 +05:00: [WARNING] LinkedIn session expired
2026-02-07 10:40:55 +05:00: [WARNING] LinkedIn session expired
2026-02-07 10:42:56 +05:00: [WARNING] LinkedIn session expired
2026-02-07 10:44:58 +05:00: [WARNING] LinkedIn session expired
2026-02-07 10:46:59 +05:00: [WARNING] LinkedIn session expired
2026-02-07 10:48:59 +05:00: [WARNING] LinkedIn session expired
2026-02-07 10:51:00 +05:00: [WARNING] LinkedIn session expired
2026-02-07 10:53:01 +05:00: [WARNING] LinkedIn session expired
2026-02-07 10:55:02 +05:00: [WARNING] LinkedIn session expired
2026-02-07 10:57:03 +05:00: [WARNING] LinkedIn session expired
2026-02-07 10:59:06 +05:00: [WARNING] LinkedIn session expired
2026-02-07 11:01:07 +05:00: [WARNING] LinkedIn session expired
2026-02-07 11:03:07 +05:00: [WARNING] LinkedIn session expired
2026-02-07 11:05:08 +05:00: [WARNING] LinkedIn session expired
2026-02-07 11:07:08 +05:00: [WARNING] LinkedIn session expired
2026-02-07 11:09:08 +05:00: [WARNING] LinkedIn session expired
2026-02-07 11:11:09 +05:00: [WARNING] LinkedIn session expired
2026-02-07 11:13:12 +05:00: [WARNING] LinkedIn session expired
2026-02-07 11:15:13 +05:00: [WARNING] LinkedIn session expired
2026-02-07 11:17:14 +05:00: [WARNING] LinkedIn session expired
2026-02-07 11:19:14 +05:00: [WARNING] LinkedIn session expired
2026-02-07 11:21:14 +05:00: [WARNING] LinkedIn session expired
2026-02-07 11:23:14 +05:00: [WARNING] LinkedIn session expired
2026-02-07 11:25:14 +05:00: [WARNING] LinkedIn session expired
2026-02-07 11:27:15 +05:00: [WARNING] LinkedIn session expired
2026-02-07 11:29:16 +05:00: [WARNING] LinkedIn session expired
2026-02-07 11:31:16 +05:00: [WARNING] LinkedIn session expired
2026-02-07 11:33:16 +05:00: [WARNING] LinkedIn session expired
2026-02-07 11:35:16 +05:00: [WARNING] LinkedIn session expired
2026-02-07 11:37:17 +05:00: [WARNING] LinkedIn session expired
2026-02-07 11:39:17 +05:00: [WARNING] LinkedIn session expired
2026-02-07 11:41:17 +05:00: [WARNING] LinkedIn session expired
2026-02-07 11:43:17 +05:00: [WARNING] LinkedIn session expired
2026-02-07 11:45:17 +05:00: [WARNING] LinkedIn session expired
2026-02-07 11:47:19 +05:00: [WARNING] LinkedIn session expired
2026-02-07 11:49:20 +05:00: [WARNING] LinkedIn session expired
2026-02-07 11:51:22 +05:00: [WARNING] LinkedIn session expired
2026-02-07 11:53:22 +05:00: [WARNING] LinkedIn session expired
2026-02-07 11:55:22 +05:00: [WARNING] LinkedIn session expired
2026-02-07 11:57:23 +05:00: [WARNING] LinkedIn session expired
2026-02-07 11:59:23 +05:00: [WARNING] LinkedIn session expired
2026-02-07 12:01:24 +05:00: [WARNING] LinkedIn session expired
2026-02-07 12:03:26 +05:00: [WARNING] LinkedIn session expired
2026-02-07 12:05:27 +05:00: [WARNING] LinkedIn session expired
2026-02-07 12:07:28 +05:00: [WARNING] LinkedIn session expired
2026-02-07 13:22:44 +05:00: [WARNING] LinkedIn session expired
2026-02-07 13:24:46 +05:00: [WARNING] LinkedIn session expired
2026-02-07 13:26:46 +05:00: [WARNING] LinkedIn session expired
2026-02-07 13:28:47 +05:00: [WARNING] LinkedIn session expired
2026-02-07 13:30:49 +05:00: [WARNING] LinkedIn session expired
2026-02-07 13:32:50 +05:00: [WARNING] LinkedIn session expired
2026-02-07 13:34:51 +05:00: [WARNING] LinkedIn session expired
2026-02-07 13:36:51 +05:00: [WARNING] LinkedIn session expired
2026-02-07 13:38:52 +05:00: [WARNING] LinkedIn session expired
2026-02-07 13:40:53 +05:00: [WARNING] LinkedIn session expired
2026-02-07 13:42:53 +05:00: [WARNING] LinkedIn session expired
2026-02-07 13:44:54 +05:00: [WARNING] LinkedIn session expired
2026-02-07 13:46:54 +05:00: [WARNING] LinkedIn session expired
2026-02-07 13:48:54 +05:00: [WARNING] LinkedIn session expired
2026-02-07 13:50:55 +05:00: [WARNING] LinkedIn session expired
2026-02-07 13:52:57 +05:00: [WARNING] LinkedIn session expired
2026-02-07 13:54:57 +05:00: [WARNING] LinkedIn session expired
2026-02-07 13:56:58 +05:00: [WARNING] LinkedIn session expired
2026-02-07 13:58:58 +05:00: [WARNING] LinkedIn session expired
2026-02-07 14:01:00 +05:00: [WARNING] LinkedIn session expired
2026-02-07 14:03:00 +05:00: [WARNING] LinkedIn session expired
2026-02-07 14:05:02 +05:00: [WARNING] LinkedIn session expired
2026-02-07 14:07:02 +05:00: [WARNING] LinkedIn session expired
2026-02-07 14:09:02 +05:00: [WARNING] LinkedIn session expired
2026-02-07 14:11:02 +05:00: [WARNING] LinkedIn session expired
2026-02-07 14:13:03 +05:00: [WARNING] LinkedIn session expired
2026-02-07 14:15:04 +05:00: [WARNING] LinkedIn session expired
2026-02-07 14:17:04 +05:00: [WARNING] LinkedIn session expired
2026-02-07 14:19:05 +05:00: [WARNING] LinkedIn session expired
2026-02-07 14:21:05 +05:00: [WARNING] LinkedIn session expired
2026-02-07 14:23:06 +05:00: [WARNING] LinkedIn session expired
2026-02-07 14:25:06 +05:00: [WARNING] LinkedIn session expired
2026-02-07 14:27:06 +05:00: [WARNING] LinkedIn session expired
2026-02-07 14:29:06 +05:00: [WARNING] LinkedIn session expired
2026-02-07 14:31:06 +05:00: [WARNING] LinkedIn session expired
2026-02-07 14:33:07 +05:00: [WARNING] LinkedIn session expired
2026-02-07 14:35:07 +05:00: [WARNING] LinkedIn session expired
2026-02-07 14:37:07 +05:00: [WARNING] LinkedIn session expired
2026-02-07 14:39:08 +05:00: [WARNING] LinkedIn session expired
2026-02-07 14:41:08 +05:00: [WARNING] LinkedIn session expired
2026-02-07 14:43:08 +05:00: [WARNING] LinkedIn session expired
2026-02-07 14:45:08 +05:00: [WARNING] LinkedIn session expired
2026-02-08 02:03:28 +05:00: [WARNING] LinkedIn session expired
2026-02-08 02:05:29 +05:00: [WARNING] LinkedIn session expired
2026-02-08 02:07:33 +05:00: [WARNING] LinkedIn session expired
2026-02-08 02:09:33 +05:00: [WARNING] LinkedIn session expired
2026-02-08 02:11:34 +05:00: [WARNING] LinkedIn session expired
2026-02-08 02:13:34 +05:00: [WARNING] LinkedIn session expired
2026-02-08 02:15:35 +05:00: [WARNING] LinkedIn session expired
2026-02-08 02:17:36 +05:00: [WARNING] LinkedIn session expired
2026-02-08 02:19:36 +05:00: [WARNING] LinkedIn session expired
2026-02-08 02:21:36 +05:00: [WARNING] LinkedIn session expired
2026-02-08 13:39:47 +05:00: [WARNING] LinkedIn session expired
2026-02-08 13:41:52 +05:00: [WARNING] LinkedIn session expired
2026-02-08 13:43:54 +05:00: [WARNING] LinkedIn session expired
2026-02-08 13:45:58 +05:00: [WARNING] LinkedIn session expired
2026-02-08 13:48:12 +05:00: [WARNING] LinkedIn session expired
2026-02-08 13:50:14 +05:00: [WARNING] LinkedIn session expired
2026-02-08 13:52:15 +05:00: [WARNING] LinkedIn session expired
2026-02-08 13:54:15 +05:00: [WARNING] LinkedIn session expired
2026-02-08 13:56:16 +05:00: [WARNING] LinkedIn session expired
2026-02-08 13:58:20 +05:00: [WARNING] LinkedIn session expired
2026-02-08 14:00:20 +05:00: [WARNING] LinkedIn session expired
2026-02-08 14:02:21 +05:00: [WARNING] LinkedIn session expired
2026-02-08 14:04:26 +05:00: [WARNING] LinkedIn session expired
2026-02-08 14:06:27 +05:00: [WARNING] LinkedIn session expired
2026-02-08 14:08:37 +05:00: [WARNING] LinkedIn session expired
2026-02-08 14:10:43 +05:00: [WARNING] LinkedIn session expired
2026-02-08 14:12:44 +05:00: [WARNING] LinkedIn session expired
2026-02-08 14:14:45 +05:00: [WARNING] LinkedIn session expired
2026-02-08 14:16:45 +05:00: [WARNING] LinkedIn session expired
2026-02-08 14:18:47 +05:00: [WARNING] LinkedIn session expired
2026-02-08 14:20:48 +05:00: [WARNING] LinkedIn session expired
2026-02-08 14:22:49 +05:00: [WARNING] LinkedIn session expired
2026-02-08 14:24:50 +05:00: [WARNING] LinkedIn session expired
2026-02-08 14:26:50 +05:00: [WARNING] LinkedIn session expired
2026-02-08 14:28:51 +05:00: [WARNING] LinkedIn session expired
2026-02-08 14:30:51 +05:00: [WARNING] LinkedIn session expired
2026-02-08 14:32:53 +05:00: [WARNING] LinkedIn session expired
2026-02-08 14:34:53 +05:00: [WARNING] LinkedIn session expired
2026-02-08 14:36:54 +05:00: [WARNING] LinkedIn session expired
2026-02-08 14:38:55 +05:00: [WARNING] LinkedIn session expired
2026-02-08 14:40:56 +05:00: [WARNING] LinkedIn session expired
2026-02-08 14:42:56 +05:00: [WARNING] LinkedIn session expired
2026-02-08 14:44:57 +05:00: [WARNING] LinkedIn session expired
2026-02-08 14:46:59 +05:00: [WARNING] LinkedIn session expired
2026-02-08 14:48:59 +05:00: [WARNING] LinkedIn session expired
2026-02-08 14:51:01 +05:00: [WARNING] LinkedIn session expired
2026-02-08 14:53:02 +05:00: [WARNING] LinkedIn session expired
2026-02-08 14:55:03 +05:00: [WARNING] LinkedIn session expired
2026-02-08 14:57:04 +05:00: [WARNING] LinkedIn session expired
2026-02-08 14:59:04 +05:00: [WARNING] LinkedIn session expired
2026-02-08 15:01:06 +05:00: [WARNING] LinkedIn session expired
2026-02-08 15:03:06 +05:00: [WARNING] LinkedIn session expired
2026-02-08 15:05:07 +05:00: [WARNING] LinkedIn session expired
2026-02-08 15:07:07 +05:00: [WARNING] LinkedIn session expired
2026-02-08 15:09:07 +05:00: [WARNING] LinkedIn session expired
2026-02-08 15:11:07 +05:00: [WARNING] LinkedIn session expired
2026-02-08 15:13:08 +05:00: [WARNING] LinkedIn session expired
2026-02-08 15:15:08 +05:00: [WARNING] LinkedIn session expired
2026-02-08 15:17:09 +05:00: [WARNING] LinkedIn session expired
2026-02-08 15:19:09 +05:00: [WARNING] LinkedIn session expired
2026-02-08 15:21:09 +05:00: [WARNING] LinkedIn session expired
2026-02-08 15:23:09 +05:00: [WARNING] LinkedIn session expired
2026-02-08 15:25:10 +05:00: [WARNING] LinkedIn session expired
2026-02-08 15:27:10 +05:00: [WARNING] LinkedIn session expired
2026-02-08 15:29:10 +05:00: [WARNING] LinkedIn session expired
2026-02-08 15:31:10 +05:00: [WARNING] LinkedIn session expired
2026-02-08 15:33:11 +05:00: [WARNING] LinkedIn session expired
2026-02-08 19:29:11 +05:00: [WARNING] LinkedIn session expired
2026-02-08 19:31:12 +05:00: [WARNING] LinkedIn session expired
2026-02-08 19:33:13 +05:00: [WARNING] LinkedIn session expired
2026-02-08 19:35:13 +05:00: [WARNING] LinkedIn session expired
2026-02-08 19:37:13 +05:00: [WARNING] LinkedIn session expired
2026-02-08 19:39:14 +05:00: [WARNING] LinkedIn session expired
2026-02-08 19:41:14 +05:00: [WARNING] LinkedIn session expired
2026-02-08 19:43:15 +05:00: [WARNING] LinkedIn session expired
2026-02-08 19:45:15 +05:00: [WARNING] LinkedIn session expired
2026-02-08 19:47:15 +05:00: [WARNING] LinkedIn session expired
2026-02-08 19:49:16 +05:00: [WARNING] LinkedIn session expired
2026-02-08 19:51:16 +05:00: [WARNING] LinkedIn session expired
2026-02-08 19:53:17 +05:00: [WARNING] LinkedIn session expired
2026-02-08 19:55:18 +05:00: [WARNING] LinkedIn session expired
2026-02-08 19:57:18 +05:00: [WARNING] LinkedIn session expired
2026-02-08 19:59:19 +05:00: [WARNING] LinkedIn session expired
2026-02-08 20:01:21 +05:00: [WARNING] LinkedIn session expired
2026-02-08 20:03:21 +05:00: [WARNING] LinkedIn session expired
2026-02-08 20:05:22 +05:00: [WARNING] LinkedIn session expired
2026-02-08 20:07:22 +05:00: [WARNING] LinkedIn session expired
2026-02-08 20:09:23 +05:00: [WARNING] LinkedIn session expired
2026-02-08 20:11:23 +05:00: [WARNING] LinkedIn session expired
2026-02-08 20:13:25 +05:00: [WARNING] LinkedIn session expired
2026-02-08 20:15:26 +05:00: [WARNING] LinkedIn session expired
2026-02-08 20:17:28 +05:00: [WARNING] LinkedIn session expired
2026-02-08 20:19:30 +05:00: [WARNING] LinkedIn session expired
2026-02-08 20:21:34 +05:00: [WARNING] LinkedIn session expired
2026-02-08 20:23:42 +05:00: [WARNING] LinkedIn session expired
2026-02-08 20:25:43 +05:00: [WARNING] LinkedIn session expired
2026-02-08 20:27:44 +05:00: [WARNING] LinkedIn session expired
2026-02-08 20:29:47 +05:00: [WARNING] LinkedIn session expired
2026-02-08 20:31:48 +05:00: [WARNING] LinkedIn session expired
2026-02-08 20:33:48 +05:00: [WARNING] LinkedIn session expired
2026-02-08 20:35:48 +05:00: [WARNING] LinkedIn session expired
2026-02-08 20:37:48 +05:00: [WARNING] LinkedIn session expired
2026-02-08 20:39:49 +05:00: [WARNING] LinkedIn session expired
2026-02-08 20:41:49 +05:00: [WARNING] LinkedIn session expired
2026-02-08 20:43:49 +05:00: [WARNING] LinkedIn session expired
2026-02-08 20:45:49 +05:00: [WARNING] LinkedIn session expired
2026-02-08 20:47:49 +05:00: [WARNING] LinkedIn session expired
2026-02-08 20:49:49 +05:00: [WARNING] LinkedIn session expired
2026-02-08 20:51:50 +05:00: [WARNING] LinkedIn session expired
2026-02-08 20:53:50 +05:00: [WARNING] LinkedIn session expired
2026-02-08 20:55:51 +05:00: [WARNING] LinkedIn session expired
2026-02-08 20:57:51 +05:00: [WARNING] LinkedIn session expired
2026-02-08 20:59:52 +05:00: [WARNING] LinkedIn session expired
2026-02-08 21:01:52 +05:00: [WARNING] LinkedIn session expired
2026-02-08 21:03:54 +05:00: [WARNING] LinkedIn session expired
2026-02-08 21:05:55 +05:00: [WARNING] LinkedIn session expired
2026-02-08 21:07:56 +05:00: [WARNING] LinkedIn session expired
2026-02-08 21:09:57 +05:00: [WARNING] LinkedIn session expired
2026-02-08 21:12:00 +05:00: [WARNING] LinkedIn session expired
2026-02-08 21:14:00 +05:00: [WARNING] LinkedIn session expired
2026-02-08 21:16:01 +05:00: [WARNING] LinkedIn session expired
2026-02-08 21:18:01 +05:00: [WARNING] LinkedIn session expired
2026-02-08 21:20:01 +05:00: [WARNING] LinkedIn session expired
2026-02-08 21:22:01 +05:00: [WARNING] LinkedIn session expired
2026-02-08 21:24:02 +05:00: [WARNING] LinkedIn session expired
2026-02-08 21:26:02 +05:00: [WARNING] LinkedIn session expired
2026-02-08 21:28:02 +05:00: [WARNING] LinkedIn session expired
2026-02-08 21:30:02 +05:00: [WARNING] LinkedIn session expired
2026-02-08 21:32:02 +05:00: [WARNING] LinkedIn session expired
2026-02-08 21:34:02 +05:00: [WARNING] LinkedIn session expired
2026-02-08 21:36:03 +05:00: [WARNING] LinkedIn session expired
2026-02-08 21:38:07 +05:00: [WARNING] LinkedIn session expired
2026-02-08 21:40:11 +05:00: [WARNING] LinkedIn session expired
2026-02-08 21:42:11 +05:00: [WARNING] LinkedIn session expired
2026-02-08 21:44:12 +05:00: [WARNING] LinkedIn session expired
2026-02-08 21:46:13 +05:00: [WARNING] LinkedIn session expired
2026-02-08 21:48:14 +05:00: [WARNING] LinkedIn session expired
2026-02-08 21:50:14 +05:00: [WARNING] LinkedIn session expired
2026-02-08 21:52:15 +05:00: [WARNING] LinkedIn session expired
2026-02-08 21:54:37 +05:00: [WARNING] LinkedIn session expired
2026-02-08 21:56:39 +05:00: [WARNING] LinkedIn session expired
2026-02-08 21:58:42 +05:00: [WARNING] LinkedIn session expired
2026-02-08 22:00:51 +05:00: [WARNING] LinkedIn session expired
2026-02-08 22:02:57 +05:00: [WARNING] LinkedIn session expired
2026-02-08 22:04:58 +05:00: [WARNING] LinkedIn session expired
2026-02-08 22:06:58 +05:00: [WARNING] LinkedIn session expired
2026-02-08 22:08:59 +05:00: [WARNING] LinkedIn session expired
2026-02-08 22:10:59 +05:00: [WARNING] LinkedIn session expired
2026-02-08 22:13:00 +05:00: [WARNING] LinkedIn session expired
2026-02-08 22:15:02 +05:00: [WARNING] LinkedIn session expired
2026-02-08 22:17:10 +05:00: [WARNING] LinkedIn session expired
2026-02-08 22:19:11 +05:00: [WARNING] LinkedIn session expired
2026-02-08 22:21:19 +05:00: [WARNING] LinkedIn session expired
2026-02-08 22:23:29 +05:00: [WARNING] LinkedIn session expired
2026-02-08 22:25:34 +05:00: [WARNING] LinkedIn session expired
2026-02-08 22:27:43 +05:00: [WARNING] LinkedIn session expired
2026-02-08 22:29:54 +05:00: [WARNING] LinkedIn session expired
2026-02-08 22:31:57 +05:00: [WARNING] LinkedIn session expired
2026-02-08 22:33:57 +05:00: [WARNING] LinkedIn session expired
2026-02-08 22:35:58 +05:00: [WARNING] LinkedIn session expired
2026-02-08 22:38:00 +05:00: [WARNING] LinkedIn session expired
2026-02-08 22:40:02 +05:00: [WARNING] LinkedIn session expired
2026-02-08 22:42:04 +05:00: [WARNING] LinkedIn session expired
2026-02-08 22:44:09 +05:00: [WARNING] LinkedIn session expired
2026-02-08 22:46:13 +05:00: [WARNING] LinkedIn session expired
2026-02-08 22:48:16 +05:00: [WARNING] LinkedIn session expired
2026-02-08 22:50:18 +05:00: [WARNING] LinkedIn session expired
2026-02-08 22:52:30 +05:00: [WARNING] LinkedIn session expired
2026-02-08 22:54:34 +05:00: [WARNING] LinkedIn session expired
2026-02-08 22:56:35 +05:00: [WARNING] LinkedIn session expired
2026-02-08 22:58:36 +05:00: [WARNING] LinkedIn session expired
2026-02-08 23:00:36 +05:00: [WARNING] LinkedIn session expired
2026-02-08 23:02:37 +05:00: [WARNING] LinkedIn session expired
2026-02-08 23:04:38 +05:00: [WARNING] LinkedIn session expired
2026-02-08 23:06:38 +05:00: [WARNING] LinkedIn session expired
2026-02-08 23:08:39 +05:00: [WARNING] LinkedIn session expired
2026-02-08 23:10:39 +05:00: [WARNING] LinkedIn session expired
2026-02-08 23:12:40 +05:00: [WARNING] LinkedIn session expired
2026-02-08 23:14:40 +05:00: [WARNING] LinkedIn session expired
2026-02-08 23:16:40 +05:00: [WARNING] LinkedIn session expired
2026-02-08 23:18:41 +05:00: [WARNING] LinkedIn session expired
2026-02-08 23:20:41 +05:00: [WARNING] LinkedIn session expired
2026-02-08 23:22:42 +05:00: [WARNING] LinkedIn session expired
2026-02-08 23:24:43 +05:00: [WARNING] LinkedIn session expired
2026-02-08 23:26:44 +05:00: [WARNING] LinkedIn session expired
2026-02-08 23:28:44 +05:00: [WARNING] LinkedIn session expired
2026-02-08 23:30:45 +05:00: [WARNING] LinkedIn session expired
2026-02-08 23:32:45 +05:00: [WARNING] LinkedIn session expired
2026-02-08 23:34:46 +05:00: [WARNING] LinkedIn session expired
2026-02-08 23:36:47 +05:00: [WARNING] LinkedIn session expired
2026-02-08 23:38:48 +05:00: [WARNING] LinkedIn session expired
2026-02-08 23:40:48 +05:00: [WARNING] LinkedIn session expired
2026-02-08 23:42:48 +05:00: [WARNING] LinkedIn session expired
2026-02-08 23:44:49 +05:00: [WARNING] LinkedIn session expired
2026-02-08 23:46:49 +05:00: [WARNING] LinkedIn session expired
2026-02-08 23:48:50 +05:00: [WARNING] LinkedIn session expired
2026-02-08 23:50:52 +05:00: [WARNING] LinkedIn session expired
2026-02-08 23:52:53 +05:00: [WARNING] LinkedIn session expired
2026-02-08 23:54:56 +05:00: [WARNING] LinkedIn session expired
2026-02-08 23:56:59 +05:00: [WARNING] LinkedIn session expired
2026-02-08 23:59:00 +05:00: [WARNING] LinkedIn session expired
2026-02-09 00:01:00 +05:00: [WARNING] LinkedIn session expired
2026-02-09 00:03:01 +05:00: [WARNING] LinkedIn session expired
2026-02-09 00:05:04 +05:00: [WARNING] LinkedIn session expired
2026-02-09 00:07:05 +05:00: [WARNING] LinkedIn session expired
2026-02-09 00:09:05 +05:00: [WARNING] LinkedIn session expired
2026-02-09 00:11:06 +05:00: [WARNING] LinkedIn session expired
2026-02-09 00:13:06 +05:00: [WARNING] LinkedIn session expired
2026-02-09 00:15:07 +05:00: [WARNING] LinkedIn session expired
2026-02-09 00:17:07 +05:00: [WARNING] LinkedIn session expired
2026-02-09 00:19:09 +05:00: [WARNING] LinkedIn session expired
2026-02-09 00:21:09 +05:00: [WARNING] LinkedIn session expired
2026-02-09 00:23:09 +05:00: [WARNING] LinkedIn session expired
2026-02-09 00:25:11 +05:00: [WARNING] LinkedIn session expired
2026-02-09 00:27:11 +05:00: [WARNING] LinkedIn session expired
2026-02-09 00:29:12 +05:00: [WARNING] LinkedIn session expired
2026-02-09 00:31:12 +05:00: [WARNING] LinkedIn session expired
2026-02-09 00:33:12 +05:00: [WARNING] LinkedIn session expired
2026-02-09 00:35:13 +05:00: [WARNING] LinkedIn session expired
2026-02-09 00:37:13 +05:00: [WARNING] LinkedIn session expired
2026-02-09 00:39:14 +05:00: [WARNING] LinkedIn session expired
2026-02-09 00:41:14 +05:00: [WARNING] LinkedIn session expired
2026-02-09 00:43:15 +05:00: [WARNING] LinkedIn session expired
2026-02-09 00:45:15 +05:00: [WARNING] LinkedIn session expired
2026-02-09 00:47:15 +05:00: [WARNING] LinkedIn session expired
2026-02-09 00:49:15 +05:00: [WARNING] LinkedIn session expired
2026-02-09 00:51:16 +05:00: [WARNING] LinkedIn session expired
2026-02-09 00:53:16 +05:00: [WARNING] LinkedIn session expired
2026-02-09 00:55:16 +05:00: [WARNING] LinkedIn session expired
2026-02-09 00:57:16 +05:00: [WARNING] LinkedIn session expired
2026-02-09 00:59:16 +05:00: [WARNING] LinkedIn session expired
2026-02-09 01:01:17 +05:00: [WARNING] LinkedIn session expired
2026-02-09 01:03:17 +05:00: [WARNING] LinkedIn session expired
2026-02-09 01:05:17 +05:00: [WARNING] LinkedIn session expired
2026-02-09 01:07:18 +05:00: [WARNING] LinkedIn session expired
2026-02-09 01:09:18 +05:00: [WARNING] LinkedIn session expired
2026-02-09 01:11:21 +05:00: [WARNING] LinkedIn session expired
2026-02-09 01:13:22 +05:00: [WARNING] LinkedIn session expired
2026-02-09 01:15:22 +05:00: [WARNING] LinkedIn session expired
2026-02-09 01:17:24 +05:00: [WARNING] LinkedIn session expired
2026-02-09 01:19:27 +05:00: [WARNING] LinkedIn session expired
2026-02-09 01:21:28 +05:00: [WARNING] LinkedIn session expired
2026-02-09 01:23:28 +05:00: [WARNING] LinkedIn session expired
2026-02-09 01:25:28 +05:00: [WARNING] LinkedIn session expired
2026-02-09 01:27:29 +05:00: [WARNING] LinkedIn session expired
2026-02-09 01:29:31 +05:00: [WARNING] LinkedIn session expired
2026-02-09 01:31:32 +05:00: [WARNING] LinkedIn session expired
2026-02-09 01:33:32 +05:00: [WARNING] LinkedIn session expired
2026-02-09 01:35:32 +05:00: [WARNING] LinkedIn session expired
2026-02-09 01:37:32 +05:00: [WARNING] LinkedIn session expired
2026-02-09 01:39:33 +05:00: [WARNING] LinkedIn session expired
2026-02-09 01:41:34 +05:00: [WARNING] LinkedIn session expired
2026-02-09 01:43:35 +05:00: [WARNING] LinkedIn session expired
2026-02-09 01:45:35 +05:00: [WARNING] LinkedIn session expired
2026-02-09 01:47:38 +05:00: [WARNING] LinkedIn session expired
2026-02-09 01:49:42 +05:00: [WARNING] LinkedIn session expired
2026-02-09 01:51:42 +05:00: [WARNING] LinkedIn session expired
2026-02-09 01:53:45 +05:00: [WARNING] LinkedIn session expired
2026-02-09 01:55:55 +05:00: [WARNING] LinkedIn session expired
2026-02-09 01:58:02 +05:00: [WARNING] LinkedIn session expired
2026-02-09 02:00:14 +05:00: [WARNING] LinkedIn session expired
2026-02-09 02:02:22 +05:00: [WARNING] LinkedIn session expired
2026-02-09 02:04:28 +05:00: [WARNING] LinkedIn session expired
2026-02-09 02:06:35 +05:00: [WARNING] LinkedIn session expired
2026-02-09 02:08:39 +05:00: [WARNING] LinkedIn session expired
2026-02-09 02:10:40 +05:00: [WARNING] LinkedIn session expired
2026-02-09 02:12:40 +05:00: [WARNING] LinkedIn session expired
2026-02-09 02:14:41 +05:00: [WARNING] LinkedIn session expired
2026-02-09 02:16:41 +05:00: [WARNING] LinkedIn session expired
2026-02-09 02:18:42 +05:00: [WARNING] LinkedIn session expired
2026-02-09 02:20:49 +05:00: [WARNING] LinkedIn session expired
2026-02-09 02:22:52 +05:00: [WARNING] LinkedIn session expired
2026-02-09 02:24:53 +05:00: [WARNING] LinkedIn session expired
2026-02-09 02:27:03 +05:00: [WARNING] LinkedIn session expired
2026-02-09 02:29:06 +05:00: [WARNING] LinkedIn session expired
2026-02-09 02:31:06 +05:00: [WARNING] LinkedIn session expired
2026-02-09 02:33:07 +05:00: [WARNING] LinkedIn session expired
2026-02-09 02:35:07 +05:00: [WARNING] LinkedIn session expired
2026-02-09 02:37:07 +05:00: [WARNING] LinkedIn session expired
2026-02-09 02:39:09 +05:00: [WARNING] LinkedIn session expired
2026-02-09 02:41:10 +05:00: [WARNING] LinkedIn session expired
2026-02-09 02:43:10 +05:00: [WARNING] LinkedIn session expired
2026-02-09 02:45:11 +05:00: [WARNING] LinkedIn session expired
2026-02-09 02:47:15 +05:00: [WARNING] LinkedIn session expired
2026-02-09 02:49:15 +05:00: [WARNING] LinkedIn session expired
2026-02-09 02:51:16 +05:00: [WARNING] LinkedIn session expired
2026-02-09 02:53:17 +05:00: [WARNING] LinkedIn session expired
2026-02-09 02:55:24 +05:00: [WARNING] LinkedIn session expired
2026-02-09 02:57:36 +05:00: [WARNING] LinkedIn session expired
2026-02-09 02:59:38 +05:00: [WARNING] LinkedIn session expired
2026-02-09 03:01:40 +05:00: [WARNING] LinkedIn session expired
2026-02-09 11:59:27 +05:00: [WARNING] LinkedIn session expired
2026-02-09 12:01:28 +05:00: [WARNING] LinkedIn session expired
2026-02-09 12:03:29 +05:00: [WARNING] LinkedIn session expired
2026-02-09 12:05:34 +05:00: [WARNING] LinkedIn session expired
2026-02-09 12:07:41 +05:00: [WARNING] LinkedIn session expired
2026-02-09 12:09:42 +05:00: [WARNING] LinkedIn session expired
2026-02-09 12:11:43 +05:00: [WARNING] LinkedIn session expired
2026-02-09 12:13:45 +05:00: [WARNING] LinkedIn session expired
2026-02-09 12:15:46 +05:00: [WARNING] LinkedIn session expired
2026-02-09 12:17:47 +05:00: [WARNING] LinkedIn session expired
2026-02-09 12:19:49 +05:00: [WARNING] LinkedIn session expired
2026-02-09 16:32:14 +05:00: [WARNING] LinkedIn session expired
2026-02-09 16:34:15 +05:00: [WARNING] LinkedIn session expired
2026-02-09 16:36:15 +05:00: [WARNING] LinkedIn session expired
2026-02-09 16:38:15 +05:00: [WARNING] LinkedIn session expired
2026-02-09 16:40:15 +05:00: [WARNING] LinkedIn session expired
2026-02-09 16:42:16 +05:00: [WARNING] LinkedIn session expired
2026-02-09 16:44:16 +05:00: [WARNING] LinkedIn session expired
2026-02-09 16:46:16 +05:00: [WARNING] LinkedIn session expired
2026-02-09 16:48:16 +05:00: [WARNING] LinkedIn session expired
2026-02-09 16:50:16 +05:00: [WARNING] LinkedIn session expired
2026-02-09 16:52:16 +05:00: [WARNING] LinkedIn session expired
2026-02-09 16:54:22 +05:00: [WARNING] LinkedIn session expired
2026-02-09 16:56:22 +05:00: [WARNING] LinkedIn session expired
2026-02-09 16:58:22 +05:00: [WARNING] LinkedIn session expired
2026-02-09 17:00:22 +05:00: [WARNING] LinkedIn session expired
2026-02-09 17:02:22 +05:00: [WARNING] LinkedIn session expired
2026-02-09 17:04:22 +05:00: [WARNING] LinkedIn session expired
2026-02-09 17:06:23 +05:00: [WARNING] LinkedIn session expired
2026-02-09 17:08:23 +05:00: [WARNING] LinkedIn session expired
2026-02-09 17:10:23 +05:00: [WARNING] LinkedIn session expired
2026-02-09 17:12:23 +05:00: [WARNING] LinkedIn session expired
2026-02-09 17:14:23 +05:00: [WARNING] LinkedIn session expired
2026-02-09 17:16:24 +05:00: [WARNING] LinkedIn session expired
2026-02-09 17:18:24 +05:00: [WARNING] LinkedIn session expired
2026-02-09 17:20:24 +05:00: [WARNING] LinkedIn session expired
2026-02-09 17:22:24 +05:00: [WARNING] LinkedIn session expired
2026-02-09 17:24:25 +05:00: [WARNING] LinkedIn session expired
2026-02-09 17:26:25 +05:00: [WARNING] LinkedIn session expired
2026-02-09 17:28:25 +05:00: [WARNING] LinkedIn session expired
2026-02-09 17:30:25 +05:00: [WARNING] LinkedIn session expired
2026-02-09 17:32:25 +05:00: [WARNING] LinkedIn session expired
2026-02-09 17:34:26 +05:00: [WARNING] LinkedIn session expired
2026-02-09 17:36:26 +05:00: [WARNING] LinkedIn session expired
2026-02-09 17:38:26 +05:00: [WARNING] LinkedIn session expired
2026-02-09 17:40:26 +05:00: [WARNING] LinkedIn session expired
2026-02-09 17:42:26 +05:00: [WARNING] LinkedIn session expired
2026-02-09 17:44:27 +05:00: [WARNING] LinkedIn session expired
2026-02-09 17:46:27 +05:00: [WARNING] LinkedIn session expired
2026-02-09 17:48:27 +05:00: [WARNING] LinkedIn session expired
2026-02-09 17:50:27 +05:00: [WARNING] LinkedIn session expired
2026-02-09 17:52:27 +05:00: [WARNING] LinkedIn session expired
2026-02-09 17:54:27 +05:00: [WARNING] LinkedIn session expired
2026-02-09 17:56:27 +05:00: [WARNING] LinkedIn session expired
2026-02-09 17:58:27 +05:00: [WARNING] LinkedIn session expired
2026-02-09 18:00:28 +05:00: [WARNING] LinkedIn session expired
2026-02-09 18:02:28 +05:00: [WARNING] LinkedIn session expired
2026-02-09 18:04:28 +05:00: [WARNING] LinkedIn session expired
2026-02-09 18:06:29 +05:00: [WARNING] LinkedIn session expired
2026-02-09 18:08:29 +05:00: [WARNING] LinkedIn session expired
2026-02-09 18:10:29 +05:00: [WARNING] LinkedIn session expired
2026-02-09 18:12:30 +05:00: [WARNING] LinkedIn session expired
2026-02-09 18:14:30 +05:00: [WARNING] LinkedIn session expired
2026-02-09 18:16:30 +05:00: [WARNING] LinkedIn session expired
2026-02-09 18:18:31 +05:00: [WARNING] LinkedIn session expired
2026-02-09 18:20:31 +05:00: [WARNING] LinkedIn session expired
2026-02-09 18:22:31 +05:00: [WARNING] LinkedIn session expired
2026-02-09 18:24:31 +05:00: [WARNING] LinkedIn session expired
2026-02-09 18:26:32 +05:00: [WARNING] LinkedIn session expired
2026-02-09 18:28:32 +05:00: [WARNING] LinkedIn session expired
2026-02-09 18:30:32 +05:00: [WARNING] LinkedIn session expired
2026-02-09 18:32:32 +05:00: [WARNING] LinkedIn session expired
2026-02-09 18:41:48 +05:00: [WARNING] LinkedIn session expired
2026-02-09 18:43:48 +05:00: [WARNING] LinkedIn session expired
2026-02-09 18:45:49 +05:00: [WARNING] LinkedIn session expired
2026-02-09 18:47:49 +05:00: [WARNING] LinkedIn session expired
2026-02-09 18:49:50 +05:00: [WARNING] LinkedIn session expired
2026-02-09 18:51:50 +05:00: [WARNING] LinkedIn session expired
2026-02-09 18:53:51 +05:00: [WARNING] LinkedIn session expired
2026-02-09 18:55:52 +05:00: [WARNING] LinkedIn session expired
2026-02-09 18:57:52 +05:00: [WARNING] LinkedIn session expired
2026-02-09 18:59:53 +05:00: [WARNING] LinkedIn session expired
2026-02-09 19:01:54 +05:00: [WARNING] LinkedIn session expired
2026-02-09 19:03:54 +05:00: [WARNING] LinkedIn session expired
2026-02-09 19:05:56 +05:00: [WARNING] LinkedIn session expired
2026-02-09 19:07:57 +05:00: [WARNING] LinkedIn session expired
2026-02-09 19:09:58 +05:00: [WARNING] LinkedIn session expired
2026-02-09 19:11:58 +05:00: [WARNING] LinkedIn session expired
2026-02-09 19:13:59 +05:00: [WARNING] LinkedIn session expired
2026-02-09 19:16:00 +05:00: [WARNING] LinkedIn session expired
2026-02-09 19:18:00 +05:00: [WARNING] LinkedIn session expired
2026-02-09 19:20:01 +05:00: [WARNING] LinkedIn session expired
2026-02-09 19:22:02 +05:00: [WARNING] LinkedIn session expired
2026-02-09 19:24:02 +05:00: [WARNING] LinkedIn session expired
2026-02-09 19:26:03 +05:00: [WARNING] LinkedIn session expired
2026-02-09 19:28:04 +05:00: [WARNING] LinkedIn session expired
2026-02-09 19:30:07 +05:00: [WARNING] LinkedIn session expired
2026-02-09 19:32:08 +05:00: [WARNING] LinkedIn session expired
2026-02-09 19:34:09 +05:00: [WARNING] LinkedIn session expired
2026-02-09 19:36:09 +05:00: [WARNING] LinkedIn session expired
2026-02-09 19:38:11 +05:00: [WARNING] LinkedIn session expired
2026-02-09 19:40:13 +05:00: [WARNING] LinkedIn session expired
2026-02-09 19:42:14 +05:00: [WARNING] LinkedIn session expired
2026-02-09 19:44:15 +05:00: [WARNING] LinkedIn session expired
2026-02-09 19:46:16 +05:00: [WARNING] LinkedIn session expired
2026-02-09 19:48:17 +05:00: [WARNING] LinkedIn session expired
2026-02-09 19:50:18 +05:00: [WARNING] LinkedIn session expired
2026-02-09 19:52:18 +05:00: [WARNING] LinkedIn session expired
2026-02-09 19:54:20 +05:00: [WARNING] LinkedIn session expired
2026-02-09 19:56:21 +05:00: [WARNING] LinkedIn session expired
2026-02-09 19:58:21 +05:00: [WARNING] LinkedIn session expired
2026-02-09 20:00:22 +05:00: [WARNING] LinkedIn session expired
2026-02-09 20:02:23 +05:00: [WARNING] LinkedIn session expired
2026-02-09 20:04:25 +05:00: [WARNING] LinkedIn session expired
2026-02-09 20:06:25 +05:00: [WARNING] LinkedIn session expired
2026-02-09 20:08:27 +05:00: [WARNING] LinkedIn session expired
2026-02-09 20:10:27 +05:00: [WARNING] LinkedIn session expired
2026-02-09 20:12:28 +05:00: [WARNING] LinkedIn session expired
2026-02-09 20:14:31 +05:00: [WARNING] LinkedIn session expired
2026-02-09 20:16:45 +05:00: [WARNING] LinkedIn session expired
2026-02-09 20:18:52 +05:00: [WARNING] LinkedIn session expired
2026-02-09 20:20:54 +05:00: [WARNING] LinkedIn session expired
2026-02-09 20:22:58 +05:00: [WARNING] LinkedIn session expired
2026-02-09 20:24:59 +05:00: [WARNING] LinkedIn session expired
2026-02-09 20:27:01 +05:00: [WARNING] LinkedIn session expired
2026-02-09 20:29:02 +05:00: [WARNING] LinkedIn session expired
2026-02-09 20:31:03 +05:00: [WARNING] LinkedIn session expired
2026-02-09 20:33:07 +05:00: [WARNING] LinkedIn session expired
2026-02-09 20:35:08 +05:00: [WARNING] LinkedIn session expired
2026-02-09 20:37:09 +05:00: [WARNING] LinkedIn session expired
2026-02-09 20:39:09 +05:00: [WARNING] LinkedIn session expired
2026-02-09 20:41:10 +05:00: [WARNING] LinkedIn session expired
2026-02-09 20:43:11 +05:00: [WARNING] LinkedIn session expired
2026-02-09 20:45:12 +05:00: [WARNING] LinkedIn session expired
2026-02-09 20:47:14 +05:00: [WARNING] LinkedIn session expired
2026-02-09 20:49:15 +05:00: [WARNING] LinkedIn session expired
2026-02-09 20:51:16 +05:00: [WARNING] LinkedIn session expired
2026-02-09 20:53:18 +05:00: [WARNING] LinkedIn session expired
2026-02-09 20:55:18 +05:00: [WARNING] LinkedIn session expired
2026-02-09 20:57:19 +05:00: [WARNING] LinkedIn session expired
2026-02-09 20:59:19 +05:00: [WARNING] LinkedIn session expired
2026-02-09 21:01:20 +05:00: [WARNING] LinkedIn session expired
2026-02-09 21:03:20 +05:00: [WARNING] LinkedIn session expired
2026-02-09 21:05:21 +05:00: [WARNING] LinkedIn session expired
2026-02-09 21:07:21 +05:00: [WARNING] LinkedIn session expired
2026-02-09 21:09:22 +05:00: [WARNING] LinkedIn session expired
2026-02-09 21:11:23 +05:00: [WARNING] LinkedIn session expired
2026-02-09 21:13:24 +05:00: [WARNING] LinkedIn session expired
2026-02-09 21:15:25 +05:00: [WARNING] LinkedIn session expired
2026-02-09 21:17:25 +05:00: [WARNING] LinkedIn session expired
2026-02-09 21:19:25 +05:00: [WARNING] LinkedIn session expired
2026-02-09 21:21:25 +05:00: [WARNING] LinkedIn session expired
2026-02-09 21:23:26 +05:00: [WARNING] LinkedIn session expired
2026-02-09 21:25:26 +05:00: [WARNING] LinkedIn session expired
2026-02-09 21:27:27 +05:00: [WARNING] LinkedIn session expired
2026-02-09 21:29:28 +05:00: [WARNING] LinkedIn session expired
2026-02-09 21:31:28 +05:00: [WARNING] LinkedIn session expired
2026-02-09 21:33:29 +05:00: [WARNING] LinkedIn session expired
2026-02-09 21:35:29 +05:00: [WARNING] LinkedIn session expired
2026-02-09 21:37:29 +05:00: [WARNING] LinkedIn session expired
2026-02-09 21:39:29 +05:00: [WARNING] LinkedIn session expired
2026-02-09 21:41:30 +05:00: [WARNING] LinkedIn session expired
2026-02-09 21:43:30 +05:00: [WARNING] LinkedIn session expired
2026-02-09 21:45:30 +05:00: [WARNING] LinkedIn session expired
2026-02-09 21:47:31 +05:00: [WARNING] LinkedIn session expired
2026-02-09 21:49:31 +05:00: [WARNING] LinkedIn session expired
2026-02-09 21:51:32 +05:00: [WARNING] LinkedIn session expired
2026-02-09 21:53:32 +05:00: [WARNING] LinkedIn session expired
2026-02-09 21:55:32 +05:00: [WARNING] LinkedIn session expired
2026-02-09 21:57:33 +05:00: [WARNING] LinkedIn session expired
2026-02-09 21:59:33 +05:00: [WARNING] LinkedIn session expired
2026-02-09 22:15:05 +05:00: [WARNING] LinkedIn session expired
2026-02-09 22:17:05 +05:00: [WARNING] LinkedIn session expired
2026-02-09 22:19:05 +05:00: [WARNING] LinkedIn session expired
2026-02-09 22:21:05 +05:00: [WARNING] LinkedIn session expired
2026-02-09 22:23:06 +05:00: [WARNING] LinkedIn session expired
2026-02-09 23:27:46 +05:00: [WARNING] LinkedIn session expired
2026-02-09 23:29:47 +05:00: [WARNING] LinkedIn session expired
2026-02-09 23:31:47 +05:00: [WARNING] LinkedIn session expired
2026-02-09 23:33:47 +05:00: [WARNING] LinkedIn session expired
2026-02-09 23:35:48 +05:00: [WARNING] LinkedIn session expired
2026-02-09 23:37:48 +05:00: [WARNING] LinkedIn session expired
2026-02-09 23:39:48 +05:00: [WARNING] LinkedIn session expired
2026-02-09 23:41:49 +05:00: [WARNING] LinkedIn session expired
2026-02-09 23:43:49 +05:00: [WARNING] LinkedIn session expired
2026-02-10 00:12:28 +05:00: [WARNING] LinkedIn session expired
2026-02-10 00:14:29 +05:00: [WARNING] LinkedIn session expired
2026-02-10 00:16:30 +05:00: [WARNING] LinkedIn session expired
2026-02-10 00:18:31 +05:00: [WARNING] LinkedIn session expired
2026-02-10 00:20:31 +05:00: [WARNING] LinkedIn session expired
2026-02-10 00:22:32 +05:00: [WARNING] LinkedIn session expired
2026-02-10 00:24:33 +05:00: [WARNING] LinkedIn session expired
2026-02-10 00:26:33 +05:00: [WARNING] LinkedIn session expired
2026-02-10 00:28:34 +05:00: [WARNING] LinkedIn session expired
2026-02-10 00:30:35 +05:00: [WARNING] LinkedIn session expired
2026-02-10 00:32:36 +05:00: [WARNING] LinkedIn session expired
2026-02-10 00:34:36 +05:00: [WARNING] LinkedIn session expired
2026-02-10 00:36:39 +05:00: [WARNING] LinkedIn session expired
2026-02-10 00:38:39 +05:00: [WARNING] LinkedIn session expired
2026-02-10 00:40:39 +05:00: [WARNING] LinkedIn session expired
2026-02-10 00:42:41 +05:00: [WARNING] LinkedIn session expired
2026-02-10 00:44:43 +05:00: [WARNING] LinkedIn session expired
2026-02-10 00:46:43 +05:00: [WARNING] LinkedIn session expired
2026-02-10 00:48:48 +05:00: [WARNING] LinkedIn session expired
2026-02-10 00:50:49 +05:00: [WARNING] LinkedIn session expired
2026-02-10 00:52:49 +05:00: [WARNING] LinkedIn session expired
2026-02-10 00:54:50 +05:00: [WARNING] LinkedIn session expired
2026-02-10 00:56:51 +05:00: [WARNING] LinkedIn session expired
2026-02-10 00:58:51 +05:00: [WARNING] LinkedIn session expired
2026-02-10 01:00:53 +05:00: [WARNING] LinkedIn session expired
2026-02-10 01:02:53 +05:00: [WARNING] LinkedIn session expired
2026-02-10 01:04:54 +05:00: [WARNING] LinkedIn session expired
2026-02-10 01:06:54 +05:00: [WARNING] LinkedIn session expired
2026-02-10 01:08:55 +05:00: [WARNING] LinkedIn session expired
2026-02-10 01:10:59 +05:00: [WARNING] LinkedIn session expired
2026-02-10 01:13:00 +05:00: [WARNING] LinkedIn session expired
2026-02-10 01:15:01 +05:00: [WARNING] LinkedIn session expired
2026-02-10 01:17:12 +05:00: [WARNING] LinkedIn session expired
2026-02-10 01:19:15 +05:00: [WARNING] LinkedIn session expired
2026-02-10 01:21:16 +05:00: [WARNING] LinkedIn session expired
2026-02-10 01:23:16 +05:00: [WARNING] LinkedIn session expired
2026-02-10 01:25:20 +05:00: [WARNING] LinkedIn session expired
2026-02-10 01:27:22 +05:00: [WARNING] LinkedIn session expired
2026-02-10 01:29:22 +05:00: [WARNING] LinkedIn session expired
2026-02-10 01:31:23 +05:00: [WARNING] LinkedIn session expired
2026-02-10 01:33:24 +05:00: [WARNING] LinkedIn session expired
2026-02-10 01:35:24 +05:00: [WARNING] LinkedIn session expired
2026-02-10 01:37:25 +05:00: [WARNING] LinkedIn session expired
2026-02-10 01:39:25 +05:00: [WARNING] LinkedIn session expired
2026-02-10 01:41:25 +05:00: [WARNING] LinkedIn session expired
2026-02-10 01:43:26 +05:00: [WARNING] LinkedIn session expired
2026-02-10 01:45:29 +05:00: [WARNING] LinkedIn session expired
2026-02-10 01:47:29 +05:00: [WARNING] LinkedIn session expired
2026-02-10 01:49:31 +05:00: [WARNING] LinkedIn session expired
2026-02-10 01:51:32 +05:00: [WARNING] LinkedIn session expired
2026-02-10 01:53:33 +05:00: [WARNING] LinkedIn session expired
2026-02-10 01:55:34 +05:00: [WARNING] LinkedIn session expired
2026-02-10 01:57:34 +05:00: [WARNING] LinkedIn session expired
2026-02-10 01:59:35 +05:00: [WARNING] LinkedIn session expired
2026-02-10 02:01:35 +05:00: [WARNING] LinkedIn session expired
2026-02-10 02:03:36 +05:00: [WARNING] LinkedIn session expired
2026-02-10 02:05:37 +05:00: [WARNING] LinkedIn session expired
2026-02-10 02:07:37 +05:00: [WARNING] LinkedIn session expired
2026-02-10 02:09:37 +05:00: [WARNING] LinkedIn session expired
2026-02-10 02:11:38 +05:00: [WARNING] LinkedIn session expired
2026-02-10 02:13:38 +05:00: [WARNING] LinkedIn session expired
2026-02-10 02:15:39 +05:00: [WARNING] LinkedIn session expired
2026-02-10 02:17:39 +05:00: [WARNING] LinkedIn session expired
2026-02-10 02:19:40 +05:00: [WARNING] LinkedIn session expired
2026-02-10 02:21:40 +05:00: [WARNING] LinkedIn session expired
2026-02-10 02:23:40 +05:00: [WARNING] LinkedIn session expired
2026-02-10 02:25:41 +05:00: [WARNING] LinkedIn session expired
2026-02-10 02:27:41 +05:00: [WARNING] LinkedIn session expired
2026-02-10 02:29:42 +05:00: [WARNING] LinkedIn session expired
2026-02-10 02:31:42 +05:00: [WARNING] LinkedIn session expired
2026-02-10 02:33:42 +05:00: [WARNING] LinkedIn session expired
2026-02-10 02:35:44 +05:00: [WARNING] LinkedIn session expired
2026-02-10 02:37:49 +05:00: [WARNING] LinkedIn session expired
2026-02-10 02:39:52 +05:00: [WARNING] LinkedIn session expired
2026-02-10 02:41:52 +05:00: [WARNING] LinkedIn session expired
2026-02-10 13:41:55 +05:00: [WARNING] LinkedIn session expired
2026-02-10 13:43:56 +05:00: [WARNING] LinkedIn session expired
2026-02-10 13:45:57 +05:00: [WARNING] LinkedIn session expired
2026-02-10 13:48:01 +05:00: [WARNING] LinkedIn session expired
2026-02-10 13:50:02 +05:00: [WARNING] LinkedIn session expired
2026-02-10 13:52:03 +05:00: [WARNING] LinkedIn session expired
2026-02-10 13:54:04 +05:00: [WARNING] LinkedIn session expired
2026-02-10 13:56:05 +05:00: [WARNING] LinkedIn session expired
2026-02-10 13:58:05 +05:00: [WARNING] LinkedIn session expired
2026-02-10 14:00:06 +05:00: [WARNING] LinkedIn session expired
2026-02-10 14:02:06 +05:00: [WARNING] LinkedIn session expired
2026-02-10 14:04:07 +05:00: [WARNING] LinkedIn session expired
2026-02-10 14:06:07 +05:00: [WARNING] LinkedIn session expired
2026-02-10 14:08:09 +05:00: [WARNING] LinkedIn session expired
2026-02-10 14:10:10 +05:00: [WARNING] LinkedIn session expired
2026-02-10 14:12:11 +05:00: [WARNING] LinkedIn session expired
2026-02-10 14:14:12 +05:00: [WARNING] LinkedIn session expired
2026-02-10 14:16:14 +05:00: [WARNING] LinkedIn session expired
2026-02-10 14:18:14 +05:00: [WARNING] LinkedIn session expired
2026-02-10 14:20:15 +05:00: [WARNING] LinkedIn session expired
2026-02-10 14:22:15 +05:00: [WARNING] LinkedIn session expired
2026-02-10 15:04:54 +05:00: [WARNING] LinkedIn session expired
2026-02-10 15:06:54 +05:00: [WARNING] LinkedIn session expired
2026-02-10 15:08:55 +05:00: [WARNING] LinkedIn session expired
2026-02-10 15:10:56 +05:00: [WARNING] LinkedIn session expired
2026-02-10 15:12:56 +05:00: [WARNING] LinkedIn session expired
2026-02-10 15:14:56 +05:00: [WARNING] LinkedIn session expired
2026-02-10 15:16:57 +05:00: [WARNING] LinkedIn session expired
2026-02-10 15:18:57 +05:00: [WARNING] LinkedIn session expired
2026-02-10 15:20:58 +05:00: [WARNING] LinkedIn session expired
2026-02-10 15:22:58 +05:00: [WARNING] LinkedIn session expired
2026-02-10 15:25:00 +05:00: [WARNING] LinkedIn session expired
2026-02-10 15:27:00 +05:00: [WARNING] LinkedIn session expired
2026-02-10 15:29:01 +05:00: [WARNING] LinkedIn session expired
2026-02-10 15:31:01 +05:00: [WARNING] LinkedIn session expired
2026-02-10 15:33:01 +05:00: [WARNING] LinkedIn session expired
2026-02-10 15:35:01 +05:00: [WARNING] LinkedIn session expired
2026-02-10 15:37:02 +05:00: [WARNING] LinkedIn session expired
2026-02-10 15:39:02 +05:00: [WARNING] LinkedIn session expired
2026-02-10 15:41:02 +05:00: [WARNING] LinkedIn session expired
2026-02-10 15:43:02 +05:00: [WARNING] LinkedIn session expired
2026-02-10 15:45:03 +05:00: [WARNING] LinkedIn session expired
2026-02-10 15:47:03 +05:00: [WARNING] LinkedIn session expired
2026-02-10 15:49:03 +05:00: [WARNING] LinkedIn session expired
2026-02-10 15:51:04 +05:00: [WARNING] LinkedIn session expired
2026-02-10 17:52:39 +05:00: [WARNING] LinkedIn session expired
2026-02-10 17:54:40 +05:00: [WARNING] LinkedIn session expired
2026-02-10 17:56:44 +05:00: [WARNING] LinkedIn session expired
2026-02-10 17:58:45 +05:00: [WARNING] LinkedIn session expired
2026-02-10 18:00:46 +05:00: [WARNING] LinkedIn session expired
2026-02-10 18:02:47 +05:00: [WARNING] LinkedIn session expired
2026-02-10 18:04:48 +05:00: [WARNING] LinkedIn session expired
2026-02-10 18:06:49 +05:00: [WARNING] LinkedIn session expired
2026-02-10 18:08:50 +05:00: [WARNING] LinkedIn session expired
2026-02-10 18:10:51 +05:00: [WARNING] LinkedIn session expired
2026-02-10 18:12:51 +05:00: [WARNING] LinkedIn session expired
2026-02-10 18:14:52 +05:00: [WARNING] LinkedIn session expired
2026-02-10 18:16:53 +05:00: [WARNING] LinkedIn session expired
2026-02-10 18:18:54 +05:00: [WARNING] LinkedIn session expired
2026-02-10 18:20:55 +05:00: [WARNING] LinkedIn session expired
2026-02-10 18:40:27 +05:00: [WARNING] LinkedIn session expired
2026-02-10 18:42:30 +05:00: [WARNING] LinkedIn session expired
2026-02-10 18:44:33 +05:00: [WARNING] LinkedIn session expired
2026-02-10 18:46:34 +05:00: [WARNING] LinkedIn session expired
2026-02-10 18:48:34 +05:00: [WARNING] LinkedIn session expired
2026-02-10 18:50:36 +05:00: [WARNING] LinkedIn session expired
2026-02-10 18:52:41 +05:00: [WARNING] LinkedIn session expired
2026-02-10 18:54:54 +05:00: [WARNING] LinkedIn session expired
2026-02-10 18:56:55 +05:00: [WARNING] LinkedIn session expired
2026-02-10 18:58:56 +05:00: [WARNING] LinkedIn session expired
2026-02-10 19:00:57 +05:00: [WARNING] LinkedIn session expired
2026-02-10 19:02:59 +05:00: [WARNING] LinkedIn session expired
2026-02-10 19:05:01 +05:00: [WARNING] LinkedIn session expired
2026-02-10 19:07:01 +05:00: [WARNING] LinkedIn session expired
2026-02-10 19:09:01 +05:00: [WARNING] LinkedIn session expired
2026-02-10 19:11:02 +05:00: [WARNING] LinkedIn session expired
2026-02-10 19:13:02 +05:00: [WARNING] LinkedIn session expired
2026-02-10 19:15:03 +05:00: [WARNING] LinkedIn session expired
2026-02-10 19:17:03 +05:00: [WARNING] LinkedIn session expired
2026-02-10 19:19:03 +05:00: [WARNING] LinkedIn session expired
2026-02-10 19:21:03 +05:00: [WARNING] LinkedIn session expired
2026-02-10 19:23:03 +05:00: [WARNING] LinkedIn session expired
2026-02-10 19:25:03 +05:00: [WARNING] LinkedIn session expired
2026-02-10 19:27:03 +05:00: [WARNING] LinkedIn session expired
2026-02-10 19:29:04 +05:00: [WARNING] LinkedIn session expired
2026-02-10 19:31:04 +05:00: [WARNING] LinkedIn session expired
2026-02-10 19:33:05 +05:00: [WARNING] LinkedIn session expired
2026-02-10 19:35:05 +05:00: [WARNING] LinkedIn session expired
2026-02-10 19:37:07 +05:00: [WARNING] LinkedIn session expired
2026-02-10 19:39:07 +05:00: [WARNING] LinkedIn session expired
2026-02-10 19:41:07 +05:00: [WARNING] LinkedIn session expired
2026-02-10 19:43:07 +05:00: [WARNING] LinkedIn session expired
2026-02-10 19:45:08 +05:00: [WARNING] LinkedIn session expired
2026-02-10 19:47:08 +05:00: [WARNING] LinkedIn session expired
2026-02-10 19:49:09 +05:00: [WARNING] LinkedIn session expired
2026-02-10 19:51:09 +05:00: [WARNING] LinkedIn session expired
2026-02-10 19:53:11 +05:00: [WARNING] LinkedIn session expired
2026-02-10 19:55:12 +05:00: [WARNING] LinkedIn session expired
2026-02-10 19:57:17 +05:00: [WARNING] LinkedIn session expired
2026-02-10 19:59:18 +05:00: [WARNING] LinkedIn session expired
2026-02-10 20:01:19 +05:00: [WARNING] LinkedIn session expired
2026-02-10 20:03:20 +05:00: [WARNING] LinkedIn session expired
2026-02-10 20:05:21 +05:00: [WARNING] LinkedIn session expired
2026-02-10 20:43:52 +05:00: [WARNING] LinkedIn session expired
2026-02-10 20:45:54 +05:00: [WARNING] LinkedIn session expired
2026-02-10 20:47:54 +05:00: [WARNING] LinkedIn session expired
2026-02-10 20:49:55 +05:00: [WARNING] LinkedIn session expired
2026-02-10 20:51:56 +05:00: [WARNING] LinkedIn session expired
2026-02-10 20:53:57 +05:00: [WARNING] LinkedIn session expired
2026-02-10 20:56:04 +05:00: [WARNING] LinkedIn session expired
2026-02-10 20:58:07 +05:00: [WARNING] LinkedIn session expired
2026-02-10 21:00:08 +05:00: [WARNING] LinkedIn session expired
2026-02-10 21:02:13 +05:00: [WARNING] LinkedIn session expired
2026-02-10 21:04:14 +05:00: [WARNING] LinkedIn session expired
2026-02-10 21:06:14 +05:00: [WARNING] LinkedIn session expired
2026-02-10 21:08:20 +05:00: [WARNING] LinkedIn session expired
2026-02-10 21:10:22 +05:00: [WARNING] LinkedIn session expired
2026-02-10 21:12:26 +05:00: [WARNING] LinkedIn session expired
2026-02-10 21:14:32 +05:00: [WARNING] LinkedIn session expired
2026-02-10 21:16:33 +05:00: [WARNING] LinkedIn session expired
2026-02-10 21:18:38 +05:00: [WARNING] LinkedIn session expired
2026-02-10 21:20:44 +05:00: [WARNING] LinkedIn session expired
2026-02-10 21:22:47 +05:00: [WARNING] LinkedIn session expired
2026-02-10 21:24:48 +05:00: [WARNING] LinkedIn session expired
2026-02-10 21:26:49 +05:00: [WARNING] LinkedIn session expired
2026-02-10 21:28:50 +05:00: [WARNING] LinkedIn session expired
2026-02-10 21:30:51 +05:00: [WARNING] LinkedIn session expired
2026-02-10 21:32:54 +05:00: [WARNING] LinkedIn session expired
2026-02-10 21:34:55 +05:00: [WARNING] LinkedIn session expired
2026-02-10 21:36:57 +05:00: [WARNING] LinkedIn session expired
2026-02-10 21:38:59 +05:00: [WARNING] LinkedIn session expired
2026-02-10 21:41:03 +05:00: [WARNING] LinkedIn session expired
2026-02-10 21:43:09 +05:00: [WARNING] LinkedIn session expired
2026-02-10 21:45:13 +05:00: [WARNING] LinkedIn session expired
2026-02-10 21:47:14 +05:00: [WARNING] LinkedIn session expired
2026-02-10 21:49:15 +05:00: [WARNING] LinkedIn session expired
2026-02-10 21:51:15 +05:00: [WARNING] LinkedIn session expired
2026-02-10 21:53:16 +05:00: [WARNING] LinkedIn session expired
2026-02-10 21:55:16 +05:00: [WARNING] LinkedIn session expired
2026-02-10 21:57:22 +05:00: [WARNING] LinkedIn session expired
2026-02-10 21:59:22 +05:00: [WARNING] LinkedIn session expired
2026-02-10 22:01:23 +05:00: [WARNING] LinkedIn session expired
2026-02-10 22:03:23 +05:00: [WARNING] LinkedIn session expired
2026-02-10 22:05:24 +05:00: [WARNING] LinkedIn session expired
2026-02-10 22:07:26 +05:00: [WARNING] LinkedIn session expired
2026-02-10 22:09:30 +05:00: [WARNING] LinkedIn session expired
2026-02-10 22:11:30 +05:00: [WARNING] LinkedIn session expired
2026-02-10 22:13:31 +05:00: [WARNING] LinkedIn session expired
2026-02-10 22:15:34 +05:00: [WARNING] LinkedIn session expired
2026-02-10 22:17:34 +05:00: [WARNING] LinkedIn session expired
2026-02-10 22:19:40 +05:00: [WARNING] LinkedIn session expired
2026-02-10 22:21:41 +05:00: [WARNING] LinkedIn session expired
2026-02-10 22:23:41 +05:00: [WARNING] LinkedIn session expired
2026-02-10 22:25:42 +05:00: [WARNING] LinkedIn session expired
2026-02-10 22:27:43 +05:00: [WARNING] LinkedIn session expired
2026-02-10 22:29:43 +05:00: [WARNING] LinkedIn session expired
2026-02-10 22:31:43 +05:00: [WARNING] LinkedIn session expired
2026-02-10 23:56:32 +05:00: [WARNING] LinkedIn session expired
2026-02-10 23:58:32 +05:00: [WARNING] LinkedIn session expired
2026-02-11 00:00:32 +05:00: [WARNING] LinkedIn session expired
2026-02-11 00:02:32 +05:00: [WARNING] LinkedIn session expired
2026-02-11 00:04:33 +05:00: [WARNING] LinkedIn session expired
2026-02-11 00:06:33 +05:00: [WARNING] LinkedIn session expired
2026-02-11 00:08:33 +05:00: [WARNING] LinkedIn session expired
2026-02-11 00:10:33 +05:00: [WARNING] LinkedIn session expired
2026-02-11 00:12:33 +05:00: [WARNING] LinkedIn session expired
2026-02-11 00:14:33 +05:00: [WARNING] LinkedIn session expired
2026-02-11 00:16:34 +05:00: [WARNING] LinkedIn session expired
2026-02-11 00:18:36 +05:00: [WARNING] LinkedIn session expired
2026-02-11 00:20:36 +05:00: [WARNING] LinkedIn session expired
2026-02-11 00:22:37 +05:00: [WARNING] LinkedIn session expired
2026-02-11 00:24:37 +05:00: [WARNING] LinkedIn session expired
2026-02-11 00:26:37 +05:00: [WARNING] LinkedIn session expired
2026-02-11 00:28:38 +05:00: [WARNING] LinkedIn session expired
2026-02-11 00:30:40 +05:00: [WARNING] LinkedIn session expired
2026-02-11 00:32:40 +05:00: [WARNING] LinkedIn session expired
2026-02-11 00:34:40 +05:00: [WARNING] LinkedIn session expired
2026-02-11 00:36:40 +05:00: [WARNING] LinkedIn session expired
2026-02-11 00:38:41 +05:00: [WARNING] LinkedIn session expired
2026-02-11 00:40:41 +05:00: [WARNING] LinkedIn session expired
2026-02-11 00:42:41 +05:00: [WARNING] LinkedIn session expired
2026-02-11 00:44:41 +05:00: [WARNING] LinkedIn session expired
2026-02-11 00:46:42 +05:00: [WARNING] LinkedIn session expired
2026-02-11 13:42:17 +05:00: [INFO] Starting LinkedInWatcher
2026-02-11 13:42:17 +05:00: [INFO] Initializing LinkedIn session
2026-02-11 13:42:40 +05:00: [WARNING] LinkedIn session expired - login required
2026-02-11 13:42:40 +05:00: [WARNING] Please login manually to LinkedIn
2026-02-11 13:42:40 +05:00: [WARNING] LinkedIn session expired
2026-02-11 13:44:40 +05:00: [WARNING] LinkedIn session expired
2026-02-11 13:46:40 +05:00: [WARNING] LinkedIn session expired
2026-02-11 13:48:40 +05:00: [WARNING] LinkedIn session expired
2026-02-11 13:50:40 +05:00: [WARNING] LinkedIn session expired
2026-02-11 13:52:40 +05:00: [WARNING] LinkedIn session expired
2026-02-11 13:54:40 +05:00: [WARNING] LinkedIn session expired
2026-02-11 13:56:40 +05:00: [WARNING] LinkedIn session expired
2026-02-11 13:58:40 +05:00: [WARNING] LinkedIn session expired
2026-02-11 14:00:40 +05:00: [WARNING] LinkedIn session expired
2026-02-11 14:02:41 +05:00: [WARNING] LinkedIn session expired
2026-02-11 14:04:41 +05:00: [WARNING] LinkedIn session expired
2026-02-11 14:06:41 +05:00: [WARNING] LinkedIn session expired
2026-02-11 14:08:41 +05:00: [WARNING] LinkedIn session expired
2026-02-11 14:10:41 +05:00: [WARNING] LinkedIn session expired
2026-02-11 14:12:41 +05:00: [WARNING] LinkedIn session expired
2026-02-11 14:14:42 +05:00: [WARNING] LinkedIn session expired
2026-02-11 14:16:42 +05:00: [WARNING] LinkedIn session expired
2026-02-11 14:18:42 +05:00: [WARNING] LinkedIn session expired
2026-02-11 14:20:42 +05:00: [WARNING] LinkedIn session expired
2026-02-11 14:22:42 +05:00: [WARNING] LinkedIn session expired
2026-02-11 14:24:42 +05:00: [WARNING] LinkedIn session expired
2026-02-11 14:26:42 +05:00: [WARNING] LinkedIn session expired
2026-02-11 14:28:43 +05:00: [WARNING] LinkedIn session expired
2026-02-11 14:30:43 +05:00: [WARNING] LinkedIn session expired
2026-02-11 14:32:43 +05:00: [WARNING] LinkedIn session expired
2026-02-11 14:34:43 +05:00: [WARNING] LinkedIn session expired
2026-02-11 14:36:43 +05:00: [WARNING] LinkedIn session expired
2026-02-11 14:38:48 +05:00: [WARNING] LinkedIn session expired
2026-02-11 14:40:48 +05:00: [WARNING] LinkedIn session expired
2026-02-11 14:42:49 +05:00: [WARNING] LinkedIn session expired
2026-02-11 14:44:53 +05:00: [WARNING] LinkedIn session expired
2026-02-11 14:46:56 +05:00: [WARNING] LinkedIn session expired
2026-02-11 14:48:59 +05:00: [WARNING] LinkedIn session expired
2026-02-11 14:51:10 +05:00: [WARNING] LinkedIn session expired
2026-02-11 14:53:11 +05:00: [WARNING] LinkedIn session expired
2026-02-11 14:55:11 +05:00: [WARNING] LinkedIn session expired
2026-02-11 14:57:11 +05:00: [WARNING] LinkedIn session expired
2026-02-11 14:59:11 +05:00: [WARNING] LinkedIn session expired
2026-02-11 15:01:11 +05:00: [WARNING] LinkedIn session expired
2026-02-11 15:03:11 +05:00: [WARNING] LinkedIn session expired
2026-02-11 15:05:11 +05:00: [WARNING] LinkedIn session expired
2026-02-11 15:07:11 +05:00: [WARNING] LinkedIn session expired
2026-02-11 15:09:11 +05:00: [WARNING] LinkedIn session expired
2026-02-11 15:11:11 +05:00: [WARNING] LinkedIn session expired
2026-02-11 15:13:11 +05:00: [WARNING] LinkedIn session expired
2026-02-11 15:15:11 +05:00: [WARNING] LinkedIn session expired
2026-02-11 15:17:12 +05:00: [WARNING] LinkedIn session expired
2026-02-11 15:19:12 +05:00: [WARNING] LinkedIn session expired
2026-02-11 15:21:12 +05:00: [WARNING] LinkedIn session expired
2026-02-11 15:23:12 +05:00: [WARNING] LinkedIn session expired
2026-02-11 15:25:12 +05:00: [WARNING] LinkedIn session expired
2026-02-11 15:27:12 +05:00: [WARNING] LinkedIn session expired
2026-02-11 15:29:12 +05:00: [WARNING] LinkedIn session expired
2026-02-11 15:31:12 +05:00: [WARNING] LinkedIn session expired
2026-02-11 15:33:12 +05:00: [WARNING] LinkedIn session expired
2026-02-11 15:35:12 +05:00: [WARNING] LinkedIn session expired
2026-02-11 19:11:47 +05:00: [WARNING] LinkedIn session expired
2026-02-11 19:14:05 +05:00: [WARNING] LinkedIn session expired
2026-02-11 19:16:09 +05:00: [WARNING] LinkedIn session expired
2026-02-11 19:18:11 +05:00: [WARNING] LinkedIn session expired
2026-02-11 19:20:11 +05:00: [WARNING] LinkedIn session expired
2026-02-11 19:22:12 +05:00: [WARNING] LinkedIn session expired
2026-02-11 19:24:12 +05:00: [WARNING] LinkedIn session expired
2026-02-11 19:26:12 +05:00: [WARNING] LinkedIn session expired
2026-02-11 19:28:13 +05:00: [WARNING] LinkedIn session expired
2026-02-11 19:30:13 +05:00: [WARNING] LinkedIn session expired
2026-02-11 19:32:13 +05:00: [WARNING] LinkedIn session expired
2026-02-11 19:34:13 +05:00: [WARNING] LinkedIn session expired
2026-02-11 19:36:13 +05:00: [WARNING] LinkedIn session expired
2026-02-11 19:38:13 +05:00: [WARNING] LinkedIn session expired
2026-02-11 19:40:14 +05:00: [WARNING] LinkedIn session expired
2026-02-11 19:42:14 +05:00: [WARNING] LinkedIn session expired
2026-02-11 19:44:14 +05:00: [WARNING] LinkedIn session expired
2026-02-11 19:46:14 +05:00: [WARNING] LinkedIn session expired
2026-02-11 19:48:14 +05:00: [WARNING] LinkedIn session expired
2026-02-11 19:50:14 +05:00: [WARNING] LinkedIn session expired
2026-02-11 19:52:15 +05:00: [WARNING] LinkedIn session expired
2026-02-11 19:54:15 +05:00: [WARNING] LinkedIn session expired
2026-02-11 19:56:15 +05:00: [WARNING] LinkedIn session expired
2026-02-11 19:58:15 +05:00: [WARNING] LinkedIn session expired
2026-02-11 20:00:15 +05:00: [WARNING] LinkedIn session expired
2026-02-11 20:02:15 +05:00: [WARNING] LinkedIn session expired
2026-02-11 20:04:15 +05:00: [WARNING] LinkedIn session expired
2026-02-11 20:06:15 +05:00: [WARNING] LinkedIn session expired
2026-02-11 20:08:15 +05:00: [WARNING] LinkedIn session expired
2026-02-11 20:10:15 +05:00: [WARNING] LinkedIn session expired
2026-02-11 20:12:15 +05:00: [WARNING] LinkedIn session expired
2026-02-11 21:07:15 +05:00: [WARNING] LinkedIn session expired
2026-02-11 21:09:15 +05:00: [WARNING] LinkedIn session expired
2026-02-11 21:11:16 +05:00: [WARNING] LinkedIn session expired
2026-02-11 21:13:16 +05:00: [WARNING] LinkedIn session expired
2026-02-11 21:15:16 +05:00: [WARNING] LinkedIn session expired
2026-02-11 21:17:16 +05:00: [WARNING] LinkedIn session expired
2026-02-11 21:19:17 +05:00: [WARNING] LinkedIn session expired
2026-02-11 21:21:17 +05:00: [WARNING] LinkedIn session expired
2026-02-11 21:23:01 +05:00: [INFO] Received SIGINT, initiating graceful shutdown
2026-02-11 21:23:02 +05:00: [INFO] Cleaning up LinkedInWatcher
2026-02-11 21:23:02 +05:00: [INFO] Closing browser context
2026-02-11 21:24:45 +05:00: [INFO] Starting LinkedInWatcher
2026-02-11 21:24:45 +05:00: [INFO] Initializing LinkedIn session
2026-02-11 21:25:53 +05:00: [WARNING] LinkedIn session expired - login required
2026-02-11 21:25:53 +05:00: [WARNING] Please login manually to LinkedIn
2026-02-11 21:25:53 +05:00: [WARNING] LinkedIn session expired
2026-02-11 21:27:54 +05:00: [WARNING] LinkedIn session expired
2026-02-11 21:29:54 +05:00: [WARNING] LinkedIn session expired
2026-02-11 21:31:54 +05:00: [WARNING] LinkedIn session expired
2026-02-11 21:33:54 +05:00: [WARNING] LinkedIn session expired
2026-02-11 21:35:54 +05:00: [WARNING] LinkedIn session expired
2026-02-11 21:37:54 +05:00: [WARNING] LinkedIn session expired
2026-02-11 21:39:54 +05:00: [WARNING] LinkedIn session expired
2026-02-11 21:41:54 +05:00: [WARNING] LinkedIn session expired
2026-02-11 21:43:54 +05:00: [WARNING] LinkedIn session expired
2026-02-11 21:45:55 +05:00: [WARNING] LinkedIn session expired
2026-02-11 21:47:55 +05:00: [WARNING] LinkedIn session expired
2026-02-11 21:49:55 +05:00: [WARNING] LinkedIn session expired
2026-02-11 21:51:55 +05:00: [WARNING] LinkedIn session expired
2026-02-11 21:53:55 +05:00: [WARNING] LinkedIn session expired
2026-02-11 21:55:55 +05:00: [WARNING] LinkedIn session expired
2026-02-11 21:57:55 +05:00: [WARNING] LinkedIn session expired
2026-02-11 21:59:55 +05:00: [WARNING] LinkedIn session expired
2026-02-11 22:01:55 +05:00: [WARNING] LinkedIn session expired
2026-02-11 22:03:55 +05:00: [WARNING] LinkedIn session expired
2026-02-11 22:05:55 +05:00: [WARNING] LinkedIn session expired
2026-02-11 22:07:55 +05:00: [WARNING] LinkedIn session expired
2026-02-11 22:09:55 +05:00: [WARNING] LinkedIn session expired
2026-02-11 22:11:55 +05:00: [WARNING] LinkedIn session expired
2026-02-11 22:13:55 +05:00: [WARNING] LinkedIn session expired
2026-02-11 22:15:55 +05:00: [WARNING] LinkedIn session expired
2026-02-11 22:17:55 +05:00: [WARNING] LinkedIn session expired
2026-02-11 22:19:56 +05:00: [WARNING] LinkedIn session expired
2026-02-11 22:21:56 +05:00: [WARNING] LinkedIn session expired
2026-02-11 22:23:56 +05:00: [WARNING] LinkedIn session expired
2026-02-11 22:25:56 +05:00: [WARNING] LinkedIn session expired
2026-02-11 22:27:56 +05:00: [WARNING] LinkedIn session expired
2026-02-11 22:29:56 +05:00: [WARNING] LinkedIn session expired
2026-02-11 22:31:56 +05:00: [WARNING] LinkedIn session expired
2026-02-11 22:33:56 +05:00: [WARNING] LinkedIn session expired
2026-02-11 23:22:10 +05:00: [WARNING] LinkedIn session expired
2026-02-11 23:24:10 +05:00: [WARNING] LinkedIn session expired
2026-02-11 23:26:10 +05:00: [WARNING] LinkedIn session expired
2026-02-11 23:28:10 +05:00: [WARNING] LinkedIn session expired
2026-02-11 23:30:10 +05:00: [WARNING] LinkedIn session expired
2026-02-11 23:32:10 +05:00: [WARNING] LinkedIn session expired
2026-02-11 23:34:10 +05:00: [WARNING] LinkedIn session expired
2026-02-11 23:36:10 +05:00: [WARNING] LinkedIn session expired
2026-02-12 01:19:03 +05:00: [INFO] Starting LinkedInWatcher
2026-02-12 01:19:03 +05:00: [INFO] Initializing LinkedIn session
2026-02-12 01:19:17 +05:00: [WARNING] LinkedIn session expired - login required
2026-02-12 01:19:17 +05:00: [WARNING] Please login manually to LinkedIn
2026-02-12 01:19:17 +05:00: [WARNING] LinkedIn session expired
2026-02-12 01:21:17 +05:00: [WARNING] LinkedIn session expired
2026-02-12 01:23:17 +05:00: [WARNING] LinkedIn session expired
2026-02-12 01:24:34 +05:00: [INFO] Received SIGINT, initiating graceful shutdown
2026-02-12 01:24:34 +05:00: [INFO] Cleaning up LinkedInWatcher
2026-02-12 01:24:34 +05:00: [INFO] Closing browser context
2026-02-12 01:26:10 +05:00: [INFO] Starting LinkedInWatcher
2026-02-12 01:26:10 +05:00: [INFO] Initializing LinkedIn session
2026-02-12 01:26:22 +05:00: [WARNING] LinkedIn session expired - login required
2026-02-12 01:26:22 +05:00: [WARNING] Please login manually to LinkedIn
2026-02-12 01:26:23 +05:00: [WARNING] LinkedIn session expired
2026-02-12 01:27:10 +05:00: [INFO] Received SIGINT, initiating graceful shutdown
2026-02-12 01:27:11 +05:00: [INFO] Cleaning up LinkedInWatcher
2026-02-12 01:27:11 +05:00: [INFO] Closing browser context
