2026-02-06 01:26:49 +05:00: Traceback (most recent call last):
2026-02-06 01:26:49 +05:00:   File "/mnt/d/Hackathons/hackathon-0/silver/src/watchers/whatsapp_watcher.py", line 16, in <module>
2026-02-06 01:26:49 +05:00:     from .base_watcher import BaseWatcher, TaskCreationError
2026-02-06 01:26:49 +05:00: ImportError: attempted relative import with no known parent package
2026-02-06 01:27:00 +05:00: Traceback (most recent call last):
2026-02-06 01:27:00 +05:00:   File "/mnt/d/Hackathons/hackathon-0/silver/src/watchers/whatsapp_watcher.py", line 16, in <module>
2026-02-06 01:27:00 +05:00:     from .base_watcher import BaseWatcher, TaskCreationError
2026-02-06 01:27:00 +05:00: ImportError: attempted relative import with no known parent package
2026-02-06 01:27:16 +05:00: Traceback (most recent call last):
2026-02-06 01:27:16 +05:00:   File "/mnt/d/Hackathons/hackathon-0/silver/src/watchers/whatsapp_watcher.py", line 16, in <module>
2026-02-06 01:27:16 +05:00:     from .base_watcher import BaseWatcher, TaskCreationError
2026-02-06 01:27:16 +05:00: ImportError: attempted relative import with no known parent package
2026-02-06 01:27:24 +05:00: Traceback (most recent call last):
2026-02-06 01:27:24 +05:00:   File "/mnt/d/Hackathons/hackathon-0/silver/src/watchers/whatsapp_watcher.py", line 16, in <module>
2026-02-06 01:27:24 +05:00:     from .base_watcher import BaseWatcher, TaskCreationError
2026-02-06 01:27:24 +05:00: ImportError: attempted relative import with no known parent package
2026-02-06 01:27:33 +05:00: Traceback (most recent call last):
2026-02-06 01:27:33 +05:00:   File "/mnt/d/Hackathons/hackathon-0/silver/src/watchers/whatsapp_watcher.py", line 16, in <module>
2026-02-06 01:27:33 +05:00:     from .base_watcher import BaseWatcher, TaskCreationError
2026-02-06 01:27:33 +05:00: ImportError: attempted relative import with no known parent package
2026-02-06 01:27:47 +05:00: Traceback (most recent call last):
2026-02-06 01:27:47 +05:00:   File "/mnt/d/Hackathons/hackathon-0/silver/src/watchers/whatsapp_watcher.py", line 16, in <module>
2026-02-06 01:27:47 +05:00:     from .base_watcher import BaseWatcher, TaskCreationError
2026-02-06 01:27:47 +05:00: ImportError: attempted relative import with no known parent package
2026-02-06 01:28:06 +05:00: Traceback (most recent call last):
2026-02-06 01:28:06 +05:00:   File "/mnt/d/Hackathons/hackathon-0/silver/src/watchers/whatsapp_watcher.py", line 16, in <module>
2026-02-06 01:28:06 +05:00:     from .base_watcher import BaseWatcher, TaskCreationError
2026-02-06 01:28:06 +05:00: ImportError: attempted relative import with no known parent package
2026-02-06 01:28:32 +05:00: Traceback (most recent call last):
2026-02-06 01:28:32 +05:00:   File "/mnt/d/Hackathons/hackathon-0/silver/src/watchers/whatsapp_watcher.py", line 16, in <module>
2026-02-06 01:28:32 +05:00:     from .base_watcher import BaseWatcher, TaskCreationError
2026-02-06 01:28:32 +05:00: ImportError: attempted relative import with no known parent package
2026-02-06 01:28:55 +05:00: Traceback (most recent call last):
2026-02-06 01:28:55 +05:00:   File "/mnt/d/Hackathons/hackathon-0/silver/src/watchers/whatsapp_watcher.py", line 16, in <module>
2026-02-06 01:28:55 +05:00:     from .base_watcher import BaseWatcher, TaskCreationError
2026-02-06 01:28:55 +05:00: ImportError: attempted relative import with no known parent package
2026-02-06 01:29:18 +05:00: Traceback (most recent call last):
2026-02-06 01:29:18 +05:00:   File "/mnt/d/Hackathons/hackathon-0/silver/src/watchers/whatsapp_watcher.py", line 16, in <module>
2026-02-06 01:29:18 +05:00:     from .base_watcher import BaseWatcher, TaskCreationError
2026-02-06 01:29:18 +05:00: ImportError: attempted relative import with no known parent package
2026-02-06 01:29:40 +05:00: Traceback (most recent call last):
2026-02-06 01:29:40 +05:00:   File "/mnt/d/Hackathons/hackathon-0/silver/src/watchers/whatsapp_watcher.py", line 16, in <module>
2026-02-06 01:29:40 +05:00:     from .base_watcher import BaseWatcher, TaskCreationError
2026-02-06 01:29:40 +05:00: ImportError: attempted relative import with no known parent package
2026-02-06 01:30:04 +05:00: Traceback (most recent call last):
2026-02-06 01:30:04 +05:00:   File "/mnt/d/Hackathons/hackathon-0/silver/src/watchers/whatsapp_watcher.py", line 16, in <module>
2026-02-06 01:30:04 +05:00:     from .base_watcher import BaseWatcher, TaskCreationError
2026-02-06 01:30:04 +05:00: ImportError: attempted relative import with no known parent package
2026-02-06 01:30:20 +05:00: Traceback (most recent call last):
2026-02-06 01:30:20 +05:00:   File "/mnt/d/Hackathons/hackathon-0/silver/src/watchers/whatsapp_watcher.py", line 16, in <module>
2026-02-06 01:30:20 +05:00:     from .base_watcher import BaseWatcher, TaskCreationError
2026-02-06 01:30:20 +05:00: ImportError: attempted relative import with no known parent package
2026-02-06 01:30:40 +05:00: Traceback (most recent call last):
2026-02-06 01:30:40 +05:00:   File "/mnt/d/Hackathons/hackathon-0/silver/src/watchers/whatsapp_watcher.py", line 16, in <module>
2026-02-06 01:30:40 +05:00:     from .base_watcher import BaseWatcher, TaskCreationError
2026-02-06 01:30:40 +05:00: ImportError: attempted relative import with no known parent package
2026-02-06 01:30:59 +05:00: Traceback (most recent call last):
2026-02-06 01:30:59 +05:00:   File "/mnt/d/Hackathons/hackathon-0/silver/src/watchers/whatsapp_watcher.py", line 16, in <module>
2026-02-06 01:30:59 +05:00:     from .base_watcher import BaseWatcher, TaskCreationError
2026-02-06 01:30:59 +05:00: ImportError: attempted relative import with no known parent package
2026-02-06 01:31:20 +05:00: Traceback (most recent call last):
2026-02-06 01:31:20 +05:00:   File "/mnt/d/Hackathons/hackathon-0/silver/src/watchers/whatsapp_watcher.py", line 16, in <module>
2026-02-06 01:31:21 +05:00:     from .base_watcher import BaseWatcher, TaskCreationError
2026-02-06 01:31:21 +05:00: ImportError: attempted relative import with no known parent package
2026-02-06 01:31:43 +05:00: Traceback (most recent call last):
2026-02-06 01:31:43 +05:00:   File "/mnt/d/Hackathons/hackathon-0/silver/src/watchers/whatsapp_watcher.py", line 16, in <module>
2026-02-06 01:31:44 +05:00:     from .base_watcher import BaseWatcher, TaskCreationError
2026-02-06 01:31:44 +05:00: ImportError: attempted relative import with no known parent package
2026-02-06 01:32:07 +05:00: Traceback (most recent call last):
2026-02-06 01:32:07 +05:00:   File "/mnt/d/Hackathons/hackathon-0/silver/src/watchers/whatsapp_watcher.py", line 16, in <module>
2026-02-06 01:32:07 +05:00:     from .base_watcher import BaseWatcher, TaskCreationError
2026-02-06 01:32:07 +05:00: ImportError: attempted relative import with no known parent package
2026-02-06 01:32:20 +05:00: Traceback (most recent call last):
2026-02-06 01:32:20 +05:00:   File "/mnt/d/Hackathons/hackathon-0/silver/src/watchers/whatsapp_watcher.py", line 16, in <module>
2026-02-06 01:32:20 +05:00:     from .base_watcher import BaseWatcher, TaskCreationError
2026-02-06 01:32:20 +05:00: ImportError: attempted relative import with no known parent package
2026-02-06 01:32:40 +05:00: Traceback (most recent call last):
2026-02-06 01:32:40 +05:00:   File "/mnt/d/Hackathons/hackathon-0/silver/src/watchers/whatsapp_watcher.py", line 16, in <module>
2026-02-06 01:32:40 +05:00:     from .base_watcher import BaseWatcher, TaskCreationError
2026-02-06 01:32:40 +05:00: ImportError: attempted relative import with no known parent package
2026-02-06 01:32:57 +05:00: Traceback (most recent call last):
2026-02-06 01:32:57 +05:00:   File "/mnt/d/Hackathons/hackathon-0/silver/src/watchers/whatsapp_watcher.py", line 16, in <module>
2026-02-06 01:32:57 +05:00:     from .base_watcher import BaseWatcher, TaskCreationError
2026-02-06 01:32:57 +05:00: ImportError: attempted relative import with no known parent package
2026-02-06 01:33:20 +05:00: Traceback (most recent call last):
2026-02-06 01:33:20 +05:00:   File "/mnt/d/Hackathons/hackathon-0/silver/src/watchers/whatsapp_watcher.py", line 16, in <module>
2026-02-06 01:33:20 +05:00:     from .base_watcher import BaseWatcher, TaskCreationError
2026-02-06 01:33:20 +05:00: ImportError: attempted relative import with no known parent package
2026-02-06 01:33:38 +05:00: Traceback (most recent call last):
2026-02-06 01:33:38 +05:00:   File "/mnt/d/Hackathons/hackathon-0/silver/src/watchers/whatsapp_watcher.py", line 16, in <module>
2026-02-06 01:33:38 +05:00:     from .base_watcher import BaseWatcher, TaskCreationError
2026-02-06 01:33:38 +05:00: ImportError: attempted relative import with no known parent package
2026-02-06 01:33:55 +05:00: Traceback (most recent call last):
2026-02-06 01:33:55 +05:00:   File "/mnt/d/Hackathons/hackathon-0/silver/src/watchers/whatsapp_watcher.py", line 16, in <module>
2026-02-06 01:33:56 +05:00:     from .base_watcher import BaseWatcher, TaskCreationError
2026-02-06 01:33:56 +05:00: ImportError: attempted relative import with no known parent package
2026-02-06 01:34:22 +05:00: Traceback (most recent call last):
2026-02-06 01:34:22 +05:00:   File "/mnt/d/Hackathons/hackathon-0/silver/src/watchers/whatsapp_watcher.py", line 16, in <module>
2026-02-06 01:34:22 +05:00:     from .base_watcher import BaseWatcher, TaskCreationError
2026-02-06 01:34:22 +05:00: ImportError: attempted relative import with no known parent package
2026-02-06 01:34:35 +05:00: Traceback (most recent call last):
2026-02-06 01:34:35 +05:00:   File "/mnt/d/Hackathons/hackathon-0/silver/src/watchers/whatsapp_watcher.py", line 16, in <module>
2026-02-06 01:34:35 +05:00:     from .base_watcher import BaseWatcher, TaskCreationError
2026-02-06 01:34:35 +05:00: ImportError: attempted relative import with no known parent package
2026-02-06 01:35:08 +05:00: Traceback (most recent call last):
2026-02-06 01:35:08 +05:00:   File "/mnt/d/Hackathons/hackathon-0/silver/src/watchers/whatsapp_watcher.py", line 16, in <module>
2026-02-06 01:35:08 +05:00:     from .base_watcher import BaseWatcher, TaskCreationError
2026-02-06 01:35:08 +05:00: ImportError: attempted relative import with no known parent package
2026-02-06 01:35:24 +05:00: Traceback (most recent call last):
2026-02-06 01:35:24 +05:00:   File "/mnt/d/Hackathons/hackathon-0/silver/src/watchers/whatsapp_watcher.py", line 16, in <module>
2026-02-06 01:35:24 +05:00:     from .base_watcher import BaseWatcher, TaskCreationError
2026-02-06 01:35:24 +05:00: ImportError: attempted relative import with no known parent package
2026-02-06 01:35:48 +05:00: Traceback (most recent call last):
2026-02-06 01:35:48 +05:00:   File "/mnt/d/Hackathons/hackathon-0/silver/src/watchers/whatsapp_watcher.py", line 16, in <module>
2026-02-06 01:35:48 +05:00:     from .base_watcher import BaseWatcher, TaskCreationError
2026-02-06 01:35:48 +05:00: ImportError: attempted relative import with no known parent package
2026-02-06 01:36:26 +05:00: Traceback (most recent call last):
2026-02-06 01:36:26 +05:00:   File "/mnt/d/Hackathons/hackathon-0/silver/src/watchers/whatsapp_watcher.py", line 16, in <module>
2026-02-06 01:36:26 +05:00:     from .base_watcher import BaseWatcher, TaskCreationError
2026-02-06 01:36:26 +05:00: ImportError: attempted relative import with no known parent package
2026-02-06 01:37:26 +05:00: Traceback (most recent call last):
2026-02-06 01:37:26 +05:00:   File "/mnt/d/Hackathons/hackathon-0/silver/src/watchers/whatsapp_watcher.py", line 16, in <module>
2026-02-06 01:37:26 +05:00:     from .base_watcher import BaseWatcher, TaskCreationError
2026-02-06 01:37:26 +05:00: ImportError: attempted relative import with no known parent package
2026-02-06 01:37:49 +05:00: Traceback (most recent call last):
2026-02-06 01:37:49 +05:00:   File "/mnt/d/Hackathons/hackathon-0/silver/src/watchers/whatsapp_watcher.py", line 16, in <module>
2026-02-06 01:37:49 +05:00:     from .base_watcher import BaseWatcher, TaskCreationError
2026-02-06 01:37:49 +05:00: ImportError: attempted relative import with no known parent package
2026-02-06 01:38:14 +05:00: Traceback (most recent call last):
2026-02-06 01:38:14 +05:00:   File "/mnt/d/Hackathons/hackathon-0/silver/src/watchers/whatsapp_watcher.py", line 16, in <module>
2026-02-06 01:38:14 +05:00:     from .base_watcher import BaseWatcher, TaskCreationError
2026-02-06 01:38:14 +05:00: ImportError: attempted relative import with no known parent package
2026-02-06 01:39:19 +05:00: Traceback (most recent call last):
2026-02-06 01:39:19 +05:00:   File "/mnt/d/Hackathons/hackathon-0/silver/src/watchers/whatsapp_watcher.py", line 16, in <module>
2026-02-06 01:39:19 +05:00:     from .base_watcher import BaseWatcher, TaskCreationError
2026-02-06 01:39:19 +05:00: ImportError: attempted relative import with no known parent package
2026-02-06 01:39:41 +05:00: Traceback (most recent call last):
2026-02-06 01:39:41 +05:00:   File "/mnt/d/Hackathons/hackathon-0/silver/src/watchers/whatsapp_watcher.py", line 16, in <module>
2026-02-06 01:39:42 +05:00:     from .base_watcher import BaseWatcher, TaskCreationError
2026-02-06 01:39:42 +05:00: ImportError: attempted relative import with no known parent package
2026-02-06 01:39:53 +05:00: Traceback (most recent call last):
2026-02-06 01:39:53 +05:00:   File "/mnt/d/Hackathons/hackathon-0/silver/src/watchers/whatsapp_watcher.py", line 16, in <module>
2026-02-06 01:39:53 +05:00:     from .base_watcher import BaseWatcher, TaskCreationError
2026-02-06 01:39:53 +05:00: ImportError: attempted relative import with no known parent package
2026-02-06 01:40:05 +05:00: Traceback (most recent call last):
2026-02-06 01:40:05 +05:00:   File "/mnt/d/Hackathons/hackathon-0/silver/src/watchers/whatsapp_watcher.py", line 16, in <module>
2026-02-06 01:40:05 +05:00:     from .base_watcher import BaseWatcher, TaskCreationError
2026-02-06 01:40:05 +05:00: ImportError: attempted relative import with no known parent package
2026-02-06 01:40:15 +05:00: Traceback (most recent call last):
2026-02-06 01:40:15 +05:00:   File "/mnt/d/Hackathons/hackathon-0/silver/src/watchers/whatsapp_watcher.py", line 16, in <module>
2026-02-06 01:40:15 +05:00:     from .base_watcher import BaseWatcher, TaskCreationError
2026-02-06 01:40:15 +05:00: ImportError: attempted relative import with no known parent package
2026-02-06 01:40:47 +05:00: Traceback (most recent call last):
2026-02-06 01:40:47 +05:00:   File "/mnt/d/Hackathons/hackathon-0/silver/src/watchers/whatsapp_watcher.py", line 16, in <module>
2026-02-06 01:40:47 +05:00:     from .base_watcher import BaseWatcher, TaskCreationError
2026-02-06 01:40:47 +05:00: ImportError: attempted relative import with no known parent package
2026-02-06 01:41:05 +05:00: Traceback (most recent call last):
2026-02-06 01:41:05 +05:00:   File "/mnt/d/Hackathons/hackathon-0/silver/src/watchers/whatsapp_watcher.py", line 16, in <module>
2026-02-06 01:41:05 +05:00:     from .base_watcher import BaseWatcher, TaskCreationError
2026-02-06 01:41:05 +05:00: ImportError: attempted relative import with no known parent package
2026-02-06 01:41:19 +05:00: Traceback (most recent call last):
2026-02-06 01:41:19 +05:00:   File "/mnt/d/Hackathons/hackathon-0/silver/src/watchers/whatsapp_watcher.py", line 16, in <module>
2026-02-06 01:41:19 +05:00:     from .base_watcher import BaseWatcher, TaskCreationError
2026-02-06 01:41:19 +05:00: ImportError: attempted relative import with no known parent package
2026-02-06 01:41:32 +05:00: Traceback (most recent call last):
2026-02-06 01:41:32 +05:00:   File "/mnt/d/Hackathons/hackathon-0/silver/src/watchers/whatsapp_watcher.py", line 16, in <module>
2026-02-06 01:41:32 +05:00:     from .base_watcher import BaseWatcher, TaskCreationError
2026-02-06 01:41:32 +05:00: ImportError: attempted relative import with no known parent package
2026-02-06 01:41:51 +05:00: Traceback (most recent call last):
2026-02-06 01:41:51 +05:00:   File "/mnt/d/Hackathons/hackathon-0/silver/src/watchers/whatsapp_watcher.py", line 13, in <module>
2026-02-06 01:41:51 +05:00:     from playwright.sync_api import sync_playwright, Browser, BrowserContext, Page
2026-02-06 01:41:51 +05:00:   File "/mnt/d/Hackathons/hackathon-0/silver/venv/lib/python3.12/site-packages/playwright/sync_api/__init__.py", line 23, in <module>
2026-02-06 01:42:21 +05:00: Traceback (most recent call last):
2026-02-06 01:42:21 +05:00:   File "/mnt/d/Hackathons/hackathon-0/silver/src/watchers/whatsapp_watcher.py", line 16, in <module>
2026-02-06 01:42:21 +05:00:     from .base_watcher import BaseWatcher, TaskCreationError
2026-02-06 01:42:21 +05:00: ImportError: attempted relative import with no known parent package
2026-02-06 01:42:54 +05:00: Traceback (most recent call last):
2026-02-06 01:42:54 +05:00:   File "/mnt/d/Hackathons/hackathon-0/silver/src/watchers/whatsapp_watcher.py", line 16, in <module>
2026-02-06 01:42:54 +05:00:     from .base_watcher import BaseWatcher, TaskCreationError
2026-02-06 01:42:54 +05:00: ImportError: attempted relative import with no known parent package
2026-02-06 01:43:07 +05:00: Traceback (most recent call last):
2026-02-06 01:43:07 +05:00:   File "/mnt/d/Hackathons/hackathon-0/silver/src/watchers/whatsapp_watcher.py", line 16, in <module>
2026-02-06 01:43:07 +05:00:     from .base_watcher import BaseWatcher, TaskCreationError
2026-02-06 01:43:07 +05:00: ImportError: attempted relative import with no known parent package
2026-02-06 01:43:18 +05:00: Traceback (most recent call last):
2026-02-06 01:43:18 +05:00:   File "/mnt/d/Hackathons/hackathon-0/silver/src/watchers/whatsapp_watcher.py", line 16, in <module>
2026-02-06 01:43:18 +05:00:     from .base_watcher import BaseWatcher, TaskCreationError
2026-02-06 01:43:18 +05:00: ImportError: attempted relative import with no known parent package
2026-02-06 01:43:31 +05:00: Traceback (most recent call last):
2026-02-06 01:43:31 +05:00:   File "/mnt/d/Hackathons/hackathon-0/silver/src/watchers/whatsapp_watcher.py", line 16, in <module>
2026-02-06 01:43:31 +05:00:     from .base_watcher import BaseWatcher, TaskCreationError
2026-02-06 01:43:31 +05:00: 
2026-02-06 01:43:31 +05:00: ImportError: attempted relative import with no known parent package
2026-02-06 01:43:46 +05:00: Traceback (most recent call last):
2026-02-06 01:43:46 +05:00:   File "/mnt/d/Hackathons/hackathon-0/silver/src/watchers/whatsapp_watcher.py", line 16, in <module>
2026-02-06 01:43:46 +05:00:     from .base_watcher import BaseWatcher, TaskCreationError
2026-02-06 01:43:46 +05:00: ImportError: attempted relative import with no known parent package
2026-02-06 01:44:21 +05:00: Traceback (most recent call last):
2026-02-06 01:44:21 +05:00:   File "/mnt/d/Hackathons/hackathon-0/silver/src/watchers/whatsapp_watcher.py", line 16, in <module>
2026-02-06 01:44:21 +05:00:     from .base_watcher import BaseWatcher, TaskCreationError
2026-02-06 01:44:21 +05:00: ImportError: attempted relative import with no known parent package
2026-02-06 01:45:09 +05:00: Traceback (most recent call last):
2026-02-06 01:45:09 +05:00:   File "/mnt/d/Hackathons/hackathon-0/silver/src/watchers/whatsapp_watcher.py", line 16, in <module>
2026-02-06 01:45:10 +05:00:     from .base_watcher import BaseWatcher, TaskCreationError
2026-02-06 01:45:10 +05:00: ImportError: attempted relative import with no known parent package
2026-02-06 01:46:14 +05:00: Traceback (most recent call last):
2026-02-06 01:46:14 +05:00:   File "/mnt/d/Hackathons/hackathon-0/silver/src/watchers/whatsapp_watcher.py", line 16, in <module>
2026-02-06 01:46:14 +05:00:     from .base_watcher import BaseWatcher, TaskCreationError
2026-02-06 01:46:14 +05:00: ImportError: attempted relative import with no known parent package
2026-02-06 01:46:45 +05:00: Traceback (most recent call last):
2026-02-06 01:46:45 +05:00:   File "/mnt/d/Hackathons/hackathon-0/silver/src/watchers/whatsapp_watcher.py", line 16, in <module>
2026-02-06 01:46:45 +05:00:     from .base_watcher import BaseWatcher, TaskCreationError
2026-02-06 01:46:45 +05:00: ImportError: attempted relative import with no known parent package
2026-02-06 01:47:04 +05:00: Traceback (most recent call last):
2026-02-06 01:47:04 +05:00:   File "/mnt/d/Hackathons/hackathon-0/silver/src/watchers/whatsapp_watcher.py", line 16, in <module>
2026-02-06 01:47:04 +05:00:     from .base_watcher import BaseWatcher, TaskCreationError
2026-02-06 01:47:04 +05:00: 
2026-02-06 01:47:32 +05:00: Traceback (most recent call last):
2026-02-06 01:47:32 +05:00:   File "/mnt/d/Hackathons/hackathon-0/silver/src/watchers/whatsapp_watcher.py", line 16, in <module>
2026-02-06 01:47:33 +05:00:     from .base_watcher import BaseWatcher, TaskCreationError
2026-02-06 01:47:33 +05:00: ImportError: attempted relative import with no known parent package
2026-02-06 01:47:46 +05:00: Traceback (most recent call last):
2026-02-06 01:47:46 +05:00:   File "/mnt/d/Hackathons/hackathon-0/silver/src/watchers/whatsapp_watcher.py", line 16, in <module>
2026-02-06 01:47:46 +05:00:     from .base_watcher import BaseWatcher, TaskCreationError
2026-02-06 01:47:46 +05:00: ImportError: attempted relative import with no known parent package
2026-02-06 01:48:31 +05:00: Traceback (most recent call last):
2026-02-06 01:48:31 +05:00:   File "/mnt/d/Hackathons/hackathon-0/silver/src/watchers/whatsapp_watcher.py", line 16, in <module>
2026-02-06 01:48:31 +05:00:     from .base_watcher import BaseWatcher, TaskCreationError
2026-02-06 01:48:31 +05:00: ImportError: attempted relative import with no known parent package
2026-02-06 01:48:40 +05:00: Traceback (most recent call last):
2026-02-06 01:48:40 +05:00:   File "/mnt/d/Hackathons/hackathon-0/silver/src/watchers/whatsapp_watcher.py", line 16, in <module>
2026-02-06 01:48:40 +05:00:     from .base_watcher import BaseWatcher, TaskCreationError
2026-02-06 01:48:40 +05:00: ImportError: attempted relative import with no known parent package
2026-02-06 01:49:11 +05:00: Traceback (most recent call last):
2026-02-06 01:49:11 +05:00:   File "/mnt/d/Hackathons/hackathon-0/silver/src/watchers/whatsapp_watcher.py", line 16, in <module>
2026-02-06 01:49:12 +05:00:     from .base_watcher import BaseWatcher, TaskCreationError
2026-02-06 01:49:12 +05:00: ImportError: attempted relative import with no known parent package
2026-02-06 01:49:28 +05:00: Traceback (most recent call last):
2026-02-06 01:49:28 +05:00:   File "/mnt/d/Hackathons/hackathon-0/silver/src/watchers/whatsapp_watcher.py", line 16, in <module>
2026-02-06 01:49:28 +05:00:     from .base_watcher import BaseWatcher, TaskCreationError
2026-02-06 01:49:28 +05:00: ImportError: attempted relative import with no known parent package
2026-02-06 01:49:45 +05:00: Traceback (most recent call last):
2026-02-06 01:49:45 +05:00:   File "/mnt/d/Hackathons/hackathon-0/silver/src/watchers/whatsapp_watcher.py", line 16, in <module>
2026-02-06 01:49:45 +05:00:     from .base_watcher import BaseWatcher, TaskCreationError
2026-02-06 01:49:45 +05:00: ImportError: attempted relative import with no known parent package
2026-02-06 01:49:57 +05:00: Traceback (most recent call last):
2026-02-06 01:49:57 +05:00:   File "/mnt/d/Hackathons/hackathon-0/silver/src/watchers/whatsapp_watcher.py", line 16, in <module>
2026-02-06 01:49:57 +05:00:     from .base_watcher import BaseWatcher, TaskCreationError
2026-02-06 01:49:57 +05:00: ImportError: attempted relative import with no known parent package
2026-02-06 01:50:08 +05:00: Traceback (most recent call last):
2026-02-06 01:50:08 +05:00:   File "/mnt/d/Hackathons/hackathon-0/silver/src/watchers/whatsapp_watcher.py", line 16, in <module>
2026-02-06 01:50:08 +05:00:     from .base_watcher import BaseWatcher, TaskCreationError
2026-02-06 01:50:08 +05:00: ImportError: attempted relative import with no known parent package
2026-02-06 01:50:16 +05:00: Traceback (most recent call last):
2026-02-06 01:50:16 +05:00:   File "/mnt/d/Hackathons/hackathon-0/silver/src/watchers/whatsapp_watcher.py", line 16, in <module>
2026-02-06 01:50:16 +05:00:     
2026-02-06 01:50:16 +05:00: from .base_watcher import BaseWatcher, TaskCreationError
2026-02-06 01:50:16 +05:00: ImportError: attempted relative import with no known parent package
2026-02-06 01:50:25 +05:00: Traceback (most recent call last):
2026-02-06 01:50:25 +05:00:   File "/mnt/d/Hackathons/hackathon-0/silver/src/watchers/whatsapp_watcher.py", line 16, in <module>
2026-02-06 01:50:25 +05:00:     from .base_watcher import BaseWatcher, TaskCreationError
2026-02-06 01:50:25 +05:00: ImportError: attempted relative import with no known parent package
2026-02-06 01:50:35 +05:00: Traceback (most recent call last):
2026-02-06 01:50:35 +05:00:   File "/mnt/d/Hackathons/hackathon-0/silver/src/watchers/whatsapp_watcher.py", line 16, in <module>
2026-02-06 01:50:35 +05:00:     from .base_watcher import BaseWatcher, TaskCreationError
2026-02-06 01:50:35 +05:00: ImportError: attempted relative import with no known parent package
2026-02-06 01:50:46 +05:00: Traceback (most recent call last):
2026-02-06 01:50:46 +05:00:   File "/mnt/d/Hackathons/hackathon-0/silver/src/watchers/whatsapp_watcher.py", line 16, in <module>
2026-02-06 01:50:46 +05:00:     from .base_watcher import BaseWatcher, TaskCreationError
2026-02-06 01:50:46 +05:00: ImportError: attempted relative import with no known parent package
2026-02-06 01:50:58 +05:00: Traceback (most recent call last):
2026-02-06 01:50:58 +05:00:   File "/mnt/d/Hackathons/hackathon-0/silver/src/watchers/whatsapp_watcher.py", line 16, in <module>
2026-02-06 01:50:59 +05:00:     from .base_watcher import BaseWatcher, TaskCreationError
2026-02-06 01:50:59 +05:00: ImportError: attempted relative import with no known parent package
2026-02-06 01:51:11 +05:00: Traceback (most recent call last):
2026-02-06 01:51:11 +05:00:   File "/mnt/d/Hackathons/hackathon-0/silver/src/watchers/whatsapp_watcher.py", line 16, in <module>
2026-02-06 01:51:11 +05:00:     from .base_watcher import BaseWatcher, TaskCreationError
2026-02-06 01:51:11 +05:00: ImportError: attempted relative import with no known parent package
2026-02-06 01:51:19 +05:00: Traceback (most recent call last):
2026-02-06 01:51:19 +05:00:   File "/mnt/d/Hackathons/hackathon-0/silver/src/watchers/whatsapp_watcher.py", line 16, in <module>
2026-02-06 01:51:19 +05:00:     from .base_watcher import BaseWatcher, TaskCreationError
2026-02-06 01:51:19 +05:00: ImportError: attempted relative import with no known parent package
2026-02-06 01:51:29 +05:00: Traceback (most recent call last):
2026-02-06 01:51:29 +05:00:   File "/mnt/d/Hackathons/hackathon-0/silver/src/watchers/whatsapp_watcher.py", line 16, in <module>
2026-02-06 01:51:29 +05:00:     from .base_watcher import BaseWatcher, TaskCreationError
2026-02-06 01:51:29 +05:00: ImportError: attempted relative import with no known parent package
2026-02-06 01:51:39 +05:00: Traceback (most recent call last):
2026-02-06 01:51:39 +05:00:   File "/mnt/d/Hackathons/hackathon-0/silver/src/watchers/whatsapp_watcher.py", line 16, in <module>
2026-02-06 01:51:39 +05:00:     from .base_watcher import BaseWatcher, TaskCreationError
2026-02-06 01:51:39 +05:00: ImportError: attempted relative import with no known parent package
2026-02-06 01:51:51 +05:00: Traceback (most recent call last):
2026-02-06 01:51:51 +05:00:   File "/mnt/d/Hackathons/hackathon-0/silver/src/watchers/whatsapp_watcher.py", line 16, in <module>
2026-02-06 01:51:51 +05:00:     from .base_watcher import BaseWatcher, TaskCreationError
2026-02-06 01:51:51 +05:00: ImportError: attempted relative import with no known parent package
2026-02-06 01:52:00 +05:00: Traceback (most recent call last):
2026-02-06 01:52:00 +05:00:   File "/mnt/d/Hackathons/hackathon-0/silver/src/watchers/whatsapp_watcher.py", line 16, in <module>
2026-02-06 01:52:00 +05:00:     from .base_watcher import BaseWatcher, TaskCreationError
2026-02-06 01:52:00 +05:00: ImportError: attempted relative import with no known parent package
2026-02-06 01:52:10 +05:00: Traceback (most recent call last):
2026-02-06 01:52:10 +05:00:   File "/mnt/d/Hackathons/hackathon-0/silver/src/watchers/whatsapp_watcher.py", line 16, in <module>
2026-02-06 01:52:10 +05:00:     from .base_watcher import BaseWatcher, TaskCreationError
2026-02-06 01:52:10 +05:00: ImportError: attempted relative import with no known parent package
2026-02-06 01:52:21 +05:00: Traceback (most recent call last):
2026-02-06 01:52:21 +05:00:   File "/mnt/d/Hackathons/hackathon-0/silver/src/watchers/whatsapp_watcher.py", line 16, in <module>
2026-02-06 01:52:21 +05:00:     from .base_watcher import BaseWatcher, TaskCreationError
2026-02-06 01:52:21 +05:00: ImportError: attempted relative import with no known parent package
2026-02-06 01:52:30 +05:00: Traceback (most recent call last):
2026-02-06 01:52:30 +05:00:   File "/mnt/d/Hackathons/hackathon-0/silver/src/watchers/whatsapp_watcher.py", line 16, in <module>
2026-02-06 01:52:30 +05:00:     from .base_watcher import BaseWatcher, TaskCreationError
2026-02-06 01:52:30 +05:00: ImportError: attempted relative import with no known parent package
2026-02-06 01:52:38 +05:00: Traceback (most recent call last):
2026-02-06 01:52:38 +05:00:   File "/mnt/d/Hackathons/hackathon-0/silver/src/watchers/whatsapp_watcher.py", line 16, in <module>
2026-02-06 01:52:38 +05:00:     from .base_watcher import BaseWatcher, TaskCreationError
2026-02-06 01:52:38 +05:00: ImportError: attempted relative import with no known parent package
2026-02-06 01:52:47 +05:00: Traceback (most recent call last):
2026-02-06 01:52:47 +05:00:   File "/mnt/d/Hackathons/hackathon-0/silver/src/watchers/whatsapp_watcher.py", line 16, in <module>
2026-02-06 01:52:47 +05:00:     from .base_watcher import BaseWatcher, TaskCreationError
2026-02-06 01:52:47 +05:00: ImportError: attempted relative import with no known parent package
2026-02-06 01:52:56 +05:00: Traceback (most recent call last):
2026-02-06 01:52:56 +05:00:   File "/mnt/d/Hackathons/hackathon-0/silver/src/watchers/whatsapp_watcher.py", line 16, in <module>
2026-02-06 01:52:56 +05:00:     from .base_watcher import BaseWatcher, TaskCreationError
2026-02-06 01:52:56 +05:00: ImportError: attempted relative import with no known parent package
2026-02-06 01:53:04 +05:00: Traceback (most recent call last):
2026-02-06 01:53:04 +05:00:   File "/mnt/d/Hackathons/hackathon-0/silver/src/watchers/whatsapp_watcher.py", line 16, in <module>
2026-02-06 01:53:04 +05:00:     from .base_watcher import BaseWatcher, TaskCreationError
2026-02-06 01:53:04 +05:00: ImportError: attempted relative import with no known parent package
2026-02-06 01:53:13 +05:00: Traceback (most recent call last):
2026-02-06 01:53:13 +05:00:   File "/mnt/d/Hackathons/hackathon-0/silver/src/watchers/whatsapp_watcher.py", line 16, in <module>
2026-02-06 01:53:13 +05:00:     from .base_watcher import BaseWatcher, TaskCreationError
2026-02-06 01:53:13 +05:00: ImportError: attempted relative import with no known parent package
2026-02-06 01:53:22 +05:00: Traceback (most recent call last):
2026-02-06 01:53:22 +05:00:   File "/mnt/d/Hackathons/hackathon-0/silver/src/watchers/whatsapp_watcher.py", line 16, in <module>
2026-02-06 01:53:22 +05:00:     from .base_watcher import BaseWatcher, TaskCreationError
2026-02-06 01:53:22 +05:00: attempted relative import with no known parent package
2026-02-06 01:53:34 +05:00: Traceback (most recent call last):
2026-02-06 01:53:34 +05:00:   File "/mnt/d/Hackathons/hackathon-0/silver/src/watchers/whatsapp_watcher.py", line 16, in <module>
2026-02-06 01:53:34 +05:00:     from .base_watcher import BaseWatcher, TaskCreationError
2026-02-06 01:53:34 +05:00: ImportError: attempted relative import with no known parent package
2026-02-06 01:53:41 +05:00: Traceback (most recent call last):
2026-02-06 01:53:41 +05:00:   File "/mnt/d/Hackathons/hackathon-0/silver/src/watchers/whatsapp_watcher.py", line 16, in <module>
2026-02-06 01:53:41 +05:00:     from .base_watcher import BaseWatcher, TaskCreationError
2026-02-06 01:53:41 +05:00: ImportError: attempted relative import with no known parent package
2026-02-06 01:53:50 +05:00: Traceback (most recent call last):
2026-02-06 01:53:50 +05:00:   File "/mnt/d/Hackathons/hackathon-0/silver/src/watchers/whatsapp_watcher.py", line 16, in <module>
2026-02-06 01:53:50 +05:00:     from .base_watcher import BaseWatcher, TaskCreationError
2026-02-06 01:53:50 +05:00: ImportError: attempted relative import with no known parent package
2026-02-06 01:54:02 +05:00: Traceback (most recent call last):
2026-02-06 01:54:02 +05:00:   File "/mnt/d/Hackathons/hackathon-0/silver/src/watchers/whatsapp_watcher.py", line 16, in <module>
2026-02-06 01:54:02 +05:00:     from .base_watcher import BaseWatcher, TaskCreationError
2026-02-06 01:54:02 +05:00: ImportError: attempted relative import with no known parent package
2026-02-06 01:54:10 +05:00: Traceback (most recent call last):
2026-02-06 01:54:10 +05:00:   File "/mnt/d/Hackathons/hackathon-0/silver/src/watchers/whatsapp_watcher.py", line 16, in <module>
2026-02-06 01:54:10 +05:00:     from .base_watcher import BaseWatcher, TaskCreationError
2026-02-06 01:54:10 +05:00: ImportError: attempted relative import with no known parent package
2026-02-06 01:54:19 +05:00: Traceback (most recent call last):
2026-02-06 01:54:19 +05:00:   File "/mnt/d/Hackathons/hackathon-0/silver/src/watchers/whatsapp_watcher.py", line 16, in <module>
2026-02-06 01:54:19 +05:00:     from .base_watcher import BaseWatcher, TaskCreationError
2026-02-06 01:54:19 +05:00: ImportError: attempted relative import with no known parent package
2026-02-06 01:54:28 +05:00: Traceback (most recent call last):
2026-02-06 01:54:28 +05:00:   File "/mnt/d/Hackathons/hackathon-0/silver/src/watchers/whatsapp_watcher.py", line 16, in <module>
2026-02-06 01:54:28 +05:00:     from .base_watcher import BaseWatcher, TaskCreationError
2026-02-06 01:54:28 +05:00: ImportError: attempted relative import with no known parent package
2026-02-06 01:54:40 +05:00: Traceback (most recent call last):
2026-02-06 01:54:40 +05:00:   File "/mnt/d/Hackathons/hackathon-0/silver/src/watchers/whatsapp_watcher.py", line 16, in <module>
2026-02-06 01:54:40 +05:00:     from .base_watcher import BaseWatcher, TaskCreationError
2026-02-06 01:54:40 +05:00: ImportError: attempted relative import with no known parent package
2026-02-06 01:54:50 +05:00: Traceback (most recent call last):
2026-02-06 01:54:50 +05:00:   File "/mnt/d/Hackathons/hackathon-0/silver/src/watchers/whatsapp_watcher.py", line 16, in <module>
2026-02-06 01:54:50 +05:00:     from .base_watcher import BaseWatcher, TaskCreationError
2026-02-06 01:54:50 +05:00: ImportError: attempted relative import with no known parent package
2026-02-06 01:54:58 +05:00: Traceback (most recent call last):
2026-02-06 01:54:58 +05:00:   File "/mnt/d/Hackathons/hackathon-0/silver/src/watchers/whatsapp_watcher.py", line 16, in <module>
2026-02-06 01:54:58 +05:00:     from .base_watcher import BaseWatcher, TaskCreationError
2026-02-06 01:54:58 +05:00: ImportError: attempted relative import with no known parent package
2026-02-06 01:55:07 +05:00: Traceback (most recent call last):
2026-02-06 01:55:07 +05:00:   File "/mnt/d/Hackathons/hackathon-0/silver/src/watchers/whatsapp_watcher.py", line 16, in <module>
2026-02-06 01:55:07 +05:00:     from .base_watcher import BaseWatcher, TaskCreationError
2026-02-06 01:55:07 +05:00: ImportError: attempted relative import with no known parent package
2026-02-06 01:55:16 +05:00: Traceback (most recent call last):
2026-02-06 01:55:16 +05:00:   File "/mnt/d/Hackathons/hackathon-0/silver/src/watchers/whatsapp_watcher.py", line 16, in <module>
2026-02-06 01:55:16 +05:00:     from .base_watcher import BaseWatcher, TaskCreationError
2026-02-06 01:55:16 +05:00: ImportError: attempted relative import with no known parent package
2026-02-06 01:55:24 +05:00: Traceback (most recent call last):
2026-02-06 01:55:24 +05:00:   File "/mnt/d/Hackathons/hackathon-0/silver/src/watchers/whatsapp_watcher.py", line 16, in <module>
2026-02-06 01:55:24 +05:00:     from .base_watcher import BaseWatcher, TaskCreationError
2026-02-06 01:55:24 +05:00: ImportError: attempted relative import with no known parent package
2026-02-06 01:55:32 +05:00: Traceback (most recent call last):
2026-02-06 01:55:32 +05:00:   File "/mnt/d/Hackathons/hackathon-0/silver/src/watchers/whatsapp_watcher.py", line 16, in <module>
2026-02-06 01:55:32 +05:00:     from .base_watcher import BaseWatcher, TaskCreationError
2026-02-06 01:55:32 +05:00: ImportError: attempted relative import with no known parent package
2026-02-06 01:55:40 +05:00: Traceback (most recent call last):
2026-02-06 01:55:40 +05:00:   File "/mnt/d/Hackathons/hackathon-0/silver/src/watchers/whatsapp_watcher.py", line 16, in <module>
2026-02-06 01:55:40 +05:00:     from .base_watcher import BaseWatcher, TaskCreationError
2026-02-06 01:55:40 +05:00: ImportError: attempted relative import with no known parent package
2026-02-06 01:55:50 +05:00: Traceback (most recent call last):
2026-02-06 01:55:50 +05:00:   File "/mnt/d/Hackathons/hackathon-0/silver/src/watchers/whatsapp_watcher.py", line 16, in <module>
2026-02-06 01:55:50 +05:00:     from .base_watcher import BaseWatcher, TaskCreationError
2026-02-06 01:55:50 +05:00: ImportError: attempted relative import with no known parent package
2026-02-06 01:55:59 +05:00: Traceback (most recent call last):
2026-02-06 01:55:59 +05:00:   File "/mnt/d/Hackathons/hackathon-0/silver/src/watchers/whatsapp_watcher.py", line 16, in <module>
2026-02-06 01:55:59 +05:00:     from .base_watcher import BaseWatcher, TaskCreationError
2026-02-06 01:55:59 +05:00: ImportError: attempted relative import with no known parent package
2026-02-06 01:56:08 +05:00: Traceback (most recent call last):
2026-02-06 01:56:08 +05:00:   File "/mnt/d/Hackathons/hackathon-0/silver/src/watchers/whatsapp_watcher.py", line 16, in <module>
2026-02-06 01:56:08 +05:00:     from .base_watcher import BaseWatcher, TaskCreationError
2026-02-06 01:56:08 +05:00: ImportError: attempted relative import with no known parent package
2026-02-06 01:56:16 +05:00: Traceback (most recent call last):
2026-02-06 01:56:16 +05:00:   File "/mnt/d/Hackathons/hackathon-0/silver/src/watchers/whatsapp_watcher.py", line 16, in <module>
2026-02-06 01:56:16 +05:00:     from .base_watcher import BaseWatcher, TaskCreationError
2026-02-06 01:56:16 +05:00: ImportError: attempted relative import with no known parent package
2026-02-06 01:56:25 +05:00: Traceback (most recent call last):
2026-02-06 01:56:25 +05:00:   File "/mnt/d/Hackathons/hackathon-0/silver/src/watchers/whatsapp_watcher.py", line 16, in <module>
2026-02-06 01:56:25 +05:00:     from .base_watcher import BaseWatcher, TaskCreationError
2026-02-06 01:56:25 +05:00: ImportError: attempted relative import with no known parent package
2026-02-06 01:56:33 +05:00: Traceback (most recent call last):
2026-02-06 01:56:33 +05:00:   File "/mnt/d/Hackathons/hackathon-0/silver/src/watchers/whatsapp_watcher.py", line 16, in <module>
2026-02-06 01:56:33 +05:00:     from .base_watcher import BaseWatcher, TaskCreationError
2026-02-06 01:56:33 +05:00: ImportError: attempted relative import with no known parent package
2026-02-06 01:56:41 +05:00: Traceback (most recent call last):
2026-02-06 01:56:41 +05:00:   File "/mnt/d/Hackathons/hackathon-0/silver/src/watchers/whatsapp_watcher.py", line 16, in <module>
2026-02-06 01:56:41 +05:00:     from .base_watcher import BaseWatcher, TaskCreationError
2026-02-06 01:56:41 +05:00: ImportError: attempted relative import with no known parent package
2026-02-06 01:56:49 +05:00: Traceback (most recent call last):
2026-02-06 01:56:49 +05:00:   File "/mnt/d/Hackathons/hackathon-0/silver/src/watchers/whatsapp_watcher.py", line 16, in <module>
2026-02-06 01:56:49 +05:00:     from .base_watcher import BaseWatcher, TaskCreationError
2026-02-06 01:56:49 +05:00: ImportError: attempted relative import with no known parent package
2026-02-06 01:56:57 +05:00: Traceback (most recent call last):
2026-02-06 01:56:57 +05:00:   File "/mnt/d/Hackathons/hackathon-0/silver/src/watchers/whatsapp_watcher.py", line 16, in <module>
2026-02-06 01:56:57 +05:00:     
2026-02-06 01:56:57 +05:00: from .base_watcher import BaseWatcher, TaskCreationError
2026-02-06 01:56:57 +05:00: ImportError: attempted relative import with no known parent package
2026-02-06 01:57:08 +05:00: Traceback (most recent call last):
2026-02-06 01:57:08 +05:00:   File "/mnt/d/Hackathons/hackathon-0/silver/src/watchers/whatsapp_watcher.py", line 16, in <module>
2026-02-06 01:57:08 +05:00:     from .base_watcher import BaseWatcher, TaskCreationError
2026-02-06 01:57:08 +05:00: ImportError: attempted relative import with no known parent package
2026-02-06 01:57:16 +05:00: Traceback (most recent call last):
2026-02-06 01:57:16 +05:00:   File "/mnt/d/Hackathons/hackathon-0/silver/src/watchers/whatsapp_watcher.py", line 16, in <module>
2026-02-06 01:57:16 +05:00:     from .base_watcher import BaseWatcher, TaskCreationError
2026-02-06 01:57:16 +05:00: ImportError: attempted relative import with no known parent package
2026-02-06 01:57:25 +05:00: Traceback (most recent call last):
2026-02-06 01:57:25 +05:00:   File "/mnt/d/Hackathons/hackathon-0/silver/src/watchers/whatsapp_watcher.py", line 16, in <module>
2026-02-06 01:57:25 +05:00:     from .base_watcher import BaseWatcher, TaskCreationError
2026-02-06 01:57:25 +05:00: ImportError: attempted relative import with no known parent package
2026-02-06 01:57:33 +05:00: Traceback (most recent call last):
2026-02-06 01:57:33 +05:00:   File "/mnt/d/Hackathons/hackathon-0/silver/src/watchers/whatsapp_watcher.py", line 16, in <module>
2026-02-06 01:57:33 +05:00:     from .base_watcher import BaseWatcher, TaskCreationError
2026-02-06 01:57:33 +05:00: ImportError: attempted relative import with no known parent package
2026-02-06 01:57:41 +05:00: Traceback (most recent call last):
2026-02-06 01:57:41 +05:00:   File "/mnt/d/Hackathons/hackathon-0/silver/src/watchers/whatsapp_watcher.py", line 16, in <module>
2026-02-06 01:57:41 +05:00:     from .base_watcher import BaseWatcher, TaskCreationError
2026-02-06 01:57:41 +05:00: ImportError: attempted relative import with no known parent package
2026-02-06 01:57:49 +05:00: Traceback (most recent call last):
2026-02-06 01:57:49 +05:00:   File "/mnt/d/Hackathons/hackathon-0/silver/src/watchers/whatsapp_watcher.py", line 16, in <module>
2026-02-06 01:57:49 +05:00:     from .base_watcher import BaseWatcher, TaskCreationError
2026-02-06 01:57:49 +05:00: ImportError: attempted relative import with no known parent package
2026-02-06 01:57:58 +05:00: Traceback (most recent call last):
2026-02-06 01:57:58 +05:00:   File "/mnt/d/Hackathons/hackathon-0/silver/src/watchers/whatsapp_watcher.py", line 16, in <module>
2026-02-06 01:57:58 +05:00:     from .base_watcher import BaseWatcher, TaskCreationError
2026-02-06 01:57:58 +05:00: ImportError: attempted relative import with no known parent package
2026-02-06 01:58:06 +05:00: Traceback (most recent call last):
2026-02-06 01:58:06 +05:00:   File "/mnt/d/Hackathons/hackathon-0/silver/src/watchers/whatsapp_watcher.py", line 16, in <module>
2026-02-06 01:58:06 +05:00:     from .base_watcher import BaseWatcher, TaskCreationError
2026-02-06 01:58:06 +05:00: ImportError: attempted relative import with no known parent package
2026-02-06 01:58:17 +05:00: Traceback (most recent call last):
2026-02-06 01:58:17 +05:00:   File "/mnt/d/Hackathons/hackathon-0/silver/src/watchers/whatsapp_watcher.py", line 16, in <module>
2026-02-06 01:58:17 +05:00:     from .base_watcher import BaseWatcher, TaskCreationError
2026-02-06 01:58:17 +05:00: ImportError: attempted relative import with no known parent package
2026-02-06 01:58:26 +05:00: Traceback (most recent call last):
2026-02-06 01:58:26 +05:00:   File "/mnt/d/Hackathons/hackathon-0/silver/src/watchers/whatsapp_watcher.py", line 16, in <module>
2026-02-06 01:58:26 +05:00:     from .base_watcher import BaseWatcher, TaskCreationError
2026-02-06 01:58:26 +05:00: ImportError: attempted relative import with no known parent package
2026-02-06 01:58:35 +05:00: Traceback (most recent call last):
2026-02-06 01:58:35 +05:00:   File "/mnt/d/Hackathons/hackathon-0/silver/src/watchers/whatsapp_watcher.py", line 16, in <module>
2026-02-06 01:58:35 +05:00:     from .base_watcher import BaseWatcher, TaskCreationError
2026-02-06 01:58:35 +05:00: ImportError: attempted relative import with no known parent package
2026-02-06 01:58:44 +05:00: Traceback (most recent call last):
2026-02-06 01:58:44 +05:00:   File "/mnt/d/Hackathons/hackathon-0/silver/src/watchers/whatsapp_watcher.py", line 16, in <module>
2026-02-06 01:58:44 +05:00:     from .base_watcher import BaseWatcher, TaskCreationError
2026-02-06 01:58:44 +05:00: ImportError: attempted relative import with no known parent package
2026-02-06 01:58:52 +05:00: Traceback (most recent call last):
2026-02-06 01:58:52 +05:00:   File "/mnt/d/Hackathons/hackathon-0/silver/src/watchers/whatsapp_watcher.py", line 16, in <module>
2026-02-06 01:58:52 +05:00:     from .base_watcher import BaseWatcher, TaskCreationError
2026-02-06 01:58:52 +05:00: ImportError: attempted relative import with no known parent package
2026-02-06 01:59:02 +05:00: Traceback (most recent call last):
2026-02-06 01:59:02 +05:00:   File "/mnt/d/Hackathons/hackathon-0/silver/src/watchers/whatsapp_watcher.py", line 16, in <module>
2026-02-06 01:59:02 +05:00:     from .base_watcher import BaseWatcher, TaskCreationError
2026-02-06 01:59:02 +05:00: ImportError: attempted relative import with no known parent package
2026-02-06 01:59:12 +05:00: Traceback (most recent call last):
2026-02-06 01:59:12 +05:00:   File "/mnt/d/Hackathons/hackathon-0/silver/src/watchers/whatsapp_watcher.py", line 16, in <module>
2026-02-06 01:59:12 +05:00:     from .base_watcher import BaseWatcher, TaskCreationError
2026-02-06 01:59:12 +05:00: ImportError: attempted relative import with no known parent package
2026-02-06 01:59:20 +05:00: Traceback (most recent call last):
2026-02-06 01:59:20 +05:00:   File "/mnt/d/Hackathons/hackathon-0/silver/src/watchers/whatsapp_watcher.py", line 16, in <module>
2026-02-06 01:59:20 +05:00:     from .base_watcher import BaseWatcher, TaskCreationError
2026-02-06 01:59:20 +05:00: ImportError: attempted relative import with no known parent package
2026-02-06 01:59:32 +05:00: Traceback (most recent call last):
2026-02-06 01:59:32 +05:00:   File "/mnt/d/Hackathons/hackathon-0/silver/src/watchers/whatsapp_watcher.py", line 16, in <module>
2026-02-06 01:59:32 +05:00:     from .base_watcher import BaseWatcher, TaskCreationError
2026-02-06 01:59:32 +05:00: ImportError: attempted relative import with no known parent package
2026-02-06 01:59:42 +05:00: Traceback (most recent call last):
2026-02-06 01:59:42 +05:00:   File "/mnt/d/Hackathons/hackathon-0/silver/src/watchers/whatsapp_watcher.py", line 16, in <module>
2026-02-06 01:59:42 +05:00:     from .base_watcher import BaseWatcher, TaskCreationError
2026-02-06 01:59:42 +05:00: ImportError: attempted relative import with no known parent package
2026-02-06 01:59:50 +05:00: Traceback (most recent call last):
2026-02-06 01:59:50 +05:00:   File "/mnt/d/Hackathons/hackathon-0/silver/src/watchers/whatsapp_watcher.py", line 16, in <module>
2026-02-06 01:59:50 +05:00:     from .base_watcher import BaseWatcher, TaskCreationError
2026-02-06 01:59:50 +05:00: ImportError: attempted relative import with no known parent package
2026-02-06 02:00:01 +05:00: Traceback (most recent call last):
2026-02-06 02:00:01 +05:00:   File "/mnt/d/Hackathons/hackathon-0/silver/src/watchers/whatsapp_watcher.py", line 16, in <module>
2026-02-06 02:00:01 +05:00:     from .base_watcher import BaseWatcher, TaskCreationError
2026-02-06 02:00:01 +05:00: ImportError: attempted relative import with no known parent package
2026-02-06 02:00:10 +05:00: Traceback (most recent call last):
2026-02-06 02:00:10 +05:00:   File "/mnt/d/Hackathons/hackathon-0/silver/src/watchers/whatsapp_watcher.py", line 16, in <module>
2026-02-06 02:00:10 +05:00:     from .base_watcher import BaseWatcher, TaskCreationError
2026-02-06 02:00:10 +05:00: ImportError: attempted relative import with no known parent package
2026-02-06 02:00:20 +05:00: Traceback (most recent call last):
2026-02-06 02:00:20 +05:00:   File "/mnt/d/Hackathons/hackathon-0/silver/src/watchers/whatsapp_watcher.py", line 16, in <module>
2026-02-06 02:00:20 +05:00:     from .base_watcher import BaseWatcher, TaskCreationError
2026-02-06 02:00:20 +05:00: ImportError: attempted relative import with no known parent package
2026-02-06 02:00:29 +05:00: Traceback (most recent call last):
2026-02-06 02:00:29 +05:00:   File "/mnt/d/Hackathons/hackathon-0/silver/src/watchers/whatsapp_watcher.py", line 16, in <module>
2026-02-06 02:00:29 +05:00:     from .base_watcher import BaseWatcher, TaskCreationError
2026-02-06 02:00:29 +05:00: ImportError: attempted relative import with no known parent package
2026-02-06 02:00:38 +05:00: Traceback (most recent call last):
2026-02-06 02:00:38 +05:00:   File "/mnt/d/Hackathons/hackathon-0/silver/src/watchers/whatsapp_watcher.py", line 16, in <module>
2026-02-06 02:00:38 +05:00:     from .base_watcher import BaseWatcher, TaskCreationError
2026-02-06 02:00:38 +05:00: ImportError: attempted relative import with no known parent package
2026-02-06 02:00:47 +05:00: Traceback (most recent call last):
2026-02-06 02:00:47 +05:00:   File "/mnt/d/Hackathons/hackathon-0/silver/src/watchers/whatsapp_watcher.py", line 16, in <module>
2026-02-06 02:00:47 +05:00:     from .base_watcher import BaseWatcher, TaskCreationError
2026-02-06 02:00:47 +05:00: ImportError: attempted relative import with no known parent package
2026-02-06 02:00:55 +05:00: Traceback (most recent call last):
2026-02-06 02:00:55 +05:00:   File "/mnt/d/Hackathons/hackathon-0/silver/src/watchers/whatsapp_watcher.py", line 16, in <module>
2026-02-06 02:00:55 +05:00:     from .base_watcher import BaseWatcher, TaskCreationError
2026-02-06 02:00:55 +05:00: ImportError: attempted relative import with no known parent package
2026-02-06 02:01:04 +05:00: Traceback (most recent call last):
2026-02-06 02:01:04 +05:00:   File "/mnt/d/Hackathons/hackathon-0/silver/src/watchers/whatsapp_watcher.py", line 16, in <module>
2026-02-06 02:01:04 +05:00:     from .base_watcher import BaseWatcher, TaskCreationError
2026-02-06 02:01:04 +05:00: ImportError: attempted relative import with no known parent package
2026-02-06 02:01:12 +05:00: Traceback (most recent call last):
2026-02-06 02:01:12 +05:00:   File "/mnt/d/Hackathons/hackathon-0/silver/src/watchers/whatsapp_watcher.py", line 16, in <module>
2026-02-06 02:01:12 +05:00:     from .base_watcher import BaseWatcher, TaskCreationError
2026-02-06 02:01:12 +05:00: attempted relative import with no known parent package
2026-02-06 02:01:21 +05:00: Traceback (most recent call last):
2026-02-06 02:01:21 +05:00:   File "/mnt/d/Hackathons/hackathon-0/silver/src/watchers/whatsapp_watcher.py", line 16, in <module>
2026-02-06 02:01:21 +05:00:     from .base_watcher import BaseWatcher, TaskCreationError
2026-02-06 02:01:21 +05:00: ImportError: attempted relative import with no known parent package
2026-02-06 02:01:28 +05:00: Traceback (most recent call last):
2026-02-06 02:01:28 +05:00:   File "/mnt/d/Hackathons/hackathon-0/silver/src/watchers/whatsapp_watcher.py", line 16, in <module>
2026-02-06 02:01:28 +05:00:     from .base_watcher import BaseWatcher, TaskCreationError
2026-02-06 02:01:28 +05:00: ImportError: attempted relative import with no known parent package
2026-02-06 02:01:37 +05:00: Traceback (most recent call last):
2026-02-06 02:01:37 +05:00:   File "/mnt/d/Hackathons/hackathon-0/silver/src/watchers/whatsapp_watcher.py", line 16, in <module>
2026-02-06 02:01:37 +05:00:     from .base_watcher import BaseWatcher, TaskCreationError
2026-02-06 02:01:37 +05:00: ImportError: attempted relative import with no known parent package
2026-02-06 02:01:46 +05:00: Traceback (most recent call last):
2026-02-06 02:01:46 +05:00:   File "/mnt/d/Hackathons/hackathon-0/silver/src/watchers/whatsapp_watcher.py", line 16, in <module>
2026-02-06 02:01:46 +05:00:     from .base_watcher import BaseWatcher, TaskCreationError
2026-02-06 02:01:46 +05:00: ImportError: attempted relative import with no known parent package
2026-02-06 02:01:56 +05:00: Traceback (most recent call last):
2026-02-06 02:01:56 +05:00:   File "/mnt/d/Hackathons/hackathon-0/silver/src/watchers/whatsapp_watcher.py", line 16, in <module>
2026-02-06 02:01:56 +05:00:     from .base_watcher import BaseWatcher, TaskCreationError
2026-02-06 02:01:56 +05:00: ImportError: attempted relative import with no known parent package
2026-02-06 02:02:06 +05:00: Traceback (most recent call last):
2026-02-06 02:02:06 +05:00:   File "/mnt/d/Hackathons/hackathon-0/silver/src/watchers/whatsapp_watcher.py", line 16, in <module>
2026-02-06 02:02:06 +05:00:     from .base_watcher import BaseWatcher, TaskCreationError
2026-02-06 02:02:06 +05:00: ImportError: attempted relative import with no known parent package
2026-02-06 02:02:16 +05:00: Traceback (most recent call last):
2026-02-06 02:02:16 +05:00:   File "/mnt/d/Hackathons/hackathon-0/silver/src/watchers/whatsapp_watcher.py", line 16, in <module>
2026-02-06 02:02:16 +05:00:     from .base_watcher import BaseWatcher, TaskCreationError
2026-02-06 02:02:16 +05:00: ImportError: attempted relative import with no known parent package
2026-02-06 02:02:26 +05:00: Traceback (most recent call last):
2026-02-06 02:02:26 +05:00:   File "/mnt/d/Hackathons/hackathon-0/silver/src/watchers/whatsapp_watcher.py", line 16, in <module>
2026-02-06 02:02:26 +05:00:     from .base_watcher import BaseWatcher, TaskCreationError
2026-02-06 02:02:26 +05:00: : attempted relative import with no known parent package
2026-02-06 02:02:34 +05:00: Traceback (most recent call last):
2026-02-06 02:02:34 +05:00:   File "/mnt/d/Hackathons/hackathon-0/silver/src/watchers/whatsapp_watcher.py", line 16, in <module>
2026-02-06 02:02:34 +05:00:     from .base_watcher import BaseWatcher, TaskCreationError
2026-02-06 02:02:34 +05:00: ImportError: attempted relative import with no known parent package
2026-02-06 02:02:45 +05:00: Traceback (most recent call last):
2026-02-06 02:02:45 +05:00:   File "/mnt/d/Hackathons/hackathon-0/silver/src/watchers/whatsapp_watcher.py", line 16, in <module>
2026-02-06 02:02:45 +05:00:     from .base_watcher import BaseWatcher, TaskCreationError
2026-02-06 02:02:45 +05:00: ImportError: attempted relative import with no known parent package
2026-02-06 02:02:56 +05:00: Traceback (most recent call last):
2026-02-06 02:02:56 +05:00:   File "/mnt/d/Hackathons/hackathon-0/silver/src/watchers/whatsapp_watcher.py", line 16, in <module>
2026-02-06 02:02:56 +05:00:     from .base_watcher import BaseWatcher, TaskCreationError
2026-02-06 02:02:56 +05:00: ImportError: attempted relative import with no known parent package
2026-02-06 02:03:06 +05:00: Traceback (most recent call last):
2026-02-06 02:03:06 +05:00:   File "/mnt/d/Hackathons/hackathon-0/silver/src/watchers/whatsapp_watcher.py", line 16, in <module>
2026-02-06 02:03:06 +05:00:     from .base_watcher import BaseWatcher, TaskCreationError
2026-02-06 02:03:06 +05:00: ImportError: attempted relative import with no known parent package
2026-02-06 02:03:17 +05:00: Traceback (most recent call last):
2026-02-06 02:03:17 +05:00:   File "/mnt/d/Hackathons/hackathon-0/silver/src/watchers/whatsapp_watcher.py", line 16, in <module>
2026-02-06 02:03:17 +05:00:     from .base_watcher import BaseWatcher, TaskCreationError
2026-02-06 02:03:17 +05:00: ImportError: attempted relative import with no known parent package
2026-02-06 02:03:25 +05:00: Traceback (most recent call last):
2026-02-06 02:03:25 +05:00:   File "/mnt/d/Hackathons/hackathon-0/silver/src/watchers/whatsapp_watcher.py", line 16, in <module>
2026-02-06 02:03:25 +05:00:     from .base_watcher import BaseWatcher, TaskCreationError
2026-02-06 02:03:25 +05:00: ImportError: attempted relative import with no known parent package
2026-02-06 02:03:32 +05:00: Traceback (most recent call last):
2026-02-06 02:03:32 +05:00:   File "/mnt/d/Hackathons/hackathon-0/silver/src/watchers/whatsapp_watcher.py", line 16, in <module>
2026-02-06 02:03:33 +05:00:     from .base_watcher import BaseWatcher, TaskCreationError
2026-02-06 02:03:33 +05:00: ImportError: attempted relative import with no known parent package
2026-02-06 02:03:40 +05:00: Traceback (most recent call last):
2026-02-06 02:03:40 +05:00:   File "/mnt/d/Hackathons/hackathon-0/silver/src/watchers/whatsapp_watcher.py", line 16, in <module>
2026-02-06 02:03:40 +05:00:     from .base_watcher import BaseWatcher, TaskCreationError
2026-02-06 02:03:40 +05:00: ImportError: attempted relative import with no known parent package
2026-02-06 02:03:48 +05:00: Traceback (most recent call last):
2026-02-06 02:03:48 +05:00:   File "/mnt/d/Hackathons/hackathon-0/silver/src/watchers/whatsapp_watcher.py", line 16, in <module>
2026-02-06 02:03:48 +05:00:     from .base_watcher import BaseWatcher, TaskCreationError
2026-02-06 02:03:48 +05:00: ImportError: attempted relative import with no known parent package
2026-02-06 02:03:56 +05:00: Traceback (most recent call last):
2026-02-06 02:03:56 +05:00:   File "/mnt/d/Hackathons/hackathon-0/silver/src/watchers/whatsapp_watcher.py", line 16, in <module>
2026-02-06 02:03:56 +05:00:     from .base_watcher import BaseWatcher, TaskCreationError
2026-02-06 02:03:56 +05:00: ImportError: attempted relative import with no known parent package
2026-02-06 02:04:03 +05:00: Traceback (most recent call last):
2026-02-06 02:04:03 +05:00:   File "/mnt/d/Hackathons/hackathon-0/silver/src/watchers/whatsapp_watcher.py", line 16, in <module>
2026-02-06 02:04:03 +05:00:     from .base_watcher import BaseWatcher, TaskCreationError
2026-02-06 02:04:03 +05:00: ImportError: attempted relative import with no known parent package
2026-02-06 02:04:21 +05:00: Traceback (most recent call last):
2026-02-06 02:04:21 +05:00:   File "/mnt/d/Hackathons/hackathon-0/silver/src/watchers/whatsapp_watcher.py", line 16, in <module>
2026-02-06 02:04:21 +05:00:     from .base_watcher import BaseWatcher, TaskCreationError
2026-02-06 02:04:21 +05:00: ImportError: attempted relative import with no known parent package
2026-02-06 02:04:35 +05:00: Traceback (most recent call last):
2026-02-06 02:04:35 +05:00:   File "/mnt/d/Hackathons/hackathon-0/silver/src/watchers/whatsapp_watcher.py", line 16, in <module>
2026-02-06 02:04:35 +05:00:     from .base_watcher import BaseWatcher, TaskCreationError
2026-02-06 02:04:35 +05:00: attempted relative import with no known parent package
2026-02-06 02:04:44 +05:00: Traceback (most recent call last):
2026-02-06 02:04:44 +05:00:   File "/mnt/d/Hackathons/hackathon-0/silver/src/watchers/whatsapp_watcher.py", line 16, in <module>
2026-02-06 02:04:44 +05:00:     
2026-02-06 02:04:44 +05:00: from .base_watcher import BaseWatcher, TaskCreationError
2026-02-06 02:04:44 +05:00: ImportError: attempted relative import with no known parent package
2026-02-06 02:04:52 +05:00: Traceback (most recent call last):
2026-02-06 02:04:52 +05:00:   File "/mnt/d/Hackathons/hackathon-0/silver/src/watchers/whatsapp_watcher.py", line 16, in <module>
2026-02-06 02:04:52 +05:00:     from .base_watcher import BaseWatcher, TaskCreationError
2026-02-06 02:04:52 +05:00: ImportError: attempted relative import with no known parent package
2026-02-06 02:05:24 +05:00: Traceback (most recent call last):
2026-02-06 02:05:24 +05:00:   File "/mnt/d/Hackathons/hackathon-0/silver/src/watchers/whatsapp_watcher.py", line 16, in <module>
2026-02-06 02:05:24 +05:00:     from .base_watcher import BaseWatcher, TaskCreationError
2026-02-06 02:05:24 +05:00: ImportError: attempted relative import with no known parent package
2026-02-06 02:05:38 +05:00: Traceback (most recent call last):
2026-02-06 02:05:38 +05:00:   File "/mnt/d/Hackathons/hackathon-0/silver/src/watchers/whatsapp_watcher.py", line 16, in <module>
2026-02-06 02:05:38 +05:00:     from .base_watcher import BaseWatcher, TaskCreationError
2026-02-06 02:05:38 +05:00: ImportError: attempted relative import with no known parent package
2026-02-06 02:05:48 +05:00: Traceback (most recent call last):
2026-02-06 02:05:48 +05:00:   File "/mnt/d/Hackathons/hackathon-0/silver/src/watchers/whatsapp_watcher.py", line 16, in <module>
2026-02-06 02:05:48 +05:00:     from .base_watcher import BaseWatcher, TaskCreationError
2026-02-06 02:05:48 +05:00: 
2026-02-06 02:06:01 +05:00: Traceback (most recent call last):
2026-02-06 02:06:01 +05:00:   File "/mnt/d/Hackathons/hackathon-0/silver/src/watchers/whatsapp_watcher.py", line 16, in <module>
2026-02-06 02:06:01 +05:00:     from .base_watcher import BaseWatcher, TaskCreationError
2026-02-06 02:06:01 +05:00: ImportError: attempted relative import with no known parent package
2026-02-06 02:06:08 +05:00: Traceback (most recent call last):
2026-02-06 02:06:08 +05:00:   File "/mnt/d/Hackathons/hackathon-0/silver/src/watchers/whatsapp_watcher.py", line 16, in <module>
2026-02-06 02:06:08 +05:00:     from .base_watcher import BaseWatcher, TaskCreationError
2026-02-06 02:06:08 +05:00: ImportError: attempted relative import with no known parent package
2026-02-06 02:06:16 +05:00: Traceback (most recent call last):
2026-02-06 02:06:16 +05:00:   File "/mnt/d/Hackathons/hackathon-0/silver/src/watchers/whatsapp_watcher.py", line 16, in <module>
2026-02-06 02:06:16 +05:00:     from .base_watcher import BaseWatcher, TaskCreationError
2026-02-06 02:06:16 +05:00: ImportError: attempted relative import with no known parent package
2026-02-06 02:06:24 +05:00: Traceback (most recent call last):
2026-02-06 02:06:24 +05:00:   File "/mnt/d/Hackathons/hackathon-0/silver/src/watchers/whatsapp_watcher.py", line 16, in <module>
2026-02-06 02:06:24 +05:00:     from .base_watcher import BaseWatcher, TaskCreationError
2026-02-06 02:06:24 +05:00: ImportError: attempted relative import with no known parent package
2026-02-06 02:06:37 +05:00: Traceback (most recent call last):
2026-02-06 02:06:37 +05:00:   File "/mnt/d/Hackathons/hackathon-0/silver/src/watchers/whatsapp_watcher.py", line 16, in <module>
2026-02-06 02:06:37 +05:00:     from .base_watcher import BaseWatcher, TaskCreationError
2026-02-06 02:06:37 +05:00: ImportError: attempted relative import with no known parent package
2026-02-06 02:06:46 +05:00: Traceback (most recent call last):
2026-02-06 02:06:46 +05:00:   File "/mnt/d/Hackathons/hackathon-0/silver/src/watchers/whatsapp_watcher.py", line 16, in <module>
2026-02-06 02:06:46 +05:00:     from .base_watcher import BaseWatcher, TaskCreationError
2026-02-06 02:06:46 +05:00: ImportError: attempted relative import with no known parent package
2026-02-06 02:06:57 +05:00: Traceback (most recent call last):
2026-02-06 02:06:57 +05:00:   File "/mnt/d/Hackathons/hackathon-0/silver/src/watchers/whatsapp_watcher.py", line 16, in <module>
2026-02-06 02:06:57 +05:00:     from .base_watcher import BaseWatcher, TaskCreationError
2026-02-06 02:06:57 +05:00: ImportError: attempted relative import with no known parent package
2026-02-06 02:07:06 +05:00: Traceback (most recent call last):
2026-02-06 02:07:06 +05:00:   File "/mnt/d/Hackathons/hackathon-0/silver/src/watchers/whatsapp_watcher.py", line 16, in <module>
2026-02-06 02:07:06 +05:00:     from .base_watcher import BaseWatcher, TaskCreationError
2026-02-06 02:07:06 +05:00: ImportError: attempted relative import with no known parent package
2026-02-06 02:07:15 +05:00: Traceback (most recent call last):
2026-02-06 02:07:15 +05:00:   File "/mnt/d/Hackathons/hackathon-0/silver/src/watchers/whatsapp_watcher.py", line 16, in <module>
2026-02-06 02:07:15 +05:00:     from .base_watcher import BaseWatcher, TaskCreationError
2026-02-06 02:07:15 +05:00: : attempted relative import with no known parent package
2026-02-06 02:07:23 +05:00: Traceback (most recent call last):
2026-02-06 02:07:23 +05:00:   File "/mnt/d/Hackathons/hackathon-0/silver/src/watchers/whatsapp_watcher.py", line 16, in <module>
2026-02-06 02:07:23 +05:00:     from .base_watcher import BaseWatcher, TaskCreationError
2026-02-06 02:07:23 +05:00: ImportError: attempted relative import with no known parent package
2026-02-06 02:07:33 +05:00: Traceback (most recent call last):
2026-02-06 02:07:33 +05:00:   File "/mnt/d/Hackathons/hackathon-0/silver/src/watchers/whatsapp_watcher.py", line 16, in <module>
2026-02-06 02:07:33 +05:00:     from .base_watcher import BaseWatcher, TaskCreationError
2026-02-06 02:07:33 +05:00: ImportError: attempted relative import with no known parent package
2026-02-06 02:07:41 +05:00: Traceback (most recent call last):
2026-02-06 02:07:41 +05:00:   File "/mnt/d/Hackathons/hackathon-0/silver/src/watchers/whatsapp_watcher.py", line 16, in <module>
2026-02-06 02:07:41 +05:00:     from .base_watcher import BaseWatcher, TaskCreationError
2026-02-06 02:07:41 +05:00: ImportError: attempted relative import with no known parent package
2026-02-06 02:07:49 +05:00: Traceback (most recent call last):
2026-02-06 02:07:49 +05:00:   File "/mnt/d/Hackathons/hackathon-0/silver/src/watchers/whatsapp_watcher.py", line 16, in <module>
2026-02-06 02:07:49 +05:00:     from .base_watcher import BaseWatcher, TaskCreationError
2026-02-06 02:07:49 +05:00: ImportError: attempted relative import with no known parent package
2026-02-06 02:07:57 +05:00: Traceback (most recent call last):
2026-02-06 02:07:57 +05:00:   File "/mnt/d/Hackathons/hackathon-0/silver/src/watchers/whatsapp_watcher.py", line 16, in <module>
2026-02-06 02:07:57 +05:00:     from .base_watcher import BaseWatcher, TaskCreationError
2026-02-06 02:07:57 +05:00: ImportError: attempted relative import with no known parent package
2026-02-06 02:08:07 +05:00: Traceback (most recent call last):
2026-02-06 02:08:07 +05:00:   File "/mnt/d/Hackathons/hackathon-0/silver/src/watchers/whatsapp_watcher.py", line 16, in <module>
2026-02-06 02:08:07 +05:00:     from .base_watcher import BaseWatcher, TaskCreationError
2026-02-06 02:08:07 +05:00: ImportError: attempted relative import with no known parent package
2026-02-06 02:08:16 +05:00: Traceback (most recent call last):
2026-02-06 02:08:16 +05:00:   File "/mnt/d/Hackathons/hackathon-0/silver/src/watchers/whatsapp_watcher.py", line 16, in <module>
2026-02-06 02:08:16 +05:00:     from .base_watcher import BaseWatcher, TaskCreationError
2026-02-06 02:08:16 +05:00: ImportError: attempted relative import with no known parent package
2026-02-06 02:08:24 +05:00: Traceback (most recent call last):
2026-02-06 02:08:24 +05:00:   File "/mnt/d/Hackathons/hackathon-0/silver/src/watchers/whatsapp_watcher.py", line 16, in <module>
2026-02-06 02:08:24 +05:00:     from .base_watcher import BaseWatcher, TaskCreationError
2026-02-06 02:08:24 +05:00: ImportError: attempted relative import with no known parent package
2026-02-06 02:08:32 +05:00: Traceback (most recent call last):
2026-02-06 02:08:32 +05:00:   File "/mnt/d/Hackathons/hackathon-0/silver/src/watchers/whatsapp_watcher.py", line 16, in <module>
2026-02-06 02:08:32 +05:00:     from .base_watcher import BaseWatcher, TaskCreationError
2026-02-06 02:08:32 +05:00: ImportError: attempted relative import with no known parent package
2026-02-06 02:08:40 +05:00: Traceback (most recent call last):
2026-02-06 02:08:40 +05:00:   File "/mnt/d/Hackathons/hackathon-0/silver/src/watchers/whatsapp_watcher.py", line 16, in <module>
2026-02-06 02:08:40 +05:00:     from .base_watcher import BaseWatcher, TaskCreationError
2026-02-06 02:08:40 +05:00: ImportError: attempted relative import with no known parent package
2026-02-06 02:08:49 +05:00: Traceback (most recent call last):
2026-02-06 02:08:49 +05:00:   File "/mnt/d/Hackathons/hackathon-0/silver/src/watchers/whatsapp_watcher.py", line 16, in <module>
2026-02-06 02:08:49 +05:00:     from .base_watcher import BaseWatcher, TaskCreationError
2026-02-06 02:08:49 +05:00: ImportError: attempted relative import with no known parent package
2026-02-06 02:08:57 +05:00: Traceback (most recent call last):
2026-02-06 02:08:57 +05:00:   File "/mnt/d/Hackathons/hackathon-0/silver/src/watchers/whatsapp_watcher.py", line 16, in <module>
2026-02-06 02:08:57 +05:00:     from .base_watcher import BaseWatcher, TaskCreationError
2026-02-06 02:08:57 +05:00: ImportError: attempted relative import with no known parent package
2026-02-06 02:09:05 +05:00: Traceback (most recent call last):
2026-02-06 02:09:05 +05:00:   File "/mnt/d/Hackathons/hackathon-0/silver/src/watchers/whatsapp_watcher.py", line 16, in <module>
2026-02-06 02:09:05 +05:00:     from .base_watcher import BaseWatcher, TaskCreationError
2026-02-06 02:09:05 +05:00: ImportError: attempted relative import with no known parent package
2026-02-06 02:09:12 +05:00: Traceback (most recent call last):
2026-02-06 02:09:12 +05:00:   File "/mnt/d/Hackathons/hackathon-0/silver/src/watchers/whatsapp_watcher.py", line 16, in <module>
2026-02-06 02:09:12 +05:00:     from .base_watcher import BaseWatcher, TaskCreationError
2026-02-06 02:09:12 +05:00: ImportError: attempted relative import with no known parent package
2026-02-06 02:09:22 +05:00: Traceback (most recent call last):
2026-02-06 02:09:22 +05:00:   File "/mnt/d/Hackathons/hackathon-0/silver/src/watchers/whatsapp_watcher.py", line 16, in <module>
2026-02-06 02:09:22 +05:00:     from .base_watcher import BaseWatcher, TaskCreationError
2026-02-06 02:09:22 +05:00: ImportError: attempted relative import with no known parent package
2026-02-06 02:09:31 +05:00: Traceback (most recent call last):
2026-02-06 02:09:31 +05:00:   File "/mnt/d/Hackathons/hackathon-0/silver/src/watchers/whatsapp_watcher.py", line 16, in <module>
2026-02-06 02:09:31 +05:00:     from .base_watcher import BaseWatcher, TaskCreationError
2026-02-06 02:09:31 +05:00: ImportError: attempted relative import with no known parent package
2026-02-06 02:09:47 +05:00: Traceback (most recent call last):
2026-02-06 02:09:47 +05:00:   File "/mnt/d/Hackathons/hackathon-0/silver/src/watchers/whatsapp_watcher.py", line 16, in <module>
2026-02-06 02:09:47 +05:00:     from .base_watcher import BaseWatcher, TaskCreationError
2026-02-06 02:09:47 +05:00: ImportError: attempted relative import with no known parent package
2026-02-06 02:09:57 +05:00: Traceback (most recent call last):
2026-02-06 02:09:57 +05:00:   File "/mnt/d/Hackathons/hackathon-0/silver/src/watchers/whatsapp_watcher.py", line 16, in <module>
2026-02-06 02:09:57 +05:00:     from .base_watcher import BaseWatcher, TaskCreationError
2026-02-06 02:09:57 +05:00: ImportError: attempted relative import with no known parent package
2026-02-06 02:10:04 +05:00: Traceback (most recent call last):
2026-02-06 02:10:04 +05:00:   File "/mnt/d/Hackathons/hackathon-0/silver/src/watchers/whatsapp_watcher.py", line 16, in <module>
2026-02-06 02:10:04 +05:00:     from .base_watcher import BaseWatcher, TaskCreationError
2026-02-06 02:10:04 +05:00: ImportError: attempted relative import with no known parent package
2026-02-06 02:10:13 +05:00: Traceback (most recent call last):
2026-02-06 02:10:13 +05:00:   File "/mnt/d/Hackathons/hackathon-0/silver/src/watchers/whatsapp_watcher.py", line 16, in <module>
2026-02-06 02:10:13 +05:00:     from .base_watcher import BaseWatcher, TaskCreationError
2026-02-06 02:10:13 +05:00: ImportError: attempted relative import with no known parent package
2026-02-06 02:10:21 +05:00: Traceback (most recent call last):
2026-02-06 02:10:21 +05:00:   File "/mnt/d/Hackathons/hackathon-0/silver/src/watchers/whatsapp_watcher.py", line 16, in <module>
2026-02-06 02:10:21 +05:00:     from .base_watcher import BaseWatcher, TaskCreationError
2026-02-06 02:10:21 +05:00: ImportError: attempted relative import with no known parent package
2026-02-06 02:10:31 +05:00: Traceback (most recent call last):
2026-02-06 02:10:31 +05:00:   File "/mnt/d/Hackathons/hackathon-0/silver/src/watchers/whatsapp_watcher.py", line 16, in <module>
2026-02-06 02:10:31 +05:00:     from .base_watcher import BaseWatcher, TaskCreationError
2026-02-06 02:10:31 +05:00: ImportError: attempted relative import with no known parent package
2026-02-06 02:10:40 +05:00: Traceback (most recent call last):
2026-02-06 02:10:40 +05:00:   File "/mnt/d/Hackathons/hackathon-0/silver/src/watchers/whatsapp_watcher.py", line 16, in <module>
2026-02-06 02:10:40 +05:00:     from .base_watcher import BaseWatcher, TaskCreationError
2026-02-06 02:10:40 +05:00: ImportError: attempted relative import with no known parent package
2026-02-06 02:10:50 +05:00: Traceback (most recent call last):
2026-02-06 02:10:50 +05:00:   File "/mnt/d/Hackathons/hackathon-0/silver/src/watchers/whatsapp_watcher.py", line 16, in <module>
2026-02-06 02:10:50 +05:00:     from .base_watcher import BaseWatcher, TaskCreationError
2026-02-06 02:10:50 +05:00: ImportError: attempted relative import with no known parent package
2026-02-06 02:10:59 +05:00: Traceback (most recent call last):
2026-02-06 02:10:59 +05:00:   File "/mnt/d/Hackathons/hackathon-0/silver/src/watchers/whatsapp_watcher.py", line 16, in <module>
2026-02-06 02:10:59 +05:00:     from .base_watcher import BaseWatcher, TaskCreationError
2026-02-06 02:10:59 +05:00: ImportError: attempted relative import with no known parent package
2026-02-06 02:11:06 +05:00: Traceback (most recent call last):
2026-02-06 02:11:06 +05:00:   File "/mnt/d/Hackathons/hackathon-0/silver/src/watchers/whatsapp_watcher.py", line 16, in <module>
2026-02-06 02:11:06 +05:00:     from .base_watcher import BaseWatcher, TaskCreationError
2026-02-06 02:11:06 +05:00: ImportError: attempted relative import with no known parent package
2026-02-06 02:11:14 +05:00: Traceback (most recent call last):
2026-02-06 02:11:14 +05:00:   File "/mnt/d/Hackathons/hackathon-0/silver/src/watchers/whatsapp_watcher.py", line 16, in <module>
2026-02-06 02:11:14 +05:00:     from .base_watcher import BaseWatcher, TaskCreationError
2026-02-06 02:11:14 +05:00: ImportError: attempted relative import with no known parent package
2026-02-06 02:11:21 +05:00: Traceback (most recent call last):
2026-02-06 02:11:21 +05:00:   File "/mnt/d/Hackathons/hackathon-0/silver/src/watchers/whatsapp_watcher.py", line 16, in <module>
2026-02-06 02:11:21 +05:00:     from .base_watcher import BaseWatcher, TaskCreationError
2026-02-06 02:11:21 +05:00: ImportError: attempted relative import with no known parent package
2026-02-06 02:11:32 +05:00: Traceback (most recent call last):
2026-02-06 02:11:32 +05:00:   File "/mnt/d/Hackathons/hackathon-0/silver/src/watchers/whatsapp_watcher.py", line 16, in <module>
2026-02-06 02:11:32 +05:00:     from .base_watcher import BaseWatcher, TaskCreationError
2026-02-06 02:11:32 +05:00: ImportError: attempted relative import with no known parent package
2026-02-06 02:11:40 +05:00: Traceback (most recent call last):
2026-02-06 02:11:40 +05:00:   File "/mnt/d/Hackathons/hackathon-0/silver/src/watchers/whatsapp_watcher.py", line 16, in <module>
2026-02-06 02:11:40 +05:00:     from .base_watcher import BaseWatcher, TaskCreationError
2026-02-06 02:11:40 +05:00: ImportError: attempted relative import with no known parent package
2026-02-06 02:11:49 +05:00: Traceback (most recent call last):
2026-02-06 02:11:49 +05:00:   File "/mnt/d/Hackathons/hackathon-0/silver/src/watchers/whatsapp_watcher.py", line 16, in <module>
2026-02-06 02:11:49 +05:00:     from .base_watcher import BaseWatcher, TaskCreationError
2026-02-06 02:11:49 +05:00: ImportError: attempted relative import with no known parent package
2026-02-06 02:11:57 +05:00: Traceback (most recent call last):
2026-02-06 02:11:57 +05:00:   File "/mnt/d/Hackathons/hackathon-0/silver/src/watchers/whatsapp_watcher.py", line 16, in <module>
2026-02-06 02:11:57 +05:00:     from .base_watcher import BaseWatcher, TaskCreationError
2026-02-06 02:11:57 +05:00: ImportError: attempted relative import with no known parent package
2026-02-06 02:12:05 +05:00: Traceback (most recent call last):
2026-02-06 02:12:05 +05:00:   File "/mnt/d/Hackathons/hackathon-0/silver/src/watchers/whatsapp_watcher.py", line 16, in <module>
2026-02-06 02:12:05 +05:00:     from .base_watcher import BaseWatcher, TaskCreationError
2026-02-06 02:12:05 +05:00: ImportError: attempted relative import with no known parent package
2026-02-06 02:12:14 +05:00: Traceback (most recent call last):
2026-02-06 02:12:14 +05:00:   File "/mnt/d/Hackathons/hackathon-0/silver/src/watchers/whatsapp_watcher.py", line 16, in <module>
2026-02-06 02:12:14 +05:00:     from .base_watcher import BaseWatcher, TaskCreationError
2026-02-06 02:12:14 +05:00: ImportError: attempted relative import with no known parent package
2026-02-06 02:12:23 +05:00: Traceback (most recent call last):
2026-02-06 02:12:23 +05:00:   File "/mnt/d/Hackathons/hackathon-0/silver/src/watchers/whatsapp_watcher.py", line 16, in <module>
2026-02-06 02:12:23 +05:00:     from .base_watcher import BaseWatcher, TaskCreationError
2026-02-06 02:12:23 +05:00: ImportError: attempted relative import with no known parent package
2026-02-06 02:12:35 +05:00: Traceback (most recent call last):
2026-02-06 02:12:35 +05:00:   File "/mnt/d/Hackathons/hackathon-0/silver/src/watchers/whatsapp_watcher.py", line 16, in <module>
2026-02-06 02:12:35 +05:00:     from .base_watcher import BaseWatcher, TaskCreationError
2026-02-06 02:12:35 +05:00: ImportError: attempted relative import with no known parent package
2026-02-06 02:12:44 +05:00: Traceback (most recent call last):
2026-02-06 02:12:44 +05:00:   File "/mnt/d/Hackathons/hackathon-0/silver/src/watchers/whatsapp_watcher.py", line 16, in <module>
2026-02-06 02:12:44 +05:00:     from .base_watcher import BaseWatcher, TaskCreationError
2026-02-06 02:12:44 +05:00: ImportError: attempted relative import with no known parent package
2026-02-06 02:12:54 +05:00: Traceback (most recent call last):
2026-02-06 02:12:54 +05:00:   File "/mnt/d/Hackathons/hackathon-0/silver/src/watchers/whatsapp_watcher.py", line 16, in <module>
2026-02-06 02:12:54 +05:00:     from .base_watcher import BaseWatcher, TaskCreationError
2026-02-06 02:12:54 +05:00: ImportError: attempted relative import with no known parent package
2026-02-06 02:13:08 +05:00: Traceback (most recent call last):
2026-02-06 02:13:08 +05:00:   File "/mnt/d/Hackathons/hackathon-0/silver/src/watchers/whatsapp_watcher.py", line 16, in <module>
2026-02-06 02:13:08 +05:00:     from .base_watcher import BaseWatcher, TaskCreationError
2026-02-06 02:13:08 +05:00: attempted relative import with no known parent package
2026-02-06 02:13:18 +05:00: Traceback (most recent call last):
2026-02-06 02:13:18 +05:00:   File "/mnt/d/Hackathons/hackathon-0/silver/src/watchers/whatsapp_watcher.py", line 16, in <module>
2026-02-06 02:13:18 +05:00:     from .base_watcher import BaseWatcher, TaskCreationError
2026-02-06 02:13:18 +05:00: ImportError: attempted relative import with no known parent package
2026-02-06 02:13:30 +05:00: Traceback (most recent call last):
2026-02-06 02:13:30 +05:00:   File "/mnt/d/Hackathons/hackathon-0/silver/src/watchers/whatsapp_watcher.py", line 16, in <module>
2026-02-06 02:13:30 +05:00:     from .base_watcher import BaseWatcher, TaskCreationError
2026-02-06 02:13:30 +05:00: ImportError: attempted relative import with no known parent package
2026-02-06 02:13:41 +05:00: Traceback (most recent call last):
2026-02-06 02:13:41 +05:00:   File "/mnt/d/Hackathons/hackathon-0/silver/src/watchers/whatsapp_watcher.py", line 16, in <module>
2026-02-06 02:13:42 +05:00:     from .base_watcher import BaseWatcher, TaskCreationError
2026-02-06 02:13:42 +05:00: ImportError: attempted relative import with no known parent package
2026-02-06 02:13:49 +05:00: Traceback (most recent call last):
2026-02-06 02:13:49 +05:00:   File "/mnt/d/Hackathons/hackathon-0/silver/src/watchers/whatsapp_watcher.py", line 16, in <module>
2026-02-06 02:13:50 +05:00:     from .base_watcher import BaseWatcher, TaskCreationError
2026-02-06 02:13:50 +05:00: ImportError: attempted relative import with no known parent package
2026-02-06 02:13:58 +05:00: Traceback (most recent call last):
2026-02-06 02:13:58 +05:00:   File "/mnt/d/Hackathons/hackathon-0/silver/src/watchers/whatsapp_watcher.py", line 16, in <module>
2026-02-06 02:13:58 +05:00:     from .base_watcher import BaseWatcher, TaskCreationError
2026-02-06 02:13:58 +05:00: ImportError: attempted relative import with no known parent package
2026-02-06 02:14:06 +05:00: Traceback (most recent call last):
2026-02-06 02:14:06 +05:00:   File "/mnt/d/Hackathons/hackathon-0/silver/src/watchers/whatsapp_watcher.py", line 16, in <module>
2026-02-06 02:14:06 +05:00:     from .base_watcher import BaseWatcher, TaskCreationError
2026-02-06 02:14:06 +05:00: ImportError: attempted relative import with no known parent package
2026-02-06 02:14:18 +05:00: Traceback (most recent call last):
2026-02-06 02:14:18 +05:00:   File "/mnt/d/Hackathons/hackathon-0/silver/src/watchers/whatsapp_watcher.py", line 16, in <module>
2026-02-06 02:14:18 +05:00:     from .base_watcher import BaseWatcher, TaskCreationError
2026-02-06 02:14:18 +05:00: ImportError: attempted relative import with no known parent package
2026-02-06 02:14:26 +05:00: Traceback (most recent call last):
2026-02-06 02:14:26 +05:00:   File "/mnt/d/Hackathons/hackathon-0/silver/src/watchers/whatsapp_watcher.py", line 16, in <module>
2026-02-06 02:14:26 +05:00:     from .base_watcher import BaseWatcher, TaskCreationError
2026-02-06 02:14:27 +05:00: ImportError: attempted relative import with no known parent package
2026-02-06 02:14:34 +05:00: Traceback (most recent call last):
2026-02-06 02:14:34 +05:00:   File "/mnt/d/Hackathons/hackathon-0/silver/src/watchers/whatsapp_watcher.py", line 16, in <module>
2026-02-06 02:14:34 +05:00:     from .base_watcher import BaseWatcher, TaskCreationError
2026-02-06 02:14:34 +05:00: ImportError: attempted relative import with no known parent package
2026-02-06 02:14:41 +05:00: Traceback (most recent call last):
2026-02-06 02:14:41 +05:00:   File "/mnt/d/Hackathons/hackathon-0/silver/src/watchers/whatsapp_watcher.py", line 16, in <module>
2026-02-06 02:14:41 +05:00:     from .base_watcher import BaseWatcher, TaskCreationError
2026-02-06 02:14:41 +05:00: ImportError: attempted relative import with no known parent package
2026-02-06 02:14:49 +05:00: Traceback (most recent call last):
2026-02-06 02:14:49 +05:00:   File "/mnt/d/Hackathons/hackathon-0/silver/src/watchers/whatsapp_watcher.py", line 16, in <module>
2026-02-06 02:14:49 +05:00:     from .base_watcher import BaseWatcher, TaskCreationError
2026-02-06 02:14:49 +05:00: ImportError: attempted relative import with no known parent package
2026-02-06 02:14:59 +05:00: Traceback (most recent call last):
2026-02-06 02:14:59 +05:00:   File "/mnt/d/Hackathons/hackathon-0/silver/src/watchers/whatsapp_watcher.py", line 16, in <module>
2026-02-06 02:14:59 +05:00:     from .base_watcher import BaseWatcher, TaskCreationError
2026-02-06 02:14:59 +05:00: ImportError: attempted relative import with no known parent package
2026-02-06 02:15:07 +05:00: Traceback (most recent call last):
2026-02-06 02:15:07 +05:00:   File "/mnt/d/Hackathons/hackathon-0/silver/src/watchers/whatsapp_watcher.py", line 16, in <module>
2026-02-06 02:15:07 +05:00:     from .base_watcher import BaseWatcher, TaskCreationError
2026-02-06 02:15:07 +05:00: ImportError: attempted relative import with no known parent package
2026-02-06 02:15:16 +05:00: Traceback (most recent call last):
2026-02-06 02:15:16 +05:00:   File "/mnt/d/Hackathons/hackathon-0/silver/src/watchers/whatsapp_watcher.py", line 16, in <module>
2026-02-06 02:15:16 +05:00:     from .base_watcher import BaseWatcher, TaskCreationError
2026-02-06 02:15:16 +05:00: ImportError: attempted relative import with no known parent package
2026-02-06 02:15:23 +05:00: Traceback (most recent call last):
2026-02-06 02:15:23 +05:00:   File "/mnt/d/Hackathons/hackathon-0/silver/src/watchers/whatsapp_watcher.py", line 16, in <module>
2026-02-06 02:15:23 +05:00:     from .base_watcher import BaseWatcher, TaskCreationError
2026-02-06 02:15:23 +05:00: ImportError: attempted relative import with no known parent package
2026-02-06 02:15:31 +05:00: Traceback (most recent call last):
2026-02-06 02:15:31 +05:00:   File "/mnt/d/Hackathons/hackathon-0/silver/src/watchers/whatsapp_watcher.py", line 16, in <module>
2026-02-06 02:15:31 +05:00:     from .base_watcher import BaseWatcher, TaskCreationError
2026-02-06 02:15:31 +05:00: ImportError: attempted relative import with no known parent package
2026-02-06 02:15:39 +05:00: Traceback (most recent call last):
2026-02-06 02:15:39 +05:00:   File "/mnt/d/Hackathons/hackathon-0/silver/src/watchers/whatsapp_watcher.py", line 16, in <module>
2026-02-06 02:15:39 +05:00:     from .base_watcher import BaseWatcher, TaskCreationError
2026-02-06 02:15:39 +05:00: ImportError: attempted relative import with no known parent package
2026-02-06 02:15:45 +05:00: Traceback (most recent call last):
2026-02-06 02:15:45 +05:00:   File "/mnt/d/Hackathons/hackathon-0/silver/src/watchers/whatsapp_watcher.py", line 16, in <module>
2026-02-06 02:15:45 +05:00:     from .base_watcher import BaseWatcher, TaskCreationError
2026-02-06 02:15:45 +05:00: ImportError: attempted relative import with no known parent package
2026-02-06 02:15:53 +05:00: Traceback (most recent call last):
2026-02-06 02:15:53 +05:00:   File "/mnt/d/Hackathons/hackathon-0/silver/src/watchers/whatsapp_watcher.py", line 16, in <module>
2026-02-06 02:15:53 +05:00:     from .base_watcher import BaseWatcher, TaskCreationError
2026-02-06 02:15:53 +05:00: ImportError: attempted relative import with no known parent package
2026-02-06 02:16:00 +05:00: Traceback (most recent call last):
2026-02-06 02:16:00 +05:00:   File "/mnt/d/Hackathons/hackathon-0/silver/src/watchers/whatsapp_watcher.py", line 16, in <module>
2026-02-06 02:16:00 +05:00:     from .base_watcher import BaseWatcher, TaskCreationError
2026-02-06 02:16:00 +05:00: ImportError: attempted relative import with no known parent package
2026-02-06 02:16:07 +05:00: Traceback (most recent call last):
2026-02-06 02:16:07 +05:00:   File "/mnt/d/Hackathons/hackathon-0/silver/src/watchers/whatsapp_watcher.py", line 16, in <module>
2026-02-06 02:16:07 +05:00:     from .base_watcher import BaseWatcher, TaskCreationError
2026-02-06 02:16:07 +05:00: ImportError: attempted relative import with no known parent package
2026-02-06 02:16:14 +05:00: Traceback (most recent call last):
2026-02-06 02:16:14 +05:00:   File "/mnt/d/Hackathons/hackathon-0/silver/src/watchers/whatsapp_watcher.py", line 16, in <module>
2026-02-06 02:16:14 +05:00:     from .base_watcher import BaseWatcher, TaskCreationError
2026-02-06 02:16:14 +05:00: ImportError: attempted relative import with no known parent package
2026-02-06 02:16:21 +05:00: Traceback (most recent call last):
2026-02-06 02:16:21 +05:00:   File "/mnt/d/Hackathons/hackathon-0/silver/src/watchers/whatsapp_watcher.py", line 16, in <module>
2026-02-06 02:16:21 +05:00:     from .base_watcher import BaseWatcher, TaskCreationError
2026-02-06 02:16:21 +05:00: ImportError: attempted relative import with no known parent package
2026-02-06 02:16:28 +05:00: Traceback (most recent call last):
2026-02-06 02:16:28 +05:00:   File "/mnt/d/Hackathons/hackathon-0/silver/src/watchers/whatsapp_watcher.py", line 16, in <module>
2026-02-06 02:16:28 +05:00:     from .base_watcher import BaseWatcher, TaskCreationError
2026-02-06 02:16:28 +05:00: ImportError: attempted relative import with no known parent package
2026-02-06 02:16:36 +05:00: Traceback (most recent call last):
2026-02-06 02:16:36 +05:00:   File "/mnt/d/Hackathons/hackathon-0/silver/src/watchers/whatsapp_watcher.py", line 16, in <module>
2026-02-06 02:16:36 +05:00:     from .base_watcher import BaseWatcher, TaskCreationError
2026-02-06 02:16:36 +05:00: ImportError: attempted relative import with no known parent package
2026-02-06 02:16:43 +05:00: Traceback (most recent call last):
2026-02-06 02:16:43 +05:00:   File "/mnt/d/Hackathons/hackathon-0/silver/src/watchers/whatsapp_watcher.py", line 16, in <module>
2026-02-06 02:16:43 +05:00:     from .base_watcher import BaseWatcher, TaskCreationError
2026-02-06 02:16:43 +05:00: ImportError: attempted relative import with no known parent package
2026-02-06 02:16:49 +05:00: Traceback (most recent call last):
2026-02-06 02:16:49 +05:00:   File "/mnt/d/Hackathons/hackathon-0/silver/src/watchers/whatsapp_watcher.py", line 16, in <module>
2026-02-06 02:16:49 +05:00:     from .base_watcher import BaseWatcher, TaskCreationError
2026-02-06 02:16:49 +05:00: ImportError: attempted relative import with no known parent package
2026-02-06 02:16:57 +05:00: Traceback (most recent call last):
2026-02-06 02:16:57 +05:00:   File "/mnt/d/Hackathons/hackathon-0/silver/src/watchers/whatsapp_watcher.py", line 16, in <module>
2026-02-06 02:16:57 +05:00:     from .base_watcher import BaseWatcher, TaskCreationError
2026-02-06 02:16:57 +05:00: ImportError: attempted relative import with no known parent package
2026-02-06 02:17:04 +05:00: Traceback (most recent call last):
2026-02-06 02:17:04 +05:00:   File "/mnt/d/Hackathons/hackathon-0/silver/src/watchers/whatsapp_watcher.py", line 16, in <module>
2026-02-06 02:17:04 +05:00:     from .base_watcher import BaseWatcher, TaskCreationError
2026-02-06 02:17:04 +05:00: ImportError: attempted relative import with no known parent package
2026-02-06 02:17:11 +05:00: Traceback (most recent call last):
2026-02-06 02:17:11 +05:00:   File "/mnt/d/Hackathons/hackathon-0/silver/src/watchers/whatsapp_watcher.py", line 16, in <module>
2026-02-06 02:17:11 +05:00:     from .base_watcher import BaseWatcher, TaskCreationError
2026-02-06 02:17:11 +05:00: ImportError: attempted relative import with no known parent package
2026-02-06 02:17:18 +05:00: Traceback (most recent call last):
2026-02-06 02:17:18 +05:00:   File "/mnt/d/Hackathons/hackathon-0/silver/src/watchers/whatsapp_watcher.py", line 16, in <module>
2026-02-06 02:17:18 +05:00:     from .base_watcher import BaseWatcher, TaskCreationError
2026-02-06 02:17:18 +05:00: ImportError: attempted relative import with no known parent package
2026-02-06 02:17:25 +05:00: Traceback (most recent call last):
2026-02-06 02:17:25 +05:00:   File "/mnt/d/Hackathons/hackathon-0/silver/src/watchers/whatsapp_watcher.py", line 16, in <module>
2026-02-06 02:17:25 +05:00:     from .base_watcher import BaseWatcher, TaskCreationError
2026-02-06 02:17:25 +05:00: ImportError: attempted relative import with no known parent package
2026-02-06 02:17:32 +05:00: Traceback (most recent call last):
2026-02-06 02:17:32 +05:00:   File "/mnt/d/Hackathons/hackathon-0/silver/src/watchers/whatsapp_watcher.py", line 16, in <module>
2026-02-06 02:17:32 +05:00:     from .base_watcher import BaseWatcher, TaskCreationError
2026-02-06 02:17:32 +05:00: ImportError: attempted relative import with no known parent package
2026-02-06 02:17:39 +05:00: Traceback (most recent call last):
2026-02-06 02:17:39 +05:00:   File "/mnt/d/Hackathons/hackathon-0/silver/src/watchers/whatsapp_watcher.py", line 16, in <module>
2026-02-06 02:17:39 +05:00:     from .base_watcher import BaseWatcher, TaskCreationError
2026-02-06 02:17:39 +05:00: ImportError: attempted relative import with no known parent package
2026-02-06 02:17:46 +05:00: Traceback (most recent call last):
2026-02-06 02:17:46 +05:00:   File "/mnt/d/Hackathons/hackathon-0/silver/src/watchers/whatsapp_watcher.py", line 16, in <module>
2026-02-06 02:17:46 +05:00:     from .base_watcher import BaseWatcher, TaskCreationError
2026-02-06 02:17:46 +05:00: ImportError: attempted relative import with no known parent package
2026-02-06 02:17:53 +05:00: Traceback (most recent call last):
2026-02-06 02:17:53 +05:00:   File "/mnt/d/Hackathons/hackathon-0/silver/src/watchers/whatsapp_watcher.py", line 16, in <module>
2026-02-06 02:17:54 +05:00:     from .base_watcher import BaseWatcher, TaskCreationError
2026-02-06 02:17:54 +05:00: ImportError: attempted relative import with no known parent package
2026-02-06 02:18:00 +05:00: Traceback (most recent call last):
2026-02-06 02:18:00 +05:00:   File "/mnt/d/Hackathons/hackathon-0/silver/src/watchers/whatsapp_watcher.py", line 16, in <module>
2026-02-06 02:18:00 +05:00:     from .base_watcher import BaseWatcher, TaskCreationError
2026-02-06 02:18:00 +05:00: ImportError: attempted relative import with no known parent package
2026-02-06 02:18:08 +05:00: Traceback (most recent call last):
2026-02-06 02:18:08 +05:00:   File "/mnt/d/Hackathons/hackathon-0/silver/src/watchers/whatsapp_watcher.py", line 16, in <module>
2026-02-06 02:18:08 +05:00:     from .base_watcher import BaseWatcher, TaskCreationError
2026-02-06 02:18:08 +05:00: ImportError: attempted relative import with no known parent package
2026-02-06 02:18:14 +05:00: Traceback (most recent call last):
2026-02-06 02:18:14 +05:00:   File "/mnt/d/Hackathons/hackathon-0/silver/src/watchers/whatsapp_watcher.py", line 16, in <module>
2026-02-06 02:18:14 +05:00:     from .base_watcher import BaseWatcher, TaskCreationError
2026-02-06 02:18:14 +05:00: ImportError: attempted relative import with no known parent package
2026-02-06 02:18:22 +05:00: Traceback (most recent call last):
2026-02-06 02:18:22 +05:00:   File "/mnt/d/Hackathons/hackathon-0/silver/src/watchers/whatsapp_watcher.py", line 16, in <module>
2026-02-06 02:18:22 +05:00:     from .base_watcher import BaseWatcher, TaskCreationError
2026-02-06 02:18:22 +05:00: ImportError: attempted relative import with no known parent package
2026-02-06 02:18:29 +05:00: Traceback (most recent call last):
2026-02-06 02:18:29 +05:00:   File "/mnt/d/Hackathons/hackathon-0/silver/src/watchers/whatsapp_watcher.py", line 16, in <module>
2026-02-06 02:18:29 +05:00:     from .base_watcher import BaseWatcher, TaskCreationError
2026-02-06 02:18:29 +05:00: ImportError: attempted relative import with no known parent package
2026-02-06 02:18:37 +05:00: Traceback (most recent call last):
2026-02-06 02:18:37 +05:00:   File "/mnt/d/Hackathons/hackathon-0/silver/src/watchers/whatsapp_watcher.py", line 16, in <module>
2026-02-06 02:18:37 +05:00:     from .base_watcher import BaseWatcher, TaskCreationError
2026-02-06 02:18:37 +05:00: ImportError: attempted relative import with no known parent package
2026-02-06 02:18:44 +05:00: Traceback (most recent call last):
2026-02-06 02:18:44 +05:00:   File "/mnt/d/Hackathons/hackathon-0/silver/src/watchers/whatsapp_watcher.py", line 16, in <module>
2026-02-06 02:18:44 +05:00:     from .base_watcher import BaseWatcher, TaskCreationError
2026-02-06 02:18:44 +05:00: ImportError: attempted relative import with no known parent package
2026-02-06 02:18:52 +05:00: Traceback (most recent call last):
2026-02-06 02:18:52 +05:00:   File "/mnt/d/Hackathons/hackathon-0/silver/src/watchers/whatsapp_watcher.py", line 16, in <module>
2026-02-06 02:18:52 +05:00:     from .base_watcher import BaseWatcher, TaskCreationError
2026-02-06 02:18:52 +05:00: ImportError: attempted relative import with no known parent package
2026-02-06 02:19:00 +05:00: Traceback (most recent call last):
2026-02-06 02:19:00 +05:00:   File "/mnt/d/Hackathons/hackathon-0/silver/src/watchers/whatsapp_watcher.py", line 16, in <module>
2026-02-06 02:19:00 +05:00:     from .base_watcher import BaseWatcher, TaskCreationError
2026-02-06 02:19:00 +05:00: ImportError: attempted relative import with no known parent package
2026-02-06 02:19:08 +05:00: Traceback (most recent call last):
2026-02-06 02:19:08 +05:00:   File "/mnt/d/Hackathons/hackathon-0/silver/src/watchers/whatsapp_watcher.py", line 16, in <module>
2026-02-06 02:19:08 +05:00:     from .base_watcher import BaseWatcher, TaskCreationError
2026-02-06 02:19:08 +05:00: ImportError: attempted relative import with no known parent package
2026-02-06 02:19:16 +05:00: Traceback (most recent call last):
2026-02-06 02:19:16 +05:00:   File "/mnt/d/Hackathons/hackathon-0/silver/src/watchers/whatsapp_watcher.py", line 16, in <module>
2026-02-06 02:19:16 +05:00:     from .base_watcher import BaseWatcher, TaskCreationError
2026-02-06 02:19:16 +05:00: ImportError: attempted relative import with no known parent package
2026-02-06 02:19:22 +05:00: Traceback (most recent call last):
2026-02-06 02:19:22 +05:00:   File "/mnt/d/Hackathons/hackathon-0/silver/src/watchers/whatsapp_watcher.py", line 16, in <module>
2026-02-06 02:19:22 +05:00:     from .base_watcher import BaseWatcher, TaskCreationError
2026-02-06 02:19:22 +05:00: ImportError: attempted relative import with no known parent package
2026-02-06 02:19:30 +05:00: Traceback (most recent call last):
2026-02-06 02:19:30 +05:00:   File "/mnt/d/Hackathons/hackathon-0/silver/src/watchers/whatsapp_watcher.py", line 16, in <module>
2026-02-06 02:19:30 +05:00:     from .base_watcher import BaseWatcher, TaskCreationError
2026-02-06 02:19:30 +05:00: ImportError: attempted relative import with no known parent package
2026-02-06 02:19:37 +05:00: Traceback (most recent call last):
2026-02-06 02:19:37 +05:00:   File "/mnt/d/Hackathons/hackathon-0/silver/src/watchers/whatsapp_watcher.py", line 16, in <module>
2026-02-06 02:19:37 +05:00:     from .base_watcher import BaseWatcher, TaskCreationError
2026-02-06 02:19:37 +05:00: ImportError: attempted relative import with no known parent package
2026-02-06 02:19:43 +05:00: Traceback (most recent call last):
2026-02-06 02:19:43 +05:00:   File "/mnt/d/Hackathons/hackathon-0/silver/src/watchers/whatsapp_watcher.py", line 16, in <module>
2026-02-06 02:19:43 +05:00:     from .base_watcher import BaseWatcher, TaskCreationError
2026-02-06 02:19:43 +05:00: attempted relative import with no known parent package
2026-02-06 02:19:50 +05:00: Traceback (most recent call last):
2026-02-06 02:19:50 +05:00:   File "/mnt/d/Hackathons/hackathon-0/silver/src/watchers/whatsapp_watcher.py", line 16, in <module>
2026-02-06 02:19:50 +05:00:     from .base_watcher import BaseWatcher, TaskCreationError
2026-02-06 02:19:50 +05:00: ImportError: attempted relative import with no known parent package
2026-02-06 02:19:58 +05:00: Traceback (most recent call last):
2026-02-06 02:19:58 +05:00:   File "/mnt/d/Hackathons/hackathon-0/silver/src/watchers/whatsapp_watcher.py", line 16, in <module>
2026-02-06 02:19:58 +05:00:     from .base_watcher import BaseWatcher, TaskCreationError
2026-02-06 02:19:58 +05:00: ImportError: attempted relative import with no known parent package
2026-02-06 02:20:05 +05:00: Traceback (most recent call last):
2026-02-06 02:20:05 +05:00:   File "/mnt/d/Hackathons/hackathon-0/silver/src/watchers/whatsapp_watcher.py", line 16, in <module>
2026-02-06 02:20:05 +05:00:     from .base_watcher import BaseWatcher, TaskCreationError
2026-02-06 02:20:05 +05:00: ImportError: attempted relative import with no known parent package
2026-02-06 02:20:12 +05:00: Traceback (most recent call last):
2026-02-06 02:20:12 +05:00:   File "/mnt/d/Hackathons/hackathon-0/silver/src/watchers/whatsapp_watcher.py", line 16, in <module>
2026-02-06 02:20:12 +05:00:     from .base_watcher import BaseWatcher, TaskCreationError
2026-02-06 02:20:12 +05:00: ImportError: attempted relative import with no known parent package
2026-02-06 02:20:19 +05:00: Traceback (most recent call last):
2026-02-06 02:20:19 +05:00:   File "/mnt/d/Hackathons/hackathon-0/silver/src/watchers/whatsapp_watcher.py", line 16, in <module>
2026-02-06 02:20:19 +05:00:     from .base_watcher import BaseWatcher, TaskCreationError
2026-02-06 02:20:19 +05:00: ImportError: attempted relative import with no known parent package
2026-02-06 02:20:26 +05:00: Traceback (most recent call last):
2026-02-06 02:20:26 +05:00:   File "/mnt/d/Hackathons/hackathon-0/silver/src/watchers/whatsapp_watcher.py", line 16, in <module>
2026-02-06 02:20:26 +05:00:     from .base_watcher import BaseWatcher, TaskCreationError
2026-02-06 02:20:26 +05:00: ImportError: attempted relative import with no known parent package
2026-02-06 02:20:33 +05:00: Traceback (most recent call last):
2026-02-06 02:20:33 +05:00:   File "/mnt/d/Hackathons/hackathon-0/silver/src/watchers/whatsapp_watcher.py", line 16, in <module>
2026-02-06 02:20:33 +05:00:     from .base_watcher import BaseWatcher, TaskCreationError
2026-02-06 02:20:33 +05:00: ImportError: attempted relative import with no known parent package
2026-02-06 02:20:40 +05:00: Traceback (most recent call last):
2026-02-06 02:20:40 +05:00:   File "/mnt/d/Hackathons/hackathon-0/silver/src/watchers/whatsapp_watcher.py", line 16, in <module>
2026-02-06 02:20:40 +05:00:     from .base_watcher import BaseWatcher, TaskCreationError
2026-02-06 02:20:40 +05:00: ImportError: attempted relative import with no known parent package
2026-02-06 02:20:47 +05:00: Traceback (most recent call last):
2026-02-06 02:20:47 +05:00:   File "/mnt/d/Hackathons/hackathon-0/silver/src/watchers/whatsapp_watcher.py", line 16, in <module>
2026-02-06 02:20:47 +05:00:     from .base_watcher import BaseWatcher, TaskCreationError
2026-02-06 02:20:47 +05:00: ImportError: attempted relative import with no known parent package
2026-02-06 02:20:54 +05:00: Traceback (most recent call last):
2026-02-06 02:20:54 +05:00:   File "/mnt/d/Hackathons/hackathon-0/silver/src/watchers/whatsapp_watcher.py", line 16, in <module>
2026-02-06 02:20:54 +05:00:     from .base_watcher import BaseWatcher, TaskCreationError
2026-02-06 02:20:54 +05:00: ImportError: attempted relative import with no known parent package
2026-02-06 02:21:01 +05:00: Traceback (most recent call last):
2026-02-06 02:21:01 +05:00:   File "/mnt/d/Hackathons/hackathon-0/silver/src/watchers/whatsapp_watcher.py", line 16, in <module>
2026-02-06 02:21:01 +05:00:     
2026-02-06 02:21:01 +05:00: from .base_watcher import BaseWatcher, TaskCreationError
2026-02-06 02:21:01 +05:00: ImportError: attempted relative import with no known parent package
2026-02-06 02:21:09 +05:00: Traceback (most recent call last):
2026-02-06 02:21:09 +05:00:   File "/mnt/d/Hackathons/hackathon-0/silver/src/watchers/whatsapp_watcher.py", line 16, in <module>
2026-02-06 02:21:09 +05:00:     from .base_watcher import BaseWatcher, TaskCreationError
2026-02-06 02:21:09 +05:00: ImportError: attempted relative import with no known parent package
2026-02-06 02:21:16 +05:00: Traceback (most recent call last):
2026-02-06 02:21:16 +05:00:   File "/mnt/d/Hackathons/hackathon-0/silver/src/watchers/whatsapp_watcher.py", line 16, in <module>
2026-02-06 02:21:16 +05:00:     from .base_watcher import BaseWatcher, TaskCreationError
2026-02-06 02:21:16 +05:00: ImportError: attempted relative import with no known parent package
2026-02-06 02:21:23 +05:00: Traceback (most recent call last):
2026-02-06 02:21:23 +05:00:   File "/mnt/d/Hackathons/hackathon-0/silver/src/watchers/whatsapp_watcher.py", line 16, in <module>
2026-02-06 02:21:23 +05:00:     from .base_watcher import BaseWatcher, TaskCreationError
2026-02-06 02:21:23 +05:00: ImportError: attempted relative import with no known parent package
2026-02-06 02:21:29 +05:00: Traceback (most recent call last):
2026-02-06 02:21:29 +05:00:   File "/mnt/d/Hackathons/hackathon-0/silver/src/watchers/whatsapp_watcher.py", line 16, in <module>
2026-02-06 02:21:29 +05:00:     from .base_watcher import BaseWatcher, TaskCreationError
2026-02-06 02:21:29 +05:00: ImportError: attempted relative import with no known parent package
2026-02-06 02:21:37 +05:00: Traceback (most recent call last):
2026-02-06 02:21:37 +05:00:   File "/mnt/d/Hackathons/hackathon-0/silver/src/watchers/whatsapp_watcher.py", line 16, in <module>
2026-02-06 02:21:37 +05:00:     from .base_watcher import BaseWatcher, TaskCreationError
2026-02-06 02:21:37 +05:00: ImportError: attempted relative import with no known parent package
2026-02-06 02:21:44 +05:00: Traceback (most recent call last):
2026-02-06 02:21:44 +05:00:   File "/mnt/d/Hackathons/hackathon-0/silver/src/watchers/whatsapp_watcher.py", line 16, in <module>
2026-02-06 02:21:44 +05:00:     from .base_watcher import BaseWatcher, TaskCreationError
2026-02-06 02:21:44 +05:00: ImportError: attempted relative import with no known parent package
2026-02-06 02:21:51 +05:00: Traceback (most recent call last):
2026-02-06 02:21:51 +05:00:   File "/mnt/d/Hackathons/hackathon-0/silver/src/watchers/whatsapp_watcher.py", line 16, in <module>
2026-02-06 02:21:51 +05:00:     from .base_watcher import BaseWatcher, TaskCreationError
2026-02-06 02:21:51 +05:00: ImportError: attempted relative import with no known parent package
2026-02-06 02:21:58 +05:00: Traceback (most recent call last):
2026-02-06 02:21:58 +05:00:   File "/mnt/d/Hackathons/hackathon-0/silver/src/watchers/whatsapp_watcher.py", line 16, in <module>
2026-02-06 02:21:58 +05:00:     from .base_watcher import BaseWatcher, TaskCreationError
2026-02-06 02:21:58 +05:00: ImportError: attempted relative import with no known parent package
2026-02-06 02:22:05 +05:00: Traceback (most recent call last):
2026-02-06 02:22:05 +05:00:   File "/mnt/d/Hackathons/hackathon-0/silver/src/watchers/whatsapp_watcher.py", line 16, in <module>
2026-02-06 02:22:05 +05:00:     from .base_watcher import BaseWatcher, TaskCreationError
2026-02-06 02:22:05 +05:00: ImportError: attempted relative import with no known parent package
2026-02-06 02:22:12 +05:00: Traceback (most recent call last):
2026-02-06 02:22:12 +05:00:   File "/mnt/d/Hackathons/hackathon-0/silver/src/watchers/whatsapp_watcher.py", line 16, in <module>
2026-02-06 02:22:12 +05:00:     from .base_watcher import BaseWatcher, TaskCreationError
2026-02-06 02:22:12 +05:00: ImportError: attempted relative import with no known parent package
2026-02-06 02:22:20 +05:00: Traceback (most recent call last):
2026-02-06 02:22:20 +05:00:   File "/mnt/d/Hackathons/hackathon-0/silver/src/watchers/whatsapp_watcher.py", line 16, in <module>
2026-02-06 02:22:20 +05:00:     from .base_watcher import BaseWatcher, TaskCreationError
2026-02-06 02:22:20 +05:00: ImportError: attempted relative import with no known parent package
2026-02-06 02:22:27 +05:00: Traceback (most recent call last):
2026-02-06 02:22:27 +05:00:   File "/mnt/d/Hackathons/hackathon-0/silver/src/watchers/whatsapp_watcher.py", line 16, in <module>
2026-02-06 02:22:27 +05:00:     from .base_watcher import BaseWatcher, TaskCreationError
2026-02-06 02:22:27 +05:00: ImportError: attempted relative import with no known parent package
2026-02-06 02:22:34 +05:00: Traceback (most recent call last):
2026-02-06 02:22:34 +05:00:   File "/mnt/d/Hackathons/hackathon-0/silver/src/watchers/whatsapp_watcher.py", line 16, in <module>
2026-02-06 02:22:34 +05:00:     from .base_watcher import BaseWatcher, TaskCreationError
2026-02-06 02:22:34 +05:00: ImportError: attempted relative import with no known parent package
2026-02-06 02:22:41 +05:00: Traceback (most recent call last):
2026-02-06 02:22:41 +05:00:   File "/mnt/d/Hackathons/hackathon-0/silver/src/watchers/whatsapp_watcher.py", line 16, in <module>
2026-02-06 02:22:41 +05:00:     from .base_watcher import BaseWatcher, TaskCreationError
2026-02-06 02:22:41 +05:00: ImportError: attempted relative import with no known parent package
2026-02-06 02:22:50 +05:00: Traceback (most recent call last):
2026-02-06 02:22:50 +05:00:   File "/mnt/d/Hackathons/hackathon-0/silver/src/watchers/whatsapp_watcher.py", line 16, in <module>
2026-02-06 02:22:50 +05:00:     from .base_watcher import BaseWatcher, TaskCreationError
2026-02-06 02:22:50 +05:00: ImportError: attempted relative import with no known parent package
2026-02-06 02:22:56 +05:00: Traceback (most recent call last):
2026-02-06 02:22:56 +05:00:   File "/mnt/d/Hackathons/hackathon-0/silver/src/watchers/whatsapp_watcher.py", line 16, in <module>
2026-02-06 02:22:56 +05:00:     from .base_watcher import BaseWatcher, TaskCreationError
2026-02-06 02:22:56 +05:00: ImportError: attempted relative import with no known parent package
2026-02-06 02:23:04 +05:00: Traceback (most recent call last):
2026-02-06 02:23:04 +05:00:   File "/mnt/d/Hackathons/hackathon-0/silver/src/watchers/whatsapp_watcher.py", line 16, in <module>
2026-02-06 02:23:04 +05:00:     from .base_watcher import BaseWatcher, TaskCreationError
2026-02-06 02:23:04 +05:00: ImportError: attempted relative import with no known parent package
2026-02-06 02:23:11 +05:00: Traceback (most recent call last):
2026-02-06 02:23:11 +05:00:   File "/mnt/d/Hackathons/hackathon-0/silver/src/watchers/whatsapp_watcher.py", line 16, in <module>
2026-02-06 02:23:11 +05:00:     from .base_watcher import BaseWatcher, TaskCreationError
2026-02-06 02:23:11 +05:00: ImportError: attempted relative import with no known parent package
2026-02-06 02:23:18 +05:00: Traceback (most recent call last):
2026-02-06 02:23:18 +05:00:   File "/mnt/d/Hackathons/hackathon-0/silver/src/watchers/whatsapp_watcher.py", line 16, in <module>
2026-02-06 02:23:18 +05:00:     from .base_watcher import BaseWatcher, TaskCreationError
2026-02-06 02:23:18 +05:00: ImportError: attempted relative import with no known parent package
2026-02-06 02:23:25 +05:00: Traceback (most recent call last):
2026-02-06 02:23:25 +05:00:   File "/mnt/d/Hackathons/hackathon-0/silver/src/watchers/whatsapp_watcher.py", line 16, in <module>
2026-02-06 02:23:25 +05:00:     from .base_watcher import BaseWatcher, TaskCreationError
2026-02-06 02:23:25 +05:00: ImportError: attempted relative import with no known parent package
2026-02-06 02:23:32 +05:00: Traceback (most recent call last):
2026-02-06 02:23:32 +05:00:   File "/mnt/d/Hackathons/hackathon-0/silver/src/watchers/whatsapp_watcher.py", line 16, in <module>
2026-02-06 02:23:32 +05:00:     from .base_watcher import BaseWatcher, TaskCreationError
2026-02-06 02:23:32 +05:00: ImportError: attempted relative import with no known parent package
2026-02-06 02:23:40 +05:00: Traceback (most recent call last):
2026-02-06 02:23:40 +05:00:   File "/mnt/d/Hackathons/hackathon-0/silver/src/watchers/whatsapp_watcher.py", line 16, in <module>
2026-02-06 02:23:40 +05:00:     from .base_watcher import BaseWatcher, TaskCreationError
2026-02-06 02:23:40 +05:00: ImportError: attempted relative import with no known parent package
2026-02-06 02:23:47 +05:00: Traceback (most recent call last):
2026-02-06 02:23:47 +05:00:   File "/mnt/d/Hackathons/hackathon-0/silver/src/watchers/whatsapp_watcher.py", line 16, in <module>
2026-02-06 02:23:47 +05:00:     from .base_watcher import BaseWatcher, TaskCreationError
2026-02-06 02:23:47 +05:00: ImportError: attempted relative import with no known parent package
2026-02-06 02:23:53 +05:00: Traceback (most recent call last):
2026-02-06 02:23:53 +05:00:   File "/mnt/d/Hackathons/hackathon-0/silver/src/watchers/whatsapp_watcher.py", line 16, in <module>
2026-02-06 02:23:54 +05:00:     from .base_watcher import BaseWatcher, TaskCreationError
2026-02-06 02:23:54 +05:00: ImportError: attempted relative import with no known parent package
2026-02-06 02:24:01 +05:00: Traceback (most recent call last):
2026-02-06 02:24:01 +05:00:   File "/mnt/d/Hackathons/hackathon-0/silver/src/watchers/whatsapp_watcher.py", line 16, in <module>
2026-02-06 02:24:01 +05:00:     from .base_watcher import BaseWatcher, TaskCreationError
2026-02-06 02:24:01 +05:00: 
2026-02-06 02:24:01 +05:00: ImportError: attempted relative import with no known parent package
2026-02-06 02:24:08 +05:00: Traceback (most recent call last):
2026-02-06 02:24:08 +05:00:   File "/mnt/d/Hackathons/hackathon-0/silver/src/watchers/whatsapp_watcher.py", line 16, in <module>
2026-02-06 02:24:08 +05:00:     from .base_watcher import BaseWatcher, TaskCreationError
2026-02-06 02:24:08 +05:00: ImportError: attempted relative import with no known parent package
2026-02-06 02:24:15 +05:00: Traceback (most recent call last):
2026-02-06 02:24:15 +05:00:   File "/mnt/d/Hackathons/hackathon-0/silver/src/watchers/whatsapp_watcher.py", line 16, in <module>
2026-02-06 02:24:15 +05:00:     from .base_watcher import BaseWatcher, TaskCreationError
2026-02-06 02:24:15 +05:00: ImportError: attempted relative import with no known parent package
2026-02-06 02:24:21 +05:00: Traceback (most recent call last):
2026-02-06 02:24:21 +05:00:   File "/mnt/d/Hackathons/hackathon-0/silver/src/watchers/whatsapp_watcher.py", line 16, in <module>
2026-02-06 02:24:21 +05:00:     from .base_watcher import BaseWatcher, TaskCreationError
2026-02-06 02:24:21 +05:00: : attempted relative import with no known parent package
2026-02-06 02:24:29 +05:00: Traceback (most recent call last):
2026-02-06 02:24:29 +05:00:   File "/mnt/d/Hackathons/hackathon-0/silver/src/watchers/whatsapp_watcher.py", line 16, in <module>
2026-02-06 02:24:29 +05:00:     from .base_watcher import BaseWatcher, TaskCreationError
2026-02-06 02:24:29 +05:00: ImportError: attempted relative import with no known parent package
2026-02-06 02:24:36 +05:00: Traceback (most recent call last):
2026-02-06 02:24:36 +05:00:   File "/mnt/d/Hackathons/hackathon-0/silver/src/watchers/whatsapp_watcher.py", line 16, in <module>
2026-02-06 02:24:36 +05:00:     
2026-02-06 02:24:36 +05:00: from .base_watcher import BaseWatcher, TaskCreationError
2026-02-06 02:24:36 +05:00: ImportError: attempted relative import with no known parent package
2026-02-06 02:24:43 +05:00: Traceback (most recent call last):
2026-02-06 02:24:43 +05:00:   File "/mnt/d/Hackathons/hackathon-0/silver/src/watchers/whatsapp_watcher.py", line 16, in <module>
2026-02-06 02:24:43 +05:00:     from .base_watcher import BaseWatcher, TaskCreationError
2026-02-06 02:24:43 +05:00: ImportError: attempted relative import with no known parent package
2026-02-06 02:24:50 +05:00: Traceback (most recent call last):
2026-02-06 02:24:50 +05:00:   File "/mnt/d/Hackathons/hackathon-0/silver/src/watchers/whatsapp_watcher.py", line 16, in <module>
2026-02-06 02:24:50 +05:00:     from .base_watcher import BaseWatcher, TaskCreationError
2026-02-06 02:24:50 +05:00: ImportError: attempted relative import with no known parent package
2026-02-06 02:24:57 +05:00: Traceback (most recent call last):
2026-02-06 02:24:57 +05:00:   File "/mnt/d/Hackathons/hackathon-0/silver/src/watchers/whatsapp_watcher.py", line 16, in <module>
2026-02-06 02:24:57 +05:00:     from .base_watcher import BaseWatcher, TaskCreationError
2026-02-06 02:24:57 +05:00: ImportError: attempted relative import with no known parent package
2026-02-06 02:25:04 +05:00: Traceback (most recent call last):
2026-02-06 02:25:04 +05:00:   File "/mnt/d/Hackathons/hackathon-0/silver/src/watchers/whatsapp_watcher.py", line 16, in <module>
2026-02-06 02:25:04 +05:00:     from .base_watcher import BaseWatcher, TaskCreationError
2026-02-06 02:25:04 +05:00: ImportError: attempted relative import with no known parent package
2026-02-06 02:25:11 +05:00: Traceback (most recent call last):
2026-02-06 02:25:11 +05:00:   File "/mnt/d/Hackathons/hackathon-0/silver/src/watchers/whatsapp_watcher.py", line 16, in <module>
2026-02-06 02:25:11 +05:00:     from .base_watcher import BaseWatcher, TaskCreationError
2026-02-06 02:25:11 +05:00: ImportError: attempted relative import with no known parent package
2026-02-06 02:25:18 +05:00: Traceback (most recent call last):
2026-02-06 02:25:18 +05:00:   File "/mnt/d/Hackathons/hackathon-0/silver/src/watchers/whatsapp_watcher.py", line 16, in <module>
2026-02-06 02:25:18 +05:00:     from .base_watcher import BaseWatcher, TaskCreationError
2026-02-06 02:25:18 +05:00: attempted relative import with no known parent package
2026-02-06 02:25:25 +05:00: Traceback (most recent call last):
2026-02-06 02:25:25 +05:00:   File "/mnt/d/Hackathons/hackathon-0/silver/src/watchers/whatsapp_watcher.py", line 16, in <module>
2026-02-06 02:25:25 +05:00:     from .base_watcher import BaseWatcher, TaskCreationError
2026-02-06 02:25:25 +05:00: ImportError: attempted relative import with no known parent package
2026-02-06 02:25:32 +05:00: Traceback (most recent call last):
2026-02-06 02:25:32 +05:00:   File "/mnt/d/Hackathons/hackathon-0/silver/src/watchers/whatsapp_watcher.py", line 16, in <module>
2026-02-06 02:25:32 +05:00:     from .base_watcher import BaseWatcher, TaskCreationError
2026-02-06 02:25:32 +05:00: ImportError: attempted relative import with no known parent package
2026-02-06 02:25:40 +05:00: Traceback (most recent call last):
2026-02-06 02:25:40 +05:00:   File "/mnt/d/Hackathons/hackathon-0/silver/src/watchers/whatsapp_watcher.py", line 16, in <module>
2026-02-06 02:25:40 +05:00:     from .base_watcher import BaseWatcher, TaskCreationError
2026-02-06 02:25:40 +05:00: ImportError: attempted relative import with no known parent package
2026-02-06 02:25:47 +05:00: Traceback (most recent call last):
2026-02-06 02:25:47 +05:00:   File "/mnt/d/Hackathons/hackathon-0/silver/src/watchers/whatsapp_watcher.py", line 16, in <module>
2026-02-06 02:25:47 +05:00:     from .base_watcher import BaseWatcher, TaskCreationError
2026-02-06 02:25:47 +05:00: ImportError: attempted relative import with no known parent package
2026-02-06 02:25:54 +05:00: Traceback (most recent call last):
2026-02-06 02:25:54 +05:00:   File "/mnt/d/Hackathons/hackathon-0/silver/src/watchers/whatsapp_watcher.py", line 16, in <module>
2026-02-06 02:25:54 +05:00:     from .base_watcher import BaseWatcher, TaskCreationError
2026-02-06 02:25:54 +05:00: 
2026-02-06 02:25:54 +05:00: ImportError: attempted relative import with no known parent package
2026-02-06 02:26:05 +05:00: Traceback (most recent call last):
2026-02-06 02:26:05 +05:00:   File "/mnt/d/Hackathons/hackathon-0/silver/src/watchers/whatsapp_watcher.py", line 16, in <module>
2026-02-06 02:26:05 +05:00:     from .base_watcher import BaseWatcher, TaskCreationError
2026-02-06 02:26:05 +05:00: ImportError: attempted relative import with no known parent package
2026-02-06 02:26:12 +05:00: Traceback (most recent call last):
2026-02-06 02:26:12 +05:00:   File "/mnt/d/Hackathons/hackathon-0/silver/src/watchers/whatsapp_watcher.py", line 16, in <module>
2026-02-06 02:26:12 +05:00:     from .base_watcher import BaseWatcher, TaskCreationError
2026-02-06 02:26:12 +05:00: ImportError: attempted relative import with no known parent package
2026-02-06 02:26:20 +05:00: Traceback (most recent call last):
2026-02-06 02:26:20 +05:00:   File "/mnt/d/Hackathons/hackathon-0/silver/src/watchers/whatsapp_watcher.py", line 16, in <module>
2026-02-06 02:26:20 +05:00:     from .base_watcher import BaseWatcher, TaskCreationError
2026-02-06 02:26:20 +05:00: ImportError: attempted relative import with no known parent package
2026-02-06 02:26:27 +05:00: Traceback (most recent call last):
2026-02-06 02:26:27 +05:00:   File "/mnt/d/Hackathons/hackathon-0/silver/src/watchers/whatsapp_watcher.py", line 16, in <module>
2026-02-06 02:26:27 +05:00:     from .base_watcher import BaseWatcher, TaskCreationError
2026-02-06 02:26:27 +05:00: ImportError: attempted relative import with no known parent package
2026-02-06 02:26:34 +05:00: Traceback (most recent call last):
2026-02-06 02:26:34 +05:00:   File "/mnt/d/Hackathons/hackathon-0/silver/src/watchers/whatsapp_watcher.py", line 16, in <module>
2026-02-06 02:26:34 +05:00:     from .base_watcher import BaseWatcher, TaskCreationError
2026-02-06 02:26:34 +05:00: ImportError: attempted relative import with no known parent package
2026-02-06 02:26:41 +05:00: Traceback (most recent call last):
2026-02-06 02:26:41 +05:00:   File "/mnt/d/Hackathons/hackathon-0/silver/src/watchers/whatsapp_watcher.py", line 16, in <module>
2026-02-06 02:26:41 +05:00:     from .base_watcher import BaseWatcher, TaskCreationError
2026-02-06 02:26:41 +05:00: ImportError: attempted relative import with no known parent package
2026-02-06 02:26:49 +05:00: Traceback (most recent call last):
2026-02-06 02:26:49 +05:00:   File "/mnt/d/Hackathons/hackathon-0/silver/src/watchers/whatsapp_watcher.py", line 16, in <module>
2026-02-06 02:26:49 +05:00:     from .base_watcher import BaseWatcher, TaskCreationError
2026-02-06 02:26:49 +05:00: ImportError: attempted relative import with no known parent package
2026-02-06 02:26:55 +05:00: Traceback (most recent call last):
2026-02-06 02:26:55 +05:00:   File "/mnt/d/Hackathons/hackathon-0/silver/src/watchers/whatsapp_watcher.py", line 16, in <module>
2026-02-06 02:26:55 +05:00:     from .base_watcher import BaseWatcher, TaskCreationError
2026-02-06 02:26:55 +05:00: ImportError: attempted relative import with no known parent package
2026-02-06 02:27:02 +05:00: Traceback (most recent call last):
2026-02-06 02:27:02 +05:00:   File "/mnt/d/Hackathons/hackathon-0/silver/src/watchers/whatsapp_watcher.py", line 16, in <module>
2026-02-06 02:27:02 +05:00:     from .base_watcher import BaseWatcher, TaskCreationError
2026-02-06 02:27:02 +05:00: ImportError: attempted relative import with no known parent package
2026-02-06 02:27:09 +05:00: Traceback (most recent call last):
2026-02-06 02:27:09 +05:00:   File "/mnt/d/Hackathons/hackathon-0/silver/src/watchers/whatsapp_watcher.py", line 16, in <module>
2026-02-06 02:27:09 +05:00:     from .base_watcher import BaseWatcher, TaskCreationError
2026-02-06 02:27:09 +05:00: ImportError: attempted relative import with no known parent package
2026-02-06 02:27:16 +05:00: Traceback (most recent call last):
2026-02-06 02:27:16 +05:00:   File "/mnt/d/Hackathons/hackathon-0/silver/src/watchers/whatsapp_watcher.py", line 16, in <module>
2026-02-06 02:27:16 +05:00:     from .base_watcher import BaseWatcher, TaskCreationError
2026-02-06 02:27:16 +05:00: ImportError: attempted relative import with no known parent package
2026-02-06 02:27:23 +05:00: Traceback (most recent call last):
2026-02-06 02:27:23 +05:00:   File "/mnt/d/Hackathons/hackathon-0/silver/src/watchers/whatsapp_watcher.py", line 16, in <module>
2026-02-06 02:27:23 +05:00:     from .base_watcher import BaseWatcher, TaskCreationError
2026-02-06 02:27:23 +05:00: ImportError: attempted relative import with no known parent package
2026-02-06 02:27:30 +05:00: Traceback (most recent call last):
2026-02-06 02:27:30 +05:00:   File "/mnt/d/Hackathons/hackathon-0/silver/src/watchers/whatsapp_watcher.py", line 16, in <module>
2026-02-06 02:27:30 +05:00:     from .base_watcher import BaseWatcher, TaskCreationError
2026-02-06 02:27:30 +05:00: ImportError: attempted relative import with no known parent package
2026-02-06 02:27:37 +05:00: Traceback (most recent call last):
2026-02-06 02:27:37 +05:00:   File "/mnt/d/Hackathons/hackathon-0/silver/src/watchers/whatsapp_watcher.py", line 16, in <module>
2026-02-06 02:27:37 +05:00:     from .base_watcher import BaseWatcher, TaskCreationError
2026-02-06 02:27:37 +05:00: ImportError: attempted relative import with no known parent package
2026-02-06 02:27:44 +05:00: Traceback (most recent call last):
2026-02-06 02:27:44 +05:00:   File "/mnt/d/Hackathons/hackathon-0/silver/src/watchers/whatsapp_watcher.py", line 16, in <module>
2026-02-06 02:27:44 +05:00:     from .base_watcher import BaseWatcher, TaskCreationError
2026-02-06 02:27:44 +05:00: ImportError: attempted relative import with no known parent package
2026-02-06 02:27:52 +05:00: Traceback (most recent call last):
2026-02-06 02:27:52 +05:00:   File "/mnt/d/Hackathons/hackathon-0/silver/src/watchers/whatsapp_watcher.py", line 16, in <module>
2026-02-06 02:27:52 +05:00:     from .base_watcher import BaseWatcher, TaskCreationError
2026-02-06 02:27:52 +05:00: ImportError: attempted relative import with no known parent package
2026-02-06 02:28:00 +05:00: Traceback (most recent call last):
2026-02-06 02:28:00 +05:00:   File "/mnt/d/Hackathons/hackathon-0/silver/src/watchers/whatsapp_watcher.py", line 16, in <module>
2026-02-06 02:28:00 +05:00:     from .base_watcher import BaseWatcher, TaskCreationError
2026-02-06 02:28:00 +05:00: ImportError: attempted relative import with no known parent package
2026-02-06 02:28:07 +05:00: Traceback (most recent call last):
2026-02-06 02:28:07 +05:00:   File "/mnt/d/Hackathons/hackathon-0/silver/src/watchers/whatsapp_watcher.py", line 16, in <module>
2026-02-06 02:28:07 +05:00:     from .base_watcher import BaseWatcher, TaskCreationError
2026-02-06 02:28:07 +05:00: ImportError: attempted relative import with no known parent package
2026-02-06 02:28:14 +05:00: Traceback (most recent call last):
2026-02-06 02:28:14 +05:00:   File "/mnt/d/Hackathons/hackathon-0/silver/src/watchers/whatsapp_watcher.py", line 16, in <module>
2026-02-06 02:28:14 +05:00:     from .base_watcher import BaseWatcher, TaskCreationError
2026-02-06 02:28:14 +05:00: ImportError: attempted relative import with no known parent package
2026-02-06 02:28:21 +05:00: Traceback (most recent call last):
2026-02-06 02:28:21 +05:00:   File "/mnt/d/Hackathons/hackathon-0/silver/src/watchers/whatsapp_watcher.py", line 16, in <module>
2026-02-06 02:28:21 +05:00:     from .base_watcher import BaseWatcher, TaskCreationError
2026-02-06 02:28:21 +05:00: ImportError: attempted relative import with no known parent package
2026-02-06 02:28:28 +05:00: Traceback (most recent call last):
2026-02-06 02:28:28 +05:00:   File "/mnt/d/Hackathons/hackathon-0/silver/src/watchers/whatsapp_watcher.py", line 16, in <module>
2026-02-06 02:28:28 +05:00:     from .base_watcher import BaseWatcher, TaskCreationError
2026-02-06 02:28:28 +05:00: ImportError: attempted relative import with no known parent package
2026-02-06 02:28:35 +05:00: Traceback (most recent call last):
2026-02-06 02:28:35 +05:00:   File "/mnt/d/Hackathons/hackathon-0/silver/src/watchers/whatsapp_watcher.py", line 16, in <module>
2026-02-06 02:28:35 +05:00:     from .base_watcher import BaseWatcher, TaskCreationError
2026-02-06 02:28:35 +05:00: ImportError: attempted relative import with no known parent package
2026-02-06 02:28:42 +05:00: Traceback (most recent call last):
2026-02-06 02:28:42 +05:00:   File "/mnt/d/Hackathons/hackathon-0/silver/src/watchers/whatsapp_watcher.py", line 16, in <module>
2026-02-06 02:28:42 +05:00:     from .base_watcher import BaseWatcher, TaskCreationError
2026-02-06 02:28:42 +05:00: ImportError: attempted relative import with no known parent package
2026-02-06 02:28:49 +05:00: Traceback (most recent call last):
2026-02-06 02:28:49 +05:00:   File "/mnt/d/Hackathons/hackathon-0/silver/src/watchers/whatsapp_watcher.py", line 16, in <module>
2026-02-06 02:28:49 +05:00:     from .base_watcher import BaseWatcher, TaskCreationError
2026-02-06 02:28:49 +05:00: ImportError: attempted relative import with no known parent package
2026-02-06 02:28:57 +05:00: Traceback (most recent call last):
2026-02-06 02:28:57 +05:00:   File "/mnt/d/Hackathons/hackathon-0/silver/src/watchers/whatsapp_watcher.py", line 16, in <module>
2026-02-06 02:28:57 +05:00:     from .base_watcher import BaseWatcher, TaskCreationError
2026-02-06 02:28:57 +05:00: ImportError: attempted relative import with no known parent package
2026-02-06 02:29:05 +05:00: Traceback (most recent call last):
2026-02-06 02:29:05 +05:00:   File "/mnt/d/Hackathons/hackathon-0/silver/src/watchers/whatsapp_watcher.py", line 16, in <module>
2026-02-06 02:29:05 +05:00:     from .base_watcher import BaseWatcher, TaskCreationError
2026-02-06 02:29:05 +05:00: ImportError: attempted relative import with no known parent package
2026-02-06 02:29:12 +05:00: Traceback (most recent call last):
2026-02-06 02:29:12 +05:00:   File "/mnt/d/Hackathons/hackathon-0/silver/src/watchers/whatsapp_watcher.py", line 16, in <module>
2026-02-06 02:29:12 +05:00:     from .base_watcher import BaseWatcher, TaskCreationError
2026-02-06 02:29:12 +05:00: ImportError: attempted relative import with no known parent package
2026-02-06 02:29:19 +05:00: Traceback (most recent call last):
2026-02-06 02:29:19 +05:00:   File "/mnt/d/Hackathons/hackathon-0/silver/src/watchers/whatsapp_watcher.py", line 16, in <module>
2026-02-06 02:29:19 +05:00:     from .base_watcher import BaseWatcher, TaskCreationError
2026-02-06 02:29:19 +05:00: ImportError: attempted relative import with no known parent package
2026-02-06 02:29:27 +05:00: Traceback (most recent call last):
2026-02-06 02:29:27 +05:00:   File "/mnt/d/Hackathons/hackathon-0/silver/src/watchers/whatsapp_watcher.py", line 16, in <module>
2026-02-06 02:29:27 +05:00:     from .base_watcher import BaseWatcher, TaskCreationError
2026-02-06 02:29:27 +05:00: ImportError: attempted relative import with no known parent package
2026-02-06 02:29:34 +05:00: Traceback (most recent call last):
2026-02-06 02:29:34 +05:00:   File "/mnt/d/Hackathons/hackathon-0/silver/src/watchers/whatsapp_watcher.py", line 16, in <module>
2026-02-06 02:29:34 +05:00:     from .base_watcher import BaseWatcher, TaskCreationError
2026-02-06 02:29:34 +05:00: ImportError: attempted relative import with no known parent package
2026-02-06 02:29:42 +05:00: Traceback (most recent call last):
2026-02-06 02:29:42 +05:00:   File "/mnt/d/Hackathons/hackathon-0/silver/src/watchers/whatsapp_watcher.py", line 16, in <module>
2026-02-06 02:29:42 +05:00:     from .base_watcher import BaseWatcher, TaskCreationError
2026-02-06 02:29:42 +05:00: ImportError: attempted relative import with no known parent package
2026-02-06 02:29:51 +05:00: Traceback (most recent call last):
2026-02-06 02:29:51 +05:00:   File "/mnt/d/Hackathons/hackathon-0/silver/src/watchers/whatsapp_watcher.py", line 16, in <module>
2026-02-06 02:29:51 +05:00:     from .base_watcher import BaseWatcher, TaskCreationError
2026-02-06 02:29:51 +05:00: ImportError: attempted relative import with no known parent package
2026-02-06 02:29:58 +05:00: Traceback (most recent call last):
2026-02-06 02:29:58 +05:00:   File "/mnt/d/Hackathons/hackathon-0/silver/src/watchers/whatsapp_watcher.py", line 16, in <module>
2026-02-06 02:29:58 +05:00:     from .base_watcher import BaseWatcher, TaskCreationError
2026-02-06 02:29:58 +05:00: ImportError: attempted relative import with no known parent package
2026-02-06 02:30:06 +05:00: Traceback (most recent call last):
2026-02-06 02:30:06 +05:00:   File "/mnt/d/Hackathons/hackathon-0/silver/src/watchers/whatsapp_watcher.py", line 16, in <module>
2026-02-06 02:30:06 +05:00:     from .base_watcher import BaseWatcher, TaskCreationError
2026-02-06 02:30:06 +05:00: ImportError: attempted relative import with no known parent package
2026-02-06 02:30:13 +05:00: Traceback (most recent call last):
2026-02-06 02:30:13 +05:00:   File "/mnt/d/Hackathons/hackathon-0/silver/src/watchers/whatsapp_watcher.py", line 16, in <module>
2026-02-06 02:30:13 +05:00:     from .base_watcher import BaseWatcher, TaskCreationError
2026-02-06 02:30:13 +05:00: ImportError: attempted relative import with no known parent package
2026-02-06 02:30:21 +05:00: Traceback (most recent call last):
2026-02-06 02:30:21 +05:00:   File "/mnt/d/Hackathons/hackathon-0/silver/src/watchers/whatsapp_watcher.py", line 16, in <module>
2026-02-06 02:30:21 +05:00:     from .base_watcher import BaseWatcher, TaskCreationError
2026-02-06 02:30:21 +05:00: ImportError: attempted relative import with no known parent package
2026-02-06 02:30:28 +05:00: Traceback (most recent call last):
2026-02-06 02:30:28 +05:00:   File "/mnt/d/Hackathons/hackathon-0/silver/src/watchers/whatsapp_watcher.py", line 16, in <module>
2026-02-06 02:30:28 +05:00:     from .base_watcher import BaseWatcher, TaskCreationError
2026-02-06 02:30:28 +05:00: ImportError: attempted relative import with no known parent package
2026-02-06 02:30:34 +05:00: Traceback (most recent call last):
2026-02-06 02:30:34 +05:00:   File "/mnt/d/Hackathons/hackathon-0/silver/src/watchers/whatsapp_watcher.py", line 16, in <module>
2026-02-06 02:30:34 +05:00:     from .base_watcher import BaseWatcher, TaskCreationError
2026-02-06 02:30:34 +05:00: : attempted relative import with no known parent package
2026-02-06 02:30:41 +05:00: Traceback (most recent call last):
2026-02-06 02:30:41 +05:00:   File "/mnt/d/Hackathons/hackathon-0/silver/src/watchers/whatsapp_watcher.py", line 16, in <module>
2026-02-06 02:30:41 +05:00:     from .base_watcher import BaseWatcher, TaskCreationError
2026-02-06 02:30:41 +05:00: ImportError: attempted relative import with no known parent package
2026-02-06 02:30:48 +05:00: Traceback (most recent call last):
2026-02-06 02:30:48 +05:00:   File "/mnt/d/Hackathons/hackathon-0/silver/src/watchers/whatsapp_watcher.py", line 16, in <module>
2026-02-06 02:30:48 +05:00:     from .base_watcher import BaseWatcher, TaskCreationError
2026-02-06 02:30:48 +05:00: ImportError: attempted relative import with no known parent package
2026-02-06 02:30:55 +05:00: Traceback (most recent call last):
2026-02-06 02:30:55 +05:00:   File "/mnt/d/Hackathons/hackathon-0/silver/src/watchers/whatsapp_watcher.py", line 16, in <module>
2026-02-06 02:30:55 +05:00:     from .base_watcher import BaseWatcher, TaskCreationError
2026-02-06 02:30:55 +05:00: 
2026-02-06 02:31:02 +05:00: Traceback (most recent call last):
2026-02-06 02:31:02 +05:00:   File "/mnt/d/Hackathons/hackathon-0/silver/src/watchers/whatsapp_watcher.py", line 16, in <module>
2026-02-06 02:31:02 +05:00:     from .base_watcher import BaseWatcher, TaskCreationError
2026-02-06 02:31:02 +05:00: ImportError: attempted relative import with no known parent package
2026-02-06 02:31:09 +05:00: Traceback (most recent call last):
2026-02-06 02:31:09 +05:00:   File "/mnt/d/Hackathons/hackathon-0/silver/src/watchers/whatsapp_watcher.py", line 16, in <module>
2026-02-06 02:31:09 +05:00:     from .base_watcher import BaseWatcher, TaskCreationError
2026-02-06 02:31:09 +05:00: ImportError: attempted relative import with no known parent package
2026-02-06 02:31:17 +05:00: Traceback (most recent call last):
2026-02-06 02:31:17 +05:00:   File "/mnt/d/Hackathons/hackathon-0/silver/src/watchers/whatsapp_watcher.py", line 16, in <module>
2026-02-06 02:31:17 +05:00:     from .base_watcher import BaseWatcher, TaskCreationError
2026-02-06 02:31:17 +05:00: ImportError: attempted relative import with no known parent package
2026-02-06 02:31:24 +05:00: Traceback (most recent call last):
2026-02-06 02:31:24 +05:00:   File "/mnt/d/Hackathons/hackathon-0/silver/src/watchers/whatsapp_watcher.py", line 16, in <module>
2026-02-06 02:31:24 +05:00:     from .base_watcher import BaseWatcher, TaskCreationError
2026-02-06 02:31:24 +05:00: ImportError: attempted relative import with no known parent package
2026-02-06 02:31:30 +05:00: Traceback (most recent call last):
2026-02-06 02:31:30 +05:00:   File "/mnt/d/Hackathons/hackathon-0/silver/src/watchers/whatsapp_watcher.py", line 16, in <module>
2026-02-06 02:31:30 +05:00:     from .base_watcher import BaseWatcher, TaskCreationError
2026-02-06 02:31:30 +05:00: ImportError: attempted relative import with no known parent package
2026-02-06 02:31:38 +05:00: Traceback (most recent call last):
2026-02-06 02:31:38 +05:00:   File "/mnt/d/Hackathons/hackathon-0/silver/src/watchers/whatsapp_watcher.py", line 16, in <module>
2026-02-06 02:31:38 +05:00:     from .base_watcher import BaseWatcher, TaskCreationError
2026-02-06 02:31:38 +05:00: ImportError: attempted relative import with no known parent package
2026-02-06 02:31:44 +05:00: Traceback (most recent call last):
2026-02-06 02:31:44 +05:00:   File "/mnt/d/Hackathons/hackathon-0/silver/src/watchers/whatsapp_watcher.py", line 16, in <module>
2026-02-06 02:31:44 +05:00:     from .base_watcher import BaseWatcher, TaskCreationError
2026-02-06 02:31:44 +05:00: ImportError: attempted relative import with no known parent package
2026-02-06 02:31:51 +05:00: Traceback (most recent call last):
2026-02-06 02:31:51 +05:00:   File "/mnt/d/Hackathons/hackathon-0/silver/src/watchers/whatsapp_watcher.py", line 16, in <module>
2026-02-06 02:31:51 +05:00:     from .base_watcher import BaseWatcher, TaskCreationError
2026-02-06 02:31:51 +05:00: ImportError: attempted relative import with no known parent package
2026-02-06 02:31:58 +05:00: Traceback (most recent call last):
2026-02-06 02:31:58 +05:00:   File "/mnt/d/Hackathons/hackathon-0/silver/src/watchers/whatsapp_watcher.py", line 16, in <module>
2026-02-06 02:31:58 +05:00:     from .base_watcher import BaseWatcher, TaskCreationError
2026-02-06 02:31:58 +05:00: ImportError: attempted relative import with no known parent package
2026-02-06 02:32:05 +05:00: Traceback (most recent call last):
2026-02-06 02:32:05 +05:00:   File "/mnt/d/Hackathons/hackathon-0/silver/src/watchers/whatsapp_watcher.py", line 16, in <module>
2026-02-06 02:32:05 +05:00:     from .base_watcher import BaseWatcher, TaskCreationError
2026-02-06 02:32:05 +05:00: ImportError: attempted relative import with no known parent package
2026-02-06 02:32:12 +05:00: Traceback (most recent call last):
2026-02-06 02:32:12 +05:00:   File "/mnt/d/Hackathons/hackathon-0/silver/src/watchers/whatsapp_watcher.py", line 16, in <module>
2026-02-06 02:32:12 +05:00:     from .base_watcher import BaseWatcher, TaskCreationError
2026-02-06 02:32:12 +05:00: ImportError: attempted relative import with no known parent package
2026-02-06 02:32:19 +05:00: Traceback (most recent call last):
2026-02-06 02:32:19 +05:00:   File "/mnt/d/Hackathons/hackathon-0/silver/src/watchers/whatsapp_watcher.py", line 16, in <module>
2026-02-06 02:32:19 +05:00:     from .base_watcher import BaseWatcher, TaskCreationError
2026-02-06 02:32:19 +05:00: ImportError: attempted relative import with no known parent package
2026-02-06 02:32:27 +05:00: Traceback (most recent call last):
2026-02-06 02:32:27 +05:00:   File "/mnt/d/Hackathons/hackathon-0/silver/src/watchers/whatsapp_watcher.py", line 16, in <module>
2026-02-06 02:32:27 +05:00:     from .base_watcher import BaseWatcher, TaskCreationError
2026-02-06 02:32:27 +05:00: ImportError: attempted relative import with no known parent package
2026-02-06 02:32:34 +05:00: Traceback (most recent call last):
2026-02-06 02:32:34 +05:00:   File "/mnt/d/Hackathons/hackathon-0/silver/src/watchers/whatsapp_watcher.py", line 16, in <module>
2026-02-06 02:32:34 +05:00:     from .base_watcher import BaseWatcher, TaskCreationError
2026-02-06 02:32:34 +05:00: ImportError: attempted relative import with no known parent package
2026-02-06 02:32:41 +05:00: Traceback (most recent call last):
2026-02-06 02:32:41 +05:00:   File "/mnt/d/Hackathons/hackathon-0/silver/src/watchers/whatsapp_watcher.py", line 16, in <module>
2026-02-06 02:32:41 +05:00:     from .base_watcher import BaseWatcher, TaskCreationError
2026-02-06 02:32:41 +05:00: ImportError: attempted relative import with no known parent package
2026-02-06 02:32:48 +05:00: Traceback (most recent call last):
2026-02-06 02:32:48 +05:00:   File "/mnt/d/Hackathons/hackathon-0/silver/src/watchers/whatsapp_watcher.py", line 16, in <module>
2026-02-06 02:32:48 +05:00:     from .base_watcher import BaseWatcher, TaskCreationError
2026-02-06 02:32:48 +05:00: ImportError: attempted relative import with no known parent package
2026-02-06 02:32:56 +05:00: Traceback (most recent call last):
2026-02-06 02:32:56 +05:00:   File "/mnt/d/Hackathons/hackathon-0/silver/src/watchers/whatsapp_watcher.py", line 16, in <module>
2026-02-06 02:32:56 +05:00:     from .base_watcher import BaseWatcher, TaskCreationError
2026-02-06 02:32:56 +05:00: ImportError: attempted relative import with no known parent package
2026-02-06 02:33:03 +05:00: Traceback (most recent call last):
2026-02-06 02:33:03 +05:00:   File "/mnt/d/Hackathons/hackathon-0/silver/src/watchers/whatsapp_watcher.py", line 16, in <module>
2026-02-06 02:33:03 +05:00:     from .base_watcher import BaseWatcher, TaskCreationError
2026-02-06 02:33:03 +05:00: ImportError: attempted relative import with no known parent package
2026-02-06 02:33:10 +05:00: Traceback (most recent call last):
2026-02-06 02:33:10 +05:00:   File "/mnt/d/Hackathons/hackathon-0/silver/src/watchers/whatsapp_watcher.py", line 16, in <module>
2026-02-06 02:33:10 +05:00:     
2026-02-06 02:33:10 +05:00: from .base_watcher import BaseWatcher, TaskCreationError
2026-02-06 02:33:10 +05:00: : attempted relative import with no known parent package
2026-02-06 02:33:17 +05:00: Traceback (most recent call last):
2026-02-06 02:33:17 +05:00:   File "/mnt/d/Hackathons/hackathon-0/silver/src/watchers/whatsapp_watcher.py", line 16, in <module>
2026-02-06 02:33:17 +05:00:     from .base_watcher import BaseWatcher, TaskCreationError
2026-02-06 02:33:17 +05:00: ImportError: attempted relative import with no known parent package
2026-02-06 02:33:24 +05:00: Traceback (most recent call last):
2026-02-06 02:33:24 +05:00:   File "/mnt/d/Hackathons/hackathon-0/silver/src/watchers/whatsapp_watcher.py", line 16, in <module>
2026-02-06 02:33:24 +05:00:     from .base_watcher import BaseWatcher, TaskCreationError
2026-02-06 02:33:24 +05:00: ImportError: attempted relative import with no known parent package
2026-02-06 02:33:31 +05:00: Traceback (most recent call last):
2026-02-06 02:33:31 +05:00:   File "/mnt/d/Hackathons/hackathon-0/silver/src/watchers/whatsapp_watcher.py", line 16, in <module>
2026-02-06 02:33:31 +05:00:     from .base_watcher import BaseWatcher, TaskCreationError
2026-02-06 02:33:31 +05:00: ImportError: attempted relative import with no known parent package
2026-02-06 02:33:41 +05:00: Traceback (most recent call last):
2026-02-06 02:33:41 +05:00:   File "/mnt/d/Hackathons/hackathon-0/silver/src/watchers/whatsapp_watcher.py", line 16, in <module>
2026-02-06 02:33:41 +05:00:     from .base_watcher import BaseWatcher, TaskCreationError
2026-02-06 02:33:41 +05:00: ImportError: attempted relative import with no known parent package
2026-02-06 02:33:47 +05:00: Traceback (most recent call last):
2026-02-06 02:33:47 +05:00:   File "/mnt/d/Hackathons/hackathon-0/silver/src/watchers/whatsapp_watcher.py", line 16, in <module>
2026-02-06 02:33:47 +05:00:     from .base_watcher import BaseWatcher, TaskCreationError
2026-02-06 02:33:47 +05:00: ImportError: attempted relative import with no known parent package
2026-02-06 02:33:54 +05:00: Traceback (most recent call last):
2026-02-06 02:33:54 +05:00:   File "/mnt/d/Hackathons/hackathon-0/silver/src/watchers/whatsapp_watcher.py", line 16, in <module>
2026-02-06 02:33:54 +05:00:     from .base_watcher import BaseWatcher, TaskCreationError
2026-02-06 02:33:54 +05:00: ImportError: attempted relative import with no known parent package
2026-02-06 02:34:01 +05:00: Traceback (most recent call last):
2026-02-06 02:34:01 +05:00:   File "/mnt/d/Hackathons/hackathon-0/silver/src/watchers/whatsapp_watcher.py", line 16, in <module>
2026-02-06 02:34:01 +05:00:     from .base_watcher import BaseWatcher, TaskCreationError
2026-02-06 02:34:01 +05:00: ImportError: attempted relative import with no known parent package
2026-02-06 02:34:08 +05:00: Traceback (most recent call last):
2026-02-06 02:34:08 +05:00:   File "/mnt/d/Hackathons/hackathon-0/silver/src/watchers/whatsapp_watcher.py", line 16, in <module>
2026-02-06 02:34:08 +05:00:     from .base_watcher import BaseWatcher, TaskCreationError
2026-02-06 02:34:08 +05:00: ImportError: attempted relative import with no known parent package
2026-02-06 02:34:15 +05:00: Traceback (most recent call last):
2026-02-06 02:34:15 +05:00:   File "/mnt/d/Hackathons/hackathon-0/silver/src/watchers/whatsapp_watcher.py", line 16, in <module>
2026-02-06 02:34:15 +05:00:     from .base_watcher import BaseWatcher, TaskCreationError
2026-02-06 02:34:15 +05:00: ImportError: attempted relative import with no known parent package
2026-02-06 02:34:23 +05:00: Traceback (most recent call last):
2026-02-06 02:34:23 +05:00:   File "/mnt/d/Hackathons/hackathon-0/silver/src/watchers/whatsapp_watcher.py", line 16, in <module>
2026-02-06 02:34:23 +05:00:     from .base_watcher import BaseWatcher, TaskCreationError
2026-02-06 02:34:23 +05:00: ImportError: attempted relative import with no known parent package
2026-02-06 02:34:29 +05:00: Traceback (most recent call last):
2026-02-06 02:34:29 +05:00:   File "/mnt/d/Hackathons/hackathon-0/silver/src/watchers/whatsapp_watcher.py", line 16, in <module>
2026-02-06 02:34:29 +05:00:     from .base_watcher import BaseWatcher, TaskCreationError
2026-02-06 02:34:29 +05:00: ImportError: attempted relative import with no known parent package
2026-02-06 02:34:36 +05:00: Traceback (most recent call last):
2026-02-06 02:34:36 +05:00:   File "/mnt/d/Hackathons/hackathon-0/silver/src/watchers/whatsapp_watcher.py", line 16, in <module>
2026-02-06 02:34:36 +05:00:     from .base_watcher import BaseWatcher, TaskCreationError
2026-02-06 02:34:36 +05:00: ImportError: attempted relative import with no known parent package
2026-02-06 02:34:44 +05:00: Traceback (most recent call last):
2026-02-06 02:34:44 +05:00:   File "/mnt/d/Hackathons/hackathon-0/silver/src/watchers/whatsapp_watcher.py", line 16, in <module>
2026-02-06 02:34:44 +05:00:     from .base_watcher import BaseWatcher, TaskCreationError
2026-02-06 02:34:44 +05:00: ImportError: attempted relative import with no known parent package
2026-02-06 02:34:51 +05:00: Traceback (most recent call last):
2026-02-06 02:34:51 +05:00:   File "/mnt/d/Hackathons/hackathon-0/silver/src/watchers/whatsapp_watcher.py", line 16, in <module>
2026-02-06 02:34:51 +05:00:     from .base_watcher import BaseWatcher, TaskCreationError
2026-02-06 02:34:51 +05:00: ImportError: attempted relative import with no known parent package
2026-02-06 02:34:58 +05:00: Traceback (most recent call last):
2026-02-06 02:34:58 +05:00:   File "/mnt/d/Hackathons/hackathon-0/silver/src/watchers/whatsapp_watcher.py", line 16, in <module>
2026-02-06 02:34:58 +05:00:     from .base_watcher import BaseWatcher, TaskCreationError
2026-02-06 02:34:58 +05:00: ImportError: attempted relative import with no known parent package
2026-02-06 02:35:05 +05:00: Traceback (most recent call last):
2026-02-06 02:35:05 +05:00:   File "/mnt/d/Hackathons/hackathon-0/silver/src/watchers/whatsapp_watcher.py", line 16, in <module>
2026-02-06 02:35:05 +05:00:     from .base_watcher import BaseWatcher, TaskCreationError
2026-02-06 02:35:05 +05:00: ImportError: attempted relative import with no known parent package
2026-02-06 02:35:13 +05:00: Traceback (most recent call last):
2026-02-06 02:35:13 +05:00:   File "/mnt/d/Hackathons/hackathon-0/silver/src/watchers/whatsapp_watcher.py", line 16, in <module>
2026-02-06 02:35:13 +05:00:     from .base_watcher import BaseWatcher, TaskCreationError
2026-02-06 02:35:13 +05:00: ImportError: attempted relative import with no known parent package
2026-02-06 02:35:20 +05:00: Traceback (most recent call last):
2026-02-06 02:35:20 +05:00:   File "/mnt/d/Hackathons/hackathon-0/silver/src/watchers/whatsapp_watcher.py", line 16, in <module>
2026-02-06 02:35:20 +05:00:     from .base_watcher import BaseWatcher, TaskCreationError
2026-02-06 02:35:20 +05:00: : attempted relative import with no known parent package
2026-02-06 02:35:27 +05:00: Traceback (most recent call last):
2026-02-06 02:35:27 +05:00:   File "/mnt/d/Hackathons/hackathon-0/silver/src/watchers/whatsapp_watcher.py", line 16, in <module>
2026-02-06 02:35:27 +05:00:     from .base_watcher import BaseWatcher, TaskCreationError
2026-02-06 02:35:27 +05:00: ImportError: attempted relative import with no known parent package
2026-02-06 02:35:35 +05:00: Traceback (most recent call last):
2026-02-06 02:35:35 +05:00:   File "/mnt/d/Hackathons/hackathon-0/silver/src/watchers/whatsapp_watcher.py", line 16, in <module>
2026-02-06 02:35:35 +05:00:     from .base_watcher import BaseWatcher, TaskCreationError
2026-02-06 02:35:35 +05:00: ImportError: attempted relative import with no known parent package
2026-02-06 02:35:42 +05:00: Traceback (most recent call last):
2026-02-06 02:35:42 +05:00:   File "/mnt/d/Hackathons/hackathon-0/silver/src/watchers/whatsapp_watcher.py", line 16, in <module>
2026-02-06 02:35:42 +05:00:     from .base_watcher import BaseWatcher, TaskCreationError
2026-02-06 02:35:42 +05:00: ImportError: attempted relative import with no known parent package
2026-02-06 02:35:49 +05:00: Traceback (most recent call last):
2026-02-06 02:35:49 +05:00:   File "/mnt/d/Hackathons/hackathon-0/silver/src/watchers/whatsapp_watcher.py", line 16, in <module>
2026-02-06 02:35:49 +05:00:     from .base_watcher import BaseWatcher, TaskCreationError
2026-02-06 02:35:49 +05:00: ImportError: attempted relative import with no known parent package
2026-02-06 02:35:57 +05:00: Traceback (most recent call last):
2026-02-06 02:35:57 +05:00:   File "/mnt/d/Hackathons/hackathon-0/silver/src/watchers/whatsapp_watcher.py", line 16, in <module>
2026-02-06 02:35:57 +05:00:     from .base_watcher import BaseWatcher, TaskCreationError
2026-02-06 02:35:57 +05:00: ImportError: attempted relative import with no known parent package
2026-02-06 02:36:04 +05:00: Traceback (most recent call last):
2026-02-06 02:36:04 +05:00:   File "/mnt/d/Hackathons/hackathon-0/silver/src/watchers/whatsapp_watcher.py", line 16, in <module>
2026-02-06 02:36:04 +05:00:     from .base_watcher import BaseWatcher, TaskCreationError
2026-02-06 02:36:04 +05:00: ImportError: attempted relative import with no known parent package
2026-02-06 02:36:11 +05:00: Traceback (most recent call last):
2026-02-06 02:36:11 +05:00:   File "/mnt/d/Hackathons/hackathon-0/silver/src/watchers/whatsapp_watcher.py", line 16, in <module>
2026-02-06 02:36:11 +05:00:     from .base_watcher import BaseWatcher, TaskCreationError
2026-02-06 02:36:11 +05:00: ImportError: attempted relative import with no known parent package
2026-02-06 02:36:18 +05:00: Traceback (most recent call last):
2026-02-06 02:36:18 +05:00:   File "/mnt/d/Hackathons/hackathon-0/silver/src/watchers/whatsapp_watcher.py", line 16, in <module>
2026-02-06 02:36:18 +05:00:     from .base_watcher import BaseWatcher, TaskCreationError
2026-02-06 02:36:18 +05:00: ImportError: attempted relative import with no known parent package
2026-02-06 02:36:25 +05:00: Traceback (most recent call last):
2026-02-06 02:36:25 +05:00:   File "/mnt/d/Hackathons/hackathon-0/silver/src/watchers/whatsapp_watcher.py", line 16, in <module>
2026-02-06 02:36:25 +05:00:     from .base_watcher import BaseWatcher, TaskCreationError
2026-02-06 02:36:25 +05:00: ImportError: attempted relative import with no known parent package
2026-02-06 02:36:32 +05:00: Traceback (most recent call last):
2026-02-06 02:36:32 +05:00:   File "/mnt/d/Hackathons/hackathon-0/silver/src/watchers/whatsapp_watcher.py", line 16, in <module>
2026-02-06 02:36:32 +05:00:     from .base_watcher import BaseWatcher, TaskCreationError
2026-02-06 02:36:32 +05:00: ImportError: attempted relative import with no known parent package
2026-02-06 02:36:39 +05:00: Traceback (most recent call last):
2026-02-06 02:36:39 +05:00:   File "/mnt/d/Hackathons/hackathon-0/silver/src/watchers/whatsapp_watcher.py", line 16, in <module>
2026-02-06 02:36:39 +05:00:     from .base_watcher import BaseWatcher, TaskCreationError
2026-02-06 02:36:39 +05:00: ImportError: attempted relative import with no known parent package
2026-02-06 02:36:46 +05:00: Traceback (most recent call last):
2026-02-06 02:36:46 +05:00:   File "/mnt/d/Hackathons/hackathon-0/silver/src/watchers/whatsapp_watcher.py", line 16, in <module>
2026-02-06 02:36:46 +05:00:     from .base_watcher import BaseWatcher, TaskCreationError
2026-02-06 02:36:46 +05:00: ImportError: attempted relative import with no known parent package
2026-02-06 02:36:53 +05:00: Traceback (most recent call last):
2026-02-06 02:36:53 +05:00:   File "/mnt/d/Hackathons/hackathon-0/silver/src/watchers/whatsapp_watcher.py", line 16, in <module>
2026-02-06 02:36:53 +05:00:     from .base_watcher import BaseWatcher, TaskCreationError
2026-02-06 02:36:53 +05:00: ImportError: attempted relative import with no known parent package
2026-02-06 02:37:02 +05:00: Traceback (most recent call last):
2026-02-06 02:37:02 +05:00:   File "/mnt/d/Hackathons/hackathon-0/silver/src/watchers/whatsapp_watcher.py", line 16, in <module>
2026-02-06 02:37:02 +05:00:     from .base_watcher import BaseWatcher, TaskCreationError
2026-02-06 02:37:02 +05:00: ImportError: attempted relative import with no known parent package
2026-02-06 02:37:08 +05:00: Traceback (most recent call last):
2026-02-06 02:37:08 +05:00:   File "/mnt/d/Hackathons/hackathon-0/silver/src/watchers/whatsapp_watcher.py", line 16, in <module>
2026-02-06 02:37:08 +05:00:     from .base_watcher import BaseWatcher, TaskCreationError
2026-02-06 02:37:08 +05:00: ImportError: attempted relative import with no known parent package
2026-02-06 02:37:16 +05:00: Traceback (most recent call last):
2026-02-06 02:37:16 +05:00:   File "/mnt/d/Hackathons/hackathon-0/silver/src/watchers/whatsapp_watcher.py", line 16, in <module>
2026-02-06 02:37:16 +05:00:     
2026-02-06 02:37:16 +05:00: from .base_watcher import BaseWatcher, TaskCreationError
2026-02-06 02:37:16 +05:00: ImportError: attempted relative import with no known parent package
2026-02-06 02:37:23 +05:00: Traceback (most recent call last):
2026-02-06 02:37:23 +05:00:   File "/mnt/d/Hackathons/hackathon-0/silver/src/watchers/whatsapp_watcher.py", line 16, in <module>
2026-02-06 02:37:23 +05:00:     from .base_watcher import BaseWatcher, TaskCreationError
2026-02-06 02:37:23 +05:00: ImportError: attempted relative import with no known parent package
2026-02-06 02:37:30 +05:00: Traceback (most recent call last):
2026-02-06 02:37:30 +05:00:   File "/mnt/d/Hackathons/hackathon-0/silver/src/watchers/whatsapp_watcher.py", line 16, in <module>
2026-02-06 02:37:30 +05:00:     from .base_watcher import BaseWatcher, TaskCreationError
2026-02-06 02:37:30 +05:00: ImportError: attempted relative import with no known parent package
2026-02-06 02:37:38 +05:00: Traceback (most recent call last):
2026-02-06 02:37:38 +05:00:   File "/mnt/d/Hackathons/hackathon-0/silver/src/watchers/whatsapp_watcher.py", line 16, in <module>
2026-02-06 02:37:38 +05:00:     from .base_watcher import BaseWatcher, TaskCreationError
2026-02-06 02:37:38 +05:00: ImportError: attempted relative import with no known parent package
2026-02-06 02:37:46 +05:00: Traceback (most recent call last):
2026-02-06 02:37:46 +05:00:   File "/mnt/d/Hackathons/hackathon-0/silver/src/watchers/whatsapp_watcher.py", line 16, in <module>
2026-02-06 02:37:46 +05:00:     from .base_watcher import BaseWatcher, TaskCreationError
2026-02-06 02:37:46 +05:00: ImportError: attempted relative import with no known parent package
2026-02-06 02:37:53 +05:00: Traceback (most recent call last):
2026-02-06 02:37:53 +05:00:   File "/mnt/d/Hackathons/hackathon-0/silver/src/watchers/whatsapp_watcher.py", line 16, in <module>
2026-02-06 02:37:53 +05:00:     from .base_watcher import BaseWatcher, TaskCreationError
2026-02-06 02:37:53 +05:00: ImportError: attempted relative import with no known parent package
2026-02-06 02:38:01 +05:00: Traceback (most recent call last):
2026-02-06 02:38:01 +05:00:   File "/mnt/d/Hackathons/hackathon-0/silver/src/watchers/whatsapp_watcher.py", line 16, in <module>
2026-02-06 02:38:01 +05:00:     from .base_watcher import BaseWatcher, TaskCreationError
2026-02-06 02:38:01 +05:00: ImportError: attempted relative import with no known parent package
2026-02-06 02:38:09 +05:00: Traceback (most recent call last):
2026-02-06 02:38:09 +05:00:   File "/mnt/d/Hackathons/hackathon-0/silver/src/watchers/whatsapp_watcher.py", line 16, in <module>
2026-02-06 02:38:09 +05:00:     from .base_watcher import BaseWatcher, TaskCreationError
2026-02-06 02:38:09 +05:00: ImportError: attempted relative import with no known parent package
2026-02-06 02:38:17 +05:00: Traceback (most recent call last):
2026-02-06 02:38:17 +05:00:   File "/mnt/d/Hackathons/hackathon-0/silver/src/watchers/whatsapp_watcher.py", line 16, in <module>
2026-02-06 02:38:17 +05:00:     from .base_watcher import BaseWatcher, TaskCreationError
2026-02-06 02:38:17 +05:00: ImportError: attempted relative import with no known parent package
2026-02-06 02:38:23 +05:00: Traceback (most recent call last):
2026-02-06 02:38:23 +05:00:   File "/mnt/d/Hackathons/hackathon-0/silver/src/watchers/whatsapp_watcher.py", line 16, in <module>
2026-02-06 02:38:23 +05:00:     from .base_watcher import BaseWatcher, TaskCreationError
2026-02-06 02:38:23 +05:00: : attempted relative import with no known parent package
2026-02-06 02:38:30 +05:00: Traceback (most recent call last):
2026-02-06 02:38:30 +05:00:   File "/mnt/d/Hackathons/hackathon-0/silver/src/watchers/whatsapp_watcher.py", line 16, in <module>
2026-02-06 02:38:30 +05:00:     from .base_watcher import BaseWatcher, TaskCreationError
2026-02-06 02:38:30 +05:00: ImportError: attempted relative import with no known parent package
2026-02-06 02:38:37 +05:00: Traceback (most recent call last):
2026-02-06 02:38:37 +05:00:   File "/mnt/d/Hackathons/hackathon-0/silver/src/watchers/whatsapp_watcher.py", line 16, in <module>
2026-02-06 02:38:37 +05:00:     from .base_watcher import BaseWatcher, TaskCreationError
2026-02-06 02:38:37 +05:00: ImportError: attempted relative import with no known parent package
2026-02-06 02:38:44 +05:00: Traceback (most recent call last):
2026-02-06 02:38:44 +05:00:   File "/mnt/d/Hackathons/hackathon-0/silver/src/watchers/whatsapp_watcher.py", line 16, in <module>
2026-02-06 02:38:44 +05:00:     from .base_watcher import BaseWatcher, TaskCreationError
2026-02-06 02:38:44 +05:00: ImportError: attempted relative import with no known parent package
2026-02-06 02:38:51 +05:00: Traceback (most recent call last):
2026-02-06 02:38:51 +05:00:   File "/mnt/d/Hackathons/hackathon-0/silver/src/watchers/whatsapp_watcher.py", line 16, in <module>
2026-02-06 02:38:51 +05:00:     from .base_watcher import BaseWatcher, TaskCreationError
2026-02-06 02:38:51 +05:00: ImportError: attempted relative import with no known parent package
2026-02-06 02:39:00 +05:00: Traceback (most recent call last):
2026-02-06 02:39:00 +05:00:   File "/mnt/d/Hackathons/hackathon-0/silver/src/watchers/whatsapp_watcher.py", line 16, in <module>
2026-02-06 02:39:00 +05:00:     from .base_watcher import BaseWatcher, TaskCreationError
2026-02-06 02:39:00 +05:00: ImportError: attempted relative import with no known parent package
2026-02-06 02:39:07 +05:00: Traceback (most recent call last):
2026-02-06 02:39:07 +05:00:   File "/mnt/d/Hackathons/hackathon-0/silver/src/watchers/whatsapp_watcher.py", line 16, in <module>
2026-02-06 02:39:07 +05:00:     from .base_watcher import BaseWatcher, TaskCreationError
2026-02-06 02:39:07 +05:00: ImportError: attempted relative import with no known parent package
2026-02-06 02:39:14 +05:00: Traceback (most recent call last):
2026-02-06 02:39:14 +05:00:   File "/mnt/d/Hackathons/hackathon-0/silver/src/watchers/whatsapp_watcher.py", line 16, in <module>
2026-02-06 02:39:14 +05:00:     from .base_watcher import BaseWatcher, TaskCreationError
2026-02-06 02:39:14 +05:00: ImportError: attempted relative import with no known parent package
2026-02-06 02:39:21 +05:00: Traceback (most recent call last):
2026-02-06 02:39:21 +05:00:   File "/mnt/d/Hackathons/hackathon-0/silver/src/watchers/whatsapp_watcher.py", line 16, in <module>
2026-02-06 02:39:21 +05:00:     from .base_watcher import BaseWatcher, TaskCreationError
2026-02-06 02:39:21 +05:00: ImportError: attempted relative import with no known parent package
2026-02-06 02:39:28 +05:00: Traceback (most recent call last):
2026-02-06 02:39:28 +05:00:   File "/mnt/d/Hackathons/hackathon-0/silver/src/watchers/whatsapp_watcher.py", line 16, in <module>
2026-02-06 02:39:28 +05:00:     from .base_watcher import BaseWatcher, TaskCreationError
2026-02-06 02:39:28 +05:00: ImportError: attempted relative import with no known parent package
2026-02-06 02:39:35 +05:00: Traceback (most recent call last):
2026-02-06 02:39:35 +05:00:   File "/mnt/d/Hackathons/hackathon-0/silver/src/watchers/whatsapp_watcher.py", line 16, in <module>
2026-02-06 02:39:35 +05:00:     from .base_watcher import BaseWatcher, TaskCreationError
2026-02-06 02:39:35 +05:00: attempted relative import with no known parent package
2026-02-06 02:39:43 +05:00: Traceback (most recent call last):
2026-02-06 02:39:43 +05:00:   File "/mnt/d/Hackathons/hackathon-0/silver/src/watchers/whatsapp_watcher.py", line 16, in <module>
2026-02-06 02:39:43 +05:00:     from .base_watcher import BaseWatcher, TaskCreationError
2026-02-06 02:39:43 +05:00: ImportError: attempted relative import with no known parent package
2026-02-06 02:39:50 +05:00: Traceback (most recent call last):
2026-02-06 02:39:50 +05:00:   File "/mnt/d/Hackathons/hackathon-0/silver/src/watchers/whatsapp_watcher.py", line 16, in <module>
2026-02-06 02:39:50 +05:00:     from .base_watcher import BaseWatcher, TaskCreationError
2026-02-06 02:39:50 +05:00: ImportError: attempted relative import with no known parent package
2026-02-06 02:39:58 +05:00: Traceback (most recent call last):
2026-02-06 02:39:58 +05:00:   File "/mnt/d/Hackathons/hackathon-0/silver/src/watchers/whatsapp_watcher.py", line 16, in <module>
2026-02-06 02:39:58 +05:00:     from .base_watcher import BaseWatcher, TaskCreationError
2026-02-06 02:39:58 +05:00: ImportError: attempted relative import with no known parent package
2026-02-06 02:40:05 +05:00: Traceback (most recent call last):
2026-02-06 02:40:05 +05:00:   File "/mnt/d/Hackathons/hackathon-0/silver/src/watchers/whatsapp_watcher.py", line 16, in <module>
2026-02-06 02:40:05 +05:00:     from .base_watcher import BaseWatcher, TaskCreationError
2026-02-06 02:40:05 +05:00: ImportError: attempted relative import with no known parent package
2026-02-06 02:40:13 +05:00: Traceback (most recent call last):
2026-02-06 02:40:13 +05:00:   File "/mnt/d/Hackathons/hackathon-0/silver/src/watchers/whatsapp_watcher.py", line 16, in <module>
2026-02-06 02:40:13 +05:00:     from .base_watcher import BaseWatcher, TaskCreationError
2026-02-06 02:40:13 +05:00: ImportError: attempted relative import with no known parent package
2026-02-06 02:40:20 +05:00: Traceback (most recent call last):
2026-02-06 02:40:20 +05:00:   File "/mnt/d/Hackathons/hackathon-0/silver/src/watchers/whatsapp_watcher.py", line 16, in <module>
2026-02-06 02:40:20 +05:00:     from .base_watcher import BaseWatcher, TaskCreationError
2026-02-06 02:40:20 +05:00: ImportError: attempted relative import with no known parent package
2026-02-06 02:40:29 +05:00: Traceback (most recent call last):
2026-02-06 02:40:29 +05:00:   File "/mnt/d/Hackathons/hackathon-0/silver/src/watchers/whatsapp_watcher.py", line 16, in <module>
2026-02-06 02:40:29 +05:00:     from .base_watcher import BaseWatcher, TaskCreationError
2026-02-06 02:40:29 +05:00: ImportError: attempted relative import with no known parent package
2026-02-06 02:40:35 +05:00: Traceback (most recent call last):
2026-02-06 02:40:35 +05:00:   File "/mnt/d/Hackathons/hackathon-0/silver/src/watchers/whatsapp_watcher.py", line 16, in <module>
2026-02-06 02:40:35 +05:00:     from .base_watcher import BaseWatcher, TaskCreationError
2026-02-06 02:40:35 +05:00: ImportError: attempted relative import with no known parent package
2026-02-06 02:40:43 +05:00: Traceback (most recent call last):
2026-02-06 02:40:43 +05:00:   File "/mnt/d/Hackathons/hackathon-0/silver/src/watchers/whatsapp_watcher.py", line 16, in <module>
2026-02-06 02:40:43 +05:00:     from .base_watcher import BaseWatcher, TaskCreationError
2026-02-06 02:40:43 +05:00: ImportError: attempted relative import with no known parent package
2026-02-06 02:40:50 +05:00: Traceback (most recent call last):
2026-02-06 02:40:50 +05:00:   File "/mnt/d/Hackathons/hackathon-0/silver/src/watchers/whatsapp_watcher.py", line 16, in <module>
2026-02-06 02:40:50 +05:00:     from .base_watcher import BaseWatcher, TaskCreationError
2026-02-06 02:40:50 +05:00: ImportError: attempted relative import with no known parent package
2026-02-06 02:40:57 +05:00: Traceback (most recent call last):
2026-02-06 02:40:57 +05:00:   File "/mnt/d/Hackathons/hackathon-0/silver/src/watchers/whatsapp_watcher.py", line 16, in <module>
2026-02-06 02:40:57 +05:00:     from .base_watcher import BaseWatcher, TaskCreationError
2026-02-06 02:40:57 +05:00: ImportError: attempted relative import with no known parent package
2026-02-06 02:41:04 +05:00: Traceback (most recent call last):
2026-02-06 02:41:04 +05:00:   File "/mnt/d/Hackathons/hackathon-0/silver/src/watchers/whatsapp_watcher.py", line 16, in <module>
2026-02-06 02:41:04 +05:00:     from .base_watcher import BaseWatcher, TaskCreationError
2026-02-06 02:41:04 +05:00: ImportError: attempted relative import with no known parent package
2026-02-06 02:41:11 +05:00: Traceback (most recent call last):
2026-02-06 02:41:11 +05:00:   File "/mnt/d/Hackathons/hackathon-0/silver/src/watchers/whatsapp_watcher.py", line 16, in <module>
2026-02-06 02:41:11 +05:00:     from .base_watcher import BaseWatcher, TaskCreationError
2026-02-06 02:41:11 +05:00: ImportError: attempted relative import with no known parent package
2026-02-06 02:41:18 +05:00: Traceback (most recent call last):
2026-02-06 02:41:18 +05:00:   File "/mnt/d/Hackathons/hackathon-0/silver/src/watchers/whatsapp_watcher.py", line 16, in <module>
2026-02-06 02:41:18 +05:00:     from .base_watcher import BaseWatcher, TaskCreationError
2026-02-06 02:41:18 +05:00: 
2026-02-06 02:41:26 +05:00: Traceback (most recent call last):
2026-02-06 02:41:26 +05:00:   File "/mnt/d/Hackathons/hackathon-0/silver/src/watchers/whatsapp_watcher.py", line 16, in <module>
2026-02-06 02:41:26 +05:00:     from .base_watcher import BaseWatcher, TaskCreationError
2026-02-06 02:41:26 +05:00: ImportError: attempted relative import with no known parent package
2026-02-06 02:41:33 +05:00: Traceback (most recent call last):
2026-02-06 02:41:33 +05:00:   File "/mnt/d/Hackathons/hackathon-0/silver/src/watchers/whatsapp_watcher.py", line 16, in <module>
2026-02-06 02:41:33 +05:00:     from .base_watcher import BaseWatcher, TaskCreationError
2026-02-06 02:41:33 +05:00: ImportError: attempted relative import with no known parent package
2026-02-06 02:41:41 +05:00: Traceback (most recent call last):
2026-02-06 02:41:41 +05:00:   File "/mnt/d/Hackathons/hackathon-0/silver/src/watchers/whatsapp_watcher.py", line 16, in <module>
2026-02-06 02:41:41 +05:00:     from .base_watcher import BaseWatcher, TaskCreationError
2026-02-06 02:41:41 +05:00: ImportError: attempted relative import with no known parent package
2026-02-06 02:41:48 +05:00: Traceback (most recent call last):
2026-02-06 02:41:48 +05:00:   File "/mnt/d/Hackathons/hackathon-0/silver/src/watchers/whatsapp_watcher.py", line 16, in <module>
2026-02-06 02:41:48 +05:00:     from .base_watcher import BaseWatcher, TaskCreationError
2026-02-06 02:41:48 +05:00: ImportError: attempted relative import with no known parent package
2026-02-06 02:41:55 +05:00: Traceback (most recent call last):
2026-02-06 02:41:55 +05:00:   File "/mnt/d/Hackathons/hackathon-0/silver/src/watchers/whatsapp_watcher.py", line 16, in <module>
2026-02-06 02:41:55 +05:00:     
2026-02-06 02:41:55 +05:00: from .base_watcher import BaseWatcher, TaskCreationError
2026-02-06 02:41:55 +05:00: ImportError: attempted relative import with no known parent package
2026-02-06 02:42:02 +05:00: Traceback (most recent call last):
2026-02-06 02:42:02 +05:00:   File "/mnt/d/Hackathons/hackathon-0/silver/src/watchers/whatsapp_watcher.py", line 16, in <module>
2026-02-06 02:42:02 +05:00:     from .base_watcher import BaseWatcher, TaskCreationError
2026-02-06 02:42:02 +05:00: ImportError: attempted relative import with no known parent package
2026-02-06 02:42:09 +05:00: Traceback (most recent call last):
2026-02-06 02:42:09 +05:00:   File "/mnt/d/Hackathons/hackathon-0/silver/src/watchers/whatsapp_watcher.py", line 16, in <module>
2026-02-06 02:42:09 +05:00:     from .base_watcher import BaseWatcher, TaskCreationError
2026-02-06 02:42:09 +05:00: ImportError: attempted relative import with no known parent package
2026-02-06 02:42:16 +05:00: Traceback (most recent call last):
2026-02-06 02:42:16 +05:00:   File "/mnt/d/Hackathons/hackathon-0/silver/src/watchers/whatsapp_watcher.py", line 16, in <module>
2026-02-06 02:42:16 +05:00:     from .base_watcher import BaseWatcher, TaskCreationError
2026-02-06 02:42:16 +05:00: ImportError: attempted relative import with no known parent package
2026-02-06 02:42:23 +05:00: Traceback (most recent call last):
2026-02-06 02:42:23 +05:00:   File "/mnt/d/Hackathons/hackathon-0/silver/src/watchers/whatsapp_watcher.py", line 16, in <module>
2026-02-06 02:42:23 +05:00:     from .base_watcher import BaseWatcher, TaskCreationError
2026-02-06 02:42:23 +05:00: ImportError: attempted relative import with no known parent package
2026-02-06 02:42:30 +05:00: Traceback (most recent call last):
2026-02-06 02:42:30 +05:00:   File "/mnt/d/Hackathons/hackathon-0/silver/src/watchers/whatsapp_watcher.py", line 16, in <module>
2026-02-06 02:42:30 +05:00:     from .base_watcher import BaseWatcher, TaskCreationError
2026-02-06 02:42:30 +05:00: ImportError: attempted relative import with no known parent package
2026-02-06 02:42:38 +05:00: Traceback (most recent call last):
2026-02-06 02:42:38 +05:00:   File "/mnt/d/Hackathons/hackathon-0/silver/src/watchers/whatsapp_watcher.py", line 16, in <module>
2026-02-06 02:42:38 +05:00:     from .base_watcher import BaseWatcher, TaskCreationError
2026-02-06 02:42:38 +05:00: ImportError: attempted relative import with no known parent package
2026-02-06 02:42:45 +05:00: Traceback (most recent call last):
2026-02-06 02:42:45 +05:00:   File "/mnt/d/Hackathons/hackathon-0/silver/src/watchers/whatsapp_watcher.py", line 16, in <module>
2026-02-06 02:42:45 +05:00:     from .base_watcher import BaseWatcher, TaskCreationError
2026-02-06 02:42:45 +05:00: ImportError: attempted relative import with no known parent package
2026-02-06 02:42:52 +05:00: Traceback (most recent call last):
2026-02-06 02:42:52 +05:00:   File "/mnt/d/Hackathons/hackathon-0/silver/src/watchers/whatsapp_watcher.py", line 16, in <module>
2026-02-06 02:42:52 +05:00:     from .base_watcher import BaseWatcher, TaskCreationError
2026-02-06 02:42:52 +05:00: ImportError: attempted relative import with no known parent package
2026-02-06 02:43:00 +05:00: Traceback (most recent call last):
2026-02-06 02:43:00 +05:00:   File "/mnt/d/Hackathons/hackathon-0/silver/src/watchers/whatsapp_watcher.py", line 16, in <module>
2026-02-06 02:43:00 +05:00:     from .base_watcher import BaseWatcher, TaskCreationError
2026-02-06 02:43:00 +05:00: attempted relative import with no known parent package
2026-02-06 02:43:07 +05:00: Traceback (most recent call last):
2026-02-06 02:43:07 +05:00:   File "/mnt/d/Hackathons/hackathon-0/silver/src/watchers/whatsapp_watcher.py", line 16, in <module>
2026-02-06 02:43:07 +05:00:     from .base_watcher import BaseWatcher, TaskCreationError
2026-02-06 02:43:07 +05:00: : attempted relative import with no known parent package
2026-02-06 02:43:14 +05:00: Traceback (most recent call last):
2026-02-06 02:43:14 +05:00:   File "/mnt/d/Hackathons/hackathon-0/silver/src/watchers/whatsapp_watcher.py", line 16, in <module>
2026-02-06 02:43:14 +05:00:     from .base_watcher import BaseWatcher, TaskCreationError
2026-02-06 02:43:14 +05:00: ImportError: attempted relative import with no known parent package
2026-02-06 02:43:22 +05:00: Traceback (most recent call last):
2026-02-06 02:43:22 +05:00:   File "/mnt/d/Hackathons/hackathon-0/silver/src/watchers/whatsapp_watcher.py", line 16, in <module>
2026-02-06 02:43:22 +05:00:     from .base_watcher import BaseWatcher, TaskCreationError
2026-02-06 02:43:22 +05:00: ImportError: attempted relative import with no known parent package
2026-02-06 02:43:29 +05:00: Traceback (most recent call last):
2026-02-06 02:43:29 +05:00:   File "/mnt/d/Hackathons/hackathon-0/silver/src/watchers/whatsapp_watcher.py", line 16, in <module>
2026-02-06 02:43:29 +05:00:     from .base_watcher import BaseWatcher, TaskCreationError
2026-02-06 02:43:29 +05:00: ImportError: attempted relative import with no known parent package
2026-02-06 02:43:36 +05:00: Traceback (most recent call last):
2026-02-06 02:43:36 +05:00:   File "/mnt/d/Hackathons/hackathon-0/silver/src/watchers/whatsapp_watcher.py", line 16, in <module>
2026-02-06 02:43:36 +05:00:     from .base_watcher import BaseWatcher, TaskCreationError
2026-02-06 02:43:36 +05:00: ImportError: attempted relative import with no known parent package
2026-02-06 02:43:43 +05:00: Traceback (most recent call last):
2026-02-06 02:43:43 +05:00:   File "/mnt/d/Hackathons/hackathon-0/silver/src/watchers/whatsapp_watcher.py", line 16, in <module>
2026-02-06 02:43:43 +05:00:     from .base_watcher import BaseWatcher, TaskCreationError
2026-02-06 02:43:43 +05:00: ImportError: attempted relative import with no known parent package
2026-02-06 02:43:52 +05:00: Traceback (most recent call last):
2026-02-06 02:43:52 +05:00:   File "/mnt/d/Hackathons/hackathon-0/silver/src/watchers/whatsapp_watcher.py", line 16, in <module>
2026-02-06 02:43:52 +05:00:     from .base_watcher import BaseWatcher, TaskCreationError
2026-02-06 02:43:52 +05:00: ImportError: attempted relative import with no known parent package
2026-02-06 02:43:59 +05:00: Traceback (most recent call last):
2026-02-06 02:43:59 +05:00:   File "/mnt/d/Hackathons/hackathon-0/silver/src/watchers/whatsapp_watcher.py", line 16, in <module>
2026-02-06 02:43:59 +05:00:     from .base_watcher import BaseWatcher, TaskCreationError
2026-02-06 02:43:59 +05:00: ImportError: attempted relative import with no known parent package
2026-02-06 02:44:06 +05:00: Traceback (most recent call last):
2026-02-06 02:44:06 +05:00:   File "/mnt/d/Hackathons/hackathon-0/silver/src/watchers/whatsapp_watcher.py", line 16, in <module>
2026-02-06 02:44:06 +05:00:     from .base_watcher import BaseWatcher, TaskCreationError
2026-02-06 02:44:06 +05:00: ImportError: attempted relative import with no known parent package
2026-02-06 02:44:14 +05:00: Traceback (most recent call last):
2026-02-06 02:44:14 +05:00:   File "/mnt/d/Hackathons/hackathon-0/silver/src/watchers/whatsapp_watcher.py", line 16, in <module>
2026-02-06 02:44:14 +05:00:     from .base_watcher import BaseWatcher, TaskCreationError
2026-02-06 02:44:14 +05:00: ImportError: attempted relative import with no known parent package
2026-02-06 02:44:21 +05:00: Traceback (most recent call last):
2026-02-06 02:44:21 +05:00:   File "/mnt/d/Hackathons/hackathon-0/silver/src/watchers/whatsapp_watcher.py", line 16, in <module>
2026-02-06 02:44:21 +05:00:     from .base_watcher import BaseWatcher, TaskCreationError
2026-02-06 02:44:21 +05:00: ImportError: attempted relative import with no known parent package
2026-02-06 02:44:28 +05:00: Traceback (most recent call last):
2026-02-06 02:44:28 +05:00:   File "/mnt/d/Hackathons/hackathon-0/silver/src/watchers/whatsapp_watcher.py", line 16, in <module>
2026-02-06 02:44:28 +05:00:     from .base_watcher import BaseWatcher, TaskCreationError
2026-02-06 02:44:28 +05:00: ImportError: attempted relative import with no known parent package
2026-02-06 02:44:35 +05:00: Traceback (most recent call last):
2026-02-06 02:44:35 +05:00:   File "/mnt/d/Hackathons/hackathon-0/silver/src/watchers/whatsapp_watcher.py", line 16, in <module>
2026-02-06 02:44:35 +05:00:     from .base_watcher import BaseWatcher, TaskCreationError
2026-02-06 02:44:35 +05:00: ImportError: attempted relative import with no known parent package
2026-02-06 02:44:42 +05:00: Traceback (most recent call last):
2026-02-06 02:44:42 +05:00:   File "/mnt/d/Hackathons/hackathon-0/silver/src/watchers/whatsapp_watcher.py", line 16, in <module>
2026-02-06 02:44:42 +05:00:     from .base_watcher import BaseWatcher, TaskCreationError
2026-02-06 02:44:42 +05:00: ImportError: attempted relative import with no known parent package
2026-02-06 02:44:49 +05:00: Traceback (most recent call last):
2026-02-06 02:44:49 +05:00:   File "/mnt/d/Hackathons/hackathon-0/silver/src/watchers/whatsapp_watcher.py", line 16, in <module>
2026-02-06 02:44:49 +05:00:     from .base_watcher import BaseWatcher, TaskCreationError
2026-02-06 02:44:49 +05:00: ImportError: attempted relative import with no known parent package
2026-02-06 02:44:56 +05:00: Traceback (most recent call last):
2026-02-06 02:44:56 +05:00:   File "/mnt/d/Hackathons/hackathon-0/silver/src/watchers/whatsapp_watcher.py", line 16, in <module>
2026-02-06 02:44:56 +05:00:     from .base_watcher import BaseWatcher, TaskCreationError
2026-02-06 02:44:56 +05:00: ImportError: attempted relative import with no known parent package
2026-02-06 02:45:03 +05:00: Traceback (most recent call last):
2026-02-06 02:45:03 +05:00:   File "/mnt/d/Hackathons/hackathon-0/silver/src/watchers/whatsapp_watcher.py", line 16, in <module>
2026-02-06 02:45:03 +05:00:     from .base_watcher import BaseWatcher, TaskCreationError
2026-02-06 02:45:03 +05:00: ImportError: attempted relative import with no known parent package
2026-02-06 02:45:10 +05:00: Traceback (most recent call last):
2026-02-06 02:45:10 +05:00:   File "/mnt/d/Hackathons/hackathon-0/silver/src/watchers/whatsapp_watcher.py", line 16, in <module>
2026-02-06 02:45:10 +05:00:     from .base_watcher import BaseWatcher, TaskCreationError
2026-02-06 02:45:10 +05:00: ImportError: attempted relative import with no known parent package
2026-02-06 02:45:17 +05:00: Traceback (most recent call last):
2026-02-06 02:45:17 +05:00:   File "/mnt/d/Hackathons/hackathon-0/silver/src/watchers/whatsapp_watcher.py", line 16, in <module>
2026-02-06 02:45:17 +05:00:     from .base_watcher import BaseWatcher, TaskCreationError
2026-02-06 02:45:17 +05:00: ImportError: attempted relative import with no known parent package
2026-02-06 02:45:24 +05:00: Traceback (most recent call last):
2026-02-06 02:45:24 +05:00:   File "/mnt/d/Hackathons/hackathon-0/silver/src/watchers/whatsapp_watcher.py", line 16, in <module>
2026-02-06 02:45:24 +05:00:     from .base_watcher import BaseWatcher, TaskCreationError
2026-02-06 02:45:24 +05:00: ImportError: attempted relative import with no known parent package
2026-02-06 02:45:32 +05:00: Traceback (most recent call last):
2026-02-06 02:45:32 +05:00:   File "/mnt/d/Hackathons/hackathon-0/silver/src/watchers/whatsapp_watcher.py", line 16, in <module>
2026-02-06 02:45:32 +05:00:     from .base_watcher import BaseWatcher, TaskCreationError
2026-02-06 02:45:32 +05:00: ImportError: attempted relative import with no known parent package
2026-02-06 02:45:38 +05:00: Traceback (most recent call last):
2026-02-06 02:45:38 +05:00:   File "/mnt/d/Hackathons/hackathon-0/silver/src/watchers/whatsapp_watcher.py", line 16, in <module>
2026-02-06 02:45:38 +05:00:     from .base_watcher import BaseWatcher, TaskCreationError
2026-02-06 02:45:38 +05:00: ImportError: attempted relative import with no known parent package
2026-02-06 02:45:45 +05:00: Traceback (most recent call last):
2026-02-06 02:45:45 +05:00:   File "/mnt/d/Hackathons/hackathon-0/silver/src/watchers/whatsapp_watcher.py", line 16, in <module>
2026-02-06 02:45:45 +05:00:     from .base_watcher import BaseWatcher, TaskCreationError
2026-02-06 02:45:45 +05:00: : attempted relative import with no known parent package
2026-02-06 02:45:52 +05:00: Traceback (most recent call last):
2026-02-06 02:45:52 +05:00:   File "/mnt/d/Hackathons/hackathon-0/silver/src/watchers/whatsapp_watcher.py", line 16, in <module>
2026-02-06 02:45:52 +05:00:     from .base_watcher import BaseWatcher, TaskCreationError
2026-02-06 02:45:52 +05:00: ImportError: attempted relative import with no known parent package
2026-02-06 02:46:01 +05:00: Traceback (most recent call last):
2026-02-06 02:46:01 +05:00:   File "/mnt/d/Hackathons/hackathon-0/silver/src/watchers/whatsapp_watcher.py", line 16, in <module>
2026-02-06 02:46:01 +05:00:     from .base_watcher import BaseWatcher, TaskCreationError
2026-02-06 02:46:01 +05:00: ImportError: attempted relative import with no known parent package
2026-02-06 02:46:08 +05:00: Traceback (most recent call last):
2026-02-06 02:46:08 +05:00:   File "/mnt/d/Hackathons/hackathon-0/silver/src/watchers/whatsapp_watcher.py", line 16, in <module>
2026-02-06 02:46:08 +05:00:     from .base_watcher import BaseWatcher, TaskCreationError
2026-02-06 02:46:08 +05:00: ImportError: attempted relative import with no known parent package
2026-02-06 02:46:15 +05:00: Traceback (most recent call last):
2026-02-06 02:46:15 +05:00:   File "/mnt/d/Hackathons/hackathon-0/silver/src/watchers/whatsapp_watcher.py", line 16, in <module>
2026-02-06 02:46:15 +05:00:     from .base_watcher import BaseWatcher, TaskCreationError
2026-02-06 02:46:15 +05:00: ImportError: attempted relative import with no known parent package
2026-02-06 02:46:21 +05:00: Traceback (most recent call last):
2026-02-06 02:46:21 +05:00:   File "/mnt/d/Hackathons/hackathon-0/silver/src/watchers/whatsapp_watcher.py", line 16, in <module>
2026-02-06 02:46:21 +05:00:     from .base_watcher import BaseWatcher, TaskCreationError
2026-02-06 02:46:21 +05:00: 
2026-02-06 02:46:29 +05:00: Traceback (most recent call last):
2026-02-06 02:46:29 +05:00:   File "/mnt/d/Hackathons/hackathon-0/silver/src/watchers/whatsapp_watcher.py", line 16, in <module>
2026-02-06 02:46:29 +05:00:     from .base_watcher import BaseWatcher, TaskCreationError
2026-02-06 02:46:29 +05:00: ImportError: attempted relative import with no known parent package
2026-02-06 02:46:36 +05:00: Traceback (most recent call last):
2026-02-06 02:46:36 +05:00:   File "/mnt/d/Hackathons/hackathon-0/silver/src/watchers/whatsapp_watcher.py", line 16, in <module>
2026-02-06 02:46:36 +05:00:     from .base_watcher import BaseWatcher, TaskCreationError
2026-02-06 02:46:36 +05:00: ImportError: attempted relative import with no known parent package
2026-02-06 02:46:43 +05:00: Traceback (most recent call last):
2026-02-06 02:46:43 +05:00:   File "/mnt/d/Hackathons/hackathon-0/silver/src/watchers/whatsapp_watcher.py", line 16, in <module>
2026-02-06 02:46:43 +05:00:     from .base_watcher import BaseWatcher, TaskCreationError
2026-02-06 02:46:43 +05:00: ImportError: attempted relative import with no known parent package
2026-02-06 02:46:50 +05:00: Traceback (most recent call last):
2026-02-06 02:46:50 +05:00:   File "/mnt/d/Hackathons/hackathon-0/silver/src/watchers/whatsapp_watcher.py", line 16, in <module>
2026-02-06 02:46:50 +05:00:     from .base_watcher import BaseWatcher, TaskCreationError
2026-02-06 02:46:50 +05:00: ImportError: attempted relative import with no known parent package
2026-02-06 02:46:58 +05:00: Traceback (most recent call last):
2026-02-06 02:46:58 +05:00:   File "/mnt/d/Hackathons/hackathon-0/silver/src/watchers/whatsapp_watcher.py", line 16, in <module>
2026-02-06 02:46:58 +05:00:     from .base_watcher import BaseWatcher, TaskCreationError
2026-02-06 02:46:58 +05:00: ImportError: attempted relative import with no known parent package
2026-02-06 02:47:04 +05:00: Traceback (most recent call last):
2026-02-06 02:47:04 +05:00:   File "/mnt/d/Hackathons/hackathon-0/silver/src/watchers/whatsapp_watcher.py", line 16, in <module>
2026-02-06 02:47:04 +05:00:     from .base_watcher import BaseWatcher, TaskCreationError
2026-02-06 02:47:04 +05:00: ImportError: attempted relative import with no known parent package
2026-02-06 02:47:13 +05:00: Traceback (most recent call last):
2026-02-06 02:47:13 +05:00:   File "/mnt/d/Hackathons/hackathon-0/silver/src/watchers/whatsapp_watcher.py", line 16, in <module>
2026-02-06 02:47:13 +05:00:     from .base_watcher import BaseWatcher, TaskCreationError
2026-02-06 02:47:13 +05:00: ImportError: attempted relative import with no known parent package
2026-02-06 02:47:21 +05:00: Traceback (most recent call last):
2026-02-06 02:47:21 +05:00:   File "/mnt/d/Hackathons/hackathon-0/silver/src/watchers/whatsapp_watcher.py", line 16, in <module>
2026-02-06 02:47:21 +05:00:     from .base_watcher import BaseWatcher, TaskCreationError
2026-02-06 02:47:21 +05:00: ImportError: attempted relative import with no known parent package
2026-02-06 02:47:28 +05:00: Traceback (most recent call last):
2026-02-06 02:47:28 +05:00:   File "/mnt/d/Hackathons/hackathon-0/silver/src/watchers/whatsapp_watcher.py", line 16, in <module>
2026-02-06 02:47:28 +05:00:     from .base_watcher import BaseWatcher, TaskCreationError
2026-02-06 02:47:28 +05:00: ImportError: attempted relative import with no known parent package
2026-02-06 02:47:35 +05:00: Traceback (most recent call last):
2026-02-06 02:47:35 +05:00:   File "/mnt/d/Hackathons/hackathon-0/silver/src/watchers/whatsapp_watcher.py", line 16, in <module>
2026-02-06 02:47:35 +05:00:     from .base_watcher import BaseWatcher, TaskCreationError
2026-02-06 02:47:35 +05:00: ImportError: attempted relative import with no known parent package
2026-02-06 02:47:42 +05:00: Traceback (most recent call last):
2026-02-06 02:47:42 +05:00:   File "/mnt/d/Hackathons/hackathon-0/silver/src/watchers/whatsapp_watcher.py", line 16, in <module>
2026-02-06 02:47:42 +05:00:     from .base_watcher import BaseWatcher, TaskCreationError
2026-02-06 02:47:42 +05:00: ImportError: attempted relative import with no known parent package
2026-02-06 02:47:49 +05:00: Traceback (most recent call last):
2026-02-06 02:47:49 +05:00:   File "/mnt/d/Hackathons/hackathon-0/silver/src/watchers/whatsapp_watcher.py", line 16, in <module>
2026-02-06 02:47:49 +05:00:     from .base_watcher import BaseWatcher, TaskCreationError
2026-02-06 02:47:49 +05:00: ImportError: attempted relative import with no known parent package
2026-02-06 02:47:55 +05:00: Traceback (most recent call last):
2026-02-06 02:47:55 +05:00:   File "/mnt/d/Hackathons/hackathon-0/silver/src/watchers/whatsapp_watcher.py", line 16, in <module>
2026-02-06 02:47:55 +05:00:     from .base_watcher import BaseWatcher, TaskCreationError
2026-02-06 02:47:55 +05:00: ImportError: attempted relative import with no known parent package
2026-02-06 02:48:03 +05:00: Traceback (most recent call last):
2026-02-06 02:48:03 +05:00:   File "/mnt/d/Hackathons/hackathon-0/silver/src/watchers/whatsapp_watcher.py", line 16, in <module>
2026-02-06 02:48:03 +05:00:     from .base_watcher import BaseWatcher, TaskCreationError
2026-02-06 02:48:03 +05:00: ImportError: attempted relative import with no known parent package
2026-02-06 02:48:10 +05:00: Traceback (most recent call last):
2026-02-06 02:48:10 +05:00:   File "/mnt/d/Hackathons/hackathon-0/silver/src/watchers/whatsapp_watcher.py", line 16, in <module>
2026-02-06 02:48:10 +05:00:     from .base_watcher import BaseWatcher, TaskCreationError
2026-02-06 02:48:10 +05:00: ImportError: attempted relative import with no known parent package
2026-02-06 02:48:17 +05:00: Traceback (most recent call last):
2026-02-06 02:48:17 +05:00:   File "/mnt/d/Hackathons/hackathon-0/silver/src/watchers/whatsapp_watcher.py", line 16, in <module>
2026-02-06 02:48:17 +05:00:     from .base_watcher import BaseWatcher, TaskCreationError
2026-02-06 02:48:17 +05:00: ImportError: attempted relative import with no known parent package
2026-02-06 02:48:25 +05:00: Traceback (most recent call last):
2026-02-06 02:48:25 +05:00:   File "/mnt/d/Hackathons/hackathon-0/silver/src/watchers/whatsapp_watcher.py", line 16, in <module>
2026-02-06 02:48:25 +05:00:     from .base_watcher import BaseWatcher, TaskCreationError
2026-02-06 02:48:25 +05:00: attempted relative import with no known parent package
2026-02-06 02:48:32 +05:00: Traceback (most recent call last):
2026-02-06 02:48:32 +05:00:   File "/mnt/d/Hackathons/hackathon-0/silver/src/watchers/whatsapp_watcher.py", line 16, in <module>
2026-02-06 02:48:32 +05:00:     from .base_watcher import BaseWatcher, TaskCreationError
2026-02-06 02:48:32 +05:00: : attempted relative import with no known parent package
2026-02-06 02:48:39 +05:00: Traceback (most recent call last):
2026-02-06 02:48:39 +05:00:   File "/mnt/d/Hackathons/hackathon-0/silver/src/watchers/whatsapp_watcher.py", line 16, in <module>
2026-02-06 02:48:39 +05:00:     from .base_watcher import BaseWatcher, TaskCreationError
2026-02-06 02:48:39 +05:00: ImportError: attempted relative import with no known parent package
2026-02-06 02:48:46 +05:00: Traceback (most recent call last):
2026-02-06 02:48:46 +05:00:   File "/mnt/d/Hackathons/hackathon-0/silver/src/watchers/whatsapp_watcher.py", line 16, in <module>
2026-02-06 02:48:46 +05:00:     from .base_watcher import BaseWatcher, TaskCreationError
2026-02-06 02:48:46 +05:00: ImportError: attempted relative import with no known parent package
2026-02-06 02:48:54 +05:00: Traceback (most recent call last):
2026-02-06 02:48:54 +05:00:   File "/mnt/d/Hackathons/hackathon-0/silver/src/watchers/whatsapp_watcher.py", line 16, in <module>
2026-02-06 02:48:54 +05:00:     from .base_watcher import BaseWatcher, TaskCreationError
2026-02-06 02:48:54 +05:00: ImportError: attempted relative import with no known parent package
2026-02-06 02:49:07 +05:00: Traceback (most recent call last):
2026-02-06 02:49:07 +05:00:   File "/mnt/d/Hackathons/hackathon-0/silver/src/watchers/whatsapp_watcher.py", line 16, in <module>
2026-02-06 02:49:07 +05:00:     from .base_watcher import BaseWatcher, TaskCreationError
2026-02-06 02:49:07 +05:00: ImportError: attempted relative import with no known parent package
2026-02-06 02:49:17 +05:00: Traceback (most recent call last):
2026-02-06 02:49:17 +05:00:   File "/mnt/d/Hackathons/hackathon-0/silver/src/watchers/whatsapp_watcher.py", line 16, in <module>
2026-02-06 02:49:17 +05:00:     from .base_watcher import BaseWatcher, TaskCreationError
2026-02-06 02:49:17 +05:00: ImportError: attempted relative import with no known parent package
2026-02-06 02:49:27 +05:00: Traceback (most recent call last):
2026-02-06 02:49:27 +05:00:   File "/mnt/d/Hackathons/hackathon-0/silver/src/watchers/whatsapp_watcher.py", line 16, in <module>
2026-02-06 02:49:27 +05:00:     from .base_watcher import BaseWatcher, TaskCreationError
2026-02-06 02:49:27 +05:00: ImportError: attempted relative import with no known parent package
2026-02-06 02:49:38 +05:00: Traceback (most recent call last):
2026-02-06 02:49:38 +05:00:   File "/mnt/d/Hackathons/hackathon-0/silver/src/watchers/whatsapp_watcher.py", line 16, in <module>
2026-02-06 02:49:38 +05:00:     
2026-02-06 02:49:38 +05:00: from .base_watcher import BaseWatcher, TaskCreationError
2026-02-06 02:49:38 +05:00: ImportError: attempted relative import with no known parent package
2026-02-06 02:49:45 +05:00: Traceback (most recent call last):
2026-02-06 02:49:45 +05:00:   File "/mnt/d/Hackathons/hackathon-0/silver/src/watchers/whatsapp_watcher.py", line 16, in <module>
2026-02-06 02:49:45 +05:00:     from .base_watcher import BaseWatcher, TaskCreationError
2026-02-06 02:49:45 +05:00: ImportError: attempted relative import with no known parent package
2026-02-06 02:49:52 +05:00: Traceback (most recent call last):
2026-02-06 02:49:52 +05:00:   File "/mnt/d/Hackathons/hackathon-0/silver/src/watchers/whatsapp_watcher.py", line 16, in <module>
2026-02-06 02:49:52 +05:00:     from .base_watcher import BaseWatcher, TaskCreationError
2026-02-06 02:49:52 +05:00: ImportError: attempted relative import with no known parent package
2026-02-06 02:49:59 +05:00: Traceback (most recent call last):
2026-02-06 02:49:59 +05:00:   File "/mnt/d/Hackathons/hackathon-0/silver/src/watchers/whatsapp_watcher.py", line 16, in <module>
2026-02-06 02:49:59 +05:00:     from .base_watcher import BaseWatcher, TaskCreationError
2026-02-06 02:49:59 +05:00: ImportError: attempted relative import with no known parent package
2026-02-06 02:50:06 +05:00: Traceback (most recent call last):
2026-02-06 02:50:06 +05:00:   File "/mnt/d/Hackathons/hackathon-0/silver/src/watchers/whatsapp_watcher.py", line 16, in <module>
2026-02-06 02:50:06 +05:00:     from .base_watcher import BaseWatcher, TaskCreationError
2026-02-06 02:50:06 +05:00: : attempted relative import with no known parent package
2026-02-06 02:50:13 +05:00: Traceback (most recent call last):
2026-02-06 02:50:13 +05:00:   File "/mnt/d/Hackathons/hackathon-0/silver/src/watchers/whatsapp_watcher.py", line 16, in <module>
2026-02-06 02:50:13 +05:00:     from .base_watcher import BaseWatcher, TaskCreationError
2026-02-06 02:50:13 +05:00: ImportError: attempted relative import with no known parent package
2026-02-06 02:50:20 +05:00: Traceback (most recent call last):
2026-02-06 02:50:20 +05:00:   File "/mnt/d/Hackathons/hackathon-0/silver/src/watchers/whatsapp_watcher.py", line 16, in <module>
2026-02-06 02:50:20 +05:00:     from .base_watcher import BaseWatcher, TaskCreationError
2026-02-06 02:50:20 +05:00: : attempted relative import with no known parent package
2026-02-06 02:50:27 +05:00: Traceback (most recent call last):
2026-02-06 02:50:27 +05:00:   File "/mnt/d/Hackathons/hackathon-0/silver/src/watchers/whatsapp_watcher.py", line 16, in <module>
2026-02-06 02:50:27 +05:00:     from .base_watcher import BaseWatcher, TaskCreationError
2026-02-06 02:50:27 +05:00: : attempted relative import with no known parent package
2026-02-06 02:50:34 +05:00: Traceback (most recent call last):
2026-02-06 02:50:34 +05:00:   File "/mnt/d/Hackathons/hackathon-0/silver/src/watchers/whatsapp_watcher.py", line 16, in <module>
2026-02-06 02:50:34 +05:00:     from .base_watcher import BaseWatcher, TaskCreationError
2026-02-06 02:50:34 +05:00: ImportError: attempted relative import with no known parent package
2026-02-06 02:50:42 +05:00: Traceback (most recent call last):
2026-02-06 02:50:42 +05:00:   File "/mnt/d/Hackathons/hackathon-0/silver/src/watchers/whatsapp_watcher.py", line 16, in <module>
2026-02-06 02:50:42 +05:00:     from .base_watcher import BaseWatcher, TaskCreationError
2026-02-06 02:50:42 +05:00: ImportError: attempted relative import with no known parent package
2026-02-06 02:50:49 +05:00: Traceback (most recent call last):
2026-02-06 02:50:49 +05:00:   File "/mnt/d/Hackathons/hackathon-0/silver/src/watchers/whatsapp_watcher.py", line 16, in <module>
2026-02-06 02:50:49 +05:00:     from .base_watcher import BaseWatcher, TaskCreationError
2026-02-06 02:50:49 +05:00: ImportError: attempted relative import with no known parent package
2026-02-06 02:50:56 +05:00: Traceback (most recent call last):
2026-02-06 02:50:56 +05:00:   File "/mnt/d/Hackathons/hackathon-0/silver/src/watchers/whatsapp_watcher.py", line 16, in <module>
2026-02-06 02:50:56 +05:00:     from .base_watcher import BaseWatcher, TaskCreationError
2026-02-06 02:50:56 +05:00: ImportError: attempted relative import with no known parent package
2026-02-06 02:51:03 +05:00: Traceback (most recent call last):
2026-02-06 02:51:03 +05:00:   File "/mnt/d/Hackathons/hackathon-0/silver/src/watchers/whatsapp_watcher.py", line 16, in <module>
2026-02-06 02:51:03 +05:00:     from .base_watcher import BaseWatcher, TaskCreationError
2026-02-06 02:51:03 +05:00: ImportError: attempted relative import with no known parent package
2026-02-06 02:51:10 +05:00: Traceback (most recent call last):
2026-02-06 02:51:10 +05:00:   File "/mnt/d/Hackathons/hackathon-0/silver/src/watchers/whatsapp_watcher.py", line 16, in <module>
2026-02-06 02:51:10 +05:00:     from .base_watcher import BaseWatcher, TaskCreationError
2026-02-06 02:51:10 +05:00: ImportError: attempted relative import with no known parent package
2026-02-06 02:51:17 +05:00: Traceback (most recent call last):
2026-02-06 02:51:17 +05:00:   File "/mnt/d/Hackathons/hackathon-0/silver/src/watchers/whatsapp_watcher.py", line 16, in <module>
2026-02-06 02:51:17 +05:00:     from .base_watcher import BaseWatcher, TaskCreationError
2026-02-06 02:51:17 +05:00: ImportError: attempted relative import with no known parent package
2026-02-06 02:51:25 +05:00: Traceback (most recent call last):
2026-02-06 02:51:25 +05:00:   File "/mnt/d/Hackathons/hackathon-0/silver/src/watchers/whatsapp_watcher.py", line 16, in <module>
2026-02-06 02:51:25 +05:00:     from .base_watcher import BaseWatcher, TaskCreationError
2026-02-06 02:51:25 +05:00: ImportError: attempted relative import with no known parent package
2026-02-06 02:51:32 +05:00: Traceback (most recent call last):
2026-02-06 02:51:32 +05:00:   File "/mnt/d/Hackathons/hackathon-0/silver/src/watchers/whatsapp_watcher.py", line 16, in <module>
2026-02-06 02:51:32 +05:00:     from .base_watcher import BaseWatcher, TaskCreationError
2026-02-06 02:51:32 +05:00: attempted relative import with no known parent package
2026-02-06 02:51:39 +05:00: Traceback (most recent call last):
2026-02-06 02:51:39 +05:00:   File "/mnt/d/Hackathons/hackathon-0/silver/src/watchers/whatsapp_watcher.py", line 16, in <module>
2026-02-06 02:51:39 +05:00:     from .base_watcher import BaseWatcher, TaskCreationError
2026-02-06 02:51:39 +05:00: ImportError: attempted relative import with no known parent package
2026-02-06 02:51:46 +05:00: Traceback (most recent call last):
2026-02-06 02:51:46 +05:00:   File "/mnt/d/Hackathons/hackathon-0/silver/src/watchers/whatsapp_watcher.py", line 16, in <module>
2026-02-06 02:51:46 +05:00:     from .base_watcher import BaseWatcher, TaskCreationError
2026-02-06 02:51:46 +05:00: ImportError: attempted relative import with no known parent package
2026-02-06 02:51:53 +05:00: Traceback (most recent call last):
2026-02-06 02:51:53 +05:00:   File "/mnt/d/Hackathons/hackathon-0/silver/src/watchers/whatsapp_watcher.py", line 16, in <module>
2026-02-06 02:51:53 +05:00:     from .base_watcher import BaseWatcher, TaskCreationError
2026-02-06 02:51:53 +05:00: ImportError: attempted relative import with no known parent package
2026-02-06 02:52:01 +05:00: Traceback (most recent call last):
2026-02-06 02:52:01 +05:00:   File "/mnt/d/Hackathons/hackathon-0/silver/src/watchers/whatsapp_watcher.py", line 16, in <module>
2026-02-06 02:52:01 +05:00:     from .base_watcher import BaseWatcher, TaskCreationError
2026-02-06 02:52:01 +05:00: ImportError: attempted relative import with no known parent package
2026-02-06 02:52:09 +05:00: Traceback (most recent call last):
2026-02-06 02:52:09 +05:00:   File "/mnt/d/Hackathons/hackathon-0/silver/src/watchers/whatsapp_watcher.py", line 16, in <module>
2026-02-06 02:52:09 +05:00:     from .base_watcher import BaseWatcher, TaskCreationError
2026-02-06 02:52:09 +05:00: ImportError: attempted relative import with no known parent package
2026-02-06 02:52:16 +05:00: Traceback (most recent call last):
2026-02-06 02:52:16 +05:00:   File "/mnt/d/Hackathons/hackathon-0/silver/src/watchers/whatsapp_watcher.py", line 16, in <module>
2026-02-06 02:52:16 +05:00:     from .base_watcher import BaseWatcher, TaskCreationError
2026-02-06 02:52:16 +05:00: ImportError: attempted relative import with no known parent package
2026-02-06 02:52:23 +05:00: Traceback (most recent call last):
2026-02-06 02:52:23 +05:00:   File "/mnt/d/Hackathons/hackathon-0/silver/src/watchers/whatsapp_watcher.py", line 16, in <module>
2026-02-06 02:52:23 +05:00:     from .base_watcher import BaseWatcher, TaskCreationError
2026-02-06 02:52:23 +05:00: ImportError: attempted relative import with no known parent package
2026-02-06 02:52:30 +05:00: Traceback (most recent call last):
2026-02-06 02:52:30 +05:00:   File "/mnt/d/Hackathons/hackathon-0/silver/src/watchers/whatsapp_watcher.py", line 16, in <module>
2026-02-06 02:52:30 +05:00:     from .base_watcher import BaseWatcher, TaskCreationError
2026-02-06 02:52:30 +05:00: ImportError: attempted relative import with no known parent package
2026-02-06 02:52:37 +05:00: Traceback (most recent call last):
2026-02-06 02:52:37 +05:00:   File "/mnt/d/Hackathons/hackathon-0/silver/src/watchers/whatsapp_watcher.py", line 16, in <module>
2026-02-06 02:52:37 +05:00:     from .base_watcher import BaseWatcher, TaskCreationError
2026-02-06 02:52:37 +05:00: ImportError: attempted relative import with no known parent package
2026-02-06 02:52:44 +05:00: Traceback (most recent call last):
2026-02-06 02:52:44 +05:00:   File "/mnt/d/Hackathons/hackathon-0/silver/src/watchers/whatsapp_watcher.py", line 16, in <module>
2026-02-06 02:52:44 +05:00:     from .base_watcher import BaseWatcher, TaskCreationError
2026-02-06 02:52:44 +05:00: ImportError: attempted relative import with no known parent package
2026-02-06 02:52:52 +05:00: Traceback (most recent call last):
2026-02-06 02:52:52 +05:00:   File "/mnt/d/Hackathons/hackathon-0/silver/src/watchers/whatsapp_watcher.py", line 16, in <module>
2026-02-06 02:52:52 +05:00:     from .base_watcher import BaseWatcher, TaskCreationError
2026-02-06 02:52:52 +05:00: ImportError: attempted relative import with no known parent package
2026-02-06 02:52:59 +05:00: Traceback (most recent call last):
2026-02-06 02:52:59 +05:00:   File "/mnt/d/Hackathons/hackathon-0/silver/src/watchers/whatsapp_watcher.py", line 16, in <module>
2026-02-06 02:52:59 +05:00:     from .base_watcher import BaseWatcher, TaskCreationError
2026-02-06 02:52:59 +05:00: ImportError: attempted relative import with no known parent package
2026-02-06 02:53:07 +05:00: Traceback (most recent call last):
2026-02-06 02:53:07 +05:00:   File "/mnt/d/Hackathons/hackathon-0/silver/src/watchers/whatsapp_watcher.py", line 16, in <module>
2026-02-06 02:53:07 +05:00:     from .base_watcher import BaseWatcher, TaskCreationError
2026-02-06 02:53:07 +05:00: ImportError: attempted relative import with no known parent package
2026-02-06 02:53:14 +05:00: Traceback (most recent call last):
2026-02-06 02:53:14 +05:00:   File "/mnt/d/Hackathons/hackathon-0/silver/src/watchers/whatsapp_watcher.py", line 16, in <module>
2026-02-06 02:53:14 +05:00:     from .base_watcher import BaseWatcher, TaskCreationError
2026-02-06 02:53:14 +05:00: ImportError: attempted relative import with no known parent package
2026-02-06 02:53:21 +05:00: Traceback (most recent call last):
2026-02-06 02:53:21 +05:00:   File "/mnt/d/Hackathons/hackathon-0/silver/src/watchers/whatsapp_watcher.py", line 16, in <module>
2026-02-06 02:53:21 +05:00:     from .base_watcher import BaseWatcher, TaskCreationError
2026-02-06 02:53:21 +05:00: ImportError: attempted relative import with no known parent package
2026-02-06 02:53:27 +05:00: Traceback (most recent call last):
2026-02-06 02:53:27 +05:00:   File "/mnt/d/Hackathons/hackathon-0/silver/src/watchers/whatsapp_watcher.py", line 16, in <module>
2026-02-06 02:53:27 +05:00:     from .base_watcher import BaseWatcher, TaskCreationError
2026-02-06 02:53:27 +05:00: ImportError: attempted relative import with no known parent package
2026-02-06 02:53:35 +05:00: Traceback (most recent call last):
2026-02-06 02:53:35 +05:00:   File "/mnt/d/Hackathons/hackathon-0/silver/src/watchers/whatsapp_watcher.py", line 16, in <module>
2026-02-06 02:53:35 +05:00:     from .base_watcher import BaseWatcher, TaskCreationError
2026-02-06 02:53:35 +05:00: ImportError: attempted relative import with no known parent package
2026-02-06 02:53:41 +05:00: Traceback (most recent call last):
2026-02-06 02:53:41 +05:00:   File "/mnt/d/Hackathons/hackathon-0/silver/src/watchers/whatsapp_watcher.py", line 16, in <module>
2026-02-06 02:53:41 +05:00:     from .base_watcher import BaseWatcher, TaskCreationError
2026-02-06 02:53:41 +05:00: ImportError: attempted relative import with no known parent package
2026-02-06 02:53:49 +05:00: Traceback (most recent call last):
2026-02-06 02:53:49 +05:00:   File "/mnt/d/Hackathons/hackathon-0/silver/src/watchers/whatsapp_watcher.py", line 16, in <module>
2026-02-06 02:53:49 +05:00:     from .base_watcher import BaseWatcher, TaskCreationError
2026-02-06 02:53:49 +05:00: ImportError: attempted relative import with no known parent package
2026-02-06 02:53:56 +05:00: Traceback (most recent call last):
2026-02-06 02:53:56 +05:00:   File "/mnt/d/Hackathons/hackathon-0/silver/src/watchers/whatsapp_watcher.py", line 16, in <module>
2026-02-06 02:53:56 +05:00:     from .base_watcher import BaseWatcher, TaskCreationError
2026-02-06 02:53:56 +05:00: ImportError: attempted relative import with no known parent package
2026-02-06 02:54:04 +05:00: Traceback (most recent call last):
2026-02-06 02:54:04 +05:00:   File "/mnt/d/Hackathons/hackathon-0/silver/src/watchers/whatsapp_watcher.py", line 16, in <module>
2026-02-06 02:54:04 +05:00:     from .base_watcher import BaseWatcher, TaskCreationError
2026-02-06 02:54:04 +05:00: ImportError: attempted relative import with no known parent package
2026-02-06 02:54:10 +05:00: Traceback (most recent call last):
2026-02-06 02:54:10 +05:00:   File "/mnt/d/Hackathons/hackathon-0/silver/src/watchers/whatsapp_watcher.py", line 16, in <module>
2026-02-06 02:54:10 +05:00:     from .base_watcher import BaseWatcher, TaskCreationError
2026-02-06 02:54:10 +05:00: ImportError: attempted relative import with no known parent package
2026-02-06 02:54:18 +05:00: Traceback (most recent call last):
2026-02-06 02:54:18 +05:00:   File "/mnt/d/Hackathons/hackathon-0/silver/src/watchers/whatsapp_watcher.py", line 16, in <module>
2026-02-06 02:54:18 +05:00:     from .base_watcher import BaseWatcher, TaskCreationError
2026-02-06 02:54:18 +05:00: ImportError: attempted relative import with no known parent package
2026-02-06 02:54:25 +05:00: Traceback (most recent call last):
2026-02-06 02:54:25 +05:00:   File "/mnt/d/Hackathons/hackathon-0/silver/src/watchers/whatsapp_watcher.py", line 16, in <module>
2026-02-06 02:54:25 +05:00:     from .base_watcher import BaseWatcher, TaskCreationError
2026-02-06 02:54:25 +05:00: ImportError: attempted relative import with no known parent package
2026-02-06 02:54:32 +05:00: Traceback (most recent call last):
2026-02-06 02:54:32 +05:00:   File "/mnt/d/Hackathons/hackathon-0/silver/src/watchers/whatsapp_watcher.py", line 16, in <module>
2026-02-06 02:54:32 +05:00:     from .base_watcher import BaseWatcher, TaskCreationError
2026-02-06 02:54:32 +05:00: ImportError: attempted relative import with no known parent package
2026-02-06 02:54:39 +05:00: Traceback (most recent call last):
2026-02-06 02:54:39 +05:00:   File "/mnt/d/Hackathons/hackathon-0/silver/src/watchers/whatsapp_watcher.py", line 16, in <module>
2026-02-06 02:54:39 +05:00:     from .base_watcher import BaseWatcher, TaskCreationError
2026-02-06 02:54:39 +05:00: ImportError: attempted relative import with no known parent package
2026-02-06 02:54:47 +05:00: Traceback (most recent call last):
2026-02-06 02:54:47 +05:00:   File "/mnt/d/Hackathons/hackathon-0/silver/src/watchers/whatsapp_watcher.py", line 16, in <module>
2026-02-06 02:54:47 +05:00:     from .base_watcher import BaseWatcher, TaskCreationError
2026-02-06 02:54:47 +05:00: ImportError: attempted relative import with no known parent package
2026-02-06 02:54:54 +05:00: Traceback (most recent call last):
2026-02-06 02:54:54 +05:00:   File "/mnt/d/Hackathons/hackathon-0/silver/src/watchers/whatsapp_watcher.py", line 16, in <module>
2026-02-06 02:54:54 +05:00:     from .base_watcher import BaseWatcher, TaskCreationError
2026-02-06 02:54:54 +05:00: ImportError: attempted relative import with no known parent package
2026-02-06 02:55:02 +05:00: Traceback (most recent call last):
2026-02-06 02:55:02 +05:00:   File "/mnt/d/Hackathons/hackathon-0/silver/src/watchers/whatsapp_watcher.py", line 16, in <module>
2026-02-06 02:55:02 +05:00:     from .base_watcher import BaseWatcher, TaskCreationError
2026-02-06 02:55:02 +05:00: ImportError: attempted relative import with no known parent package
2026-02-06 02:55:09 +05:00: Traceback (most recent call last):
2026-02-06 02:55:09 +05:00:   File "/mnt/d/Hackathons/hackathon-0/silver/src/watchers/whatsapp_watcher.py", line 16, in <module>
2026-02-06 02:55:09 +05:00:     from .base_watcher import BaseWatcher, TaskCreationError
2026-02-06 02:55:09 +05:00: ImportError: attempted relative import with no known parent package
2026-02-06 02:55:17 +05:00: Traceback (most recent call last):
2026-02-06 02:55:17 +05:00:   File "/mnt/d/Hackathons/hackathon-0/silver/src/watchers/whatsapp_watcher.py", line 16, in <module>
2026-02-06 02:55:17 +05:00:     from .base_watcher import BaseWatcher, TaskCreationError
2026-02-06 02:55:17 +05:00: 
2026-02-06 02:55:17 +05:00: ImportError: attempted relative import with no known parent package
2026-02-06 02:55:24 +05:00: Traceback (most recent call last):
2026-02-06 02:55:24 +05:00:   File "/mnt/d/Hackathons/hackathon-0/silver/src/watchers/whatsapp_watcher.py", line 16, in <module>
2026-02-06 02:55:24 +05:00:     from .base_watcher import BaseWatcher, TaskCreationError
2026-02-06 02:55:24 +05:00: ImportError: attempted relative import with no known parent package
2026-02-06 02:55:31 +05:00: Traceback (most recent call last):
2026-02-06 02:55:31 +05:00:   File "/mnt/d/Hackathons/hackathon-0/silver/src/watchers/whatsapp_watcher.py", line 16, in <module>
2026-02-06 02:55:31 +05:00:     from .base_watcher import BaseWatcher, TaskCreationError
2026-02-06 02:55:31 +05:00: ImportError: attempted relative import with no known parent package
2026-02-06 02:55:39 +05:00: Traceback (most recent call last):
2026-02-06 02:55:39 +05:00:   File "/mnt/d/Hackathons/hackathon-0/silver/src/watchers/whatsapp_watcher.py", line 16, in <module>
2026-02-06 02:55:39 +05:00:     from .base_watcher import BaseWatcher, TaskCreationError
2026-02-06 02:55:39 +05:00: ImportError: attempted relative import with no known parent package
2026-02-06 02:55:46 +05:00: Traceback (most recent call last):
2026-02-06 02:55:46 +05:00:   File "/mnt/d/Hackathons/hackathon-0/silver/src/watchers/whatsapp_watcher.py", line 16, in <module>
2026-02-06 02:55:46 +05:00:     from .base_watcher import BaseWatcher, TaskCreationError
2026-02-06 02:55:46 +05:00: ImportError: attempted relative import with no known parent package
2026-02-06 02:55:53 +05:00: Traceback (most recent call last):
2026-02-06 02:55:53 +05:00:   File "/mnt/d/Hackathons/hackathon-0/silver/src/watchers/whatsapp_watcher.py", line 16, in <module>
2026-02-06 02:55:53 +05:00:     from .base_watcher import BaseWatcher, TaskCreationError
2026-02-06 02:55:53 +05:00: ImportError: attempted relative import with no known parent package
2026-02-06 02:56:00 +05:00: Traceback (most recent call last):
2026-02-06 02:56:00 +05:00:   File "/mnt/d/Hackathons/hackathon-0/silver/src/watchers/whatsapp_watcher.py", line 16, in <module>
2026-02-06 02:56:00 +05:00:     from .base_watcher import BaseWatcher, TaskCreationError
2026-02-06 02:56:00 +05:00: ImportError: attempted relative import with no known parent package
2026-02-06 02:56:07 +05:00: Traceback (most recent call last):
2026-02-06 02:56:07 +05:00:   File "/mnt/d/Hackathons/hackathon-0/silver/src/watchers/whatsapp_watcher.py", line 16, in <module>
2026-02-06 02:56:07 +05:00:     from .base_watcher import BaseWatcher, TaskCreationError
2026-02-06 02:56:07 +05:00: ImportError: attempted relative import with no known parent package
2026-02-06 02:56:14 +05:00: Traceback (most recent call last):
2026-02-06 02:56:14 +05:00:   File "/mnt/d/Hackathons/hackathon-0/silver/src/watchers/whatsapp_watcher.py", line 16, in <module>
2026-02-06 02:56:14 +05:00:     from .base_watcher import BaseWatcher, TaskCreationError
2026-02-06 02:56:14 +05:00: ImportError: attempted relative import with no known parent package
2026-02-06 02:56:22 +05:00: Traceback (most recent call last):
2026-02-06 02:56:22 +05:00:   File "/mnt/d/Hackathons/hackathon-0/silver/src/watchers/whatsapp_watcher.py", line 16, in <module>
2026-02-06 02:56:22 +05:00:     from .base_watcher import BaseWatcher, TaskCreationError
2026-02-06 02:56:22 +05:00: ImportError: attempted relative import with no known parent package
2026-02-06 02:56:29 +05:00: Traceback (most recent call last):
2026-02-06 02:56:29 +05:00:   File "/mnt/d/Hackathons/hackathon-0/silver/src/watchers/whatsapp_watcher.py", line 16, in <module>
2026-02-06 02:56:29 +05:00:     from .base_watcher import BaseWatcher, TaskCreationError
2026-02-06 02:56:29 +05:00: ImportError: attempted relative import with no known parent package
2026-02-06 02:56:36 +05:00: Traceback (most recent call last):
2026-02-06 02:56:36 +05:00:   File "/mnt/d/Hackathons/hackathon-0/silver/src/watchers/whatsapp_watcher.py", line 16, in <module>
2026-02-06 02:56:36 +05:00:     from .base_watcher import BaseWatcher, TaskCreationError
2026-02-06 02:56:36 +05:00: ImportError: attempted relative import with no known parent package
2026-02-06 02:56:43 +05:00: Traceback (most recent call last):
2026-02-06 02:56:43 +05:00:   File "/mnt/d/Hackathons/hackathon-0/silver/src/watchers/whatsapp_watcher.py", line 16, in <module>
2026-02-06 02:56:43 +05:00:     from .base_watcher import BaseWatcher, TaskCreationError
2026-02-06 02:56:43 +05:00: ImportError: attempted relative import with no known parent package
2026-02-06 02:56:50 +05:00: Traceback (most recent call last):
2026-02-06 02:56:50 +05:00:   File "/mnt/d/Hackathons/hackathon-0/silver/src/watchers/whatsapp_watcher.py", line 16, in <module>
2026-02-06 02:56:50 +05:00:     from .base_watcher import BaseWatcher, TaskCreationError
2026-02-06 02:56:50 +05:00: ImportError: attempted relative import with no known parent package
2026-02-06 02:56:57 +05:00: Traceback (most recent call last):
2026-02-06 02:56:57 +05:00:   File "/mnt/d/Hackathons/hackathon-0/silver/src/watchers/whatsapp_watcher.py", line 16, in <module>
2026-02-06 02:56:57 +05:00:     from .base_watcher import BaseWatcher, TaskCreationError
2026-02-06 02:56:57 +05:00: ImportError: attempted relative import with no known parent package
2026-02-06 02:57:04 +05:00: Traceback (most recent call last):
2026-02-06 02:57:04 +05:00:   File "/mnt/d/Hackathons/hackathon-0/silver/src/watchers/whatsapp_watcher.py", line 16, in <module>
2026-02-06 02:57:04 +05:00:     from .base_watcher import BaseWatcher, TaskCreationError
2026-02-06 02:57:04 +05:00: ImportError: attempted relative import with no known parent package
2026-02-06 02:57:11 +05:00: Traceback (most recent call last):
2026-02-06 02:57:11 +05:00:   File "/mnt/d/Hackathons/hackathon-0/silver/src/watchers/whatsapp_watcher.py", line 16, in <module>
2026-02-06 02:57:11 +05:00:     from .base_watcher import BaseWatcher, TaskCreationError
2026-02-06 02:57:11 +05:00: ImportError: attempted relative import with no known parent package
2026-02-06 02:57:18 +05:00: Traceback (most recent call last):
2026-02-06 02:57:18 +05:00:   File "/mnt/d/Hackathons/hackathon-0/silver/src/watchers/whatsapp_watcher.py", line 16, in <module>
2026-02-06 02:57:18 +05:00:     from .base_watcher import BaseWatcher, TaskCreationError
2026-02-06 02:57:18 +05:00: ImportError: attempted relative import with no known parent package
2026-02-06 02:57:25 +05:00: Traceback (most recent call last):
2026-02-06 02:57:25 +05:00:   File "/mnt/d/Hackathons/hackathon-0/silver/src/watchers/whatsapp_watcher.py", line 16, in <module>
2026-02-06 02:57:25 +05:00:     from .base_watcher import BaseWatcher, TaskCreationError
2026-02-06 02:57:25 +05:00: 
2026-02-06 02:57:25 +05:00: ImportError: attempted relative import with no known parent package
2026-02-06 02:57:33 +05:00: Traceback (most recent call last):
2026-02-06 02:57:33 +05:00:   File "/mnt/d/Hackathons/hackathon-0/silver/src/watchers/whatsapp_watcher.py", line 16, in <module>
2026-02-06 02:57:33 +05:00:     from .base_watcher import BaseWatcher, TaskCreationError
2026-02-06 02:57:33 +05:00: ImportError: attempted relative import with no known parent package
2026-02-06 02:57:40 +05:00: Traceback (most recent call last):
2026-02-06 02:57:40 +05:00:   File "/mnt/d/Hackathons/hackathon-0/silver/src/watchers/whatsapp_watcher.py", line 16, in <module>
2026-02-06 02:57:40 +05:00:     from .base_watcher import BaseWatcher, TaskCreationError
2026-02-06 02:57:40 +05:00: ImportError: attempted relative import with no known parent package
2026-02-06 02:57:48 +05:00: Traceback (most recent call last):
2026-02-06 02:57:48 +05:00:   File "/mnt/d/Hackathons/hackathon-0/silver/src/watchers/whatsapp_watcher.py", line 16, in <module>
2026-02-06 02:57:48 +05:00:     from .base_watcher import BaseWatcher, TaskCreationError
2026-02-06 02:57:48 +05:00: ImportError: attempted relative import with no known parent package
2026-02-06 02:57:55 +05:00: Traceback (most recent call last):
2026-02-06 02:57:55 +05:00:   File "/mnt/d/Hackathons/hackathon-0/silver/src/watchers/whatsapp_watcher.py", line 16, in <module>
2026-02-06 02:57:55 +05:00:     from .base_watcher import BaseWatcher, TaskCreationError
2026-02-06 02:57:55 +05:00: ImportError: attempted relative import with no known parent package
2026-02-06 02:58:02 +05:00: Traceback (most recent call last):
2026-02-06 02:58:02 +05:00:   File "/mnt/d/Hackathons/hackathon-0/silver/src/watchers/whatsapp_watcher.py", line 16, in <module>
2026-02-06 02:58:02 +05:00:     from .base_watcher import BaseWatcher, TaskCreationError
2026-02-06 02:58:02 +05:00: ImportError: attempted relative import with no known parent package
2026-02-06 02:58:09 +05:00: Traceback (most recent call last):
2026-02-06 02:58:09 +05:00:   File "/mnt/d/Hackathons/hackathon-0/silver/src/watchers/whatsapp_watcher.py", line 16, in <module>
2026-02-06 02:58:09 +05:00:     from .base_watcher import BaseWatcher, TaskCreationError
2026-02-06 02:58:09 +05:00: ImportError: attempted relative import with no known parent package
2026-02-06 02:58:16 +05:00: Traceback (most recent call last):
2026-02-06 02:58:16 +05:00:   File "/mnt/d/Hackathons/hackathon-0/silver/src/watchers/whatsapp_watcher.py", line 16, in <module>
2026-02-06 02:58:16 +05:00:     from .base_watcher import BaseWatcher, TaskCreationError
2026-02-06 02:58:16 +05:00: ImportError: attempted relative import with no known parent package
2026-02-06 02:58:23 +05:00: Traceback (most recent call last):
2026-02-06 02:58:23 +05:00:   File "/mnt/d/Hackathons/hackathon-0/silver/src/watchers/whatsapp_watcher.py", line 16, in <module>
2026-02-06 02:58:23 +05:00:     from .base_watcher import BaseWatcher, TaskCreationError
2026-02-06 02:58:23 +05:00: ImportError: attempted relative import with no known parent package
2026-02-06 02:58:30 +05:00: Traceback (most recent call last):
2026-02-06 02:58:30 +05:00:   File "/mnt/d/Hackathons/hackathon-0/silver/src/watchers/whatsapp_watcher.py", line 16, in <module>
2026-02-06 02:58:30 +05:00:     from .base_watcher import BaseWatcher, TaskCreationError
2026-02-06 02:58:30 +05:00: ImportError: attempted relative import with no known parent package
2026-02-06 02:58:37 +05:00: Traceback (most recent call last):
2026-02-06 02:58:37 +05:00:   File "/mnt/d/Hackathons/hackathon-0/silver/src/watchers/whatsapp_watcher.py", line 16, in <module>
2026-02-06 02:58:37 +05:00:     from .base_watcher import BaseWatcher, TaskCreationError
2026-02-06 02:58:37 +05:00: ImportError
2026-02-06 02:58:37 +05:00: : attempted relative import with no known parent package
2026-02-06 02:58:44 +05:00: Traceback (most recent call last):
2026-02-06 02:58:44 +05:00:   File "/mnt/d/Hackathons/hackathon-0/silver/src/watchers/whatsapp_watcher.py", line 16, in <module>
2026-02-06 02:58:44 +05:00:     from .base_watcher import BaseWatcher, TaskCreationError
2026-02-06 02:58:44 +05:00: ImportError: attempted relative import with no known parent package
2026-02-06 02:58:51 +05:00: Traceback (most recent call last):
2026-02-06 02:58:51 +05:00:   File "/mnt/d/Hackathons/hackathon-0/silver/src/watchers/whatsapp_watcher.py", line 16, in <module>
2026-02-06 02:58:51 +05:00:     from .base_watcher import BaseWatcher, TaskCreationError
2026-02-06 02:58:51 +05:00: ImportError: attempted relative import with no known parent package
2026-02-06 02:58:59 +05:00: Traceback (most recent call last):
2026-02-06 02:58:59 +05:00:   File "/mnt/d/Hackathons/hackathon-0/silver/src/watchers/whatsapp_watcher.py", line 16, in <module>
2026-02-06 02:58:59 +05:00:     from .base_watcher import BaseWatcher, TaskCreationError
2026-02-06 02:58:59 +05:00: ImportError: attempted relative import with no known parent package
2026-02-06 02:59:06 +05:00: Traceback (most recent call last):
2026-02-06 02:59:06 +05:00:   File "/mnt/d/Hackathons/hackathon-0/silver/src/watchers/whatsapp_watcher.py", line 16, in <module>
2026-02-06 02:59:06 +05:00:     from .base_watcher import BaseWatcher, TaskCreationError
2026-02-06 02:59:06 +05:00: ImportError: attempted relative import with no known parent package
2026-02-06 02:59:13 +05:00: Traceback (most recent call last):
2026-02-06 02:59:13 +05:00:   File "/mnt/d/Hackathons/hackathon-0/silver/src/watchers/whatsapp_watcher.py", line 16, in <module>
2026-02-06 02:59:13 +05:00:     from .base_watcher import BaseWatcher, TaskCreationError
2026-02-06 02:59:13 +05:00: 
2026-02-06 02:59:20 +05:00: Traceback (most recent call last):
2026-02-06 02:59:20 +05:00:   File "/mnt/d/Hackathons/hackathon-0/silver/src/watchers/whatsapp_watcher.py", line 16, in <module>
2026-02-06 02:59:20 +05:00:     from .base_watcher import BaseWatcher, TaskCreationError
2026-02-06 02:59:20 +05:00: ImportError: attempted relative import with no known parent package
2026-02-06 02:59:28 +05:00: Traceback (most recent call last):
2026-02-06 02:59:28 +05:00:   File "/mnt/d/Hackathons/hackathon-0/silver/src/watchers/whatsapp_watcher.py", line 16, in <module>
2026-02-06 02:59:28 +05:00:     from .base_watcher import BaseWatcher, TaskCreationError
2026-02-06 02:59:28 +05:00: ImportError: attempted relative import with no known parent package
2026-02-06 02:59:35 +05:00: Traceback (most recent call last):
2026-02-06 02:59:35 +05:00:   File "/mnt/d/Hackathons/hackathon-0/silver/src/watchers/whatsapp_watcher.py", line 16, in <module>
2026-02-06 02:59:35 +05:00:     from .base_watcher import BaseWatcher, TaskCreationError
2026-02-06 02:59:35 +05:00: ImportError: attempted relative import with no known parent package
2026-02-06 02:59:43 +05:00: Traceback (most recent call last):
2026-02-06 02:59:43 +05:00:   File "/mnt/d/Hackathons/hackathon-0/silver/src/watchers/whatsapp_watcher.py", line 16, in <module>
2026-02-06 02:59:43 +05:00:     from .base_watcher import BaseWatcher, TaskCreationError
2026-02-06 02:59:43 +05:00: ImportError: attempted relative import with no known parent package
2026-02-06 02:59:50 +05:00: Traceback (most recent call last):
2026-02-06 02:59:50 +05:00:   File "/mnt/d/Hackathons/hackathon-0/silver/src/watchers/whatsapp_watcher.py", line 16, in <module>
2026-02-06 02:59:50 +05:00:     from .base_watcher import BaseWatcher, TaskCreationError
2026-02-06 02:59:50 +05:00: ImportError: attempted relative import with no known parent package
2026-02-06 02:59:57 +05:00: Traceback (most recent call last):
2026-02-06 02:59:57 +05:00:   File "/mnt/d/Hackathons/hackathon-0/silver/src/watchers/whatsapp_watcher.py", line 16, in <module>
2026-02-06 02:59:57 +05:00:     from .base_watcher import BaseWatcher, TaskCreationError
2026-02-06 02:59:57 +05:00: ImportError: attempted relative import with no known parent package
2026-02-06 03:00:04 +05:00: Traceback (most recent call last):
2026-02-06 03:00:04 +05:00:   File "/mnt/d/Hackathons/hackathon-0/silver/src/watchers/whatsapp_watcher.py", line 16, in <module>
2026-02-06 03:00:04 +05:00:     from .base_watcher import BaseWatcher, TaskCreationError
2026-02-06 03:00:04 +05:00: ImportError: attempted relative import with no known parent package
2026-02-06 03:00:11 +05:00: Traceback (most recent call last):
2026-02-06 03:00:11 +05:00:   File "/mnt/d/Hackathons/hackathon-0/silver/src/watchers/whatsapp_watcher.py", line 16, in <module>
2026-02-06 03:00:11 +05:00:     from .base_watcher import BaseWatcher, TaskCreationError
2026-02-06 03:00:11 +05:00: ImportError: attempted relative import with no known parent package
2026-02-06 03:00:18 +05:00: Traceback (most recent call last):
2026-02-06 03:00:18 +05:00:   File "/mnt/d/Hackathons/hackathon-0/silver/src/watchers/whatsapp_watcher.py", line 16, in <module>
2026-02-06 03:00:18 +05:00:     from .base_watcher import BaseWatcher, TaskCreationError
2026-02-06 03:00:18 +05:00: ImportError: attempted relative import with no known parent package
2026-02-06 03:00:25 +05:00: Traceback (most recent call last):
2026-02-06 03:00:25 +05:00:   File "/mnt/d/Hackathons/hackathon-0/silver/src/watchers/whatsapp_watcher.py", line 16, in <module>
2026-02-06 03:00:25 +05:00:     from .base_watcher import BaseWatcher, TaskCreationError
2026-02-06 03:00:25 +05:00: ImportError: attempted relative import with no known parent package
2026-02-06 03:00:32 +05:00: Traceback (most recent call last):
2026-02-06 03:00:32 +05:00:   File "/mnt/d/Hackathons/hackathon-0/silver/src/watchers/whatsapp_watcher.py", line 16, in <module>
2026-02-06 03:00:32 +05:00:     from .base_watcher import BaseWatcher, TaskCreationError
2026-02-06 03:00:32 +05:00: ImportError: attempted relative import with no known parent package
2026-02-06 03:00:39 +05:00: Traceback (most recent call last):
2026-02-06 03:00:39 +05:00:   File "/mnt/d/Hackathons/hackathon-0/silver/src/watchers/whatsapp_watcher.py", line 16, in <module>
2026-02-06 03:00:39 +05:00:     from .base_watcher import BaseWatcher, TaskCreationError
2026-02-06 03:00:39 +05:00: ImportError: attempted relative import with no known parent package
2026-02-06 03:00:46 +05:00: Traceback (most recent call last):
2026-02-06 03:00:46 +05:00:   File "/mnt/d/Hackathons/hackathon-0/silver/src/watchers/whatsapp_watcher.py", line 16, in <module>
2026-02-06 03:00:46 +05:00:     from .base_watcher import BaseWatcher, TaskCreationError
2026-02-06 03:00:46 +05:00: ImportError: attempted relative import with no known parent package
2026-02-06 03:00:53 +05:00: Traceback (most recent call last):
2026-02-06 03:00:53 +05:00:   File "/mnt/d/Hackathons/hackathon-0/silver/src/watchers/whatsapp_watcher.py", line 16, in <module>
2026-02-06 03:00:53 +05:00:     from .base_watcher import BaseWatcher, TaskCreationError
2026-02-06 03:00:53 +05:00: ImportError: attempted relative import with no known parent package
2026-02-06 03:01:00 +05:00: Traceback (most recent call last):
2026-02-06 03:01:00 +05:00:   File "/mnt/d/Hackathons/hackathon-0/silver/src/watchers/whatsapp_watcher.py", line 16, in <module>
2026-02-06 03:01:00 +05:00:     from .base_watcher import BaseWatcher, TaskCreationError
2026-02-06 03:01:00 +05:00: ImportError: attempted relative import with no known parent package
2026-02-06 03:01:07 +05:00: Traceback (most recent call last):
2026-02-06 03:01:07 +05:00:   File "/mnt/d/Hackathons/hackathon-0/silver/src/watchers/whatsapp_watcher.py", line 16, in <module>
2026-02-06 03:01:07 +05:00:     from .base_watcher import BaseWatcher, TaskCreationError
2026-02-06 03:01:07 +05:00: ImportError: attempted relative import with no known parent package
2026-02-06 03:01:14 +05:00: Traceback (most recent call last):
2026-02-06 03:01:14 +05:00:   File "/mnt/d/Hackathons/hackathon-0/silver/src/watchers/whatsapp_watcher.py", line 16, in <module>
2026-02-06 03:01:14 +05:00:     from .base_watcher import BaseWatcher, TaskCreationError
2026-02-06 03:01:14 +05:00: ImportError: attempted relative import with no known parent package
2026-02-06 03:01:21 +05:00: Traceback (most recent call last):
2026-02-06 03:01:21 +05:00:   File "/mnt/d/Hackathons/hackathon-0/silver/src/watchers/whatsapp_watcher.py", line 16, in <module>
2026-02-06 03:01:21 +05:00:     from .base_watcher import BaseWatcher, TaskCreationError
2026-02-06 03:01:21 +05:00: ImportError: attempted relative import with no known parent package
2026-02-06 03:01:28 +05:00: Traceback (most recent call last):
2026-02-06 03:01:28 +05:00:   File "/mnt/d/Hackathons/hackathon-0/silver/src/watchers/whatsapp_watcher.py", line 16, in <module>
2026-02-06 03:01:28 +05:00:     from .base_watcher import BaseWatcher, TaskCreationError
2026-02-06 03:01:28 +05:00: ImportError: attempted relative import with no known parent package
2026-02-06 03:01:35 +05:00: Traceback (most recent call last):
2026-02-06 03:01:35 +05:00:   File "/mnt/d/Hackathons/hackathon-0/silver/src/watchers/whatsapp_watcher.py", line 16, in <module>
2026-02-06 03:01:35 +05:00:     from .base_watcher import BaseWatcher, TaskCreationError
2026-02-06 03:01:35 +05:00: ImportError: attempted relative import with no known parent package
2026-02-06 03:01:42 +05:00: Traceback (most recent call last):
2026-02-06 03:01:42 +05:00:   File "/mnt/d/Hackathons/hackathon-0/silver/src/watchers/whatsapp_watcher.py", line 16, in <module>
2026-02-06 03:01:42 +05:00:     from .base_watcher import BaseWatcher, TaskCreationError
2026-02-06 03:01:42 +05:00: ImportError: attempted relative import with no known parent package
2026-02-06 03:01:49 +05:00: Traceback (most recent call last):
2026-02-06 03:01:49 +05:00:   File "/mnt/d/Hackathons/hackathon-0/silver/src/watchers/whatsapp_watcher.py", line 16, in <module>
2026-02-06 03:01:49 +05:00:     from .base_watcher import BaseWatcher, TaskCreationError
2026-02-06 03:01:49 +05:00: ImportError: attempted relative import with no known parent package
2026-02-06 03:01:56 +05:00: Traceback (most recent call last):
2026-02-06 03:01:56 +05:00:   File "/mnt/d/Hackathons/hackathon-0/silver/src/watchers/whatsapp_watcher.py", line 16, in <module>
2026-02-06 03:01:56 +05:00:     from .base_watcher import BaseWatcher, TaskCreationError
2026-02-06 03:01:56 +05:00: ImportError: attempted relative import with no known parent package
2026-02-06 03:02:03 +05:00: Traceback (most recent call last):
2026-02-06 03:02:03 +05:00:   File "/mnt/d/Hackathons/hackathon-0/silver/src/watchers/whatsapp_watcher.py", line 16, in <module>
2026-02-06 03:02:03 +05:00:     from .base_watcher import BaseWatcher, TaskCreationError
2026-02-06 03:02:03 +05:00: ImportError: attempted relative import with no known parent package
2026-02-06 03:02:10 +05:00: Traceback (most recent call last):
2026-02-06 03:02:10 +05:00:   File "/mnt/d/Hackathons/hackathon-0/silver/src/watchers/whatsapp_watcher.py", line 16, in <module>
2026-02-06 03:02:10 +05:00:     from .base_watcher import BaseWatcher, TaskCreationError
2026-02-06 03:02:10 +05:00: ImportError: attempted relative import with no known parent package
2026-02-06 03:02:17 +05:00: Traceback (most recent call last):
2026-02-06 03:02:17 +05:00:   File "/mnt/d/Hackathons/hackathon-0/silver/src/watchers/whatsapp_watcher.py", line 16, in <module>
2026-02-06 03:02:17 +05:00:     from .base_watcher import BaseWatcher, TaskCreationError
2026-02-06 03:02:17 +05:00: 
2026-02-06 03:02:17 +05:00: ImportError: attempted relative import with no known parent package
2026-02-06 03:02:24 +05:00: Traceback (most recent call last):
2026-02-06 03:02:24 +05:00:   File "/mnt/d/Hackathons/hackathon-0/silver/src/watchers/whatsapp_watcher.py", line 16, in <module>
2026-02-06 03:02:24 +05:00:     from .base_watcher import BaseWatcher, TaskCreationError
2026-02-06 03:02:24 +05:00: ImportError: attempted relative import with no known parent package
2026-02-06 03:02:31 +05:00: Traceback (most recent call last):
2026-02-06 03:02:31 +05:00:   File "/mnt/d/Hackathons/hackathon-0/silver/src/watchers/whatsapp_watcher.py", line 16, in <module>
2026-02-06 03:02:31 +05:00:     from .base_watcher import BaseWatcher, TaskCreationError
2026-02-06 03:02:31 +05:00: ImportError: attempted relative import with no known parent package
2026-02-06 03:02:38 +05:00: Traceback (most recent call last):
2026-02-06 03:02:38 +05:00:   File "/mnt/d/Hackathons/hackathon-0/silver/src/watchers/whatsapp_watcher.py", line 16, in <module>
2026-02-06 03:02:38 +05:00:     from .base_watcher import BaseWatcher, TaskCreationError
2026-02-06 03:02:38 +05:00: ImportError: attempted relative import with no known parent package
2026-02-06 03:02:46 +05:00: Traceback (most recent call last):
2026-02-06 03:02:46 +05:00:   File "/mnt/d/Hackathons/hackathon-0/silver/src/watchers/whatsapp_watcher.py", line 16, in <module>
2026-02-06 03:02:46 +05:00:     from .base_watcher import BaseWatcher, TaskCreationError
2026-02-06 03:02:46 +05:00: ImportError: attempted relative import with no known parent package
2026-02-06 03:02:53 +05:00: Traceback (most recent call last):
2026-02-06 03:02:53 +05:00:   File "/mnt/d/Hackathons/hackathon-0/silver/src/watchers/whatsapp_watcher.py", line 16, in <module>
2026-02-06 03:02:53 +05:00:     from .base_watcher import BaseWatcher, TaskCreationError
2026-02-06 03:02:53 +05:00: ImportError: attempted relative import with no known parent package
2026-02-06 03:03:00 +05:00: Traceback (most recent call last):
2026-02-06 03:03:00 +05:00:   File "/mnt/d/Hackathons/hackathon-0/silver/src/watchers/whatsapp_watcher.py", line 16, in <module>
2026-02-06 03:03:00 +05:00:     from .base_watcher import BaseWatcher, TaskCreationError
2026-02-06 03:03:00 +05:00: ImportError: attempted relative import with no known parent package
2026-02-06 03:03:07 +05:00: Traceback (most recent call last):
2026-02-06 03:03:07 +05:00:   File "/mnt/d/Hackathons/hackathon-0/silver/src/watchers/whatsapp_watcher.py", line 16, in <module>
2026-02-06 03:03:07 +05:00:     from .base_watcher import BaseWatcher, TaskCreationError
2026-02-06 03:03:07 +05:00: ImportError: attempted relative import with no known parent package
2026-02-06 03:03:14 +05:00: Traceback (most recent call last):
2026-02-06 03:03:14 +05:00:   File "/mnt/d/Hackathons/hackathon-0/silver/src/watchers/whatsapp_watcher.py", line 16, in <module>
2026-02-06 03:03:14 +05:00:     from .base_watcher import BaseWatcher, TaskCreationError
2026-02-06 03:03:14 +05:00: ImportError: attempted relative import with no known parent package
2026-02-06 03:03:21 +05:00: Traceback (most recent call last):
2026-02-06 03:03:21 +05:00:   File "/mnt/d/Hackathons/hackathon-0/silver/src/watchers/whatsapp_watcher.py", line 16, in <module>
2026-02-06 03:03:21 +05:00:     from .base_watcher import BaseWatcher, TaskCreationError
2026-02-06 03:03:21 +05:00: ImportError: attempted relative import with no known parent package
2026-02-06 03:03:28 +05:00: Traceback (most recent call last):
2026-02-06 03:03:28 +05:00:   File "/mnt/d/Hackathons/hackathon-0/silver/src/watchers/whatsapp_watcher.py", line 16, in <module>
2026-02-06 03:03:28 +05:00:     from .base_watcher import BaseWatcher, TaskCreationError
2026-02-06 03:03:28 +05:00: ImportError: attempted relative import with no known parent package
2026-02-06 03:03:36 +05:00: Traceback (most recent call last):
2026-02-06 03:03:36 +05:00:   File "/mnt/d/Hackathons/hackathon-0/silver/src/watchers/whatsapp_watcher.py", line 16, in <module>
2026-02-06 03:03:36 +05:00:     from .base_watcher import BaseWatcher, TaskCreationError
2026-02-06 03:03:36 +05:00: ImportError: attempted relative import with no known parent package
2026-02-06 03:03:43 +05:00: Traceback (most recent call last):
2026-02-06 03:03:43 +05:00:   File "/mnt/d/Hackathons/hackathon-0/silver/src/watchers/whatsapp_watcher.py", line 16, in <module>
2026-02-06 03:03:43 +05:00:     from .base_watcher import BaseWatcher, TaskCreationError
2026-02-06 03:03:43 +05:00: ImportError: attempted relative import with no known parent package
2026-02-06 03:03:50 +05:00: Traceback (most recent call last):
2026-02-06 03:03:50 +05:00:   File "/mnt/d/Hackathons/hackathon-0/silver/src/watchers/whatsapp_watcher.py", line 16, in <module>
2026-02-06 03:03:50 +05:00:     from .base_watcher import BaseWatcher, TaskCreationError
2026-02-06 03:03:50 +05:00: ImportError: attempted relative import with no known parent package
2026-02-06 03:03:57 +05:00: Traceback (most recent call last):
2026-02-06 03:03:57 +05:00:   File "/mnt/d/Hackathons/hackathon-0/silver/src/watchers/whatsapp_watcher.py", line 16, in <module>
2026-02-06 03:03:57 +05:00:     from .base_watcher import BaseWatcher, TaskCreationError
2026-02-06 03:03:57 +05:00: ImportError: attempted relative import with no known parent package
2026-02-06 03:04:04 +05:00: Traceback (most recent call last):
2026-02-06 03:04:04 +05:00:   File "/mnt/d/Hackathons/hackathon-0/silver/src/watchers/whatsapp_watcher.py", line 16, in <module>
2026-02-06 03:04:04 +05:00:     from .base_watcher import BaseWatcher, TaskCreationError
2026-02-06 03:04:04 +05:00: 
2026-02-06 03:04:11 +05:00: Traceback (most recent call last):
2026-02-06 03:04:11 +05:00:   File "/mnt/d/Hackathons/hackathon-0/silver/src/watchers/whatsapp_watcher.py", line 16, in <module>
2026-02-06 03:04:11 +05:00:     from .base_watcher import BaseWatcher, TaskCreationError
2026-02-06 03:04:11 +05:00: ImportError: attempted relative import with no known parent package
2026-02-06 03:04:18 +05:00: Traceback (most recent call last):
2026-02-06 03:04:18 +05:00:   File "/mnt/d/Hackathons/hackathon-0/silver/src/watchers/whatsapp_watcher.py", line 16, in <module>
2026-02-06 03:04:18 +05:00:     from .base_watcher import BaseWatcher, TaskCreationError
2026-02-06 03:04:18 +05:00: ImportError: attempted relative import with no known parent package
2026-02-06 03:04:25 +05:00: Traceback (most recent call last):
2026-02-06 03:04:25 +05:00:   File "/mnt/d/Hackathons/hackathon-0/silver/src/watchers/whatsapp_watcher.py", line 16, in <module>
2026-02-06 03:04:25 +05:00:     from .base_watcher import BaseWatcher, TaskCreationError
2026-02-06 03:04:25 +05:00: ImportError: attempted relative import with no known parent package
2026-02-06 03:04:32 +05:00: Traceback (most recent call last):
2026-02-06 03:04:32 +05:00:   File "/mnt/d/Hackathons/hackathon-0/silver/src/watchers/whatsapp_watcher.py", line 16, in <module>
2026-02-06 03:04:32 +05:00:     from .base_watcher import BaseWatcher, TaskCreationError
2026-02-06 03:04:32 +05:00: ImportError: attempted relative import with no known parent package
2026-02-06 03:04:39 +05:00: Traceback (most recent call last):
2026-02-06 03:04:39 +05:00:   File "/mnt/d/Hackathons/hackathon-0/silver/src/watchers/whatsapp_watcher.py", line 16, in <module>
2026-02-06 03:04:39 +05:00:     from .base_watcher import BaseWatcher, TaskCreationError
2026-02-06 03:04:39 +05:00: ImportError: attempted relative import with no known parent package
2026-02-06 03:04:46 +05:00: Traceback (most recent call last):
2026-02-06 03:04:46 +05:00:   File "/mnt/d/Hackathons/hackathon-0/silver/src/watchers/whatsapp_watcher.py", line 16, in <module>
2026-02-06 03:04:46 +05:00:     from .base_watcher import BaseWatcher, TaskCreationError
2026-02-06 03:04:46 +05:00: ImportError: attempted relative import with no known parent package
2026-02-06 03:04:53 +05:00: Traceback (most recent call last):
2026-02-06 03:04:53 +05:00:   File "/mnt/d/Hackathons/hackathon-0/silver/src/watchers/whatsapp_watcher.py", line 16, in <module>
2026-02-06 03:04:53 +05:00:     from .base_watcher import BaseWatcher, TaskCreationError
2026-02-06 03:04:53 +05:00: ImportError: attempted relative import with no known parent package
2026-02-06 03:05:00 +05:00: Traceback (most recent call last):
2026-02-06 03:05:00 +05:00:   File "/mnt/d/Hackathons/hackathon-0/silver/src/watchers/whatsapp_watcher.py", line 16, in <module>
2026-02-06 03:05:00 +05:00:     from .base_watcher import BaseWatcher, TaskCreationError
2026-02-06 03:05:00 +05:00: ImportError: attempted relative import with no known parent package
2026-02-06 03:05:08 +05:00: Traceback (most recent call last):
2026-02-06 03:05:08 +05:00:   File "/mnt/d/Hackathons/hackathon-0/silver/src/watchers/whatsapp_watcher.py", line 16, in <module>
2026-02-06 03:05:08 +05:00:     from .base_watcher import BaseWatcher, TaskCreationError
2026-02-06 03:05:08 +05:00: ImportError: attempted relative import with no known parent package
2026-02-06 03:05:15 +05:00: Traceback (most recent call last):
2026-02-06 03:05:15 +05:00:   File "/mnt/d/Hackathons/hackathon-0/silver/src/watchers/whatsapp_watcher.py", line 16, in <module>
2026-02-06 03:05:15 +05:00:     from .base_watcher import BaseWatcher, TaskCreationError
2026-02-06 03:05:15 +05:00: ImportError: attempted relative import with no known parent package
2026-02-06 03:05:22 +05:00: Traceback (most recent call last):
2026-02-06 03:05:22 +05:00:   File "/mnt/d/Hackathons/hackathon-0/silver/src/watchers/whatsapp_watcher.py", line 16, in <module>
2026-02-06 03:05:22 +05:00:     from .base_watcher import BaseWatcher, TaskCreationError
2026-02-06 03:05:22 +05:00: ImportError: attempted relative import with no known parent package
2026-02-06 03:05:29 +05:00: Traceback (most recent call last):
2026-02-06 03:05:29 +05:00:   File "/mnt/d/Hackathons/hackathon-0/silver/src/watchers/whatsapp_watcher.py", line 16, in <module>
2026-02-06 03:05:29 +05:00:     from .base_watcher import BaseWatcher, TaskCreationError
2026-02-06 03:05:29 +05:00: ImportError: attempted relative import with no known parent package
2026-02-06 03:05:36 +05:00: Traceback (most recent call last):
2026-02-06 03:05:36 +05:00:   File "/mnt/d/Hackathons/hackathon-0/silver/src/watchers/whatsapp_watcher.py", line 16, in <module>
2026-02-06 03:05:36 +05:00:     from .base_watcher import BaseWatcher, TaskCreationError
2026-02-06 03:05:36 +05:00: ImportError: attempted relative import with no known parent package
2026-02-06 03:05:43 +05:00: Traceback (most recent call last):
2026-02-06 03:05:43 +05:00:   File "/mnt/d/Hackathons/hackathon-0/silver/src/watchers/whatsapp_watcher.py", line 16, in <module>
2026-02-06 03:05:43 +05:00:     from .base_watcher import BaseWatcher, TaskCreationError
2026-02-06 03:05:43 +05:00: ImportError: attempted relative import with no known parent package
2026-02-06 03:05:50 +05:00: Traceback (most recent call last):
2026-02-06 03:05:50 +05:00:   File "/mnt/d/Hackathons/hackathon-0/silver/src/watchers/whatsapp_watcher.py", line 16, in <module>
2026-02-06 03:05:50 +05:00:     from .base_watcher import BaseWatcher, TaskCreationError
2026-02-06 03:05:50 +05:00: ImportError: attempted relative import with no known parent package
2026-02-06 03:05:57 +05:00: Traceback (most recent call last):
2026-02-06 03:05:57 +05:00:   File "/mnt/d/Hackathons/hackathon-0/silver/src/watchers/whatsapp_watcher.py", line 16, in <module>
2026-02-06 03:05:57 +05:00:     from .base_watcher import BaseWatcher, TaskCreationError
2026-02-06 03:05:57 +05:00: ImportError: attempted relative import with no known parent package
2026-02-06 03:06:03 +05:00: Traceback (most recent call last):
2026-02-06 03:06:03 +05:00:   File "/mnt/d/Hackathons/hackathon-0/silver/src/watchers/whatsapp_watcher.py", line 16, in <module>
2026-02-06 03:06:03 +05:00:     from .base_watcher import BaseWatcher, TaskCreationError
2026-02-06 03:06:03 +05:00: ImportError: attempted relative import with no known parent package
2026-02-06 03:06:10 +05:00: Traceback (most recent call last):
2026-02-06 03:06:10 +05:00:   File "/mnt/d/Hackathons/hackathon-0/silver/src/watchers/whatsapp_watcher.py", line 16, in <module>
2026-02-06 03:06:10 +05:00:     from .base_watcher import BaseWatcher, TaskCreationError
2026-02-06 03:06:10 +05:00: ImportError: attempted relative import with no known parent package
2026-02-06 03:06:17 +05:00: Traceback (most recent call last):
2026-02-06 03:06:17 +05:00:   File "/mnt/d/Hackathons/hackathon-0/silver/src/watchers/whatsapp_watcher.py", line 16, in <module>
2026-02-06 03:06:17 +05:00:     from .base_watcher import BaseWatcher, TaskCreationError
2026-02-06 03:06:17 +05:00: ImportError: attempted relative import with no known parent package
2026-02-06 03:06:24 +05:00: Traceback (most recent call last):
2026-02-06 03:06:24 +05:00:   File "/mnt/d/Hackathons/hackathon-0/silver/src/watchers/whatsapp_watcher.py", line 16, in <module>
2026-02-06 03:06:24 +05:00:     from .base_watcher import BaseWatcher, TaskCreationError
2026-02-06 03:06:24 +05:00: ImportError: attempted relative import with no known parent package
2026-02-06 03:06:32 +05:00: Traceback (most recent call last):
2026-02-06 03:06:32 +05:00:   File "/mnt/d/Hackathons/hackathon-0/silver/src/watchers/whatsapp_watcher.py", line 16, in <module>
2026-02-06 03:06:32 +05:00:     from .base_watcher import BaseWatcher, TaskCreationError
2026-02-06 03:06:32 +05:00: ImportError: attempted relative import with no known parent package
2026-02-06 03:06:39 +05:00: Traceback (most recent call last):
2026-02-06 03:06:39 +05:00:   File "/mnt/d/Hackathons/hackathon-0/silver/src/watchers/whatsapp_watcher.py", line 16, in <module>
2026-02-06 03:06:39 +05:00:     from .base_watcher import BaseWatcher, TaskCreationError
2026-02-06 03:06:39 +05:00: ImportError: attempted relative import with no known parent package
2026-02-06 03:06:46 +05:00: Traceback (most recent call last):
2026-02-06 03:06:46 +05:00:   File "/mnt/d/Hackathons/hackathon-0/silver/src/watchers/whatsapp_watcher.py", line 16, in <module>
2026-02-06 03:06:46 +05:00:     from .base_watcher import BaseWatcher, TaskCreationError
2026-02-06 03:06:46 +05:00: ImportError: attempted relative import with no known parent package
2026-02-06 03:06:53 +05:00: Traceback (most recent call last):
2026-02-06 03:06:53 +05:00:   File "/mnt/d/Hackathons/hackathon-0/silver/src/watchers/whatsapp_watcher.py", line 16, in <module>
2026-02-06 03:06:53 +05:00:     from .base_watcher import BaseWatcher, TaskCreationError
2026-02-06 03:06:53 +05:00: ImportError: attempted relative import with no known parent package
2026-02-06 03:07:00 +05:00: Traceback (most recent call last):
2026-02-06 03:07:00 +05:00:   File "/mnt/d/Hackathons/hackathon-0/silver/src/watchers/whatsapp_watcher.py", line 16, in <module>
2026-02-06 03:07:00 +05:00:     from .base_watcher import BaseWatcher, TaskCreationError
2026-02-06 03:07:00 +05:00: ImportError: attempted relative import with no known parent package
2026-02-06 03:07:07 +05:00: Traceback (most recent call last):
2026-02-06 03:07:07 +05:00:   File "/mnt/d/Hackathons/hackathon-0/silver/src/watchers/whatsapp_watcher.py", line 16, in <module>
2026-02-06 03:07:07 +05:00:     from .base_watcher import BaseWatcher, TaskCreationError
2026-02-06 03:07:07 +05:00: ImportError: attempted relative import with no known parent package
2026-02-06 03:07:14 +05:00: Traceback (most recent call last):
2026-02-06 03:07:14 +05:00:   File "/mnt/d/Hackathons/hackathon-0/silver/src/watchers/whatsapp_watcher.py", line 16, in <module>
2026-02-06 03:07:14 +05:00:     from .base_watcher import BaseWatcher, TaskCreationError
2026-02-06 03:07:14 +05:00: ImportError: attempted relative import with no known parent package
2026-02-06 03:07:21 +05:00: Traceback (most recent call last):
2026-02-06 03:07:21 +05:00:   File "/mnt/d/Hackathons/hackathon-0/silver/src/watchers/whatsapp_watcher.py", line 16, in <module>
2026-02-06 03:07:21 +05:00:     from .base_watcher import BaseWatcher, TaskCreationError
2026-02-06 03:07:21 +05:00: ImportError: attempted relative import with no known parent package
2026-02-06 03:07:28 +05:00: Traceback (most recent call last):
2026-02-06 03:07:28 +05:00:   File "/mnt/d/Hackathons/hackathon-0/silver/src/watchers/whatsapp_watcher.py", line 16, in <module>
2026-02-06 03:07:28 +05:00:     from .base_watcher import BaseWatcher, TaskCreationError
2026-02-06 03:07:28 +05:00: ImportError: attempted relative import with no known parent package
2026-02-06 03:07:35 +05:00: Traceback (most recent call last):
2026-02-06 03:07:35 +05:00:   File "/mnt/d/Hackathons/hackathon-0/silver/src/watchers/whatsapp_watcher.py", line 16, in <module>
2026-02-06 03:07:35 +05:00:     from .base_watcher import BaseWatcher, TaskCreationError
2026-02-06 03:07:35 +05:00: ImportError: attempted relative import with no known parent package
2026-02-06 03:07:43 +05:00: Traceback (most recent call last):
2026-02-06 03:07:43 +05:00:   File "/mnt/d/Hackathons/hackathon-0/silver/src/watchers/whatsapp_watcher.py", line 16, in <module>
2026-02-06 03:07:43 +05:00:     from .base_watcher import BaseWatcher, TaskCreationError
2026-02-06 03:07:43 +05:00: ImportError: attempted relative import with no known parent package
2026-02-06 03:07:49 +05:00: Traceback (most recent call last):
2026-02-06 03:07:49 +05:00:   File "/mnt/d/Hackathons/hackathon-0/silver/src/watchers/whatsapp_watcher.py", line 16, in <module>
2026-02-06 03:07:49 +05:00:     from .base_watcher import BaseWatcher, TaskCreationError
2026-02-06 03:07:49 +05:00: ImportError: attempted relative import with no known parent package
2026-02-06 03:07:57 +05:00: Traceback (most recent call last):
2026-02-06 03:07:57 +05:00:   File "/mnt/d/Hackathons/hackathon-0/silver/src/watchers/whatsapp_watcher.py", line 16, in <module>
2026-02-06 03:07:57 +05:00:     from .base_watcher import BaseWatcher, TaskCreationError
2026-02-06 03:07:57 +05:00: ImportError: attempted relative import with no known parent package
2026-02-06 03:08:04 +05:00: Traceback (most recent call last):
2026-02-06 03:08:04 +05:00:   File "/mnt/d/Hackathons/hackathon-0/silver/src/watchers/whatsapp_watcher.py", line 16, in <module>
2026-02-06 03:08:04 +05:00:     from .base_watcher import BaseWatcher, TaskCreationError
2026-02-06 03:08:04 +05:00: ImportError: attempted relative import with no known parent package
2026-02-06 03:08:11 +05:00: Traceback (most recent call last):
2026-02-06 03:08:11 +05:00:   File "/mnt/d/Hackathons/hackathon-0/silver/src/watchers/whatsapp_watcher.py", line 16, in <module>
2026-02-06 03:08:11 +05:00:     from .base_watcher import BaseWatcher, TaskCreationError
2026-02-06 03:08:11 +05:00: ImportError: attempted relative import with no known parent package
2026-02-06 03:08:18 +05:00: Traceback (most recent call last):
2026-02-06 03:08:18 +05:00:   File "/mnt/d/Hackathons/hackathon-0/silver/src/watchers/whatsapp_watcher.py", line 16, in <module>
2026-02-06 03:08:18 +05:00:     from .base_watcher import BaseWatcher, TaskCreationError
2026-02-06 03:08:18 +05:00: ImportError: attempted relative import with no known parent package
2026-02-06 03:08:25 +05:00: Traceback (most recent call last):
2026-02-06 03:08:25 +05:00:   File "/mnt/d/Hackathons/hackathon-0/silver/src/watchers/whatsapp_watcher.py", line 16, in <module>
2026-02-06 03:08:25 +05:00:     from .base_watcher import BaseWatcher, TaskCreationError
2026-02-06 03:08:25 +05:00: ImportError: attempted relative import with no known parent package
2026-02-06 03:08:32 +05:00: Traceback (most recent call last):
2026-02-06 03:08:32 +05:00:   File "/mnt/d/Hackathons/hackathon-0/silver/src/watchers/whatsapp_watcher.py", line 16, in <module>
2026-02-06 03:08:32 +05:00:     from .base_watcher import BaseWatcher, TaskCreationError
2026-02-06 03:08:32 +05:00: ImportError: attempted relative import with no known parent package
2026-02-06 03:08:40 +05:00: Traceback (most recent call last):
2026-02-06 03:08:40 +05:00:   File "/mnt/d/Hackathons/hackathon-0/silver/src/watchers/whatsapp_watcher.py", line 16, in <module>
2026-02-06 03:08:40 +05:00:     from .base_watcher import BaseWatcher, TaskCreationError
2026-02-06 03:08:40 +05:00: ImportError: attempted relative import with no known parent package
2026-02-06 03:08:49 +05:00: Traceback (most recent call last):
2026-02-06 03:08:49 +05:00:   File "/mnt/d/Hackathons/hackathon-0/silver/src/watchers/whatsapp_watcher.py", line 16, in <module>
2026-02-06 03:08:49 +05:00:     from .base_watcher import BaseWatcher, TaskCreationError
2026-02-06 03:08:49 +05:00: ImportError: attempted relative import with no known parent package
2026-02-06 03:08:57 +05:00: Traceback (most recent call last):
2026-02-06 03:08:57 +05:00:   File "/mnt/d/Hackathons/hackathon-0/silver/src/watchers/whatsapp_watcher.py", line 16, in <module>
2026-02-06 03:08:57 +05:00:     from .base_watcher import BaseWatcher, TaskCreationError
2026-02-06 03:08:57 +05:00: ImportError: attempted relative import with no known parent package
2026-02-06 03:09:04 +05:00: Traceback (most recent call last):
2026-02-06 03:09:04 +05:00:   File "/mnt/d/Hackathons/hackathon-0/silver/src/watchers/whatsapp_watcher.py", line 16, in <module>
2026-02-06 03:09:04 +05:00:     from .base_watcher import BaseWatcher, TaskCreationError
2026-02-06 03:09:04 +05:00: ImportError: attempted relative import with no known parent package
2026-02-06 03:09:11 +05:00: Traceback (most recent call last):
2026-02-06 03:09:11 +05:00:   File "/mnt/d/Hackathons/hackathon-0/silver/src/watchers/whatsapp_watcher.py", line 16, in <module>
2026-02-06 03:09:11 +05:00:     from .base_watcher import BaseWatcher, TaskCreationError
2026-02-06 03:09:11 +05:00: : attempted relative import with no known parent package
2026-02-06 03:09:18 +05:00: Traceback (most recent call last):
2026-02-06 03:09:18 +05:00:   File "/mnt/d/Hackathons/hackathon-0/silver/src/watchers/whatsapp_watcher.py", line 16, in <module>
2026-02-06 03:09:18 +05:00:     from .base_watcher import BaseWatcher, TaskCreationError
2026-02-06 03:09:18 +05:00: ImportError: attempted relative import with no known parent package
2026-02-06 03:09:25 +05:00: Traceback (most recent call last):
2026-02-06 03:09:25 +05:00:   File "/mnt/d/Hackathons/hackathon-0/silver/src/watchers/whatsapp_watcher.py", line 16, in <module>
2026-02-06 03:09:25 +05:00:     from .base_watcher import BaseWatcher, TaskCreationError
2026-02-06 03:09:25 +05:00: ImportError: attempted relative import with no known parent package
2026-02-06 03:09:32 +05:00: Traceback (most recent call last):
2026-02-06 03:09:32 +05:00:   File "/mnt/d/Hackathons/hackathon-0/silver/src/watchers/whatsapp_watcher.py", line 16, in <module>
2026-02-06 03:09:32 +05:00:     from .base_watcher import BaseWatcher, TaskCreationError
2026-02-06 03:09:32 +05:00: ImportError: attempted relative import with no known parent package
2026-02-06 03:09:39 +05:00: Traceback (most recent call last):
2026-02-06 03:09:39 +05:00:   File "/mnt/d/Hackathons/hackathon-0/silver/src/watchers/whatsapp_watcher.py", line 16, in <module>
2026-02-06 03:09:39 +05:00:     from .base_watcher import BaseWatcher, TaskCreationError
2026-02-06 03:09:39 +05:00: ImportError: attempted relative import with no known parent package
2026-02-06 03:09:46 +05:00: Traceback (most recent call last):
2026-02-06 03:09:46 +05:00:   File "/mnt/d/Hackathons/hackathon-0/silver/src/watchers/whatsapp_watcher.py", line 16, in <module>
2026-02-06 03:09:46 +05:00:     from .base_watcher import BaseWatcher, TaskCreationError
2026-02-06 03:09:46 +05:00: ImportError: attempted relative import with no known parent package
2026-02-06 03:09:53 +05:00: Traceback (most recent call last):
2026-02-06 03:09:53 +05:00:   File "/mnt/d/Hackathons/hackathon-0/silver/src/watchers/whatsapp_watcher.py", line 16, in <module>
2026-02-06 03:09:53 +05:00:     from .base_watcher import BaseWatcher, TaskCreationError
2026-02-06 03:09:53 +05:00: ImportError: attempted relative import with no known parent package
2026-02-06 03:10:01 +05:00: Traceback (most recent call last):
2026-02-06 03:10:01 +05:00:   File "/mnt/d/Hackathons/hackathon-0/silver/src/watchers/whatsapp_watcher.py", line 16, in <module>
2026-02-06 03:10:01 +05:00:     from .base_watcher import BaseWatcher, TaskCreationError
2026-02-06 03:10:01 +05:00: ImportError: attempted relative import with no known parent package
2026-02-06 03:10:07 +05:00: Traceback (most recent call last):
2026-02-06 03:10:07 +05:00:   File "/mnt/d/Hackathons/hackathon-0/silver/src/watchers/whatsapp_watcher.py", line 16, in <module>
2026-02-06 03:10:07 +05:00:     from .base_watcher import BaseWatcher, TaskCreationError
2026-02-06 03:10:07 +05:00: ImportError: attempted relative import with no known parent package
2026-02-06 03:10:15 +05:00: Traceback (most recent call last):
2026-02-06 03:10:15 +05:00:   File "/mnt/d/Hackathons/hackathon-0/silver/src/watchers/whatsapp_watcher.py", line 16, in <module>
2026-02-06 03:10:15 +05:00:     from .base_watcher import BaseWatcher, TaskCreationError
2026-02-06 03:10:15 +05:00: ImportError: attempted relative import with no known parent package
2026-02-06 03:10:21 +05:00: Traceback (most recent call last):
2026-02-06 03:10:21 +05:00:   File "/mnt/d/Hackathons/hackathon-0/silver/src/watchers/whatsapp_watcher.py", line 16, in <module>
2026-02-06 03:10:21 +05:00:     from .base_watcher import BaseWatcher, TaskCreationError
2026-02-06 03:10:21 +05:00: : attempted relative import with no known parent package
2026-02-06 03:10:32 +05:00: Traceback (most recent call last):
2026-02-06 03:10:32 +05:00:   File "/mnt/d/Hackathons/hackathon-0/silver/src/watchers/whatsapp_watcher.py", line 16, in <module>
2026-02-06 03:10:32 +05:00:     from .base_watcher import BaseWatcher, TaskCreationError
2026-02-06 03:10:32 +05:00: ImportError: attempted relative import with no known parent package
2026-02-06 03:10:41 +05:00: Traceback (most recent call last):
2026-02-06 03:10:41 +05:00:   File "/mnt/d/Hackathons/hackathon-0/silver/src/watchers/whatsapp_watcher.py", line 16, in <module>
2026-02-06 03:10:41 +05:00:     from .base_watcher import BaseWatcher, TaskCreationError
2026-02-06 03:10:41 +05:00: ImportError: attempted relative import with no known parent package
2026-02-06 03:10:50 +05:00: Traceback (most recent call last):
2026-02-06 03:10:50 +05:00:   File "/mnt/d/Hackathons/hackathon-0/silver/src/watchers/whatsapp_watcher.py", line 16, in <module>
2026-02-06 03:10:50 +05:00:     from .base_watcher import BaseWatcher, TaskCreationError
2026-02-06 03:10:50 +05:00: ImportError: attempted relative import with no known parent package
2026-02-06 03:11:02 +05:00: Traceback (most recent call last):
2026-02-06 03:11:02 +05:00:   File "/mnt/d/Hackathons/hackathon-0/silver/src/watchers/whatsapp_watcher.py", line 16, in <module>
2026-02-06 03:11:02 +05:00:     from .base_watcher import BaseWatcher, TaskCreationError
2026-02-06 03:11:02 +05:00: ImportError: attempted relative import with no known parent package
2026-02-06 03:11:12 +05:00: Traceback (most recent call last):
2026-02-06 03:11:12 +05:00:   File "/mnt/d/Hackathons/hackathon-0/silver/src/watchers/whatsapp_watcher.py", line 16, in <module>
2026-02-06 03:11:12 +05:00:     from .base_watcher import BaseWatcher, TaskCreationError
2026-02-06 03:11:12 +05:00: ImportError: attempted relative import with no known parent package
2026-02-06 03:11:21 +05:00: Traceback (most recent call last):
2026-02-06 03:11:21 +05:00:   File "/mnt/d/Hackathons/hackathon-0/silver/src/watchers/whatsapp_watcher.py", line 16, in <module>
2026-02-06 03:11:21 +05:00:     from .base_watcher import BaseWatcher, TaskCreationError
2026-02-06 03:11:21 +05:00: ImportError: attempted relative import with no known parent package
2026-02-06 03:11:29 +05:00: Traceback (most recent call last):
2026-02-06 03:11:29 +05:00:   File "/mnt/d/Hackathons/hackathon-0/silver/src/watchers/whatsapp_watcher.py", line 16, in <module>
2026-02-06 03:11:29 +05:00:     from .base_watcher import BaseWatcher, TaskCreationError
2026-02-06 03:11:29 +05:00: ImportError: attempted relative import with no known parent package
2026-02-06 03:11:36 +05:00: Traceback (most recent call last):
2026-02-06 03:11:36 +05:00:   File "/mnt/d/Hackathons/hackathon-0/silver/src/watchers/whatsapp_watcher.py", line 16, in <module>
2026-02-06 03:11:36 +05:00:     from .base_watcher import BaseWatcher, TaskCreationError
2026-02-06 03:11:36 +05:00: ImportError: attempted relative import with no known parent package
2026-02-06 03:11:44 +05:00: Traceback (most recent call last):
2026-02-06 03:11:44 +05:00:   File "/mnt/d/Hackathons/hackathon-0/silver/src/watchers/whatsapp_watcher.py", line 16, in <module>
2026-02-06 03:11:44 +05:00:     from .base_watcher import BaseWatcher, TaskCreationError
2026-02-06 03:11:44 +05:00: attempted relative import with no known parent package
2026-02-06 03:11:51 +05:00: Traceback (most recent call last):
2026-02-06 03:11:51 +05:00:   File "/mnt/d/Hackathons/hackathon-0/silver/src/watchers/whatsapp_watcher.py", line 16, in <module>
2026-02-06 03:11:51 +05:00:     from .base_watcher import BaseWatcher, TaskCreationError
2026-02-06 03:11:51 +05:00: ImportError: attempted relative import with no known parent package
2026-02-06 03:12:00 +05:00: Traceback (most recent call last):
2026-02-06 03:12:00 +05:00:   File "/mnt/d/Hackathons/hackathon-0/silver/src/watchers/whatsapp_watcher.py", line 16, in <module>
2026-02-06 03:12:00 +05:00:     from .base_watcher import BaseWatcher, TaskCreationError
2026-02-06 03:12:00 +05:00: ImportError: attempted relative import with no known parent package
2026-02-06 03:12:08 +05:00: Traceback (most recent call last):
2026-02-06 03:12:08 +05:00:   File "/mnt/d/Hackathons/hackathon-0/silver/src/watchers/whatsapp_watcher.py", line 16, in <module>
2026-02-06 03:12:08 +05:00:     from .base_watcher import BaseWatcher, TaskCreationError
2026-02-06 03:12:08 +05:00: ImportError: attempted relative import with no known parent package
2026-02-06 03:12:19 +05:00: Traceback (most recent call last):
2026-02-06 03:12:19 +05:00:   File "/mnt/d/Hackathons/hackathon-0/silver/src/watchers/whatsapp_watcher.py", line 16, in <module>
2026-02-06 03:12:19 +05:00:     from .base_watcher import BaseWatcher, TaskCreationError
2026-02-06 03:12:19 +05:00: ImportError: attempted relative import with no known parent package
2026-02-06 03:12:28 +05:00: Traceback (most recent call last):
2026-02-06 03:12:28 +05:00:   File "/mnt/d/Hackathons/hackathon-0/silver/src/watchers/whatsapp_watcher.py", line 16, in <module>
2026-02-06 03:12:28 +05:00:     from .base_watcher import BaseWatcher, TaskCreationError
2026-02-06 03:12:28 +05:00: ImportError: attempted relative import with no known parent package
2026-02-06 03:12:35 +05:00: Traceback (most recent call last):
2026-02-06 03:12:35 +05:00:   File "/mnt/d/Hackathons/hackathon-0/silver/src/watchers/whatsapp_watcher.py", line 16, in <module>
2026-02-06 03:12:35 +05:00:     from .base_watcher import BaseWatcher, TaskCreationError
2026-02-06 03:12:35 +05:00: ImportError: attempted relative import with no known parent package
2026-02-06 03:12:45 +05:00: Traceback (most recent call last):
2026-02-06 03:12:45 +05:00:   File "/mnt/d/Hackathons/hackathon-0/silver/src/watchers/whatsapp_watcher.py", line 16, in <module>
2026-02-06 03:12:45 +05:00:     from .base_watcher import BaseWatcher, TaskCreationError
2026-02-06 03:12:45 +05:00: : attempted relative import with no known parent package
2026-02-06 03:12:52 +05:00: Traceback (most recent call last):
2026-02-06 03:12:52 +05:00:   File "/mnt/d/Hackathons/hackathon-0/silver/src/watchers/whatsapp_watcher.py", line 16, in <module>
2026-02-06 03:12:52 +05:00:     from .base_watcher import BaseWatcher, TaskCreationError
2026-02-06 03:12:52 +05:00: ImportError: attempted relative import with no known parent package
2026-02-06 03:13:02 +05:00: Traceback (most recent call last):
2026-02-06 03:13:02 +05:00:   File "/mnt/d/Hackathons/hackathon-0/silver/src/watchers/whatsapp_watcher.py", line 16, in <module>
2026-02-06 03:13:02 +05:00:     from .base_watcher import BaseWatcher, TaskCreationError
2026-02-06 03:13:02 +05:00: ImportError: attempted relative import with no known parent package
2026-02-06 03:13:09 +05:00: Traceback (most recent call last):
2026-02-06 03:13:09 +05:00:   File "/mnt/d/Hackathons/hackathon-0/silver/src/watchers/whatsapp_watcher.py", line 16, in <module>
2026-02-06 03:13:09 +05:00:     from .base_watcher import BaseWatcher, TaskCreationError
2026-02-06 03:13:09 +05:00: ImportError: attempted relative import with no known parent package
2026-02-06 03:13:17 +05:00: Traceback (most recent call last):
2026-02-06 03:13:17 +05:00:   File "/mnt/d/Hackathons/hackathon-0/silver/src/watchers/whatsapp_watcher.py", line 16, in <module>
2026-02-06 03:13:17 +05:00:     from .base_watcher import BaseWatcher, TaskCreationError
2026-02-06 03:13:17 +05:00: ImportError: attempted relative import with no known parent package
2026-02-06 03:13:27 +05:00: Traceback (most recent call last):
2026-02-06 03:13:27 +05:00:   File "/mnt/d/Hackathons/hackathon-0/silver/src/watchers/whatsapp_watcher.py", line 16, in <module>
2026-02-06 03:13:27 +05:00:     from .base_watcher import BaseWatcher, TaskCreationError
2026-02-06 03:13:27 +05:00: ImportError: attempted relative import with no known parent package
2026-02-06 03:13:35 +05:00: Traceback (most recent call last):
2026-02-06 03:13:35 +05:00:   File "/mnt/d/Hackathons/hackathon-0/silver/src/watchers/whatsapp_watcher.py", line 16, in <module>
2026-02-06 03:13:35 +05:00:     from .base_watcher import BaseWatcher, TaskCreationError
2026-02-06 03:13:35 +05:00: ImportError: attempted relative import with no known parent package
2026-02-06 03:13:43 +05:00: Traceback (most recent call last):
2026-02-06 03:13:43 +05:00:   File "/mnt/d/Hackathons/hackathon-0/silver/src/watchers/whatsapp_watcher.py", line 16, in <module>
2026-02-06 03:13:43 +05:00:     from .base_watcher import BaseWatcher, TaskCreationError
2026-02-06 03:13:43 +05:00: ImportError: attempted relative import with no known parent package
2026-02-06 03:13:50 +05:00: Traceback (most recent call last):
2026-02-06 03:13:50 +05:00:   File "/mnt/d/Hackathons/hackathon-0/silver/src/watchers/whatsapp_watcher.py", line 16, in <module>
2026-02-06 03:13:50 +05:00:     from .base_watcher import BaseWatcher, TaskCreationError
2026-02-06 03:13:50 +05:00: ImportError: attempted relative import with no known parent package
2026-02-06 03:13:58 +05:00: Traceback (most recent call last):
2026-02-06 03:13:58 +05:00:   File "/mnt/d/Hackathons/hackathon-0/silver/src/watchers/whatsapp_watcher.py", line 16, in <module>
2026-02-06 03:13:58 +05:00:     from .base_watcher import BaseWatcher, TaskCreationError
2026-02-06 03:13:58 +05:00: attempted relative import with no known parent package
2026-02-06 03:14:06 +05:00: Traceback (most recent call last):
2026-02-06 03:14:06 +05:00:   File "/mnt/d/Hackathons/hackathon-0/silver/src/watchers/whatsapp_watcher.py", line 16, in <module>
2026-02-06 03:14:06 +05:00:     from .base_watcher import BaseWatcher, TaskCreationError
2026-02-06 03:14:06 +05:00: ImportError: attempted relative import with no known parent package
2026-02-06 03:14:15 +05:00: Traceback (most recent call last):
2026-02-06 03:14:15 +05:00:   File "/mnt/d/Hackathons/hackathon-0/silver/src/watchers/whatsapp_watcher.py", line 16, in <module>
2026-02-06 03:14:15 +05:00:     from .base_watcher import BaseWatcher, TaskCreationError
2026-02-06 03:14:15 +05:00: ImportError: attempted relative import with no known parent package
2026-02-06 03:14:25 +05:00: Traceback (most recent call last):
2026-02-06 03:14:25 +05:00:   File "/mnt/d/Hackathons/hackathon-0/silver/src/watchers/whatsapp_watcher.py", line 16, in <module>
2026-02-06 03:14:25 +05:00:     from .base_watcher import BaseWatcher, TaskCreationError
2026-02-06 03:14:25 +05:00: ImportError: attempted relative import with no known parent package
2026-02-06 03:14:33 +05:00: Traceback (most recent call last):
2026-02-06 03:14:33 +05:00:   File "/mnt/d/Hackathons/hackathon-0/silver/src/watchers/whatsapp_watcher.py", line 16, in <module>
2026-02-06 03:14:33 +05:00:     from .base_watcher import BaseWatcher, TaskCreationError
2026-02-06 03:14:33 +05:00: ImportError: 
2026-02-06 03:14:33 +05:00: attempted relative import with no known parent package
2026-02-06 03:14:43 +05:00: Traceback (most recent call last):
2026-02-06 03:14:43 +05:00:   File "/mnt/d/Hackathons/hackathon-0/silver/src/watchers/whatsapp_watcher.py", line 16, in <module>
2026-02-06 03:14:43 +05:00:     from .base_watcher import BaseWatcher, TaskCreationError
2026-02-06 03:14:43 +05:00: ImportError: attempted relative import with no known parent package
2026-02-06 03:14:50 +05:00: Traceback (most recent call last):
2026-02-06 03:14:50 +05:00:   File "/mnt/d/Hackathons/hackathon-0/silver/src/watchers/whatsapp_watcher.py", line 16, in <module>
2026-02-06 03:14:50 +05:00:     from .base_watcher import BaseWatcher, TaskCreationError
2026-02-06 03:14:50 +05:00: ImportError: attempted relative import with no known parent package
2026-02-06 03:14:59 +05:00: Traceback (most recent call last):
2026-02-06 03:14:59 +05:00:   File "/mnt/d/Hackathons/hackathon-0/silver/src/watchers/whatsapp_watcher.py", line 16, in <module>
2026-02-06 03:14:59 +05:00:     from .base_watcher import BaseWatcher, TaskCreationError
2026-02-06 03:14:59 +05:00: ImportError: attempted relative import with no known parent package
2026-02-06 03:15:07 +05:00: Traceback (most recent call last):
2026-02-06 03:15:07 +05:00:   File "/mnt/d/Hackathons/hackathon-0/silver/src/watchers/whatsapp_watcher.py", line 16, in <module>
2026-02-06 03:15:07 +05:00:     from .base_watcher import BaseWatcher, TaskCreationError
2026-02-06 03:15:07 +05:00: ImportError: attempted relative import with no known parent package
2026-02-06 03:15:15 +05:00: Traceback (most recent call last):
2026-02-06 03:15:15 +05:00:   File "/mnt/d/Hackathons/hackathon-0/silver/src/watchers/whatsapp_watcher.py", line 16, in <module>
2026-02-06 03:15:15 +05:00:     from .base_watcher import BaseWatcher, TaskCreationError
2026-02-06 03:15:15 +05:00: ImportError: attempted relative import with no known parent package
2026-02-06 03:15:23 +05:00: Traceback (most recent call last):
2026-02-06 03:15:23 +05:00:   File "/mnt/d/Hackathons/hackathon-0/silver/src/watchers/whatsapp_watcher.py", line 16, in <module>
2026-02-06 03:15:23 +05:00:     from .base_watcher import BaseWatcher, TaskCreationError
2026-02-06 03:15:23 +05:00: ImportError: attempted relative import with no known parent package
2026-02-06 03:15:31 +05:00: Traceback (most recent call last):
2026-02-06 03:15:31 +05:00:   File "/mnt/d/Hackathons/hackathon-0/silver/src/watchers/whatsapp_watcher.py", line 16, in <module>
2026-02-06 03:15:31 +05:00:     from .base_watcher import BaseWatcher, TaskCreationError
2026-02-06 03:15:31 +05:00: ImportError: attempted relative import with no known parent package
2026-02-06 03:15:41 +05:00: Traceback (most recent call last):
2026-02-06 03:15:41 +05:00:   File "/mnt/d/Hackathons/hackathon-0/silver/src/watchers/whatsapp_watcher.py", line 16, in <module>
2026-02-06 03:15:41 +05:00:     from .base_watcher import BaseWatcher, TaskCreationError
2026-02-06 03:15:41 +05:00: ImportError: attempted relative import with no known parent package
2026-02-06 03:15:51 +05:00: Traceback (most recent call last):
2026-02-06 03:15:51 +05:00:   File "/mnt/d/Hackathons/hackathon-0/silver/src/watchers/whatsapp_watcher.py", line 16, in <module>
2026-02-06 03:15:51 +05:00:     from .base_watcher import BaseWatcher, TaskCreationError
2026-02-06 03:15:51 +05:00: ImportError: attempted relative import with no known parent package
2026-02-06 03:16:01 +05:00: Traceback (most recent call last):
2026-02-06 03:16:01 +05:00:   File "/mnt/d/Hackathons/hackathon-0/silver/src/watchers/whatsapp_watcher.py", line 16, in <module>
2026-02-06 03:16:01 +05:00:     from .base_watcher import BaseWatcher, TaskCreationError
2026-02-06 03:16:01 +05:00: ImportError: attempted relative import with no known parent package
2026-02-06 03:16:10 +05:00: Traceback (most recent call last):
2026-02-06 03:16:10 +05:00:   File "/mnt/d/Hackathons/hackathon-0/silver/src/watchers/whatsapp_watcher.py", line 16, in <module>
2026-02-06 03:16:10 +05:00:     from .base_watcher import BaseWatcher, TaskCreationError
2026-02-06 03:16:10 +05:00: ImportError: attempted relative import with no known parent package
2026-02-06 03:16:20 +05:00: Traceback (most recent call last):
2026-02-06 03:16:20 +05:00:   File "/mnt/d/Hackathons/hackathon-0/silver/src/watchers/whatsapp_watcher.py", line 16, in <module>
2026-02-06 03:16:20 +05:00:     from .base_watcher import BaseWatcher, TaskCreationError
2026-02-06 03:16:20 +05:00: ImportError: attempted relative import with no known parent package
2026-02-06 03:16:28 +05:00: Traceback (most recent call last):
2026-02-06 03:16:28 +05:00:   File "/mnt/d/Hackathons/hackathon-0/silver/src/watchers/whatsapp_watcher.py", line 16, in <module>
2026-02-06 03:16:28 +05:00:     from .base_watcher import BaseWatcher, TaskCreationError
2026-02-06 03:16:28 +05:00: ImportError: attempted relative import with no known parent package
2026-02-06 03:16:37 +05:00: Traceback (most recent call last):
2026-02-06 03:16:37 +05:00:   File "/mnt/d/Hackathons/hackathon-0/silver/src/watchers/whatsapp_watcher.py", line 16, in <module>
2026-02-06 03:16:37 +05:00:     from .base_watcher import BaseWatcher, TaskCreationError
2026-02-06 03:16:37 +05:00: attempted relative import with no known parent package
2026-02-06 03:16:46 +05:00: Traceback (most recent call last):
2026-02-06 03:16:46 +05:00:   File "/mnt/d/Hackathons/hackathon-0/silver/src/watchers/whatsapp_watcher.py", line 16, in <module>
2026-02-06 03:16:46 +05:00:     from .base_watcher import BaseWatcher, TaskCreationError
2026-02-06 03:16:46 +05:00: ImportError: attempted relative import with no known parent package
2026-02-06 03:16:53 +05:00: Traceback (most recent call last):
2026-02-06 03:16:53 +05:00:   File "/mnt/d/Hackathons/hackathon-0/silver/src/watchers/whatsapp_watcher.py", line 16, in <module>
2026-02-06 03:16:53 +05:00:     from .base_watcher import BaseWatcher, TaskCreationError
2026-02-06 03:16:53 +05:00: ImportError: attempted relative import with no known parent package
2026-02-06 03:17:04 +05:00: Traceback (most recent call last):
2026-02-06 03:17:04 +05:00:   File "/mnt/d/Hackathons/hackathon-0/silver/src/watchers/whatsapp_watcher.py", line 16, in <module>
2026-02-06 03:17:04 +05:00:     from .base_watcher import BaseWatcher, TaskCreationError
2026-02-06 03:17:04 +05:00: ImportError: attempted relative import with no known parent package
2026-02-06 03:17:13 +05:00: Traceback (most recent call last):
2026-02-06 03:17:13 +05:00:   File "/mnt/d/Hackathons/hackathon-0/silver/src/watchers/whatsapp_watcher.py", line 16, in <module>
2026-02-06 03:17:13 +05:00:     from .base_watcher import BaseWatcher, TaskCreationError
2026-02-06 03:17:13 +05:00: ImportError: attempted relative import with no known parent package
2026-02-06 03:17:20 +05:00: Traceback (most recent call last):
2026-02-06 03:17:20 +05:00:   File "/mnt/d/Hackathons/hackathon-0/silver/src/watchers/whatsapp_watcher.py", line 16, in <module>
2026-02-06 03:17:21 +05:00:     from .base_watcher import BaseWatcher, TaskCreationError
2026-02-06 03:17:21 +05:00: ImportError: attempted relative import with no known parent package
2026-02-06 03:17:29 +05:00: Traceback (most recent call last):
2026-02-06 03:17:29 +05:00:   File "/mnt/d/Hackathons/hackathon-0/silver/src/watchers/whatsapp_watcher.py", line 16, in <module>
2026-02-06 03:17:29 +05:00:     from .base_watcher import BaseWatcher, TaskCreationError
2026-02-06 03:17:29 +05:00: ImportError: attempted relative import with no known parent package
2026-02-06 03:17:38 +05:00: Traceback (most recent call last):
2026-02-06 03:17:38 +05:00:   File "/mnt/d/Hackathons/hackathon-0/silver/src/watchers/whatsapp_watcher.py", line 16, in <module>
2026-02-06 03:17:38 +05:00:     
2026-02-06 03:17:38 +05:00: from .base_watcher import BaseWatcher, TaskCreationError
2026-02-06 03:17:38 +05:00: ImportError: attempted relative import with no known parent package
2026-02-06 03:17:46 +05:00: Traceback (most recent call last):
2026-02-06 03:17:46 +05:00:   File "/mnt/d/Hackathons/hackathon-0/silver/src/watchers/whatsapp_watcher.py", line 16, in <module>
2026-02-06 03:17:46 +05:00:     from .base_watcher import BaseWatcher, TaskCreationError
2026-02-06 03:17:46 +05:00: ImportError: attempted relative import with no known parent package
2026-02-06 03:17:54 +05:00: Traceback (most recent call last):
2026-02-06 03:17:54 +05:00:   File "/mnt/d/Hackathons/hackathon-0/silver/src/watchers/whatsapp_watcher.py", line 16, in <module>
2026-02-06 03:17:54 +05:00:     from .base_watcher import BaseWatcher, TaskCreationError
2026-02-06 03:17:54 +05:00: 
2026-02-06 03:17:54 +05:00: ImportError: attempted relative import with no known parent package
2026-02-06 03:18:03 +05:00: Traceback (most recent call last):
2026-02-06 03:18:03 +05:00:   File "/mnt/d/Hackathons/hackathon-0/silver/src/watchers/whatsapp_watcher.py", line 16, in <module>
2026-02-06 03:18:03 +05:00:     from .base_watcher import BaseWatcher, TaskCreationError
2026-02-06 03:18:03 +05:00: ImportError: attempted relative import with no known parent package
2026-02-06 03:18:11 +05:00: Traceback (most recent call last):
2026-02-06 03:18:11 +05:00:   File "/mnt/d/Hackathons/hackathon-0/silver/src/watchers/whatsapp_watcher.py", line 16, in <module>
2026-02-06 03:18:11 +05:00:     from .base_watcher import BaseWatcher, TaskCreationError
2026-02-06 03:18:11 +05:00: ImportError: attempted relative import with no known parent package
2026-02-06 03:18:22 +05:00: Traceback (most recent call last):
2026-02-06 03:18:22 +05:00:   File "/mnt/d/Hackathons/hackathon-0/silver/src/watchers/whatsapp_watcher.py", line 16, in <module>
2026-02-06 03:18:22 +05:00:     from .base_watcher import BaseWatcher, TaskCreationError
2026-02-06 03:18:22 +05:00: ImportError: attempted relative import with no known parent package
2026-02-06 03:18:30 +05:00: Traceback (most recent call last):
2026-02-06 03:18:30 +05:00:   File "/mnt/d/Hackathons/hackathon-0/silver/src/watchers/whatsapp_watcher.py", line 16, in <module>
2026-02-06 03:18:30 +05:00:     from .base_watcher import BaseWatcher, TaskCreationError
2026-02-06 03:18:30 +05:00: ImportError: attempted relative import with no known parent package
2026-02-06 03:18:37 +05:00: Traceback (most recent call last):
2026-02-06 03:18:37 +05:00:   File "/mnt/d/Hackathons/hackathon-0/silver/src/watchers/whatsapp_watcher.py", line 16, in <module>
2026-02-06 03:18:37 +05:00:     from .base_watcher import BaseWatcher, TaskCreationError
2026-02-06 03:18:37 +05:00: ImportError: attempted relative import with no known parent package
2026-02-06 03:18:45 +05:00: Traceback (most recent call last):
2026-02-06 03:18:45 +05:00:   File "/mnt/d/Hackathons/hackathon-0/silver/src/watchers/whatsapp_watcher.py", line 16, in <module>
2026-02-06 03:18:45 +05:00:     from .base_watcher import BaseWatcher, TaskCreationError
2026-02-06 03:18:45 +05:00: ImportError: attempted relative import with no known parent package
2026-02-06 03:18:53 +05:00: Traceback (most recent call last):
2026-02-06 03:18:53 +05:00:   File "/mnt/d/Hackathons/hackathon-0/silver/src/watchers/whatsapp_watcher.py", line 16, in <module>
2026-02-06 03:18:53 +05:00:     from .base_watcher import BaseWatcher, TaskCreationError
2026-02-06 03:18:53 +05:00: ImportError: attempted relative import with no known parent package
2026-02-06 03:19:01 +05:00: Traceback (most recent call last):
2026-02-06 03:19:01 +05:00:   File "/mnt/d/Hackathons/hackathon-0/silver/src/watchers/whatsapp_watcher.py", line 16, in <module>
2026-02-06 03:19:01 +05:00:     from .base_watcher import BaseWatcher, TaskCreationError
2026-02-06 03:19:01 +05:00: ImportError: attempted relative import with no known parent package
2026-02-06 03:19:10 +05:00: Traceback (most recent call last):
2026-02-06 03:19:10 +05:00:   File "/mnt/d/Hackathons/hackathon-0/silver/src/watchers/whatsapp_watcher.py", line 16, in <module>
2026-02-06 03:19:10 +05:00:     from .base_watcher import BaseWatcher, TaskCreationError
2026-02-06 03:19:10 +05:00: 
2026-02-06 03:19:10 +05:00: ImportError: attempted relative import with no known parent package
2026-02-06 03:19:18 +05:00: Traceback (most recent call last):
2026-02-06 03:19:18 +05:00:   File "/mnt/d/Hackathons/hackathon-0/silver/src/watchers/whatsapp_watcher.py", line 16, in <module>
2026-02-06 03:19:18 +05:00:     from .base_watcher import BaseWatcher, TaskCreationError
2026-02-06 03:19:18 +05:00: ImportError: attempted relative import with no known parent package
2026-02-06 03:19:28 +05:00: Traceback (most recent call last):
2026-02-06 03:19:28 +05:00:   File "/mnt/d/Hackathons/hackathon-0/silver/src/watchers/whatsapp_watcher.py", line 16, in <module>
2026-02-06 03:19:28 +05:00:     from .base_watcher import BaseWatcher, TaskCreationError
2026-02-06 03:19:28 +05:00: 
2026-02-06 03:19:36 +05:00: Traceback (most recent call last):
2026-02-06 03:19:36 +05:00:   File "/mnt/d/Hackathons/hackathon-0/silver/src/watchers/whatsapp_watcher.py", line 16, in <module>
2026-02-06 03:19:36 +05:00:     from .base_watcher import BaseWatcher, TaskCreationError
2026-02-06 03:19:36 +05:00: ImportError: attempted relative import with no known parent package
2026-02-06 03:19:43 +05:00: Traceback (most recent call last):
2026-02-06 03:19:43 +05:00:   File "/mnt/d/Hackathons/hackathon-0/silver/src/watchers/whatsapp_watcher.py", line 16, in <module>
2026-02-06 03:19:43 +05:00:     from .base_watcher import BaseWatcher, TaskCreationError
2026-02-06 03:19:43 +05:00: ImportError: attempted relative import with no known parent package
2026-02-06 03:19:51 +05:00: Traceback (most recent call last):
2026-02-06 03:19:51 +05:00:   File "/mnt/d/Hackathons/hackathon-0/silver/src/watchers/whatsapp_watcher.py", line 16, in <module>
2026-02-06 03:19:51 +05:00:     from .base_watcher import BaseWatcher, TaskCreationError
2026-02-06 03:19:51 +05:00: ImportError: attempted relative import with no known parent package
2026-02-06 03:19:59 +05:00: Traceback (most recent call last):
2026-02-06 03:19:59 +05:00:   File "/mnt/d/Hackathons/hackathon-0/silver/src/watchers/whatsapp_watcher.py", line 16, in <module>
2026-02-06 03:19:59 +05:00:     from .base_watcher import BaseWatcher, TaskCreationError
2026-02-06 03:19:59 +05:00: ImportError: attempted relative import with no known parent package
2026-02-06 03:20:09 +05:00: Traceback (most recent call last):
2026-02-06 03:20:09 +05:00:   File "/mnt/d/Hackathons/hackathon-0/silver/src/watchers/whatsapp_watcher.py", line 16, in <module>
2026-02-06 03:20:09 +05:00:     from .base_watcher import BaseWatcher, TaskCreationError
2026-02-06 03:20:09 +05:00: ImportError: attempted relative import with no known parent package
2026-02-06 03:20:18 +05:00: Traceback (most recent call last):
2026-02-06 03:20:18 +05:00:   File "/mnt/d/Hackathons/hackathon-0/silver/src/watchers/whatsapp_watcher.py", line 16, in <module>
2026-02-06 03:20:18 +05:00:     from .base_watcher import BaseWatcher, TaskCreationError
2026-02-06 03:20:18 +05:00: ImportError: attempted relative import with no known parent package
2026-02-06 03:20:26 +05:00: Traceback (most recent call last):
2026-02-06 03:20:26 +05:00:   File "/mnt/d/Hackathons/hackathon-0/silver/src/watchers/whatsapp_watcher.py", line 16, in <module>
2026-02-06 03:20:26 +05:00:     from .base_watcher import BaseWatcher, TaskCreationError
2026-02-06 03:20:26 +05:00: ImportError: attempted relative import with no known parent package
2026-02-06 03:20:34 +05:00: Traceback (most recent call last):
2026-02-06 03:20:34 +05:00:   File "/mnt/d/Hackathons/hackathon-0/silver/src/watchers/whatsapp_watcher.py", line 16, in <module>
2026-02-06 03:20:34 +05:00:     from .base_watcher import BaseWatcher, TaskCreationError
2026-02-06 03:20:34 +05:00: ImportError: attempted relative import with no known parent package
2026-02-06 03:20:43 +05:00: Traceback (most recent call last):
2026-02-06 03:20:43 +05:00:   File "/mnt/d/Hackathons/hackathon-0/silver/src/watchers/whatsapp_watcher.py", line 16, in <module>
2026-02-06 03:20:43 +05:00:     from .base_watcher import BaseWatcher, TaskCreationError
2026-02-06 03:20:43 +05:00: : attempted relative import with no known parent package
2026-02-06 03:20:51 +05:00: Traceback (most recent call last):
2026-02-06 03:20:51 +05:00:   File "/mnt/d/Hackathons/hackathon-0/silver/src/watchers/whatsapp_watcher.py", line 16, in <module>
2026-02-06 03:20:51 +05:00:     from .base_watcher import BaseWatcher, TaskCreationError
2026-02-06 03:20:51 +05:00: ImportError: attempted relative import with no known parent package
2026-02-06 03:20:59 +05:00: Traceback (most recent call last):
2026-02-06 03:20:59 +05:00:   File "/mnt/d/Hackathons/hackathon-0/silver/src/watchers/whatsapp_watcher.py", line 16, in <module>
2026-02-06 03:20:59 +05:00:     from .base_watcher import BaseWatcher, TaskCreationError
2026-02-06 03:20:59 +05:00: ImportError: attempted relative import with no known parent package
2026-02-06 03:21:07 +05:00: Traceback (most recent call last):
2026-02-06 03:21:07 +05:00:   File "/mnt/d/Hackathons/hackathon-0/silver/src/watchers/whatsapp_watcher.py", line 16, in <module>
2026-02-06 03:21:07 +05:00:     from .base_watcher import BaseWatcher, TaskCreationError
2026-02-06 03:21:07 +05:00: ImportError: attempted relative import with no known parent package
2026-02-06 03:21:15 +05:00: Traceback (most recent call last):
2026-02-06 03:21:15 +05:00:   File "/mnt/d/Hackathons/hackathon-0/silver/src/watchers/whatsapp_watcher.py", line 16, in <module>
2026-02-06 03:21:15 +05:00:     from .base_watcher import BaseWatcher, TaskCreationError
2026-02-06 03:21:15 +05:00: ImportError: attempted relative import with no known parent package
2026-02-06 03:21:24 +05:00: Traceback (most recent call last):
2026-02-06 03:21:24 +05:00:   File "/mnt/d/Hackathons/hackathon-0/silver/src/watchers/whatsapp_watcher.py", line 16, in <module>
2026-02-06 03:21:24 +05:00:     from .base_watcher import BaseWatcher, TaskCreationError
2026-02-06 03:21:24 +05:00: ImportError: attempted relative import with no known parent package
2026-02-06 03:21:32 +05:00: Traceback (most recent call last):
2026-02-06 03:21:32 +05:00:   File "/mnt/d/Hackathons/hackathon-0/silver/src/watchers/whatsapp_watcher.py", line 16, in <module>
2026-02-06 03:21:32 +05:00:     from .base_watcher import BaseWatcher, TaskCreationError
2026-02-06 03:21:32 +05:00: ImportError: attempted relative import with no known parent package
2026-02-06 03:21:41 +05:00: Traceback (most recent call last):
2026-02-06 03:21:41 +05:00:   File "/mnt/d/Hackathons/hackathon-0/silver/src/watchers/whatsapp_watcher.py", line 16, in <module>
2026-02-06 03:21:41 +05:00:     from .base_watcher import BaseWatcher, TaskCreationError
2026-02-06 03:21:41 +05:00: ImportError: attempted relative import with no known parent package
2026-02-06 03:21:51 +05:00: Traceback (most recent call last):
2026-02-06 03:21:51 +05:00:   File "/mnt/d/Hackathons/hackathon-0/silver/src/watchers/whatsapp_watcher.py", line 16, in <module>
2026-02-06 03:21:51 +05:00:     from .base_watcher import BaseWatcher, TaskCreationError
2026-02-06 03:21:51 +05:00: ImportError: attempted relative import with no known parent package
2026-02-06 03:21:59 +05:00: Traceback (most recent call last):
2026-02-06 03:21:59 +05:00:   File "/mnt/d/Hackathons/hackathon-0/silver/src/watchers/whatsapp_watcher.py", line 16, in <module>
2026-02-06 03:21:59 +05:00:     from .base_watcher import BaseWatcher, TaskCreationError
2026-02-06 03:21:59 +05:00: ImportError: attempted relative import with no known parent package
2026-02-06 03:22:07 +05:00: Traceback (most recent call last):
2026-02-06 03:22:07 +05:00:   File "/mnt/d/Hackathons/hackathon-0/silver/src/watchers/whatsapp_watcher.py", line 16, in <module>
2026-02-06 03:22:07 +05:00:     from .base_watcher import BaseWatcher, TaskCreationError
2026-02-06 03:22:07 +05:00: ImportError: attempted relative import with no known parent package
2026-02-06 03:22:15 +05:00: Traceback (most recent call last):
2026-02-06 03:22:15 +05:00:   File "/mnt/d/Hackathons/hackathon-0/silver/src/watchers/whatsapp_watcher.py", line 16, in <module>
2026-02-06 03:22:15 +05:00:     from .base_watcher import BaseWatcher, TaskCreationError
2026-02-06 03:22:15 +05:00: : attempted relative import with no known parent package
2026-02-06 03:22:23 +05:00: Traceback (most recent call last):
2026-02-06 03:22:23 +05:00:   File "/mnt/d/Hackathons/hackathon-0/silver/src/watchers/whatsapp_watcher.py", line 16, in <module>
2026-02-06 03:22:23 +05:00:     from .base_watcher import BaseWatcher, TaskCreationError
2026-02-06 03:22:23 +05:00: ImportError: attempted relative import with no known parent package
2026-02-06 03:22:32 +05:00: Traceback (most recent call last):
2026-02-06 03:22:32 +05:00:   File "/mnt/d/Hackathons/hackathon-0/silver/src/watchers/whatsapp_watcher.py", line 16, in <module>
2026-02-06 03:22:32 +05:00:     from .base_watcher import BaseWatcher, TaskCreationError
2026-02-06 03:22:32 +05:00: ImportError: attempted relative import with no known parent package
2026-02-06 03:22:39 +05:00: Traceback (most recent call last):
2026-02-06 03:22:39 +05:00:   File "/mnt/d/Hackathons/hackathon-0/silver/src/watchers/whatsapp_watcher.py", line 16, in <module>
2026-02-06 03:22:39 +05:00:     from .base_watcher import BaseWatcher, TaskCreationError
2026-02-06 03:22:39 +05:00: ImportError: attempted relative import with no known parent package
2026-02-06 03:22:47 +05:00: Traceback (most recent call last):
2026-02-06 03:22:47 +05:00:   File "/mnt/d/Hackathons/hackathon-0/silver/src/watchers/whatsapp_watcher.py", line 16, in <module>
2026-02-06 03:22:47 +05:00:     from .base_watcher import BaseWatcher, TaskCreationError
2026-02-06 03:22:47 +05:00: ImportError: attempted relative import with no known parent package
2026-02-06 03:22:56 +05:00: Traceback (most recent call last):
2026-02-06 03:22:56 +05:00:   File "/mnt/d/Hackathons/hackathon-0/silver/src/watchers/whatsapp_watcher.py", line 16, in <module>
2026-02-06 03:22:56 +05:00:     from .base_watcher import BaseWatcher, TaskCreationError
2026-02-06 03:22:56 +05:00: ImportError: attempted relative import with no known parent package
2026-02-06 03:23:05 +05:00: Traceback (most recent call last):
2026-02-06 03:23:05 +05:00:   File "/mnt/d/Hackathons/hackathon-0/silver/src/watchers/whatsapp_watcher.py", line 16, in <module>
2026-02-06 03:23:05 +05:00:     from .base_watcher import BaseWatcher, TaskCreationError
2026-02-06 03:23:05 +05:00: ImportError: attempted relative import with no known parent package
2026-02-06 03:23:12 +05:00: Traceback (most recent call last):
2026-02-06 03:23:12 +05:00:   File "/mnt/d/Hackathons/hackathon-0/silver/src/watchers/whatsapp_watcher.py", line 16, in <module>
2026-02-06 03:23:12 +05:00:     from .base_watcher import BaseWatcher, TaskCreationError
2026-02-06 03:23:12 +05:00: ImportError: attempted relative import with no known parent package
2026-02-06 03:23:21 +05:00: Traceback (most recent call last):
2026-02-06 03:23:21 +05:00:   File "/mnt/d/Hackathons/hackathon-0/silver/src/watchers/whatsapp_watcher.py", line 16, in <module>
2026-02-06 03:23:21 +05:00:     from .base_watcher import BaseWatcher, TaskCreationError
2026-02-06 03:23:21 +05:00: : attempted relative import with no known parent package
2026-02-06 03:23:30 +05:00: Traceback (most recent call last):
2026-02-06 03:23:30 +05:00:   File "/mnt/d/Hackathons/hackathon-0/silver/src/watchers/whatsapp_watcher.py", line 16, in <module>
2026-02-06 03:23:30 +05:00:     from .base_watcher import BaseWatcher, TaskCreationError
2026-02-06 03:23:30 +05:00: 
2026-02-06 03:23:30 +05:00: ImportError: attempted relative import with no known parent package
2026-02-06 03:23:38 +05:00: Traceback (most recent call last):
2026-02-06 03:23:38 +05:00:   File "/mnt/d/Hackathons/hackathon-0/silver/src/watchers/whatsapp_watcher.py", line 16, in <module>
2026-02-06 03:23:38 +05:00:     from .base_watcher import BaseWatcher, TaskCreationError
2026-02-06 03:23:38 +05:00: ImportError: attempted relative import with no known parent package
2026-02-06 03:23:47 +05:00: Traceback (most recent call last):
2026-02-06 03:23:47 +05:00:   File "/mnt/d/Hackathons/hackathon-0/silver/src/watchers/whatsapp_watcher.py", line 16, in <module>
2026-02-06 03:23:47 +05:00:     from .base_watcher import BaseWatcher, TaskCreationError
2026-02-06 03:23:47 +05:00: ImportError: attempted relative import with no known parent package
2026-02-06 03:23:57 +05:00: Traceback (most recent call last):
2026-02-06 03:23:57 +05:00:   File "/mnt/d/Hackathons/hackathon-0/silver/src/watchers/whatsapp_watcher.py", line 16, in <module>
2026-02-06 03:23:57 +05:00:     from .base_watcher import BaseWatcher, TaskCreationError
2026-02-06 03:23:57 +05:00: ImportError: attempted relative import with no known parent package
2026-02-06 03:24:05 +05:00: Traceback (most recent call last):
2026-02-06 03:24:05 +05:00:   File "/mnt/d/Hackathons/hackathon-0/silver/src/watchers/whatsapp_watcher.py", line 16, in <module>
2026-02-06 03:24:05 +05:00:     from .base_watcher import BaseWatcher, TaskCreationError
2026-02-06 03:24:05 +05:00: ImportError: attempted relative import with no known parent package
2026-02-06 03:24:14 +05:00: Traceback (most recent call last):
2026-02-06 03:24:14 +05:00:   File "/mnt/d/Hackathons/hackathon-0/silver/src/watchers/whatsapp_watcher.py", line 16, in <module>
2026-02-06 03:24:14 +05:00:     from .base_watcher import BaseWatcher, TaskCreationError
2026-02-06 03:24:14 +05:00: attempted relative import with no known parent package
2026-02-06 03:24:22 +05:00: Traceback (most recent call last):
2026-02-06 03:24:22 +05:00:   File "/mnt/d/Hackathons/hackathon-0/silver/src/watchers/whatsapp_watcher.py", line 16, in <module>
2026-02-06 03:24:22 +05:00:     from .base_watcher import BaseWatcher, TaskCreationError
2026-02-06 03:24:22 +05:00: attempted relative import with no known parent package
2026-02-06 03:24:29 +05:00: Traceback (most recent call last):
2026-02-06 03:24:29 +05:00:   File "/mnt/d/Hackathons/hackathon-0/silver/src/watchers/whatsapp_watcher.py", line 16, in <module>
2026-02-06 03:24:29 +05:00:     from .base_watcher import BaseWatcher, TaskCreationError
2026-02-06 03:24:29 +05:00: ImportError: attempted relative import with no known parent package
2026-02-06 03:24:37 +05:00: Traceback (most recent call last):
2026-02-06 03:24:37 +05:00:   File "/mnt/d/Hackathons/hackathon-0/silver/src/watchers/whatsapp_watcher.py", line 16, in <module>
2026-02-06 03:24:37 +05:00:     from .base_watcher import BaseWatcher, TaskCreationError
2026-02-06 03:24:37 +05:00: ImportError: attempted relative import with no known parent package
2026-02-06 03:24:44 +05:00: Traceback (most recent call last):
2026-02-06 03:24:44 +05:00:   File "/mnt/d/Hackathons/hackathon-0/silver/src/watchers/whatsapp_watcher.py", line 16, in <module>
2026-02-06 03:24:44 +05:00:     from .base_watcher import BaseWatcher, TaskCreationError
2026-02-06 03:24:44 +05:00: ImportError: attempted relative import with no known parent package
2026-02-06 03:24:53 +05:00: Traceback (most recent call last):
2026-02-06 03:24:53 +05:00:   File "/mnt/d/Hackathons/hackathon-0/silver/src/watchers/whatsapp_watcher.py", line 16, in <module>
2026-02-06 03:24:53 +05:00:     from .base_watcher import BaseWatcher, TaskCreationError
2026-02-06 03:24:53 +05:00: ImportError: attempted relative import with no known parent package
2026-02-06 03:25:02 +05:00: Traceback (most recent call last):
2026-02-06 03:25:02 +05:00:   File "/mnt/d/Hackathons/hackathon-0/silver/src/watchers/whatsapp_watcher.py", line 16, in <module>
2026-02-06 03:25:02 +05:00:     from .base_watcher import BaseWatcher, TaskCreationError
2026-02-06 03:25:02 +05:00: ImportError: attempted relative import with no known parent package
2026-02-06 03:25:10 +05:00: Traceback (most recent call last):
2026-02-06 03:25:10 +05:00:   File "/mnt/d/Hackathons/hackathon-0/silver/src/watchers/whatsapp_watcher.py", line 16, in <module>
2026-02-06 03:25:10 +05:00:     from .base_watcher import BaseWatcher, TaskCreationError
2026-02-06 03:25:10 +05:00: ImportError: attempted relative import with no known parent package
2026-02-06 03:25:22 +05:00: Traceback (most recent call last):
2026-02-06 03:25:22 +05:00:   File "/mnt/d/Hackathons/hackathon-0/silver/src/watchers/whatsapp_watcher.py", line 16, in <module>
2026-02-06 03:25:22 +05:00:     from .base_watcher import BaseWatcher, TaskCreationError
2026-02-06 03:25:22 +05:00: ImportError: attempted relative import with no known parent package
2026-02-06 03:25:35 +05:00: Traceback (most recent call last):
2026-02-06 03:25:35 +05:00:   File "/mnt/d/Hackathons/hackathon-0/silver/src/watchers/whatsapp_watcher.py", line 16, in <module>
2026-02-06 03:25:35 +05:00:     
2026-02-06 03:25:35 +05:00: from .base_watcher import BaseWatcher, TaskCreationError
2026-02-06 03:25:35 +05:00: ImportError: attempted relative import with no known parent package
2026-02-06 03:25:44 +05:00: Traceback (most recent call last):
2026-02-06 03:25:44 +05:00:   File "/mnt/d/Hackathons/hackathon-0/silver/src/watchers/whatsapp_watcher.py", line 16, in <module>
2026-02-06 03:25:44 +05:00:     from .base_watcher import BaseWatcher, TaskCreationError
2026-02-06 03:25:44 +05:00: ImportError: attempted relative import with no known parent package
2026-02-06 03:25:53 +05:00: Traceback (most recent call last):
2026-02-06 03:25:53 +05:00:   File "/mnt/d/Hackathons/hackathon-0/silver/src/watchers/whatsapp_watcher.py", line 16, in <module>
2026-02-06 03:25:53 +05:00:     from .base_watcher import BaseWatcher, TaskCreationError
2026-02-06 03:25:53 +05:00: ImportError: attempted relative import with no known parent package
2026-02-06 03:26:01 +05:00: Traceback (most recent call last):
2026-02-06 03:26:01 +05:00:   File "/mnt/d/Hackathons/hackathon-0/silver/src/watchers/whatsapp_watcher.py", line 16, in <module>
2026-02-06 03:26:01 +05:00:     from .base_watcher import BaseWatcher, TaskCreationError
2026-02-06 03:26:01 +05:00: ImportError: attempted relative import with no known parent package
2026-02-06 03:26:10 +05:00: Traceback (most recent call last):
2026-02-06 03:26:10 +05:00:   File "/mnt/d/Hackathons/hackathon-0/silver/src/watchers/whatsapp_watcher.py", line 16, in <module>
2026-02-06 03:26:10 +05:00:     from .base_watcher import BaseWatcher, TaskCreationError
2026-02-06 03:26:10 +05:00: ImportError: attempted relative import with no known parent package
2026-02-06 03:26:20 +05:00: Traceback (most recent call last):
2026-02-06 03:26:20 +05:00:   File "/mnt/d/Hackathons/hackathon-0/silver/src/watchers/whatsapp_watcher.py", line 16, in <module>
2026-02-06 03:26:20 +05:00:     from .base_watcher import BaseWatcher, TaskCreationError
2026-02-06 03:26:20 +05:00: ImportError: attempted relative import with no known parent package
2026-02-06 03:26:29 +05:00: Traceback (most recent call last):
2026-02-06 03:26:29 +05:00:   File "/mnt/d/Hackathons/hackathon-0/silver/src/watchers/whatsapp_watcher.py", line 16, in <module>
2026-02-06 03:26:29 +05:00:     from .base_watcher import BaseWatcher, TaskCreationError
2026-02-06 03:26:29 +05:00: ImportError: attempted relative import with no known parent package
2026-02-06 03:26:39 +05:00: Traceback (most recent call last):
2026-02-06 03:26:39 +05:00:   File "/mnt/d/Hackathons/hackathon-0/silver/src/watchers/whatsapp_watcher.py", line 16, in <module>
2026-02-06 03:26:39 +05:00:     from .base_watcher import BaseWatcher, TaskCreationError
2026-02-06 03:26:39 +05:00: 
2026-02-06 03:26:39 +05:00: ImportError: attempted relative import with no known parent package
2026-02-06 03:26:47 +05:00: Traceback (most recent call last):
2026-02-06 03:26:47 +05:00:   File "/mnt/d/Hackathons/hackathon-0/silver/src/watchers/whatsapp_watcher.py", line 16, in <module>
2026-02-06 03:26:47 +05:00:     from .base_watcher import BaseWatcher, TaskCreationError
2026-02-06 03:26:47 +05:00: ImportError: attempted relative import with no known parent package
2026-02-06 03:26:56 +05:00: Traceback (most recent call last):
2026-02-06 03:26:56 +05:00:   File "/mnt/d/Hackathons/hackathon-0/silver/src/watchers/whatsapp_watcher.py", line 16, in <module>
2026-02-06 03:26:56 +05:00:     from .base_watcher import BaseWatcher, TaskCreationError
2026-02-06 03:26:56 +05:00: ImportError: attempted relative import with no known parent package
2026-02-06 03:27:04 +05:00: Traceback (most recent call last):
2026-02-06 03:27:04 +05:00:   File "/mnt/d/Hackathons/hackathon-0/silver/src/watchers/whatsapp_watcher.py", line 16, in <module>
2026-02-06 03:27:04 +05:00:     from .base_watcher import BaseWatcher, TaskCreationError
2026-02-06 03:27:04 +05:00: ImportError: attempted relative import with no known parent package
2026-02-06 03:27:12 +05:00: Traceback (most recent call last):
2026-02-06 03:27:12 +05:00:   File "/mnt/d/Hackathons/hackathon-0/silver/src/watchers/whatsapp_watcher.py", line 16, in <module>
2026-02-06 03:27:12 +05:00:     from .base_watcher import BaseWatcher, TaskCreationError
2026-02-06 03:27:12 +05:00: ImportError: attempted relative import with no known parent package
2026-02-06 03:27:20 +05:00: Traceback (most recent call last):
2026-02-06 03:27:20 +05:00:   File "/mnt/d/Hackathons/hackathon-0/silver/src/watchers/whatsapp_watcher.py", line 16, in <module>
2026-02-06 03:27:20 +05:00:     from .base_watcher import BaseWatcher, TaskCreationError
2026-02-06 03:27:20 +05:00: ImportError: attempted relative import with no known parent package
2026-02-06 03:27:27 +05:00: Traceback (most recent call last):
2026-02-06 03:27:27 +05:00:   File "/mnt/d/Hackathons/hackathon-0/silver/src/watchers/whatsapp_watcher.py", line 16, in <module>
2026-02-06 03:27:27 +05:00:     from .base_watcher import BaseWatcher, TaskCreationError
2026-02-06 03:27:27 +05:00: ImportError: attempted relative import with no known parent package
2026-02-06 03:27:35 +05:00: Traceback (most recent call last):
2026-02-06 03:27:35 +05:00:   File "/mnt/d/Hackathons/hackathon-0/silver/src/watchers/whatsapp_watcher.py", line 16, in <module>
2026-02-06 03:27:35 +05:00:     from .base_watcher import BaseWatcher, TaskCreationError
2026-02-06 03:27:35 +05:00: 
2026-02-06 03:27:42 +05:00: Traceback (most recent call last):
2026-02-06 03:27:42 +05:00:   File "/mnt/d/Hackathons/hackathon-0/silver/src/watchers/whatsapp_watcher.py", line 16, in <module>
2026-02-06 03:27:42 +05:00:     from .base_watcher import BaseWatcher, TaskCreationError
2026-02-06 03:27:42 +05:00: ImportError: attempted relative import with no known parent package
2026-02-06 03:27:52 +05:00: Traceback (most recent call last):
2026-02-06 03:27:52 +05:00:   File "/mnt/d/Hackathons/hackathon-0/silver/src/watchers/whatsapp_watcher.py", line 16, in <module>
2026-02-06 03:27:52 +05:00:     from .base_watcher import BaseWatcher, TaskCreationError
2026-02-06 03:27:52 +05:00: ImportError: attempted relative import with no known parent package
2026-02-06 03:28:01 +05:00: Traceback (most recent call last):
2026-02-06 03:28:01 +05:00:   File "/mnt/d/Hackathons/hackathon-0/silver/src/watchers/whatsapp_watcher.py", line 16, in <module>
2026-02-06 03:28:01 +05:00:     from .base_watcher import BaseWatcher, TaskCreationError
2026-02-06 03:28:01 +05:00: ImportError: attempted relative import with no known parent package
2026-02-06 03:28:09 +05:00: Traceback (most recent call last):
2026-02-06 03:28:09 +05:00:   File "/mnt/d/Hackathons/hackathon-0/silver/src/watchers/whatsapp_watcher.py", line 16, in <module>
2026-02-06 03:28:09 +05:00:     from .base_watcher import BaseWatcher, TaskCreationError
2026-02-06 03:28:09 +05:00: ImportError: attempted relative import with no known parent package
2026-02-06 03:28:18 +05:00: Traceback (most recent call last):
2026-02-06 03:28:18 +05:00:   File "/mnt/d/Hackathons/hackathon-0/silver/src/watchers/whatsapp_watcher.py", line 16, in <module>
2026-02-06 03:28:18 +05:00:     from .base_watcher import BaseWatcher, TaskCreationError
2026-02-06 03:28:18 +05:00: ImportError: attempted relative import with no known parent package
2026-02-06 03:28:27 +05:00: Traceback (most recent call last):
2026-02-06 03:28:27 +05:00:   File "/mnt/d/Hackathons/hackathon-0/silver/src/watchers/whatsapp_watcher.py", line 16, in <module>
2026-02-06 03:28:27 +05:00:     from .base_watcher import BaseWatcher, TaskCreationError
2026-02-06 03:28:27 +05:00: ImportError: attempted relative import with no known parent package
2026-02-06 03:28:35 +05:00: Traceback (most recent call last):
2026-02-06 03:28:35 +05:00:   File "/mnt/d/Hackathons/hackathon-0/silver/src/watchers/whatsapp_watcher.py", line 16, in <module>
2026-02-06 03:28:35 +05:00:     from .base_watcher import BaseWatcher, TaskCreationError
2026-02-06 03:28:35 +05:00: ImportError: attempted relative import with no known parent package
2026-02-06 03:28:43 +05:00: Traceback (most recent call last):
2026-02-06 03:28:43 +05:00:   File "/mnt/d/Hackathons/hackathon-0/silver/src/watchers/whatsapp_watcher.py", line 16, in <module>
2026-02-06 03:28:43 +05:00:     from .base_watcher import BaseWatcher, TaskCreationError
2026-02-06 03:28:43 +05:00: ImportError: attempted relative import with no known parent package
2026-02-06 03:28:54 +05:00: Traceback (most recent call last):
2026-02-06 03:28:54 +05:00:   File "/mnt/d/Hackathons/hackathon-0/silver/src/watchers/whatsapp_watcher.py", line 16, in <module>
2026-02-06 03:28:54 +05:00:     from .base_watcher import BaseWatcher, TaskCreationError
2026-02-06 03:28:54 +05:00: ImportError: attempted relative import with no known parent package
2026-02-06 03:29:07 +05:00: Traceback (most recent call last):
2026-02-06 03:29:07 +05:00:   File "/mnt/d/Hackathons/hackathon-0/silver/src/watchers/whatsapp_watcher.py", line 16, in <module>
2026-02-06 03:29:08 +05:00:     from .base_watcher import BaseWatcher, TaskCreationError
2026-02-06 03:29:08 +05:00: ImportError: attempted relative import with no known parent package
2026-02-06 03:29:20 +05:00: Traceback (most recent call last):
2026-02-06 03:29:20 +05:00:   File "/mnt/d/Hackathons/hackathon-0/silver/src/watchers/whatsapp_watcher.py", line 16, in <module>
2026-02-06 03:29:20 +05:00:     from .base_watcher import BaseWatcher, TaskCreationError
2026-02-06 03:29:20 +05:00: ImportError: attempted relative import with no known parent package
2026-02-06 03:29:30 +05:00: Traceback (most recent call last):
2026-02-06 03:29:30 +05:00:   File "/mnt/d/Hackathons/hackathon-0/silver/src/watchers/whatsapp_watcher.py", line 16, in <module>
2026-02-06 03:29:30 +05:00:     from .base_watcher import BaseWatcher, TaskCreationError
2026-02-06 03:29:30 +05:00: 
2026-02-06 03:29:30 +05:00: ImportError: attempted relative import with no known parent package
2026-02-06 03:29:38 +05:00: Traceback (most recent call last):
2026-02-06 03:29:38 +05:00:   File "/mnt/d/Hackathons/hackathon-0/silver/src/watchers/whatsapp_watcher.py", line 16, in <module>
2026-02-06 03:29:38 +05:00:     from .base_watcher import BaseWatcher, TaskCreationError
2026-02-06 03:29:38 +05:00: ImportError: attempted relative import with no known parent package
2026-02-06 03:29:45 +05:00: Traceback (most recent call last):
2026-02-06 03:29:45 +05:00:   File "/mnt/d/Hackathons/hackathon-0/silver/src/watchers/whatsapp_watcher.py", line 16, in <module>
2026-02-06 03:29:45 +05:00:     from .base_watcher import BaseWatcher, TaskCreationError
2026-02-06 03:29:45 +05:00: ImportError: attempted relative import with no known parent package
2026-02-06 03:29:53 +05:00: Traceback (most recent call last):
2026-02-06 03:29:53 +05:00:   File "/mnt/d/Hackathons/hackathon-0/silver/src/watchers/whatsapp_watcher.py", line 16, in <module>
2026-02-06 03:29:53 +05:00:     from .base_watcher import BaseWatcher, TaskCreationError
2026-02-06 03:29:53 +05:00: ImportError: attempted relative import with no known parent package
2026-02-06 03:30:02 +05:00: Traceback (most recent call last):
2026-02-06 03:30:02 +05:00:   File "/mnt/d/Hackathons/hackathon-0/silver/src/watchers/whatsapp_watcher.py", line 16, in <module>
2026-02-06 03:30:02 +05:00:     from .base_watcher import BaseWatcher, TaskCreationError
2026-02-06 03:30:02 +05:00: ImportError: attempted relative import with no known parent package
2026-02-06 03:30:11 +05:00: Traceback (most recent call last):
2026-02-06 03:30:11 +05:00:   File "/mnt/d/Hackathons/hackathon-0/silver/src/watchers/whatsapp_watcher.py", line 16, in <module>
2026-02-06 03:30:11 +05:00:     from .base_watcher import BaseWatcher, TaskCreationError
2026-02-06 03:30:11 +05:00: ImportError: attempted relative import with no known parent package
2026-02-06 03:30:19 +05:00: Traceback (most recent call last):
2026-02-06 03:30:19 +05:00:   File "/mnt/d/Hackathons/hackathon-0/silver/src/watchers/whatsapp_watcher.py", line 16, in <module>
2026-02-06 03:30:19 +05:00:     from .base_watcher import BaseWatcher, TaskCreationError
2026-02-06 03:30:19 +05:00: ImportError: attempted relative import with no known parent package
2026-02-06 03:30:29 +05:00: Traceback (most recent call last):
2026-02-06 03:30:29 +05:00:   File "/mnt/d/Hackathons/hackathon-0/silver/src/watchers/whatsapp_watcher.py", line 16, in <module>
2026-02-06 03:30:29 +05:00:     from .base_watcher import BaseWatcher, TaskCreationError
2026-02-06 03:30:29 +05:00: ImportError: attempted relative import with no known parent package
2026-02-06 03:30:37 +05:00: Traceback (most recent call last):
2026-02-06 03:30:37 +05:00:   File "/mnt/d/Hackathons/hackathon-0/silver/src/watchers/whatsapp_watcher.py", line 16, in <module>
2026-02-06 03:30:37 +05:00:     from .base_watcher import BaseWatcher, TaskCreationError
2026-02-06 03:30:37 +05:00: ImportError: attempted relative import with no known parent package
2026-02-06 03:30:45 +05:00: Traceback (most recent call last):
2026-02-06 03:30:45 +05:00:   File "/mnt/d/Hackathons/hackathon-0/silver/src/watchers/whatsapp_watcher.py", line 16, in <module>
2026-02-06 03:30:45 +05:00:     from .base_watcher import BaseWatcher, TaskCreationError
2026-02-06 03:30:45 +05:00: ImportError: attempted relative import with no known parent package
2026-02-06 03:30:53 +05:00: Traceback (most recent call last):
2026-02-06 03:30:53 +05:00:   File "/mnt/d/Hackathons/hackathon-0/silver/src/watchers/whatsapp_watcher.py", line 16, in <module>
2026-02-06 03:30:53 +05:00:     from .base_watcher import BaseWatcher, TaskCreationError
2026-02-06 03:30:53 +05:00: ImportError: attempted relative import with no known parent package
2026-02-06 03:31:02 +05:00: Traceback (most recent call last):
2026-02-06 03:31:02 +05:00:   File "/mnt/d/Hackathons/hackathon-0/silver/src/watchers/whatsapp_watcher.py", line 16, in <module>
2026-02-06 03:31:02 +05:00:     from .base_watcher import BaseWatcher, TaskCreationError
2026-02-06 03:31:02 +05:00: ImportError: attempted relative import with no known parent package
2026-02-06 03:31:10 +05:00: Traceback (most recent call last):
2026-02-06 03:31:10 +05:00:   File "/mnt/d/Hackathons/hackathon-0/silver/src/watchers/whatsapp_watcher.py", line 16, in <module>
2026-02-06 03:31:10 +05:00:     from .base_watcher import BaseWatcher, TaskCreationError
2026-02-06 03:31:10 +05:00: ImportError: attempted relative import with no known parent package
2026-02-06 03:31:19 +05:00: Traceback (most recent call last):
2026-02-06 03:31:19 +05:00:   File "/mnt/d/Hackathons/hackathon-0/silver/src/watchers/whatsapp_watcher.py", line 16, in <module>
2026-02-06 03:31:19 +05:00:     from .base_watcher import BaseWatcher, TaskCreationError
2026-02-06 03:31:19 +05:00: ImportError: attempted relative import with no known parent package
2026-02-06 03:31:27 +05:00: Traceback (most recent call last):
2026-02-06 03:31:27 +05:00:   File "/mnt/d/Hackathons/hackathon-0/silver/src/watchers/whatsapp_watcher.py", line 16, in <module>
2026-02-06 03:31:27 +05:00:     from .base_watcher import BaseWatcher, TaskCreationError
2026-02-06 03:31:27 +05:00: ImportError: attempted relative import with no known parent package
2026-02-06 03:31:39 +05:00: Traceback (most recent call last):
2026-02-06 03:31:39 +05:00:   File "/mnt/d/Hackathons/hackathon-0/silver/src/watchers/whatsapp_watcher.py", line 16, in <module>
2026-02-06 03:31:39 +05:00:     from .base_watcher import BaseWatcher, TaskCreationError
2026-02-06 03:31:39 +05:00: ImportError: attempted relative import with no known parent package
2026-02-06 03:31:48 +05:00: Traceback (most recent call last):
2026-02-06 03:31:48 +05:00:   File "/mnt/d/Hackathons/hackathon-0/silver/src/watchers/whatsapp_watcher.py", line 16, in <module>
2026-02-06 03:31:48 +05:00:     from .base_watcher import BaseWatcher, TaskCreationError
2026-02-06 03:31:48 +05:00: ImportError: attempted relative import with no known parent package
2026-02-06 03:31:57 +05:00: Traceback (most recent call last):
2026-02-06 03:31:57 +05:00:   File "/mnt/d/Hackathons/hackathon-0/silver/src/watchers/whatsapp_watcher.py", line 16, in <module>
2026-02-06 03:31:57 +05:00:     from .base_watcher import BaseWatcher, TaskCreationError
2026-02-06 03:31:57 +05:00: ImportError: attempted relative import with no known parent package
2026-02-06 03:32:05 +05:00: Traceback (most recent call last):
2026-02-06 03:32:05 +05:00:   File "/mnt/d/Hackathons/hackathon-0/silver/src/watchers/whatsapp_watcher.py", line 16, in <module>
2026-02-06 03:32:05 +05:00:     from .base_watcher import BaseWatcher, TaskCreationError
2026-02-06 03:32:05 +05:00: : attempted relative import with no known parent package
2026-02-06 03:32:13 +05:00: Traceback (most recent call last):
2026-02-06 03:32:13 +05:00:   File "/mnt/d/Hackathons/hackathon-0/silver/src/watchers/whatsapp_watcher.py", line 16, in <module>
2026-02-06 03:32:13 +05:00:     from .base_watcher import BaseWatcher, TaskCreationError
2026-02-06 03:32:13 +05:00: 
2026-02-06 03:32:20 +05:00: Traceback (most recent call last):
2026-02-06 03:32:20 +05:00:   File "/mnt/d/Hackathons/hackathon-0/silver/src/watchers/whatsapp_watcher.py", line 16, in <module>
2026-02-06 03:32:20 +05:00:     
2026-02-06 03:32:20 +05:00: from .base_watcher import BaseWatcher, TaskCreationError
2026-02-06 03:32:20 +05:00: ImportError: attempted relative import with no known parent package
2026-02-06 03:32:28 +05:00: Traceback (most recent call last):
2026-02-06 03:32:28 +05:00:   File "/mnt/d/Hackathons/hackathon-0/silver/src/watchers/whatsapp_watcher.py", line 16, in <module>
2026-02-06 03:32:28 +05:00:     from .base_watcher import BaseWatcher, TaskCreationError
2026-02-06 03:32:28 +05:00: ImportError: attempted relative import with no known parent package
2026-02-06 03:32:35 +05:00: Traceback (most recent call last):
2026-02-06 03:32:35 +05:00:   File "/mnt/d/Hackathons/hackathon-0/silver/src/watchers/whatsapp_watcher.py", line 16, in <module>
2026-02-06 03:32:35 +05:00:     from .base_watcher import BaseWatcher, TaskCreationError
2026-02-06 03:32:35 +05:00: ImportError: attempted relative import with no known parent package
2026-02-06 03:32:43 +05:00: Traceback (most recent call last):
2026-02-06 03:32:43 +05:00:   File "/mnt/d/Hackathons/hackathon-0/silver/src/watchers/whatsapp_watcher.py", line 16, in <module>
2026-02-06 03:32:43 +05:00:     from .base_watcher import BaseWatcher, TaskCreationError
2026-02-06 03:32:43 +05:00: ImportError: attempted relative import with no known parent package
2026-02-06 03:32:52 +05:00: Traceback (most recent call last):
2026-02-06 03:32:52 +05:00:   File "/mnt/d/Hackathons/hackathon-0/silver/src/watchers/whatsapp_watcher.py", line 16, in <module>
2026-02-06 03:32:52 +05:00:     from .base_watcher import BaseWatcher, TaskCreationError
2026-02-06 03:32:52 +05:00: ImportError: attempted relative import with no known parent package
2026-02-06 03:33:01 +05:00: Traceback (most recent call last):
2026-02-06 03:33:01 +05:00:   File "/mnt/d/Hackathons/hackathon-0/silver/src/watchers/whatsapp_watcher.py", line 16, in <module>
2026-02-06 03:33:01 +05:00:     from .base_watcher import BaseWatcher, TaskCreationError
2026-02-06 03:33:01 +05:00: ImportError: attempted relative import with no known parent package
2026-02-06 03:33:08 +05:00: Traceback (most recent call last):
2026-02-06 03:33:08 +05:00:   File "/mnt/d/Hackathons/hackathon-0/silver/src/watchers/whatsapp_watcher.py", line 16, in <module>
2026-02-06 03:33:08 +05:00:     from .base_watcher import BaseWatcher, TaskCreationError
2026-02-06 03:33:08 +05:00: ImportError: attempted relative import with no known parent package
2026-02-06 03:33:16 +05:00: Traceback (most recent call last):
2026-02-06 03:33:16 +05:00:   File "/mnt/d/Hackathons/hackathon-0/silver/src/watchers/whatsapp_watcher.py", line 16, in <module>
2026-02-06 03:33:16 +05:00:     from .base_watcher import BaseWatcher, TaskCreationError
2026-02-06 03:33:16 +05:00: ImportError: attempted relative import with no known parent package
2026-02-06 03:33:23 +05:00: Traceback (most recent call last):
2026-02-06 03:33:23 +05:00:   File "/mnt/d/Hackathons/hackathon-0/silver/src/watchers/whatsapp_watcher.py", line 16, in <module>
2026-02-06 03:33:23 +05:00:     from .base_watcher import BaseWatcher, TaskCreationError
2026-02-06 03:33:23 +05:00: ImportError: attempted relative import with no known parent package
2026-02-06 03:33:31 +05:00: Traceback (most recent call last):
2026-02-06 03:33:31 +05:00:   File "/mnt/d/Hackathons/hackathon-0/silver/src/watchers/whatsapp_watcher.py", line 16, in <module>
2026-02-06 03:33:31 +05:00:     from .base_watcher import BaseWatcher, TaskCreationError
2026-02-06 03:33:31 +05:00: ImportError: attempted relative import with no known parent package
2026-02-06 03:33:39 +05:00: Traceback (most recent call last):
2026-02-06 03:33:39 +05:00:   File "/mnt/d/Hackathons/hackathon-0/silver/src/watchers/whatsapp_watcher.py", line 16, in <module>
2026-02-06 03:33:39 +05:00:     from .base_watcher import BaseWatcher, TaskCreationError
2026-02-06 03:33:39 +05:00: ImportError: attempted relative import with no known parent package
2026-02-06 03:33:47 +05:00: Traceback (most recent call last):
2026-02-06 03:33:47 +05:00:   File "/mnt/d/Hackathons/hackathon-0/silver/src/watchers/whatsapp_watcher.py", line 16, in <module>
2026-02-06 03:33:47 +05:00:     from .base_watcher import BaseWatcher, TaskCreationError
2026-02-06 03:33:47 +05:00: ImportError: attempted relative import with no known parent package
2026-02-06 03:33:55 +05:00: Traceback (most recent call last):
2026-02-06 03:33:55 +05:00:   File "/mnt/d/Hackathons/hackathon-0/silver/src/watchers/whatsapp_watcher.py", line 16, in <module>
2026-02-06 03:33:55 +05:00:     from .base_watcher import BaseWatcher, TaskCreationError
2026-02-06 03:33:55 +05:00: ImportError: attempted relative import with no known parent package
2026-02-06 03:34:05 +05:00: Traceback (most recent call last):
2026-02-06 03:34:05 +05:00:   File "/mnt/d/Hackathons/hackathon-0/silver/src/watchers/whatsapp_watcher.py", line 16, in <module>
2026-02-06 03:34:05 +05:00:     
2026-02-06 03:34:05 +05:00: from .base_watcher import BaseWatcher, TaskCreationError
2026-02-06 03:34:05 +05:00: ImportError: attempted relative import with no known parent package
2026-02-06 03:34:13 +05:00: Traceback (most recent call last):
2026-02-06 03:34:13 +05:00:   File "/mnt/d/Hackathons/hackathon-0/silver/src/watchers/whatsapp_watcher.py", line 16, in <module>
2026-02-06 03:34:13 +05:00:     from .base_watcher import BaseWatcher, TaskCreationError
2026-02-06 03:34:13 +05:00: ImportError: attempted relative import with no known parent package
2026-02-06 03:34:20 +05:00: Traceback (most recent call last):
2026-02-06 03:34:20 +05:00:   File "/mnt/d/Hackathons/hackathon-0/silver/src/watchers/whatsapp_watcher.py", line 16, in <module>
2026-02-06 03:34:21 +05:00:     from .base_watcher import BaseWatcher, TaskCreationError
2026-02-06 03:34:21 +05:00: ImportError: attempted relative import with no known parent package
2026-02-06 03:34:28 +05:00: Traceback (most recent call last):
2026-02-06 03:34:28 +05:00:   File "/mnt/d/Hackathons/hackathon-0/silver/src/watchers/whatsapp_watcher.py", line 16, in <module>
2026-02-06 03:34:28 +05:00:     from .base_watcher import BaseWatcher, TaskCreationError
2026-02-06 03:34:28 +05:00: ImportError: attempted relative import with no known parent package
2026-02-06 03:34:36 +05:00: Traceback (most recent call last):
2026-02-06 03:34:36 +05:00:   File "/mnt/d/Hackathons/hackathon-0/silver/src/watchers/whatsapp_watcher.py", line 16, in <module>
2026-02-06 03:34:36 +05:00:     from .base_watcher import BaseWatcher, TaskCreationError
2026-02-06 03:34:36 +05:00: ImportError: attempted relative import with no known parent package
2026-02-06 03:34:44 +05:00: Traceback (most recent call last):
2026-02-06 03:34:44 +05:00:   File "/mnt/d/Hackathons/hackathon-0/silver/src/watchers/whatsapp_watcher.py", line 16, in <module>
2026-02-06 03:34:44 +05:00:     from .base_watcher import BaseWatcher, TaskCreationError
2026-02-06 03:34:44 +05:00: ImportError: attempted relative import with no known parent package
2026-02-06 03:34:52 +05:00: Traceback (most recent call last):
2026-02-06 03:34:52 +05:00:   File "/mnt/d/Hackathons/hackathon-0/silver/src/watchers/whatsapp_watcher.py", line 16, in <module>
2026-02-06 03:34:52 +05:00:     from .base_watcher import BaseWatcher, TaskCreationError
2026-02-06 03:34:52 +05:00: ImportError: attempted relative import with no known parent package
2026-02-06 03:35:03 +05:00: Traceback (most recent call last):
2026-02-06 03:35:03 +05:00:   File "/mnt/d/Hackathons/hackathon-0/silver/src/watchers/whatsapp_watcher.py", line 16, in <module>
2026-02-06 03:35:03 +05:00:     from .base_watcher import BaseWatcher, TaskCreationError
2026-02-06 03:35:03 +05:00: ImportError: attempted relative import with no known parent package
2026-02-06 03:35:12 +05:00: Traceback (most recent call last):
2026-02-06 03:35:12 +05:00:   File "/mnt/d/Hackathons/hackathon-0/silver/src/watchers/whatsapp_watcher.py", line 16, in <module>
2026-02-06 03:35:12 +05:00:     from .base_watcher import BaseWatcher, TaskCreationError
2026-02-06 03:35:12 +05:00: ImportError: attempted relative import with no known parent package
2026-02-06 03:35:23 +05:00: Traceback (most recent call last):
2026-02-06 03:35:23 +05:00:   File "/mnt/d/Hackathons/hackathon-0/silver/src/watchers/whatsapp_watcher.py", line 16, in <module>
2026-02-06 03:35:23 +05:00:     from .base_watcher import BaseWatcher, TaskCreationError
2026-02-06 03:35:23 +05:00: : attempted relative import with no known parent package
2026-02-06 03:35:32 +05:00: Traceback (most recent call last):
2026-02-06 03:35:32 +05:00:   File "/mnt/d/Hackathons/hackathon-0/silver/src/watchers/whatsapp_watcher.py", line 16, in <module>
2026-02-06 03:35:32 +05:00:     from .base_watcher import BaseWatcher, TaskCreationError
2026-02-06 03:35:32 +05:00: ImportError: attempted relative import with no known parent package
2026-02-06 03:35:40 +05:00: Traceback (most recent call last):
2026-02-06 03:35:40 +05:00:   File "/mnt/d/Hackathons/hackathon-0/silver/src/watchers/whatsapp_watcher.py", line 16, in <module>
2026-02-06 03:35:40 +05:00:     from .base_watcher import BaseWatcher, TaskCreationError
2026-02-06 03:35:40 +05:00: ImportError: attempted relative import with no known parent package
2026-02-06 03:35:49 +05:00: Traceback (most recent call last):
2026-02-06 03:35:49 +05:00:   File "/mnt/d/Hackathons/hackathon-0/silver/src/watchers/whatsapp_watcher.py", line 16, in <module>
2026-02-06 03:35:49 +05:00:     from .base_watcher import BaseWatcher, TaskCreationError
2026-02-06 03:35:49 +05:00: ImportError: attempted relative import with no known parent package
2026-02-06 03:35:57 +05:00: Traceback (most recent call last):
2026-02-06 03:35:57 +05:00:   File "/mnt/d/Hackathons/hackathon-0/silver/src/watchers/whatsapp_watcher.py", line 16, in <module>
2026-02-06 03:35:57 +05:00:     from .base_watcher import BaseWatcher, TaskCreationError
2026-02-06 03:35:57 +05:00: : attempted relative import with no known parent package
2026-02-06 03:36:05 +05:00: Traceback (most recent call last):
2026-02-06 03:36:05 +05:00:   File "/mnt/d/Hackathons/hackathon-0/silver/src/watchers/whatsapp_watcher.py", line 16, in <module>
2026-02-06 03:36:05 +05:00:     from .base_watcher import BaseWatcher, TaskCreationError
2026-02-06 03:36:05 +05:00: ImportError: attempted relative import with no known parent package
2026-02-06 03:36:12 +05:00: Traceback (most recent call last):
2026-02-06 03:36:12 +05:00:   File "/mnt/d/Hackathons/hackathon-0/silver/src/watchers/whatsapp_watcher.py", line 16, in <module>
2026-02-06 03:36:12 +05:00:     from .base_watcher import BaseWatcher, TaskCreationError
2026-02-06 03:36:12 +05:00: : attempted relative import with no known parent package
2026-02-06 03:36:20 +05:00: Traceback (most recent call last):
2026-02-06 03:36:20 +05:00:   File "/mnt/d/Hackathons/hackathon-0/silver/src/watchers/whatsapp_watcher.py", line 16, in <module>
2026-02-06 03:36:20 +05:00:     from .base_watcher import BaseWatcher, TaskCreationError
2026-02-06 03:36:20 +05:00: ImportError: attempted relative import with no known parent package
2026-02-06 03:36:30 +05:00: Traceback (most recent call last):
2026-02-06 03:36:30 +05:00:   File "/mnt/d/Hackathons/hackathon-0/silver/src/watchers/whatsapp_watcher.py", line 16, in <module>
2026-02-06 03:36:30 +05:00:     from .base_watcher import BaseWatcher, TaskCreationError
2026-02-06 03:36:30 +05:00: ImportError: attempted relative import with no known parent package
2026-02-06 03:36:38 +05:00: Traceback (most recent call last):
2026-02-06 03:36:38 +05:00:   File "/mnt/d/Hackathons/hackathon-0/silver/src/watchers/whatsapp_watcher.py", line 16, in <module>
2026-02-06 03:36:38 +05:00:     from .base_watcher import BaseWatcher, TaskCreationError
2026-02-06 03:36:38 +05:00: ImportError: attempted relative import with no known parent package
2026-02-06 03:36:46 +05:00: Traceback (most recent call last):
2026-02-06 03:36:46 +05:00:   File "/mnt/d/Hackathons/hackathon-0/silver/src/watchers/whatsapp_watcher.py", line 16, in <module>
2026-02-06 03:36:46 +05:00:     from .base_watcher import BaseWatcher, TaskCreationError
2026-02-06 03:36:46 +05:00: ImportError: attempted relative import with no known parent package
2026-02-06 03:36:54 +05:00: Traceback (most recent call last):
2026-02-06 03:36:54 +05:00:   File "/mnt/d/Hackathons/hackathon-0/silver/src/watchers/whatsapp_watcher.py", line 16, in <module>
2026-02-06 03:36:54 +05:00:     from .base_watcher import BaseWatcher, TaskCreationError
2026-02-06 03:36:54 +05:00: ImportError: attempted relative import with no known parent package
2026-02-06 03:37:03 +05:00: Traceback (most recent call last):
2026-02-06 03:37:03 +05:00:   File "/mnt/d/Hackathons/hackathon-0/silver/src/watchers/whatsapp_watcher.py", line 16, in <module>
2026-02-06 03:37:03 +05:00:     from .base_watcher import BaseWatcher, TaskCreationError
2026-02-06 03:37:03 +05:00: ImportError: attempted relative import with no known parent package
2026-02-06 03:37:10 +05:00: Traceback (most recent call last):
2026-02-06 03:37:10 +05:00:   File "/mnt/d/Hackathons/hackathon-0/silver/src/watchers/whatsapp_watcher.py", line 16, in <module>
2026-02-06 03:37:10 +05:00:     from .base_watcher import BaseWatcher, TaskCreationError
2026-02-06 03:37:10 +05:00: ImportError: attempted relative import with no known parent package
2026-02-06 03:37:18 +05:00: Traceback (most recent call last):
2026-02-06 03:37:18 +05:00:   File "/mnt/d/Hackathons/hackathon-0/silver/src/watchers/whatsapp_watcher.py", line 16, in <module>
2026-02-06 03:37:18 +05:00:     from .base_watcher import BaseWatcher, TaskCreationError
2026-02-06 03:37:18 +05:00: ImportError: attempted relative import with no known parent package
2026-02-06 03:37:25 +05:00: Traceback (most recent call last):
2026-02-06 03:37:25 +05:00:   File "/mnt/d/Hackathons/hackathon-0/silver/src/watchers/whatsapp_watcher.py", line 16, in <module>
2026-02-06 03:37:25 +05:00:     from .base_watcher import BaseWatcher, TaskCreationError
2026-02-06 03:37:25 +05:00: ImportError: attempted relative import with no known parent package
2026-02-06 03:37:33 +05:00: Traceback (most recent call last):
2026-02-06 03:37:33 +05:00:   File "/mnt/d/Hackathons/hackathon-0/silver/src/watchers/whatsapp_watcher.py", line 16, in <module>
2026-02-06 03:37:33 +05:00:     
2026-02-06 03:37:33 +05:00: from .base_watcher import BaseWatcher, TaskCreationError
2026-02-06 03:37:33 +05:00: ImportError: attempted relative import with no known parent package
2026-02-06 03:37:42 +05:00: Traceback (most recent call last):
2026-02-06 03:37:42 +05:00:   File "/mnt/d/Hackathons/hackathon-0/silver/src/watchers/whatsapp_watcher.py", line 16, in <module>
2026-02-06 03:37:42 +05:00:     from .base_watcher import BaseWatcher, TaskCreationError
2026-02-06 03:37:42 +05:00: ImportError: attempted relative import with no known parent package
2026-02-06 03:37:50 +05:00: Traceback (most recent call last):
2026-02-06 03:37:50 +05:00:   File "/mnt/d/Hackathons/hackathon-0/silver/src/watchers/whatsapp_watcher.py", line 16, in <module>
2026-02-06 03:37:50 +05:00:     from .base_watcher import BaseWatcher, TaskCreationError
2026-02-06 03:37:50 +05:00: ImportError: attempted relative import with no known parent package
2026-02-06 03:37:57 +05:00: Traceback (most recent call last):
2026-02-06 03:37:57 +05:00:   File "/mnt/d/Hackathons/hackathon-0/silver/src/watchers/whatsapp_watcher.py", line 16, in <module>
2026-02-06 03:37:57 +05:00:     from .base_watcher import BaseWatcher, TaskCreationError
2026-02-06 03:37:57 +05:00: ImportError: attempted relative import with no known parent package
2026-02-06 03:38:06 +05:00: Traceback (most recent call last):
2026-02-06 03:38:06 +05:00:   File "/mnt/d/Hackathons/hackathon-0/silver/src/watchers/whatsapp_watcher.py", line 16, in <module>
2026-02-06 03:38:06 +05:00:     from .base_watcher import BaseWatcher, TaskCreationError
2026-02-06 03:38:06 +05:00: ImportError: attempted relative import with no known parent package
2026-02-06 03:38:14 +05:00: Traceback (most recent call last):
2026-02-06 03:38:14 +05:00:   File "/mnt/d/Hackathons/hackathon-0/silver/src/watchers/whatsapp_watcher.py", line 16, in <module>
2026-02-06 03:38:14 +05:00:     from .base_watcher import BaseWatcher, TaskCreationError
2026-02-06 03:38:14 +05:00: ImportError: attempted relative import with no known parent package
2026-02-06 03:38:22 +05:00: Traceback (most recent call last):
2026-02-06 03:38:22 +05:00:   File "/mnt/d/Hackathons/hackathon-0/silver/src/watchers/whatsapp_watcher.py", line 16, in <module>
2026-02-06 03:38:22 +05:00:     from .base_watcher import BaseWatcher, TaskCreationError
2026-02-06 03:38:22 +05:00: ImportError: attempted relative import with no known parent package
2026-02-06 03:38:30 +05:00: Traceback (most recent call last):
2026-02-06 03:38:30 +05:00:   File "/mnt/d/Hackathons/hackathon-0/silver/src/watchers/whatsapp_watcher.py", line 16, in <module>
2026-02-06 03:38:30 +05:00:     from .base_watcher import BaseWatcher, TaskCreationError
2026-02-06 03:38:30 +05:00: ImportError: attempted relative import with no known parent package
2026-02-06 03:38:38 +05:00: Traceback (most recent call last):
2026-02-06 03:38:38 +05:00:   File "/mnt/d/Hackathons/hackathon-0/silver/src/watchers/whatsapp_watcher.py", line 16, in <module>
2026-02-06 03:38:38 +05:00:     from .base_watcher import BaseWatcher, TaskCreationError
2026-02-06 03:38:38 +05:00: ImportError: attempted relative import with no known parent package
2026-02-06 03:38:48 +05:00: Traceback (most recent call last):
2026-02-06 03:38:48 +05:00:   File "/mnt/d/Hackathons/hackathon-0/silver/src/watchers/whatsapp_watcher.py", line 16, in <module>
2026-02-06 03:38:48 +05:00:     from .base_watcher import BaseWatcher, TaskCreationError
2026-02-06 03:38:48 +05:00: ImportError: attempted relative import with no known parent package
2026-02-06 03:38:57 +05:00: Traceback (most recent call last):
2026-02-06 03:38:57 +05:00:   File "/mnt/d/Hackathons/hackathon-0/silver/src/watchers/whatsapp_watcher.py", line 16, in <module>
2026-02-06 03:38:57 +05:00:     from .base_watcher import BaseWatcher, TaskCreationError
2026-02-06 03:38:57 +05:00: ImportError: attempted relative import with no known parent package
2026-02-06 03:39:06 +05:00: Traceback (most recent call last):
2026-02-06 03:39:06 +05:00:   File "/mnt/d/Hackathons/hackathon-0/silver/src/watchers/whatsapp_watcher.py", line 16, in <module>
2026-02-06 03:39:06 +05:00:     from .base_watcher import BaseWatcher, TaskCreationError
2026-02-06 03:39:06 +05:00: ImportError: attempted relative import with no known parent package
2026-02-06 03:39:13 +05:00: Traceback (most recent call last):
2026-02-06 03:39:13 +05:00:   File "/mnt/d/Hackathons/hackathon-0/silver/src/watchers/whatsapp_watcher.py", line 16, in <module>
2026-02-06 03:39:14 +05:00:     from .base_watcher import BaseWatcher, TaskCreationError
2026-02-06 03:39:14 +05:00: ImportError: attempted relative import with no known parent package
2026-02-06 03:39:22 +05:00: Traceback (most recent call last):
2026-02-06 03:39:22 +05:00:   File "/mnt/d/Hackathons/hackathon-0/silver/src/watchers/whatsapp_watcher.py", line 16, in <module>
2026-02-06 03:39:22 +05:00:     from .base_watcher import BaseWatcher, TaskCreationError
2026-02-06 03:39:22 +05:00: ImportError: attempted relative import with no known parent package
2026-02-06 03:39:30 +05:00: Traceback (most recent call last):
2026-02-06 03:39:30 +05:00:   File "/mnt/d/Hackathons/hackathon-0/silver/src/watchers/whatsapp_watcher.py", line 16, in <module>
2026-02-06 03:39:30 +05:00:     from .base_watcher import BaseWatcher, TaskCreationError
2026-02-06 03:39:30 +05:00: ImportError: attempted relative import with no known parent package
2026-02-06 03:39:38 +05:00: Traceback (most recent call last):
2026-02-06 03:39:38 +05:00:   File "/mnt/d/Hackathons/hackathon-0/silver/src/watchers/whatsapp_watcher.py", line 16, in <module>
2026-02-06 03:39:38 +05:00:     from .base_watcher import BaseWatcher, TaskCreationError
2026-02-06 03:39:38 +05:00: ImportError: attempted relative import with no known parent package
2026-02-06 03:39:46 +05:00: Traceback (most recent call last):
2026-02-06 03:39:46 +05:00:   File "/mnt/d/Hackathons/hackathon-0/silver/src/watchers/whatsapp_watcher.py", line 16, in <module>
2026-02-06 03:39:46 +05:00:     from .base_watcher import BaseWatcher, TaskCreationError
2026-02-06 03:39:46 +05:00: ImportError: attempted relative import with no known parent package
2026-02-06 03:39:56 +05:00: Traceback (most recent call last):
2026-02-06 03:39:56 +05:00:   File "/mnt/d/Hackathons/hackathon-0/silver/src/watchers/whatsapp_watcher.py", line 16, in <module>
2026-02-06 03:39:56 +05:00:     from .base_watcher import BaseWatcher, TaskCreationError
2026-02-06 03:39:56 +05:00: ImportError: attempted relative import with no known parent package
2026-02-06 03:40:07 +05:00: Traceback (most recent call last):
2026-02-06 03:40:07 +05:00:   File "/mnt/d/Hackathons/hackathon-0/silver/src/watchers/whatsapp_watcher.py", line 16, in <module>
2026-02-06 03:40:07 +05:00:     from .base_watcher import BaseWatcher, TaskCreationError
2026-02-06 03:40:07 +05:00: ImportError: attempted relative import with no known parent package
2026-02-06 03:40:16 +05:00: Traceback (most recent call last):
2026-02-06 03:40:16 +05:00:   File "/mnt/d/Hackathons/hackathon-0/silver/src/watchers/whatsapp_watcher.py", line 16, in <module>
2026-02-06 03:40:16 +05:00:     from .base_watcher import BaseWatcher, TaskCreationError
2026-02-06 03:40:16 +05:00: ImportError: attempted relative import with no known parent package
2026-02-06 03:40:24 +05:00: Traceback (most recent call last):
2026-02-06 03:40:24 +05:00:   File "/mnt/d/Hackathons/hackathon-0/silver/src/watchers/whatsapp_watcher.py", line 16, in <module>
2026-02-06 03:40:24 +05:00:     from .base_watcher import BaseWatcher, TaskCreationError
2026-02-06 03:40:24 +05:00: ImportError: attempted relative import with no known parent package
2026-02-06 03:40:32 +05:00: Traceback (most recent call last):
2026-02-06 03:40:32 +05:00:   File "/mnt/d/Hackathons/hackathon-0/silver/src/watchers/whatsapp_watcher.py", line 16, in <module>
2026-02-06 03:40:32 +05:00:     from .base_watcher import BaseWatcher, TaskCreationError
2026-02-06 03:40:32 +05:00: ImportError: attempted relative import with no known parent package
2026-02-06 03:40:40 +05:00: Traceback (most recent call last):
2026-02-06 03:40:40 +05:00:   File "/mnt/d/Hackathons/hackathon-0/silver/src/watchers/whatsapp_watcher.py", line 16, in <module>
2026-02-06 03:40:40 +05:00:     from .base_watcher import BaseWatcher, TaskCreationError
2026-02-06 03:40:40 +05:00: ImportError: attempted relative import with no known parent package
2026-02-06 03:40:48 +05:00: Traceback (most recent call last):
2026-02-06 03:40:48 +05:00:   File "/mnt/d/Hackathons/hackathon-0/silver/src/watchers/whatsapp_watcher.py", line 16, in <module>
2026-02-06 03:40:48 +05:00:     from .base_watcher import BaseWatcher, TaskCreationError
2026-02-06 03:40:48 +05:00: ImportError: attempted relative import with no known parent package
2026-02-06 03:40:58 +05:00: Traceback (most recent call last):
2026-02-06 03:40:58 +05:00:   File "/mnt/d/Hackathons/hackathon-0/silver/src/watchers/whatsapp_watcher.py", line 16, in <module>
2026-02-06 03:40:58 +05:00:     from .base_watcher import BaseWatcher, TaskCreationError
2026-02-06 03:40:58 +05:00: ImportError: attempted relative import with no known parent package
2026-02-06 03:41:07 +05:00: Traceback (most recent call last):
2026-02-06 03:41:07 +05:00:   File "/mnt/d/Hackathons/hackathon-0/silver/src/watchers/whatsapp_watcher.py", line 16, in <module>
2026-02-06 03:41:07 +05:00:     from .base_watcher import BaseWatcher, TaskCreationError
2026-02-06 03:41:07 +05:00: ImportError: attempted relative import with no known parent package
2026-02-06 03:41:20 +05:00: Traceback (most recent call last):
2026-02-06 03:41:20 +05:00:   File "/mnt/d/Hackathons/hackathon-0/silver/src/watchers/whatsapp_watcher.py", line 16, in <module>
2026-02-06 03:41:20 +05:00:     from .base_watcher import BaseWatcher, TaskCreationError
2026-02-06 03:41:20 +05:00: ImportError: attempted relative import with no known parent package
2026-02-06 03:41:30 +05:00: Traceback (most recent call last):
2026-02-06 03:41:30 +05:00:   File "/mnt/d/Hackathons/hackathon-0/silver/src/watchers/whatsapp_watcher.py", line 16, in <module>
2026-02-06 03:41:30 +05:00:     from .base_watcher import BaseWatcher, TaskCreationError
2026-02-06 03:41:30 +05:00: ImportError: attempted relative import with no known parent package
2026-02-06 03:41:38 +05:00: Traceback (most recent call last):
2026-02-06 03:41:38 +05:00:   File "/mnt/d/Hackathons/hackathon-0/silver/src/watchers/whatsapp_watcher.py", line 16, in <module>
2026-02-06 03:41:38 +05:00:     from .base_watcher import BaseWatcher, TaskCreationError
2026-02-06 03:41:38 +05:00: ImportError: attempted relative import with no known parent package
2026-02-06 03:41:49 +05:00: Traceback (most recent call last):
2026-02-06 03:41:49 +05:00:   File "/mnt/d/Hackathons/hackathon-0/silver/src/watchers/whatsapp_watcher.py", line 16, in <module>
2026-02-06 03:41:49 +05:00:     from .base_watcher import BaseWatcher, TaskCreationError
2026-02-06 03:41:49 +05:00: ImportError: attempted relative import with no known parent package
2026-02-06 03:42:01 +05:00: Traceback (most recent call last):
2026-02-06 03:42:01 +05:00:   File "/mnt/d/Hackathons/hackathon-0/silver/src/watchers/whatsapp_watcher.py", line 16, in <module>
2026-02-06 03:42:01 +05:00:     from .base_watcher import BaseWatcher, TaskCreationError
2026-02-06 03:42:01 +05:00: ImportError: attempted relative import with no known parent package
2026-02-06 03:42:11 +05:00: Traceback (most recent call last):
2026-02-06 03:42:11 +05:00:   File "/mnt/d/Hackathons/hackathon-0/silver/src/watchers/whatsapp_watcher.py", line 16, in <module>
2026-02-06 03:42:11 +05:00:     from .base_watcher import BaseWatcher, TaskCreationError
2026-02-06 03:42:11 +05:00: ImportError: attempted relative import with no known parent package
2026-02-06 03:42:20 +05:00: Traceback (most recent call last):
2026-02-06 03:42:20 +05:00:   File "/mnt/d/Hackathons/hackathon-0/silver/src/watchers/whatsapp_watcher.py", line 16, in <module>
2026-02-06 03:42:20 +05:00:     from .base_watcher import BaseWatcher, TaskCreationError
2026-02-06 03:42:20 +05:00: 
2026-02-06 03:42:32 +05:00: Traceback (most recent call last):
2026-02-06 03:42:32 +05:00:   File "/mnt/d/Hackathons/hackathon-0/silver/src/watchers/whatsapp_watcher.py", line 16, in <module>
2026-02-06 03:42:32 +05:00:     from .base_watcher import BaseWatcher, TaskCreationError
2026-02-06 03:42:32 +05:00: ImportError: attempted relative import with no known parent package
2026-02-06 03:42:41 +05:00: Traceback (most recent call last):
2026-02-06 03:42:41 +05:00:   File "/mnt/d/Hackathons/hackathon-0/silver/src/watchers/whatsapp_watcher.py", line 16, in <module>
2026-02-06 03:42:41 +05:00:     from .base_watcher import BaseWatcher, TaskCreationError
2026-02-06 03:42:41 +05:00: ImportError: attempted relative import with no known parent package
2026-02-06 03:42:49 +05:00: Traceback (most recent call last):
2026-02-06 03:42:49 +05:00:   File "/mnt/d/Hackathons/hackathon-0/silver/src/watchers/whatsapp_watcher.py", line 16, in <module>
2026-02-06 03:42:49 +05:00:     from .base_watcher import BaseWatcher, TaskCreationError
2026-02-06 03:42:49 +05:00: ImportError: attempted relative import with no known parent package
2026-02-06 03:42:57 +05:00: Traceback (most recent call last):
2026-02-06 03:42:57 +05:00:   File "/mnt/d/Hackathons/hackathon-0/silver/src/watchers/whatsapp_watcher.py", line 16, in <module>
2026-02-06 03:42:57 +05:00:     
2026-02-06 03:42:57 +05:00: from .base_watcher import BaseWatcher, TaskCreationError
2026-02-06 03:42:57 +05:00: ImportError: attempted relative import with no known parent package
2026-02-06 03:42:57 +05:00: 
2026-02-06 03:43:05 +05:00: Traceback (most recent call last):
2026-02-06 03:43:05 +05:00:   File "/mnt/d/Hackathons/hackathon-0/silver/src/watchers/whatsapp_watcher.py", line 16, in <module>
2026-02-06 03:43:05 +05:00:     from .base_watcher import BaseWatcher, TaskCreationError
2026-02-06 03:43:05 +05:00: ImportError: attempted relative import with no known parent package
2026-02-06 03:43:13 +05:00: Traceback (most recent call last):
2026-02-06 03:43:13 +05:00:   File "/mnt/d/Hackathons/hackathon-0/silver/src/watchers/whatsapp_watcher.py", line 16, in <module>
2026-02-06 03:43:13 +05:00:     from .base_watcher import BaseWatcher, TaskCreationError
2026-02-06 03:43:13 +05:00: ImportError: attempted relative import with no known parent package
2026-02-06 03:43:22 +05:00: Traceback (most recent call last):
2026-02-06 03:43:22 +05:00:   File "/mnt/d/Hackathons/hackathon-0/silver/src/watchers/whatsapp_watcher.py", line 16, in <module>
2026-02-06 03:43:22 +05:00:     from .base_watcher import BaseWatcher, TaskCreationError
2026-02-06 03:43:22 +05:00: ImportError: attempted relative import with no known parent package
2026-02-06 03:43:29 +05:00: Traceback (most recent call last):
2026-02-06 03:43:29 +05:00:   File "/mnt/d/Hackathons/hackathon-0/silver/src/watchers/whatsapp_watcher.py", line 16, in <module>
2026-02-06 03:43:29 +05:00:     from .base_watcher import BaseWatcher, TaskCreationError
2026-02-06 03:43:29 +05:00: ImportError: attempted relative import with no known parent package
2026-02-06 03:43:37 +05:00: Traceback (most recent call last):
2026-02-06 03:43:37 +05:00:   File "/mnt/d/Hackathons/hackathon-0/silver/src/watchers/whatsapp_watcher.py", line 16, in <module>
2026-02-06 03:43:37 +05:00:     from .base_watcher import BaseWatcher, TaskCreationError
2026-02-06 03:43:37 +05:00: ImportError: attempted relative import with no known parent package
2026-02-06 03:43:46 +05:00: Traceback (most recent call last):
2026-02-06 03:43:46 +05:00:   File "/mnt/d/Hackathons/hackathon-0/silver/src/watchers/whatsapp_watcher.py", line 16, in <module>
2026-02-06 03:43:46 +05:00:     from .base_watcher import BaseWatcher, TaskCreationError
2026-02-06 03:43:46 +05:00: ImportError: attempted relative import with no known parent package
2026-02-06 03:43:53 +05:00: Traceback (most recent call last):
2026-02-06 03:43:53 +05:00:   File "/mnt/d/Hackathons/hackathon-0/silver/src/watchers/whatsapp_watcher.py", line 16, in <module>
2026-02-06 03:43:53 +05:00:     from .base_watcher import BaseWatcher, TaskCreationError
2026-02-06 03:43:53 +05:00: ImportError: attempted relative import with no known parent package
2026-02-06 03:44:02 +05:00: Traceback (most recent call last):
2026-02-06 03:44:02 +05:00:   File "/mnt/d/Hackathons/hackathon-0/silver/src/watchers/whatsapp_watcher.py", line 16, in <module>
2026-02-06 03:44:02 +05:00:     from .base_watcher import BaseWatcher, TaskCreationError
2026-02-06 03:44:02 +05:00: ImportError: attempted relative import with no known parent package
2026-02-06 03:44:09 +05:00: Traceback (most recent call last):
2026-02-06 03:44:09 +05:00:   File "/mnt/d/Hackathons/hackathon-0/silver/src/watchers/whatsapp_watcher.py", line 16, in <module>
2026-02-06 03:44:09 +05:00:     from .base_watcher import BaseWatcher, TaskCreationError
2026-02-06 03:44:09 +05:00: ImportError: attempted relative import with no known parent package
2026-02-06 03:44:18 +05:00: Traceback (most recent call last):
2026-02-06 03:44:18 +05:00:   File "/mnt/d/Hackathons/hackathon-0/silver/src/watchers/whatsapp_watcher.py", line 16, in <module>
2026-02-06 03:44:18 +05:00:     from .base_watcher import BaseWatcher, TaskCreationError
2026-02-06 03:44:18 +05:00: ImportError: attempted relative import with no known parent package
2026-02-06 03:44:26 +05:00: Traceback (most recent call last):
2026-02-06 03:44:26 +05:00:   File "/mnt/d/Hackathons/hackathon-0/silver/src/watchers/whatsapp_watcher.py", line 16, in <module>
2026-02-06 03:44:26 +05:00:     from .base_watcher import BaseWatcher, TaskCreationError
2026-02-06 03:44:26 +05:00: ImportError: attempted relative import with no known parent package
2026-02-06 03:44:34 +05:00: Traceback (most recent call last):
2026-02-06 03:44:34 +05:00:   File "/mnt/d/Hackathons/hackathon-0/silver/src/watchers/whatsapp_watcher.py", line 16, in <module>
2026-02-06 03:44:34 +05:00:     from .base_watcher import BaseWatcher, TaskCreationError
2026-02-06 03:44:34 +05:00: ImportError: attempted relative import with no known parent package
2026-02-06 03:44:41 +05:00: Traceback (most recent call last):
2026-02-06 03:44:41 +05:00:   File "/mnt/d/Hackathons/hackathon-0/silver/src/watchers/whatsapp_watcher.py", line 16, in <module>
2026-02-06 03:44:41 +05:00:     from .base_watcher import BaseWatcher, TaskCreationError
2026-02-06 03:44:41 +05:00: ImportError: attempted relative import with no known parent package
2026-02-06 03:44:49 +05:00: Traceback (most recent call last):
2026-02-06 03:44:49 +05:00:   File "/mnt/d/Hackathons/hackathon-0/silver/src/watchers/whatsapp_watcher.py", line 16, in <module>
2026-02-06 03:44:50 +05:00:     from .base_watcher import BaseWatcher, TaskCreationError
2026-02-06 03:44:50 +05:00: ImportError: attempted relative import with no known parent package
2026-02-06 03:45:01 +05:00: Traceback (most recent call last):
2026-02-06 03:45:01 +05:00:   File "/mnt/d/Hackathons/hackathon-0/silver/src/watchers/whatsapp_watcher.py", line 16, in <module>
2026-02-06 03:45:01 +05:00:     from .base_watcher import BaseWatcher, TaskCreationError
2026-02-06 03:45:01 +05:00: ImportError: attempted relative import with no known parent package
2026-02-06 03:45:08 +05:00: Traceback (most recent call last):
2026-02-06 03:45:08 +05:00:   File "/mnt/d/Hackathons/hackathon-0/silver/src/watchers/whatsapp_watcher.py", line 16, in <module>
2026-02-06 03:45:08 +05:00:     from .base_watcher import BaseWatcher, TaskCreationError
2026-02-06 03:45:08 +05:00: ImportError: attempted relative import with no known parent package
2026-02-06 03:45:16 +05:00: Traceback (most recent call last):
2026-02-06 03:45:16 +05:00:   File "/mnt/d/Hackathons/hackathon-0/silver/src/watchers/whatsapp_watcher.py", line 16, in <module>
2026-02-06 03:45:16 +05:00:     from .base_watcher import BaseWatcher, TaskCreationError
2026-02-06 03:45:16 +05:00: ImportError: attempted relative import with no known parent package
2026-02-06 03:45:23 +05:00: Traceback (most recent call last):
2026-02-06 03:45:23 +05:00:   File "/mnt/d/Hackathons/hackathon-0/silver/src/watchers/whatsapp_watcher.py", line 16, in <module>
2026-02-06 03:45:23 +05:00:     from .base_watcher import BaseWatcher, TaskCreationError
2026-02-06 03:45:23 +05:00: ImportError: attempted relative import with no known parent package
2026-02-06 03:45:31 +05:00: Traceback (most recent call last):
2026-02-06 03:45:31 +05:00:   File "/mnt/d/Hackathons/hackathon-0/silver/src/watchers/whatsapp_watcher.py", line 16, in <module>
2026-02-06 03:45:31 +05:00:     from .base_watcher import BaseWatcher, TaskCreationError
2026-02-06 03:45:31 +05:00: ImportError: attempted relative import with no known parent package
2026-02-06 03:45:38 +05:00: Traceback (most recent call last):
2026-02-06 03:45:38 +05:00:   File "/mnt/d/Hackathons/hackathon-0/silver/src/watchers/whatsapp_watcher.py", line 16, in <module>
2026-02-06 03:45:38 +05:00:     
2026-02-06 03:45:38 +05:00: from .base_watcher import BaseWatcher, TaskCreationError
2026-02-06 03:45:38 +05:00: ImportError: attempted relative import with no known parent package
2026-02-06 03:45:46 +05:00: Traceback (most recent call last):
2026-02-06 03:45:46 +05:00:   File "/mnt/d/Hackathons/hackathon-0/silver/src/watchers/whatsapp_watcher.py", line 16, in <module>
2026-02-06 03:45:46 +05:00:     from .base_watcher import BaseWatcher, TaskCreationError
2026-02-06 03:45:46 +05:00: ImportError: attempted relative import with no known parent package
2026-02-06 03:45:54 +05:00: Traceback (most recent call last):
2026-02-06 03:45:54 +05:00:   File "/mnt/d/Hackathons/hackathon-0/silver/src/watchers/whatsapp_watcher.py", line 16, in <module>
2026-02-06 03:45:54 +05:00:     from .base_watcher import BaseWatcher, TaskCreationError
2026-02-06 03:45:54 +05:00: ImportError: attempted relative import with no known parent package
2026-02-06 03:46:03 +05:00: Traceback (most recent call last):
2026-02-06 03:46:03 +05:00:   File "/mnt/d/Hackathons/hackathon-0/silver/src/watchers/whatsapp_watcher.py", line 16, in <module>
2026-02-06 03:46:03 +05:00:     from .base_watcher import BaseWatcher, TaskCreationError
2026-02-06 03:46:03 +05:00: attempted relative import with no known parent package
2026-02-06 03:46:12 +05:00: Traceback (most recent call last):
2026-02-06 03:46:12 +05:00:   File "/mnt/d/Hackathons/hackathon-0/silver/src/watchers/whatsapp_watcher.py", line 16, in <module>
2026-02-06 03:46:12 +05:00:     from .base_watcher import BaseWatcher, TaskCreationError
2026-02-06 03:46:12 +05:00: ImportError: attempted relative import with no known parent package
2026-02-06 03:46:19 +05:00: Traceback (most recent call last):
2026-02-06 03:46:19 +05:00:   File "/mnt/d/Hackathons/hackathon-0/silver/src/watchers/whatsapp_watcher.py", line 16, in <module>
2026-02-06 03:46:19 +05:00:     from .base_watcher import BaseWatcher, TaskCreationError
2026-02-06 03:46:19 +05:00: ImportError: attempted relative import with no known parent package
2026-02-06 03:46:27 +05:00: Traceback (most recent call last):
2026-02-06 03:46:27 +05:00:   File "/mnt/d/Hackathons/hackathon-0/silver/src/watchers/whatsapp_watcher.py", line 16, in <module>
2026-02-06 03:46:27 +05:00:     from .base_watcher import BaseWatcher, TaskCreationError
2026-02-06 03:46:27 +05:00: ImportError: attempted relative import with no known parent package
2026-02-06 03:46:35 +05:00: Traceback (most recent call last):
2026-02-06 03:46:35 +05:00:   File "/mnt/d/Hackathons/hackathon-0/silver/src/watchers/whatsapp_watcher.py", line 16, in <module>
2026-02-06 03:46:35 +05:00:     from .base_watcher import BaseWatcher, TaskCreationError
2026-02-06 03:46:35 +05:00: ImportError: attempted relative import with no known parent package
2026-02-06 03:46:43 +05:00: Traceback (most recent call last):
2026-02-06 03:46:43 +05:00:   File "/mnt/d/Hackathons/hackathon-0/silver/src/watchers/whatsapp_watcher.py", line 16, in <module>
2026-02-06 03:46:43 +05:00:     from .base_watcher import BaseWatcher, TaskCreationError
2026-02-06 03:46:43 +05:00: ImportError: attempted relative import with no known parent package
2026-02-06 03:46:50 +05:00: Traceback (most recent call last):
2026-02-06 03:46:50 +05:00:   File "/mnt/d/Hackathons/hackathon-0/silver/src/watchers/whatsapp_watcher.py", line 16, in <module>
2026-02-06 03:46:50 +05:00:     from .base_watcher import BaseWatcher, TaskCreationError
2026-02-06 03:46:50 +05:00: ImportError: attempted relative import with no known parent package
2026-02-06 03:46:59 +05:00: Traceback (most recent call last):
2026-02-06 03:46:59 +05:00:   File "/mnt/d/Hackathons/hackathon-0/silver/src/watchers/whatsapp_watcher.py", line 16, in <module>
2026-02-06 03:46:59 +05:00:     from .base_watcher import BaseWatcher, TaskCreationError
2026-02-06 03:46:59 +05:00: ImportError: attempted relative import with no known parent package
2026-02-06 03:47:07 +05:00: Traceback (most recent call last):
2026-02-06 03:47:07 +05:00:   File "/mnt/d/Hackathons/hackathon-0/silver/src/watchers/whatsapp_watcher.py", line 16, in <module>
2026-02-06 03:47:07 +05:00:     from .base_watcher import BaseWatcher, TaskCreationError
2026-02-06 03:47:07 +05:00: ImportError: attempted relative import with no known parent package
2026-02-06 03:47:15 +05:00: Traceback (most recent call last):
2026-02-06 03:47:15 +05:00:   File "/mnt/d/Hackathons/hackathon-0/silver/src/watchers/whatsapp_watcher.py", line 16, in <module>
2026-02-06 03:47:15 +05:00:     from .base_watcher import BaseWatcher, TaskCreationError
2026-02-06 03:47:15 +05:00: ImportError: attempted relative import with no known parent package
2026-02-06 03:47:24 +05:00: Traceback (most recent call last):
2026-02-06 03:47:24 +05:00:   File "/mnt/d/Hackathons/hackathon-0/silver/src/watchers/whatsapp_watcher.py", line 16, in <module>
2026-02-06 03:47:24 +05:00:     from .base_watcher import BaseWatcher, TaskCreationError
2026-02-06 03:47:24 +05:00: ImportError: attempted relative import with no known parent package
2026-02-06 03:47:32 +05:00: Traceback (most recent call last):
2026-02-06 03:47:32 +05:00:   File "/mnt/d/Hackathons/hackathon-0/silver/src/watchers/whatsapp_watcher.py", line 16, in <module>
2026-02-06 03:47:32 +05:00:     from .base_watcher import BaseWatcher, TaskCreationError
2026-02-06 03:47:32 +05:00: ImportError: attempted relative import with no known parent package
2026-02-06 03:47:40 +05:00: Traceback (most recent call last):
2026-02-06 03:47:40 +05:00:   File "/mnt/d/Hackathons/hackathon-0/silver/src/watchers/whatsapp_watcher.py", line 16, in <module>
2026-02-06 03:47:40 +05:00:     from .base_watcher import BaseWatcher, TaskCreationError
2026-02-06 03:47:40 +05:00: ImportError: attempted relative import with no known parent package
2026-02-06 03:47:48 +05:00: Traceback (most recent call last):
2026-02-06 03:47:48 +05:00:   File "/mnt/d/Hackathons/hackathon-0/silver/src/watchers/whatsapp_watcher.py", line 16, in <module>
2026-02-06 03:47:48 +05:00:     from .base_watcher import BaseWatcher, TaskCreationError
2026-02-06 03:47:48 +05:00: ImportError: attempted relative import with no known parent package
2026-02-06 03:47:55 +05:00: Traceback (most recent call last):
2026-02-06 03:47:55 +05:00:   File "/mnt/d/Hackathons/hackathon-0/silver/src/watchers/whatsapp_watcher.py", line 16, in <module>
2026-02-06 03:47:55 +05:00:     from .base_watcher import BaseWatcher, TaskCreationError
2026-02-06 03:47:55 +05:00: ImportError: attempted relative import with no known parent package
2026-02-06 03:48:04 +05:00: Traceback (most recent call last):
2026-02-06 03:48:04 +05:00:   File "/mnt/d/Hackathons/hackathon-0/silver/src/watchers/whatsapp_watcher.py", line 16, in <module>
2026-02-06 03:48:04 +05:00:     from .base_watcher import BaseWatcher, TaskCreationError
2026-02-06 03:48:04 +05:00: ImportError: attempted relative import with no known parent package
2026-02-06 03:48:11 +05:00: Traceback (most recent call last):
2026-02-06 03:48:11 +05:00:   File "/mnt/d/Hackathons/hackathon-0/silver/src/watchers/whatsapp_watcher.py", line 16, in <module>
2026-02-06 03:48:11 +05:00:     from .base_watcher import BaseWatcher, TaskCreationError
2026-02-06 03:48:11 +05:00: ImportError: attempted relative import with no known parent package
2026-02-06 03:48:19 +05:00: Traceback (most recent call last):
2026-02-06 03:48:19 +05:00:   File "/mnt/d/Hackathons/hackathon-0/silver/src/watchers/whatsapp_watcher.py", line 16, in <module>
2026-02-06 03:48:19 +05:00:     from .base_watcher import BaseWatcher, TaskCreationError
2026-02-06 03:48:19 +05:00: ImportError: attempted relative import with no known parent package
2026-02-06 03:48:28 +05:00: Traceback (most recent call last):
2026-02-06 03:48:28 +05:00:   File "/mnt/d/Hackathons/hackathon-0/silver/src/watchers/whatsapp_watcher.py", line 16, in <module>
2026-02-06 03:48:28 +05:00:     from .base_watcher import BaseWatcher, TaskCreationError
2026-02-06 03:48:28 +05:00: ImportError: attempted relative import with no known parent package
2026-02-06 03:48:37 +05:00: Traceback (most recent call last):
2026-02-06 03:48:37 +05:00:   File "/mnt/d/Hackathons/hackathon-0/silver/src/watchers/whatsapp_watcher.py", line 16, in <module>
2026-02-06 03:48:37 +05:00:     from .base_watcher import BaseWatcher, TaskCreationError
2026-02-06 03:48:37 +05:00: ImportError: attempted relative import with no known parent package
2026-02-06 03:48:44 +05:00: Traceback (most recent call last):
2026-02-06 03:48:44 +05:00:   File "/mnt/d/Hackathons/hackathon-0/silver/src/watchers/whatsapp_watcher.py", line 16, in <module>
2026-02-06 03:48:44 +05:00:     from .base_watcher import BaseWatcher, TaskCreationError
2026-02-06 03:48:44 +05:00: ImportError: attempted relative import with no known parent package
2026-02-06 03:48:51 +05:00: Traceback (most recent call last):
2026-02-06 03:48:51 +05:00:   File "/mnt/d/Hackathons/hackathon-0/silver/src/watchers/whatsapp_watcher.py", line 16, in <module>
2026-02-06 03:48:51 +05:00:     from .base_watcher import BaseWatcher, TaskCreationError
2026-02-06 03:48:51 +05:00: ImportError: attempted relative import with no known parent package
2026-02-06 03:48:59 +05:00: Traceback (most recent call last):
2026-02-06 03:48:59 +05:00:   File "/mnt/d/Hackathons/hackathon-0/silver/src/watchers/whatsapp_watcher.py", line 16, in <module>
2026-02-06 03:48:59 +05:00:     from .base_watcher import BaseWatcher, TaskCreationError
2026-02-06 03:48:59 +05:00: ImportError: attempted relative import with no known parent package
2026-02-06 03:49:07 +05:00: Traceback (most recent call last):
2026-02-06 03:49:07 +05:00:   File "/mnt/d/Hackathons/hackathon-0/silver/src/watchers/whatsapp_watcher.py", line 16, in <module>
2026-02-06 03:49:07 +05:00:     from .base_watcher import BaseWatcher, TaskCreationError
2026-02-06 03:49:07 +05:00: ImportError: attempted relative import with no known parent package
2026-02-06 03:49:14 +05:00: Traceback (most recent call last):
2026-02-06 03:49:14 +05:00:   File "/mnt/d/Hackathons/hackathon-0/silver/src/watchers/whatsapp_watcher.py", line 16, in <module>
2026-02-06 03:49:14 +05:00:     from .base_watcher import BaseWatcher, TaskCreationError
2026-02-06 03:49:14 +05:00: ImportError: attempted relative import with no known parent package
2026-02-06 03:49:22 +05:00: Traceback (most recent call last):
2026-02-06 03:49:22 +05:00:   File "/mnt/d/Hackathons/hackathon-0/silver/src/watchers/whatsapp_watcher.py", line 16, in <module>
2026-02-06 03:49:22 +05:00:     from .base_watcher import BaseWatcher, TaskCreationError
2026-02-06 03:49:22 +05:00: 
2026-02-06 03:49:22 +05:00: ImportError: attempted relative import with no known parent package
2026-02-06 03:49:31 +05:00: Traceback (most recent call last):
2026-02-06 03:49:31 +05:00:   File "/mnt/d/Hackathons/hackathon-0/silver/src/watchers/whatsapp_watcher.py", line 16, in <module>
2026-02-06 03:49:31 +05:00:     from .base_watcher import BaseWatcher, TaskCreationError
2026-02-06 03:49:31 +05:00: ImportError: attempted relative import with no known parent package
2026-02-06 03:49:40 +05:00: Traceback (most recent call last):
2026-02-06 03:49:40 +05:00:   File "/mnt/d/Hackathons/hackathon-0/silver/src/watchers/whatsapp_watcher.py", line 16, in <module>
2026-02-06 03:49:40 +05:00:     from .base_watcher import BaseWatcher, TaskCreationError
2026-02-06 03:49:40 +05:00: ImportError: attempted relative import with no known parent package
2026-02-06 03:49:48 +05:00: Traceback (most recent call last):
2026-02-06 03:49:48 +05:00:   File "/mnt/d/Hackathons/hackathon-0/silver/src/watchers/whatsapp_watcher.py", line 16, in <module>
2026-02-06 03:49:48 +05:00:     from .base_watcher import BaseWatcher, TaskCreationError
2026-02-06 03:49:48 +05:00: ImportError: attempted relative import with no known parent package
2026-02-06 03:49:55 +05:00: Traceback (most recent call last):
2026-02-06 03:49:55 +05:00:   File "/mnt/d/Hackathons/hackathon-0/silver/src/watchers/whatsapp_watcher.py", line 16, in <module>
2026-02-06 03:49:55 +05:00:     from .base_watcher import BaseWatcher, TaskCreationError
2026-02-06 03:49:55 +05:00: ImportError: attempted relative import with no known parent package
2026-02-06 03:50:03 +05:00: Traceback (most recent call last):
2026-02-06 03:50:03 +05:00:   File "/mnt/d/Hackathons/hackathon-0/silver/src/watchers/whatsapp_watcher.py", line 16, in <module>
2026-02-06 03:50:03 +05:00:     from .base_watcher import BaseWatcher, TaskCreationError
2026-02-06 03:50:03 +05:00: ImportError: attempted relative import with no known parent package
2026-02-06 03:50:10 +05:00: Traceback (most recent call last):
2026-02-06 03:50:10 +05:00:   File "/mnt/d/Hackathons/hackathon-0/silver/src/watchers/whatsapp_watcher.py", line 16, in <module>
2026-02-06 03:50:10 +05:00:     from .base_watcher import BaseWatcher, TaskCreationError
2026-02-06 03:50:10 +05:00: : attempted relative import with no known parent package
2026-02-06 03:50:18 +05:00: Traceback (most recent call last):
2026-02-06 03:50:18 +05:00:   File "/mnt/d/Hackathons/hackathon-0/silver/src/watchers/whatsapp_watcher.py", line 16, in <module>
2026-02-06 03:50:18 +05:00:     from .base_watcher import BaseWatcher, TaskCreationError
2026-02-06 03:50:18 +05:00: : attempted relative import with no known parent package
2026-02-06 03:50:25 +05:00: Traceback (most recent call last):
2026-02-06 03:50:25 +05:00:   File "/mnt/d/Hackathons/hackathon-0/silver/src/watchers/whatsapp_watcher.py", line 16, in <module>
2026-02-06 03:50:25 +05:00:     from .base_watcher import BaseWatcher, TaskCreationError
2026-02-06 03:50:25 +05:00: ImportError: attempted relative import with no known parent package
2026-02-06 03:50:33 +05:00: Traceback (most recent call last):
2026-02-06 03:50:33 +05:00:   File "/mnt/d/Hackathons/hackathon-0/silver/src/watchers/whatsapp_watcher.py", line 16, in <module>
2026-02-06 03:50:33 +05:00:     from .base_watcher import BaseWatcher, TaskCreationError
2026-02-06 03:50:33 +05:00: ImportError: attempted relative import with no known parent package
2026-02-06 03:50:42 +05:00: Traceback (most recent call last):
2026-02-06 03:50:42 +05:00:   File "/mnt/d/Hackathons/hackathon-0/silver/src/watchers/whatsapp_watcher.py", line 16, in <module>
2026-02-06 03:50:42 +05:00:     from .base_watcher import BaseWatcher, TaskCreationError
2026-02-06 03:50:42 +05:00: ImportError: attempted relative import with no known parent package
2026-02-06 03:50:51 +05:00: Traceback (most recent call last):
2026-02-06 03:50:51 +05:00:   File "/mnt/d/Hackathons/hackathon-0/silver/src/watchers/whatsapp_watcher.py", line 16, in <module>
2026-02-06 03:50:51 +05:00:     from .base_watcher import BaseWatcher, TaskCreationError
2026-02-06 03:50:51 +05:00: ImportError: attempted relative import with no known parent package
2026-02-06 03:51:01 +05:00: Traceback (most recent call last):
2026-02-06 03:51:01 +05:00:   File "/mnt/d/Hackathons/hackathon-0/silver/src/watchers/whatsapp_watcher.py", line 16, in <module>
2026-02-06 03:51:01 +05:00:     from .base_watcher import BaseWatcher, TaskCreationError
2026-02-06 03:51:01 +05:00: 
2026-02-06 03:51:01 +05:00: ImportError: attempted relative import with no known parent package
2026-02-06 03:51:09 +05:00: Traceback (most recent call last):
2026-02-06 03:51:09 +05:00:   File "/mnt/d/Hackathons/hackathon-0/silver/src/watchers/whatsapp_watcher.py", line 16, in <module>
2026-02-06 03:51:09 +05:00:     from .base_watcher import BaseWatcher, TaskCreationError
2026-02-06 03:51:09 +05:00: ImportError: attempted relative import with no known parent package
2026-02-06 03:51:17 +05:00: Traceback (most recent call last):
2026-02-06 03:51:17 +05:00:   File "/mnt/d/Hackathons/hackathon-0/silver/src/watchers/whatsapp_watcher.py", line 16, in <module>
2026-02-06 03:51:17 +05:00:     from .base_watcher import BaseWatcher, TaskCreationError
2026-02-06 03:51:17 +05:00: ImportError: attempted relative import with no known parent package
2026-02-06 03:51:24 +05:00: Traceback (most recent call last):
2026-02-06 03:51:24 +05:00:   File "/mnt/d/Hackathons/hackathon-0/silver/src/watchers/whatsapp_watcher.py", line 16, in <module>
2026-02-06 03:51:24 +05:00:     from .base_watcher import BaseWatcher, TaskCreationError
2026-02-06 03:51:24 +05:00: ImportError: attempted relative import with no known parent package
2026-02-06 03:51:32 +05:00: Traceback (most recent call last):
2026-02-06 03:51:32 +05:00:   File "/mnt/d/Hackathons/hackathon-0/silver/src/watchers/whatsapp_watcher.py", line 16, in <module>
2026-02-06 03:51:32 +05:00:     from .base_watcher import BaseWatcher, TaskCreationError
2026-02-06 03:51:32 +05:00: ImportError: attempted relative import with no known parent package
2026-02-06 03:51:40 +05:00: Traceback (most recent call last):
2026-02-06 03:51:40 +05:00:   File "/mnt/d/Hackathons/hackathon-0/silver/src/watchers/whatsapp_watcher.py", line 16, in <module>
2026-02-06 03:51:40 +05:00:     from .base_watcher import BaseWatcher, TaskCreationError
2026-02-06 03:51:40 +05:00: ImportError: attempted relative import with no known parent package
2026-02-06 03:51:48 +05:00: Traceback (most recent call last):
2026-02-06 03:51:48 +05:00:   File "/mnt/d/Hackathons/hackathon-0/silver/src/watchers/whatsapp_watcher.py", line 16, in <module>
2026-02-06 03:51:48 +05:00:     from .base_watcher import BaseWatcher, TaskCreationError
2026-02-06 03:51:48 +05:00: ImportError: attempted relative import with no known parent package
2026-02-06 03:51:55 +05:00: Traceback (most recent call last):
2026-02-06 03:51:55 +05:00:   File "/mnt/d/Hackathons/hackathon-0/silver/src/watchers/whatsapp_watcher.py", line 16, in <module>
2026-02-06 03:51:55 +05:00:     from .base_watcher import BaseWatcher, TaskCreationError
2026-02-06 03:51:55 +05:00: ImportError: attempted relative import with no known parent package
2026-02-06 03:52:05 +05:00: Traceback (most recent call last):
2026-02-06 03:52:05 +05:00:   File "/mnt/d/Hackathons/hackathon-0/silver/src/watchers/whatsapp_watcher.py", line 16, in <module>
2026-02-06 03:52:05 +05:00:     from .base_watcher import BaseWatcher, TaskCreationError
2026-02-06 03:52:05 +05:00: ImportError: attempted relative import with no known parent package
2026-02-06 03:52:13 +05:00: Traceback (most recent call last):
2026-02-06 03:52:13 +05:00:   File "/mnt/d/Hackathons/hackathon-0/silver/src/watchers/whatsapp_watcher.py", line 16, in <module>
2026-02-06 03:52:13 +05:00:     from .base_watcher import BaseWatcher, TaskCreationError
2026-02-06 03:52:13 +05:00: ImportError: attempted relative import with no known parent package
2026-02-06 03:52:21 +05:00: Traceback (most recent call last):
2026-02-06 03:52:21 +05:00:   File "/mnt/d/Hackathons/hackathon-0/silver/src/watchers/whatsapp_watcher.py", line 16, in <module>
2026-02-06 03:52:21 +05:00:     from .base_watcher import BaseWatcher, TaskCreationError
2026-02-06 03:52:21 +05:00: ImportError: attempted relative import with no known parent package
2026-02-06 03:52:30 +05:00: Traceback (most recent call last):
2026-02-06 03:52:30 +05:00:   File "/mnt/d/Hackathons/hackathon-0/silver/src/watchers/whatsapp_watcher.py", line 16, in <module>
2026-02-06 03:52:30 +05:00:     from .base_watcher import BaseWatcher, TaskCreationError
2026-02-06 03:52:30 +05:00: ImportError: attempted relative import with no known parent package
2026-02-06 03:52:38 +05:00: Traceback (most recent call last):
2026-02-06 03:52:38 +05:00:   File "/mnt/d/Hackathons/hackathon-0/silver/src/watchers/whatsapp_watcher.py", line 16, in <module>
2026-02-06 03:52:38 +05:00:     from .base_watcher import BaseWatcher, TaskCreationError
2026-02-06 03:52:38 +05:00: ImportError: attempted relative import with no known parent package
2026-02-06 03:52:46 +05:00: Traceback (most recent call last):
2026-02-06 03:52:46 +05:00:   File "/mnt/d/Hackathons/hackathon-0/silver/src/watchers/whatsapp_watcher.py", line 16, in <module>
2026-02-06 03:52:46 +05:00:     from .base_watcher import BaseWatcher, TaskCreationError
2026-02-06 03:52:46 +05:00: ImportError: attempted relative import with no known parent package
2026-02-06 03:52:53 +05:00: Traceback (most recent call last):
2026-02-06 03:52:53 +05:00:   File "/mnt/d/Hackathons/hackathon-0/silver/src/watchers/whatsapp_watcher.py", line 16, in <module>
2026-02-06 03:52:53 +05:00:     from .base_watcher import BaseWatcher, TaskCreationError
2026-02-06 03:52:53 +05:00: ImportError: attempted relative import with no known parent package
2026-02-06 03:53:02 +05:00: Traceback (most recent call last):
2026-02-06 03:53:02 +05:00:   File "/mnt/d/Hackathons/hackathon-0/silver/src/watchers/whatsapp_watcher.py", line 16, in <module>
2026-02-06 03:53:02 +05:00:     from .base_watcher import BaseWatcher, TaskCreationError
2026-02-06 03:53:02 +05:00: ImportError: attempted relative import with no known parent package
2026-02-06 03:53:10 +05:00: Traceback (most recent call last):
2026-02-06 03:53:10 +05:00:   File "/mnt/d/Hackathons/hackathon-0/silver/src/watchers/whatsapp_watcher.py", line 16, in <module>
2026-02-06 03:53:10 +05:00:     from .base_watcher import BaseWatcher, TaskCreationError
2026-02-06 03:53:10 +05:00: ImportError: attempted relative import with no known parent package
2026-02-06 03:53:19 +05:00: Traceback (most recent call last):
2026-02-06 03:53:19 +05:00:   File "/mnt/d/Hackathons/hackathon-0/silver/src/watchers/whatsapp_watcher.py", line 16, in <module>
2026-02-06 03:53:19 +05:00:     from .base_watcher import BaseWatcher, TaskCreationError
2026-02-06 03:53:19 +05:00: ImportError: attempted relative import with no known parent package
2026-02-06 03:53:27 +05:00: Traceback (most recent call last):
2026-02-06 03:53:27 +05:00:   File "/mnt/d/Hackathons/hackathon-0/silver/src/watchers/whatsapp_watcher.py", line 16, in <module>
2026-02-06 03:53:27 +05:00:     from .base_watcher import BaseWatcher, TaskCreationError
2026-02-06 03:53:27 +05:00: ImportError: attempted relative import with no known parent package
2026-02-06 03:53:35 +05:00: Traceback (most recent call last):
2026-02-06 03:53:35 +05:00:   File "/mnt/d/Hackathons/hackathon-0/silver/src/watchers/whatsapp_watcher.py", line 16, in <module>
2026-02-06 03:53:35 +05:00:     from .base_watcher import BaseWatcher, TaskCreationError
2026-02-06 03:53:35 +05:00: ImportError: attempted relative import with no known parent package
2026-02-06 03:53:43 +05:00: Traceback (most recent call last):
2026-02-06 03:53:43 +05:00:   File "/mnt/d/Hackathons/hackathon-0/silver/src/watchers/whatsapp_watcher.py", line 16, in <module>
2026-02-06 03:53:43 +05:00:     from .base_watcher import BaseWatcher, TaskCreationError
2026-02-06 03:53:43 +05:00: ImportError: attempted relative import with no known parent package
2026-02-06 03:53:51 +05:00: Traceback (most recent call last):
2026-02-06 03:53:51 +05:00:   File "/mnt/d/Hackathons/hackathon-0/silver/src/watchers/whatsapp_watcher.py", line 16, in <module>
2026-02-06 03:53:51 +05:00:     from .base_watcher import BaseWatcher, TaskCreationError
2026-02-06 03:53:51 +05:00: ImportError: attempted relative import with no known parent package
2026-02-06 03:54:00 +05:00: Traceback (most recent call last):
2026-02-06 03:54:00 +05:00:   File "/mnt/d/Hackathons/hackathon-0/silver/src/watchers/whatsapp_watcher.py", line 16, in <module>
2026-02-06 03:54:00 +05:00:     from .base_watcher import BaseWatcher, TaskCreationError
2026-02-06 03:54:00 +05:00: ImportError: attempted relative import with no known parent package
2026-02-06 03:54:08 +05:00: Traceback (most recent call last):
2026-02-06 03:54:08 +05:00:   File "/mnt/d/Hackathons/hackathon-0/silver/src/watchers/whatsapp_watcher.py", line 16, in <module>
2026-02-06 03:54:08 +05:00:     from .base_watcher import BaseWatcher, TaskCreationError
2026-02-06 03:54:08 +05:00: ImportError: attempted relative import with no known parent package
2026-02-06 03:54:16 +05:00: Traceback (most recent call last):
2026-02-06 03:54:16 +05:00:   File "/mnt/d/Hackathons/hackathon-0/silver/src/watchers/whatsapp_watcher.py", line 16, in <module>
2026-02-06 03:54:16 +05:00:     
2026-02-06 03:54:16 +05:00: from .base_watcher import BaseWatcher, TaskCreationError
2026-02-06 03:54:16 +05:00: ImportError: attempted relative import with no known parent package
2026-02-06 03:54:25 +05:00: Traceback (most recent call last):
2026-02-06 03:54:25 +05:00:   File "/mnt/d/Hackathons/hackathon-0/silver/src/watchers/whatsapp_watcher.py", line 16, in <module>
2026-02-06 03:54:25 +05:00:     from .base_watcher import BaseWatcher, TaskCreationError
2026-02-06 03:54:25 +05:00: ImportError: attempted relative import with no known parent package
2026-02-06 03:54:35 +05:00: Traceback (most recent call last):
2026-02-06 03:54:35 +05:00:   File "/mnt/d/Hackathons/hackathon-0/silver/src/watchers/whatsapp_watcher.py", line 16, in <module>
2026-02-06 03:54:35 +05:00:     from .base_watcher import BaseWatcher, TaskCreationError
2026-02-06 03:54:35 +05:00: attempted relative import with no known parent package
2026-02-06 03:54:43 +05:00: Traceback (most recent call last):
2026-02-06 03:54:43 +05:00:   File "/mnt/d/Hackathons/hackathon-0/silver/src/watchers/whatsapp_watcher.py", line 16, in <module>
2026-02-06 03:54:43 +05:00:     from .base_watcher import BaseWatcher, TaskCreationError
2026-02-06 03:54:43 +05:00: ImportError: attempted relative import with no known parent package
2026-02-06 03:54:51 +05:00: Traceback (most recent call last):
2026-02-06 03:54:51 +05:00:   File "/mnt/d/Hackathons/hackathon-0/silver/src/watchers/whatsapp_watcher.py", line 16, in <module>
2026-02-06 03:54:51 +05:00:     from .base_watcher import BaseWatcher, TaskCreationError
2026-02-06 03:54:51 +05:00: ImportError: attempted relative import with no known parent package
2026-02-06 03:54:58 +05:00: Traceback (most recent call last):
2026-02-06 03:54:58 +05:00:   File "/mnt/d/Hackathons/hackathon-0/silver/src/watchers/whatsapp_watcher.py", line 16, in <module>
2026-02-06 03:54:58 +05:00:     from .base_watcher import BaseWatcher, TaskCreationError
2026-02-06 03:54:58 +05:00: ImportError: attempted relative import with no known parent package
2026-02-06 03:55:06 +05:00: Traceback (most recent call last):
2026-02-06 03:55:06 +05:00:   File "/mnt/d/Hackathons/hackathon-0/silver/src/watchers/whatsapp_watcher.py", line 16, in <module>
2026-02-06 03:55:06 +05:00:     from .base_watcher import BaseWatcher, TaskCreationError
2026-02-06 03:55:06 +05:00: ImportError: attempted relative import with no known parent package
2026-02-06 03:55:14 +05:00: Traceback (most recent call last):
2026-02-06 03:55:14 +05:00:   File "/mnt/d/Hackathons/hackathon-0/silver/src/watchers/whatsapp_watcher.py", line 16, in <module>
2026-02-06 03:55:14 +05:00:     from .base_watcher import BaseWatcher, TaskCreationError
2026-02-06 03:55:14 +05:00: 
2026-02-06 03:55:22 +05:00: Traceback (most recent call last):
2026-02-06 03:55:22 +05:00:   File "/mnt/d/Hackathons/hackathon-0/silver/src/watchers/whatsapp_watcher.py", line 16, in <module>
2026-02-06 03:55:22 +05:00:     from .base_watcher import BaseWatcher, TaskCreationError
2026-02-06 03:55:22 +05:00: ImportError: attempted relative import with no known parent package
2026-02-06 03:55:30 +05:00: Traceback (most recent call last):
2026-02-06 03:55:30 +05:00:   File "/mnt/d/Hackathons/hackathon-0/silver/src/watchers/whatsapp_watcher.py", line 16, in <module>
2026-02-06 03:55:30 +05:00:     from .base_watcher import BaseWatcher, TaskCreationError
2026-02-06 03:55:30 +05:00: ImportError: attempted relative import with no known parent package
2026-02-06 03:55:42 +05:00: Traceback (most recent call last):
2026-02-06 03:55:42 +05:00:   File "/mnt/d/Hackathons/hackathon-0/silver/src/watchers/whatsapp_watcher.py", line 16, in <module>
2026-02-06 03:55:42 +05:00:     from .base_watcher import BaseWatcher, TaskCreationError
2026-02-06 03:55:42 +05:00: ImportError: attempted relative import with no known parent package
2026-02-06 03:55:50 +05:00: Traceback (most recent call last):
2026-02-06 03:55:50 +05:00:   File "/mnt/d/Hackathons/hackathon-0/silver/src/watchers/whatsapp_watcher.py", line 16, in <module>
2026-02-06 03:55:50 +05:00:     from .base_watcher import BaseWatcher, TaskCreationError
2026-02-06 03:55:50 +05:00: ImportError: attempted relative import with no known parent package
2026-02-06 03:55:57 +05:00: Traceback (most recent call last):
2026-02-06 03:55:57 +05:00:   File "/mnt/d/Hackathons/hackathon-0/silver/src/watchers/whatsapp_watcher.py", line 16, in <module>
2026-02-06 03:55:57 +05:00:     from .base_watcher import BaseWatcher, TaskCreationError
2026-02-06 03:55:57 +05:00: ImportError: attempted relative import with no known parent package
2026-02-06 03:56:05 +05:00: Traceback (most recent call last):
2026-02-06 03:56:05 +05:00:   File "/mnt/d/Hackathons/hackathon-0/silver/src/watchers/whatsapp_watcher.py", line 16, in <module>
2026-02-06 03:56:05 +05:00:     from .base_watcher import BaseWatcher, TaskCreationError
2026-02-06 03:56:05 +05:00: ImportError: attempted relative import with no known parent package
2026-02-06 03:56:13 +05:00: Traceback (most recent call last):
2026-02-06 03:56:13 +05:00:   File "/mnt/d/Hackathons/hackathon-0/silver/src/watchers/whatsapp_watcher.py", line 16, in <module>
2026-02-06 03:56:13 +05:00:     from .base_watcher import BaseWatcher, TaskCreationError
2026-02-06 03:56:13 +05:00: ImportError: attempted relative import with no known parent package
2026-02-06 03:56:21 +05:00: Traceback (most recent call last):
2026-02-06 03:56:21 +05:00:   File "/mnt/d/Hackathons/hackathon-0/silver/src/watchers/whatsapp_watcher.py", line 16, in <module>
2026-02-06 03:56:21 +05:00:     from .base_watcher import BaseWatcher, TaskCreationError
2026-02-06 03:56:21 +05:00: ImportError: attempted relative import with no known parent package
2026-02-06 03:56:28 +05:00: Traceback (most recent call last):
2026-02-06 03:56:28 +05:00:   File "/mnt/d/Hackathons/hackathon-0/silver/src/watchers/whatsapp_watcher.py", line 16, in <module>
2026-02-06 03:56:28 +05:00:     from .base_watcher import BaseWatcher, TaskCreationError
2026-02-06 03:56:28 +05:00: ImportError: attempted relative import with no known parent package
2026-02-06 03:56:36 +05:00: Traceback (most recent call last):
2026-02-06 03:56:36 +05:00:   File "/mnt/d/Hackathons/hackathon-0/silver/src/watchers/whatsapp_watcher.py", line 16, in <module>
2026-02-06 03:56:36 +05:00:     from .base_watcher import BaseWatcher, TaskCreationError
2026-02-06 03:56:36 +05:00: ImportError: attempted relative import with no known parent package
2026-02-06 03:56:44 +05:00: Traceback (most recent call last):
2026-02-06 03:56:44 +05:00:   File "/mnt/d/Hackathons/hackathon-0/silver/src/watchers/whatsapp_watcher.py", line 16, in <module>
2026-02-06 03:56:44 +05:00:     from .base_watcher import BaseWatcher, TaskCreationError
2026-02-06 03:56:44 +05:00: ImportError: attempted relative import with no known parent package
2026-02-06 03:56:53 +05:00: Traceback (most recent call last):
2026-02-06 03:56:53 +05:00:   File "/mnt/d/Hackathons/hackathon-0/silver/src/watchers/whatsapp_watcher.py", line 16, in <module>
2026-02-06 03:56:53 +05:00:     from .base_watcher import BaseWatcher, TaskCreationError
2026-02-06 03:56:53 +05:00: ImportError: attempted relative import with no known parent package
2026-02-06 03:57:02 +05:00: Traceback (most recent call last):
2026-02-06 03:57:02 +05:00:   File "/mnt/d/Hackathons/hackathon-0/silver/src/watchers/whatsapp_watcher.py", line 16, in <module>
2026-02-06 03:57:02 +05:00:     from .base_watcher import BaseWatcher, TaskCreationError
2026-02-06 03:57:02 +05:00: ImportError: attempted relative import with no known parent package
2026-02-06 03:57:10 +05:00: Traceback (most recent call last):
2026-02-06 03:57:10 +05:00:   File "/mnt/d/Hackathons/hackathon-0/silver/src/watchers/whatsapp_watcher.py", line 16, in <module>
2026-02-06 03:57:10 +05:00:     from .base_watcher import BaseWatcher, TaskCreationError
2026-02-06 03:57:10 +05:00: ImportError: attempted relative import with no known parent package
2026-02-06 03:57:18 +05:00: Traceback (most recent call last):
2026-02-06 03:57:18 +05:00:   File "/mnt/d/Hackathons/hackathon-0/silver/src/watchers/whatsapp_watcher.py", line 16, in <module>
2026-02-06 03:57:18 +05:00:     from .base_watcher import BaseWatcher, TaskCreationError
2026-02-06 03:57:18 +05:00: ImportError: attempted relative import with no known parent package
2026-02-06 03:57:26 +05:00: Traceback (most recent call last):
2026-02-06 03:57:26 +05:00:   File "/mnt/d/Hackathons/hackathon-0/silver/src/watchers/whatsapp_watcher.py", line 16, in <module>
2026-02-06 03:57:26 +05:00:     from .base_watcher import BaseWatcher, TaskCreationError
2026-02-06 03:57:26 +05:00: attempted relative import with no known parent package
2026-02-06 03:57:33 +05:00: Traceback (most recent call last):
2026-02-06 03:57:33 +05:00:   File "/mnt/d/Hackathons/hackathon-0/silver/src/watchers/whatsapp_watcher.py", line 16, in <module>
2026-02-06 03:57:33 +05:00:     from .base_watcher import BaseWatcher, TaskCreationError
2026-02-06 03:57:33 +05:00: attempted relative import with no known parent package
2026-02-06 03:57:41 +05:00: Traceback (most recent call last):
2026-02-06 03:57:41 +05:00:   File "/mnt/d/Hackathons/hackathon-0/silver/src/watchers/whatsapp_watcher.py", line 16, in <module>
2026-02-06 03:57:41 +05:00:     from .base_watcher import BaseWatcher, TaskCreationError
2026-02-06 03:57:41 +05:00: ImportError: attempted relative import with no known parent package
2026-02-06 03:57:49 +05:00: Traceback (most recent call last):
2026-02-06 03:57:49 +05:00:   File "/mnt/d/Hackathons/hackathon-0/silver/src/watchers/whatsapp_watcher.py", line 16, in <module>
2026-02-06 03:57:49 +05:00:     from .base_watcher import BaseWatcher, TaskCreationError
2026-02-06 03:57:49 +05:00: : attempted relative import with no known parent package
2026-02-06 03:57:56 +05:00: Traceback (most recent call last):
2026-02-06 03:57:56 +05:00:   File "/mnt/d/Hackathons/hackathon-0/silver/src/watchers/whatsapp_watcher.py", line 16, in <module>
2026-02-06 03:57:56 +05:00:     from .base_watcher import BaseWatcher, TaskCreationError
2026-02-06 03:57:56 +05:00: ImportError: attempted relative import with no known parent package
2026-02-06 03:58:05 +05:00: Traceback (most recent call last):
2026-02-06 03:58:05 +05:00:   File "/mnt/d/Hackathons/hackathon-0/silver/src/watchers/whatsapp_watcher.py", line 16, in <module>
2026-02-06 03:58:05 +05:00:     from .base_watcher import BaseWatcher, TaskCreationError
2026-02-06 03:58:05 +05:00: ImportError: attempted relative import with no known parent package
2026-02-06 03:58:13 +05:00: Traceback (most recent call last):
2026-02-06 03:58:13 +05:00:   File "/mnt/d/Hackathons/hackathon-0/silver/src/watchers/whatsapp_watcher.py", line 16, in <module>
2026-02-06 03:58:13 +05:00:     from .base_watcher import BaseWatcher, TaskCreationError
2026-02-06 03:58:13 +05:00: ImportError: attempted relative import with no known parent package
2026-02-06 03:58:20 +05:00: Traceback (most recent call last):
2026-02-06 03:58:20 +05:00:   File "/mnt/d/Hackathons/hackathon-0/silver/src/watchers/whatsapp_watcher.py", line 16, in <module>
2026-02-06 03:58:20 +05:00:     from .base_watcher import BaseWatcher, TaskCreationError
2026-02-06 03:58:20 +05:00: ImportError: attempted relative import with no known parent package
2026-02-06 03:58:28 +05:00: Traceback (most recent call last):
2026-02-06 03:58:28 +05:00:   File "/mnt/d/Hackathons/hackathon-0/silver/src/watchers/whatsapp_watcher.py", line 16, in <module>
2026-02-06 03:58:28 +05:00:     from .base_watcher import BaseWatcher, TaskCreationError
2026-02-06 03:58:28 +05:00: ImportError: attempted relative import with no known parent package
2026-02-06 03:58:35 +05:00: Traceback (most recent call last):
2026-02-06 03:58:35 +05:00:   File "/mnt/d/Hackathons/hackathon-0/silver/src/watchers/whatsapp_watcher.py", line 16, in <module>
2026-02-06 03:58:35 +05:00:     from .base_watcher import BaseWatcher, TaskCreationError
2026-02-06 03:58:35 +05:00: ImportError: attempted relative import with no known parent package
2026-02-06 03:58:43 +05:00: Traceback (most recent call last):
2026-02-06 03:58:43 +05:00:   File "/mnt/d/Hackathons/hackathon-0/silver/src/watchers/whatsapp_watcher.py", line 16, in <module>
2026-02-06 03:58:43 +05:00:     from .base_watcher import BaseWatcher, TaskCreationError
2026-02-06 03:58:43 +05:00: ImportError: attempted relative import with no known parent package
2026-02-06 03:58:50 +05:00: Traceback (most recent call last):
2026-02-06 03:58:50 +05:00:   File "/mnt/d/Hackathons/hackathon-0/silver/src/watchers/whatsapp_watcher.py", line 16, in <module>
2026-02-06 03:58:50 +05:00:     from .base_watcher import BaseWatcher, TaskCreationError
2026-02-06 03:58:50 +05:00: ImportError: attempted relative import with no known parent package
2026-02-06 03:58:58 +05:00: Traceback (most recent call last):
2026-02-06 03:58:58 +05:00:   File "/mnt/d/Hackathons/hackathon-0/silver/src/watchers/whatsapp_watcher.py", line 16, in <module>
2026-02-06 03:58:58 +05:00:     
2026-02-06 03:58:58 +05:00: from .base_watcher import BaseWatcher, TaskCreationError
2026-02-06 03:58:58 +05:00: ImportError: attempted relative import with no known parent package
2026-02-06 03:59:06 +05:00: Traceback (most recent call last):
2026-02-06 03:59:06 +05:00:   File "/mnt/d/Hackathons/hackathon-0/silver/src/watchers/whatsapp_watcher.py", line 16, in <module>
2026-02-06 03:59:06 +05:00:     from .base_watcher import BaseWatcher, TaskCreationError
2026-02-06 03:59:06 +05:00: ImportError: attempted relative import with no known parent package
2026-02-06 03:59:15 +05:00: Traceback (most recent call last):
2026-02-06 03:59:15 +05:00:   File "/mnt/d/Hackathons/hackathon-0/silver/src/watchers/whatsapp_watcher.py", line 16, in <module>
2026-02-06 03:59:15 +05:00:     from .base_watcher import BaseWatcher, TaskCreationError
2026-02-06 03:59:15 +05:00: ImportError: attempted relative import with no known parent package
2026-02-06 03:59:24 +05:00: Traceback (most recent call last):
2026-02-06 03:59:24 +05:00:   File "/mnt/d/Hackathons/hackathon-0/silver/src/watchers/whatsapp_watcher.py", line 16, in <module>
2026-02-06 03:59:24 +05:00:     from .base_watcher import BaseWatcher, TaskCreationError
2026-02-06 03:59:24 +05:00: ImportError: attempted relative import with no known parent package
2026-02-06 03:59:32 +05:00: Traceback (most recent call last):
2026-02-06 03:59:32 +05:00:   File "/mnt/d/Hackathons/hackathon-0/silver/src/watchers/whatsapp_watcher.py", line 16, in <module>
2026-02-06 03:59:32 +05:00:     from .base_watcher import BaseWatcher, TaskCreationError
2026-02-06 03:59:32 +05:00: ImportError: attempted relative import with no known parent package
2026-02-06 03:59:40 +05:00: Traceback (most recent call last):
2026-02-06 03:59:40 +05:00:   File "/mnt/d/Hackathons/hackathon-0/silver/src/watchers/whatsapp_watcher.py", line 16, in <module>
2026-02-06 03:59:40 +05:00:     from .base_watcher import BaseWatcher, TaskCreationError
2026-02-06 03:59:40 +05:00: ImportError: attempted relative import with no known parent package
2026-02-06 03:59:49 +05:00: Traceback (most recent call last):
2026-02-06 03:59:49 +05:00:   File "/mnt/d/Hackathons/hackathon-0/silver/src/watchers/whatsapp_watcher.py", line 16, in <module>
2026-02-06 03:59:49 +05:00:     from .base_watcher import BaseWatcher, TaskCreationError
2026-02-06 03:59:49 +05:00: : attempted relative import with no known parent package
2026-02-06 03:59:57 +05:00: Traceback (most recent call last):
2026-02-06 03:59:57 +05:00:   File "/mnt/d/Hackathons/hackathon-0/silver/src/watchers/whatsapp_watcher.py", line 16, in <module>
2026-02-06 03:59:57 +05:00:     from .base_watcher import BaseWatcher, TaskCreationError
2026-02-06 03:59:57 +05:00: ImportError: attempted relative import with no known parent package
2026-02-06 04:00:06 +05:00: Traceback (most recent call last):
2026-02-06 04:00:06 +05:00:   File "/mnt/d/Hackathons/hackathon-0/silver/src/watchers/whatsapp_watcher.py", line 16, in <module>
2026-02-06 04:00:06 +05:00:     from .base_watcher import BaseWatcher, TaskCreationError
2026-02-06 04:00:06 +05:00: ImportError: attempted relative import with no known parent package
2026-02-06 04:00:14 +05:00: Traceback (most recent call last):
2026-02-06 04:00:14 +05:00:   File "/mnt/d/Hackathons/hackathon-0/silver/src/watchers/whatsapp_watcher.py", line 16, in <module>
2026-02-06 04:00:14 +05:00:     from .base_watcher import BaseWatcher, TaskCreationError
2026-02-06 04:00:14 +05:00: ImportError: attempted relative import with no known parent package
2026-02-06 04:00:21 +05:00: Traceback (most recent call last):
2026-02-06 04:00:21 +05:00:   File "/mnt/d/Hackathons/hackathon-0/silver/src/watchers/whatsapp_watcher.py", line 16, in <module>
2026-02-06 04:00:21 +05:00:     from .base_watcher import BaseWatcher, TaskCreationError
2026-02-06 04:00:21 +05:00: ImportError: attempted relative import with no known parent package
2026-02-06 04:00:31 +05:00: Traceback (most recent call last):
2026-02-06 04:00:31 +05:00:   File "/mnt/d/Hackathons/hackathon-0/silver/src/watchers/whatsapp_watcher.py", line 16, in <module>
2026-02-06 04:00:31 +05:00:     from .base_watcher import BaseWatcher, TaskCreationError
2026-02-06 04:00:31 +05:00: ImportError: attempted relative import with no known parent package
2026-02-06 04:00:39 +05:00: Traceback (most recent call last):
2026-02-06 04:00:39 +05:00:   File "/mnt/d/Hackathons/hackathon-0/silver/src/watchers/whatsapp_watcher.py", line 16, in <module>
2026-02-06 04:00:39 +05:00:     from .base_watcher import BaseWatcher, TaskCreationError
2026-02-06 04:00:39 +05:00: ImportError: attempted relative import with no known parent package
2026-02-06 04:00:47 +05:00: Traceback (most recent call last):
2026-02-06 04:00:47 +05:00:   File "/mnt/d/Hackathons/hackathon-0/silver/src/watchers/whatsapp_watcher.py", line 16, in <module>
2026-02-06 04:00:47 +05:00:     from .base_watcher import BaseWatcher, TaskCreationError
2026-02-06 04:00:47 +05:00: ImportError: attempted relative import with no known parent package
2026-02-06 04:00:55 +05:00: Traceback (most recent call last):
2026-02-06 04:00:55 +05:00:   File "/mnt/d/Hackathons/hackathon-0/silver/src/watchers/whatsapp_watcher.py", line 16, in <module>
2026-02-06 04:00:55 +05:00:     from .base_watcher import BaseWatcher, TaskCreationError
2026-02-06 04:00:55 +05:00: ImportError: attempted relative import with no known parent package
2026-02-06 04:01:03 +05:00: Traceback (most recent call last):
2026-02-06 04:01:03 +05:00:   File "/mnt/d/Hackathons/hackathon-0/silver/src/watchers/whatsapp_watcher.py", line 16, in <module>
2026-02-06 04:01:03 +05:00:     from .base_watcher import BaseWatcher, TaskCreationError
2026-02-06 04:01:03 +05:00: ImportError: attempted relative import with no known parent package
2026-02-06 04:01:11 +05:00: Traceback (most recent call last):
2026-02-06 04:01:11 +05:00:   File "/mnt/d/Hackathons/hackathon-0/silver/src/watchers/whatsapp_watcher.py", line 16, in <module>
2026-02-06 04:01:11 +05:00:     from .base_watcher import BaseWatcher, TaskCreationError
2026-02-06 04:01:11 +05:00: ImportError: attempted relative import with no known parent package
2026-02-06 04:01:19 +05:00: Traceback (most recent call last):
2026-02-06 04:01:19 +05:00:   File "/mnt/d/Hackathons/hackathon-0/silver/src/watchers/whatsapp_watcher.py", line 16, in <module>
2026-02-06 04:01:19 +05:00:     from .base_watcher import BaseWatcher, TaskCreationError
2026-02-06 04:01:19 +05:00: ImportError: attempted relative import with no known parent package
2026-02-06 04:01:27 +05:00: Traceback (most recent call last):
2026-02-06 04:01:27 +05:00:   File "/mnt/d/Hackathons/hackathon-0/silver/src/watchers/whatsapp_watcher.py", line 16, in <module>
2026-02-06 04:01:27 +05:00:     from .base_watcher import BaseWatcher, TaskCreationError
2026-02-06 04:01:27 +05:00: ImportError: attempted relative import with no known parent package
2026-02-06 04:01:35 +05:00: Traceback (most recent call last):
2026-02-06 04:01:35 +05:00:   File "/mnt/d/Hackathons/hackathon-0/silver/src/watchers/whatsapp_watcher.py", line 16, in <module>
2026-02-06 04:01:35 +05:00:     from .base_watcher import BaseWatcher, TaskCreationError
2026-02-06 04:01:35 +05:00: ImportError: attempted relative import with no known parent package
2026-02-06 04:01:44 +05:00: Traceback (most recent call last):
2026-02-06 04:01:44 +05:00:   File "/mnt/d/Hackathons/hackathon-0/silver/src/watchers/whatsapp_watcher.py", line 16, in <module>
2026-02-06 04:01:44 +05:00:     from .base_watcher import BaseWatcher, TaskCreationError
2026-02-06 04:01:44 +05:00: ImportError: attempted relative import with no known parent package
2026-02-06 04:01:52 +05:00: Traceback (most recent call last):
2026-02-06 04:01:52 +05:00:   File "/mnt/d/Hackathons/hackathon-0/silver/src/watchers/whatsapp_watcher.py", line 16, in <module>
2026-02-06 04:01:52 +05:00:     from .base_watcher import BaseWatcher, TaskCreationError
2026-02-06 04:01:52 +05:00: ImportError: attempted relative import with no known parent package
2026-02-06 04:02:00 +05:00: Traceback (most recent call last):
2026-02-06 04:02:00 +05:00:   File "/mnt/d/Hackathons/hackathon-0/silver/src/watchers/whatsapp_watcher.py", line 16, in <module>
2026-02-06 04:02:00 +05:00:     from .base_watcher import BaseWatcher, TaskCreationError
2026-02-06 04:02:00 +05:00: ImportError: attempted relative import with no known parent package
2026-02-06 04:02:07 +05:00: Traceback (most recent call last):
2026-02-06 04:02:07 +05:00:   File "/mnt/d/Hackathons/hackathon-0/silver/src/watchers/whatsapp_watcher.py", line 16, in <module>
2026-02-06 04:02:07 +05:00:     from .base_watcher import BaseWatcher, TaskCreationError
2026-02-06 04:02:07 +05:00: ImportError: attempted relative import with no known parent package
2026-02-06 04:02:15 +05:00: Traceback (most recent call last):
2026-02-06 04:02:15 +05:00:   File "/mnt/d/Hackathons/hackathon-0/silver/src/watchers/whatsapp_watcher.py", line 16, in <module>
2026-02-06 04:02:15 +05:00:     from .base_watcher import BaseWatcher, TaskCreationError
2026-02-06 04:02:15 +05:00: ImportError: attempted relative import with no known parent package
2026-02-06 04:02:24 +05:00: Traceback (most recent call last):
2026-02-06 04:02:24 +05:00:   File "/mnt/d/Hackathons/hackathon-0/silver/src/watchers/whatsapp_watcher.py", line 16, in <module>
2026-02-06 04:02:24 +05:00:     from .base_watcher import BaseWatcher, TaskCreationError
2026-02-06 04:02:24 +05:00: : attempted relative import with no known parent package
2026-02-06 04:02:33 +05:00: Traceback (most recent call last):
2026-02-06 04:02:33 +05:00:   File "/mnt/d/Hackathons/hackathon-0/silver/src/watchers/whatsapp_watcher.py", line 16, in <module>
2026-02-06 04:02:33 +05:00:     from .base_watcher import BaseWatcher, TaskCreationError
2026-02-06 04:02:33 +05:00: ImportError: attempted relative import with no known parent package
2026-02-06 04:02:41 +05:00: Traceback (most recent call last):
2026-02-06 04:02:41 +05:00:   File "/mnt/d/Hackathons/hackathon-0/silver/src/watchers/whatsapp_watcher.py", line 16, in <module>
2026-02-06 04:02:41 +05:00:     from .base_watcher import BaseWatcher, TaskCreationError
2026-02-06 04:02:41 +05:00: ImportError: attempted relative import with no known parent package
2026-02-06 04:02:50 +05:00: Traceback (most recent call last):
2026-02-06 04:02:50 +05:00:   File "/mnt/d/Hackathons/hackathon-0/silver/src/watchers/whatsapp_watcher.py", line 16, in <module>
2026-02-06 04:02:50 +05:00:     from .base_watcher import BaseWatcher, TaskCreationError
2026-02-06 04:02:50 +05:00: ImportError: attempted relative import with no known parent package
2026-02-06 04:02:59 +05:00: Traceback (most recent call last):
2026-02-06 04:02:59 +05:00:   File "/mnt/d/Hackathons/hackathon-0/silver/src/watchers/whatsapp_watcher.py", line 16, in <module>
2026-02-06 04:02:59 +05:00:     from .base_watcher import BaseWatcher, TaskCreationError
2026-02-06 04:02:59 +05:00: ImportError: attempted relative import with no known parent package
2026-02-06 04:03:06 +05:00: Traceback (most recent call last):
2026-02-06 04:03:06 +05:00:   File "/mnt/d/Hackathons/hackathon-0/silver/src/watchers/whatsapp_watcher.py", line 16, in <module>
2026-02-06 04:03:06 +05:00:     from .base_watcher import BaseWatcher, TaskCreationError
2026-02-06 04:03:06 +05:00: ImportError: attempted relative import with no known parent package
2026-02-06 04:03:14 +05:00: Traceback (most recent call last):
2026-02-06 04:03:14 +05:00:   File "/mnt/d/Hackathons/hackathon-0/silver/src/watchers/whatsapp_watcher.py", line 16, in <module>
2026-02-06 04:03:14 +05:00:     from .base_watcher import BaseWatcher, TaskCreationError
2026-02-06 04:03:14 +05:00: ImportError: attempted relative import with no known parent package
2026-02-06 04:03:22 +05:00: Traceback (most recent call last):
2026-02-06 04:03:22 +05:00:   File "/mnt/d/Hackathons/hackathon-0/silver/src/watchers/whatsapp_watcher.py", line 16, in <module>
2026-02-06 04:03:22 +05:00:     from .base_watcher import BaseWatcher, TaskCreationError
2026-02-06 04:03:22 +05:00: ImportError: attempted relative import with no known parent package
2026-02-06 04:03:29 +05:00: Traceback (most recent call last):
2026-02-06 04:03:29 +05:00:   File "/mnt/d/Hackathons/hackathon-0/silver/src/watchers/whatsapp_watcher.py", line 16, in <module>
2026-02-06 04:03:29 +05:00:     from .base_watcher import BaseWatcher, TaskCreationError
2026-02-06 04:03:29 +05:00: ImportError: attempted relative import with no known parent package
2026-02-06 04:03:37 +05:00: Traceback (most recent call last):
2026-02-06 04:03:37 +05:00:   File "/mnt/d/Hackathons/hackathon-0/silver/src/watchers/whatsapp_watcher.py", line 16, in <module>
2026-02-06 04:03:37 +05:00:     from .base_watcher import BaseWatcher, TaskCreationError
2026-02-06 04:03:37 +05:00: ImportError: attempted relative import with no known parent package
2026-02-06 04:03:45 +05:00: Traceback (most recent call last):
2026-02-06 04:03:45 +05:00:   File "/mnt/d/Hackathons/hackathon-0/silver/src/watchers/whatsapp_watcher.py", line 16, in <module>
2026-02-06 04:03:45 +05:00:     from .base_watcher import BaseWatcher, TaskCreationError
2026-02-06 04:03:45 +05:00: ImportError: attempted relative import with no known parent package
2026-02-06 04:03:52 +05:00: Traceback (most recent call last):
2026-02-06 04:03:52 +05:00:   File "/mnt/d/Hackathons/hackathon-0/silver/src/watchers/whatsapp_watcher.py", line 16, in <module>
2026-02-06 04:03:52 +05:00:     from .base_watcher import BaseWatcher, TaskCreationError
2026-02-06 04:03:52 +05:00: ImportError: attempted relative import with no known parent package
2026-02-06 04:04:03 +05:00: Traceback (most recent call last):
2026-02-06 04:04:03 +05:00:   File "/mnt/d/Hackathons/hackathon-0/silver/src/watchers/whatsapp_watcher.py", line 16, in <module>
2026-02-06 04:04:03 +05:00:     from .base_watcher import BaseWatcher, TaskCreationError
2026-02-06 04:04:03 +05:00: ImportError: attempted relative import with no known parent package
2026-02-06 04:04:11 +05:00: Traceback (most recent call last):
2026-02-06 04:04:11 +05:00:   File "/mnt/d/Hackathons/hackathon-0/silver/src/watchers/whatsapp_watcher.py", line 16, in <module>
2026-02-06 04:04:11 +05:00:     from .base_watcher import BaseWatcher, TaskCreationError
2026-02-06 04:04:11 +05:00: 
2026-02-06 04:04:11 +05:00: ImportError: attempted relative import with no known parent package
2026-02-06 04:04:19 +05:00: Traceback (most recent call last):
2026-02-06 04:04:19 +05:00:   File "/mnt/d/Hackathons/hackathon-0/silver/src/watchers/whatsapp_watcher.py", line 16, in <module>
2026-02-06 04:04:19 +05:00:     from .base_watcher import BaseWatcher, TaskCreationError
2026-02-06 04:04:19 +05:00: ImportError: attempted relative import with no known parent package
2026-02-06 04:04:27 +05:00: Traceback (most recent call last):
2026-02-06 04:04:27 +05:00:   File "/mnt/d/Hackathons/hackathon-0/silver/src/watchers/whatsapp_watcher.py", line 16, in <module>
2026-02-06 04:04:27 +05:00:     from .base_watcher import BaseWatcher, TaskCreationError
2026-02-06 04:04:27 +05:00: ImportError: attempted relative import with no known parent package
2026-02-06 04:04:35 +05:00: Traceback (most recent call last):
2026-02-06 04:04:35 +05:00:   File "/mnt/d/Hackathons/hackathon-0/silver/src/watchers/whatsapp_watcher.py", line 16, in <module>
2026-02-06 04:04:35 +05:00:     from .base_watcher import BaseWatcher, TaskCreationError
2026-02-06 04:04:35 +05:00: ImportError: attempted relative import with no known parent package
2026-02-06 04:04:43 +05:00: Traceback (most recent call last):
2026-02-06 04:04:43 +05:00:   File "/mnt/d/Hackathons/hackathon-0/silver/src/watchers/whatsapp_watcher.py", line 16, in <module>
2026-02-06 04:04:43 +05:00:     from .base_watcher import BaseWatcher, TaskCreationError
2026-02-06 04:04:43 +05:00: ImportError: attempted relative import with no known parent package
2026-02-06 04:04:50 +05:00: Traceback (most recent call last):
2026-02-06 04:04:50 +05:00:   File "/mnt/d/Hackathons/hackathon-0/silver/src/watchers/whatsapp_watcher.py", line 16, in <module>
2026-02-06 04:04:50 +05:00:     from .base_watcher import BaseWatcher, TaskCreationError
2026-02-06 04:04:50 +05:00: ImportError: attempted relative import with no known parent package
2026-02-06 04:04:58 +05:00: Traceback (most recent call last):
2026-02-06 04:04:58 +05:00:   File "/mnt/d/Hackathons/hackathon-0/silver/src/watchers/whatsapp_watcher.py", line 16, in <module>
2026-02-06 04:04:58 +05:00:     from .base_watcher import BaseWatcher, TaskCreationError
2026-02-06 04:04:58 +05:00: ImportError: attempted relative import with no known parent package
2026-02-06 04:05:05 +05:00: Traceback (most recent call last):
2026-02-06 04:05:05 +05:00:   File "/mnt/d/Hackathons/hackathon-0/silver/src/watchers/whatsapp_watcher.py", line 16, in <module>
2026-02-06 04:05:05 +05:00:     from .base_watcher import BaseWatcher, TaskCreationError
2026-02-06 04:05:05 +05:00: ImportError: attempted relative import with no known parent package
2026-02-06 04:05:14 +05:00: Traceback (most recent call last):
2026-02-06 04:05:14 +05:00:   File "/mnt/d/Hackathons/hackathon-0/silver/src/watchers/whatsapp_watcher.py", line 16, in <module>
2026-02-06 04:05:14 +05:00:     from .base_watcher import BaseWatcher, TaskCreationError
2026-02-06 04:05:14 +05:00: ImportError: attempted relative import with no known parent package
2026-02-06 04:05:22 +05:00: Traceback (most recent call last):
2026-02-06 04:05:22 +05:00:   File "/mnt/d/Hackathons/hackathon-0/silver/src/watchers/whatsapp_watcher.py", line 16, in <module>
2026-02-06 04:05:22 +05:00:     from .base_watcher import BaseWatcher, TaskCreationError
2026-02-06 04:05:22 +05:00: ImportError: attempted relative import with no known parent package
2026-02-06 04:05:40 +05:00: Traceback (most recent call last):
2026-02-06 04:05:40 +05:00:   File "/mnt/d/Hackathons/hackathon-0/silver/src/watchers/whatsapp_watcher.py", line 16, in <module>
2026-02-06 04:05:40 +05:00:     from .base_watcher import BaseWatcher, TaskCreationError
2026-02-06 04:05:40 +05:00: ImportError: attempted relative import with no known parent package
2026-02-06 04:05:53 +05:00: Traceback (most recent call last):
2026-02-06 04:05:53 +05:00:   File "/mnt/d/Hackathons/hackathon-0/silver/src/watchers/whatsapp_watcher.py", line 16, in <module>
2026-02-06 04:05:53 +05:00:     from .base_watcher import BaseWatcher, TaskCreationError
2026-02-06 04:05:53 +05:00: ImportError: attempted relative import with no known parent package
2026-02-06 04:06:02 +05:00: Traceback (most recent call last):
2026-02-06 04:06:02 +05:00:   File "/mnt/d/Hackathons/hackathon-0/silver/src/watchers/whatsapp_watcher.py", line 16, in <module>
2026-02-06 04:06:02 +05:00:     from .base_watcher import BaseWatcher, TaskCreationError
2026-02-06 04:06:02 +05:00: 
2026-02-06 04:06:10 +05:00: Traceback (most recent call last):
2026-02-06 04:06:10 +05:00:   File "/mnt/d/Hackathons/hackathon-0/silver/src/watchers/whatsapp_watcher.py", line 16, in <module>
2026-02-06 04:06:10 +05:00:     from .base_watcher import BaseWatcher, TaskCreationError
2026-02-06 04:06:10 +05:00: ImportError: attempted relative import with no known parent package
2026-02-06 04:06:18 +05:00: Traceback (most recent call last):
2026-02-06 04:06:18 +05:00:   File "/mnt/d/Hackathons/hackathon-0/silver/src/watchers/whatsapp_watcher.py", line 16, in <module>
2026-02-06 04:06:18 +05:00:     from .base_watcher import BaseWatcher, TaskCreationError
2026-02-06 04:06:18 +05:00: ImportError: attempted relative import with no known parent package
2026-02-06 04:06:29 +05:00: Traceback (most recent call last):
2026-02-06 04:06:29 +05:00:   File "/mnt/d/Hackathons/hackathon-0/silver/src/watchers/whatsapp_watcher.py", line 16, in <module>
2026-02-06 04:06:29 +05:00:     from .base_watcher import BaseWatcher, TaskCreationError
2026-02-06 04:06:29 +05:00: ImportError: attempted relative import with no known parent package
2026-02-06 04:06:38 +05:00: Traceback (most recent call last):
2026-02-06 04:06:38 +05:00:   File "/mnt/d/Hackathons/hackathon-0/silver/src/watchers/whatsapp_watcher.py", line 16, in <module>
2026-02-06 04:06:38 +05:00:     from .base_watcher import BaseWatcher, TaskCreationError
2026-02-06 04:06:38 +05:00: ImportError: attempted relative import with no known parent package
2026-02-06 04:06:48 +05:00: Traceback (most recent call last):
2026-02-06 04:06:48 +05:00:   File "/mnt/d/Hackathons/hackathon-0/silver/src/watchers/whatsapp_watcher.py", line 16, in <module>
2026-02-06 04:06:48 +05:00:     from .base_watcher import BaseWatcher, TaskCreationError
2026-02-06 04:06:48 +05:00: ImportError: attempted relative import with no known parent package
2026-02-06 04:06:59 +05:00: Traceback (most recent call last):
2026-02-06 04:06:59 +05:00:   File "/mnt/d/Hackathons/hackathon-0/silver/src/watchers/whatsapp_watcher.py", line 16, in <module>
2026-02-06 04:06:59 +05:00:     from .base_watcher import BaseWatcher, TaskCreationError
2026-02-06 04:06:59 +05:00: ImportError: attempted relative import with no known parent package
2026-02-06 04:07:07 +05:00: Traceback (most recent call last):
2026-02-06 04:07:07 +05:00:   File "/mnt/d/Hackathons/hackathon-0/silver/src/watchers/whatsapp_watcher.py", line 16, in <module>
2026-02-06 04:07:07 +05:00:     from .base_watcher import BaseWatcher, TaskCreationError
2026-02-06 04:07:07 +05:00: ImportError: attempted relative import with no known parent package
2026-02-06 04:07:14 +05:00: Traceback (most recent call last):
2026-02-06 04:07:14 +05:00:   File "/mnt/d/Hackathons/hackathon-0/silver/src/watchers/whatsapp_watcher.py", line 16, in <module>
2026-02-06 04:07:14 +05:00:     from .base_watcher import BaseWatcher, TaskCreationError
2026-02-06 04:07:14 +05:00: ImportError: attempted relative import with no known parent package
2026-02-06 04:07:24 +05:00: Traceback (most recent call last):
2026-02-06 04:07:24 +05:00:   File "/mnt/d/Hackathons/hackathon-0/silver/src/watchers/whatsapp_watcher.py", line 16, in <module>
2026-02-06 04:07:24 +05:00:     from .base_watcher import BaseWatcher, TaskCreationError
2026-02-06 04:07:24 +05:00: ImportError: attempted relative import with no known parent package
2026-02-06 04:07:34 +05:00: Traceback (most recent call last):
2026-02-06 04:07:34 +05:00:   File "/mnt/d/Hackathons/hackathon-0/silver/src/watchers/whatsapp_watcher.py", line 16, in <module>
2026-02-06 04:07:34 +05:00:     from .base_watcher import BaseWatcher, TaskCreationError
2026-02-06 04:07:34 +05:00: ImportError: attempted relative import with no known parent package
2026-02-06 04:07:45 +05:00: Traceback (most recent call last):
2026-02-06 04:07:45 +05:00:   File "/mnt/d/Hackathons/hackathon-0/silver/src/watchers/whatsapp_watcher.py", line 16, in <module>
2026-02-06 04:07:45 +05:00:     from .base_watcher import BaseWatcher, TaskCreationError
2026-02-06 04:07:45 +05:00: ImportError: attempted relative import with no known parent package
2026-02-06 04:07:55 +05:00: Traceback (most recent call last):
2026-02-06 04:07:55 +05:00:   File "/mnt/d/Hackathons/hackathon-0/silver/src/watchers/whatsapp_watcher.py", line 16, in <module>
2026-02-06 04:07:55 +05:00:     from .base_watcher import BaseWatcher, TaskCreationError
2026-02-06 04:07:55 +05:00: ImportError: attempted relative import with no known parent package
2026-02-06 04:08:04 +05:00: Traceback (most recent call last):
2026-02-06 04:08:04 +05:00:   File "/mnt/d/Hackathons/hackathon-0/silver/src/watchers/whatsapp_watcher.py", line 16, in <module>
2026-02-06 04:08:04 +05:00:     from .base_watcher import BaseWatcher, TaskCreationError
2026-02-06 04:08:04 +05:00: ImportError: attempted relative import with no known parent package
2026-02-06 04:08:14 +05:00: Traceback (most recent call last):
2026-02-06 04:08:14 +05:00:   File "/mnt/d/Hackathons/hackathon-0/silver/src/watchers/whatsapp_watcher.py", line 16, in <module>
2026-02-06 04:08:14 +05:00:     from .base_watcher import BaseWatcher, TaskCreationError
2026-02-06 04:08:14 +05:00: ImportError: attempted relative import with no known parent package
2026-02-06 04:08:24 +05:00: Traceback (most recent call last):
2026-02-06 04:08:24 +05:00:   File "/mnt/d/Hackathons/hackathon-0/silver/src/watchers/whatsapp_watcher.py", line 16, in <module>
2026-02-06 04:08:24 +05:00:     from .base_watcher import BaseWatcher, TaskCreationError
2026-02-06 04:08:24 +05:00: ImportError: attempted relative import with no known parent package
2026-02-06 04:08:33 +05:00: Traceback (most recent call last):
2026-02-06 04:08:33 +05:00:   File "/mnt/d/Hackathons/hackathon-0/silver/src/watchers/whatsapp_watcher.py", line 16, in <module>
2026-02-06 04:08:33 +05:00:     from .base_watcher import BaseWatcher, TaskCreationError
2026-02-06 04:08:33 +05:00: ImportError: attempted relative import with no known parent package
2026-02-06 04:08:42 +05:00: Traceback (most recent call last):
2026-02-06 04:08:42 +05:00:   File "/mnt/d/Hackathons/hackathon-0/silver/src/watchers/whatsapp_watcher.py", line 16, in <module>
2026-02-06 04:08:42 +05:00:     from .base_watcher import BaseWatcher, TaskCreationError
2026-02-06 04:08:42 +05:00: ImportError: attempted relative import with no known parent package
2026-02-06 04:08:51 +05:00: Traceback (most recent call last):
2026-02-06 04:08:51 +05:00:   File "/mnt/d/Hackathons/hackathon-0/silver/src/watchers/whatsapp_watcher.py", line 16, in <module>
2026-02-06 04:08:51 +05:00:     from .base_watcher import BaseWatcher, TaskCreationError
2026-02-06 04:08:51 +05:00: ImportError: attempted relative import with no known parent package
2026-02-06 04:09:01 +05:00: Traceback (most recent call last):
2026-02-06 04:09:01 +05:00:   File "/mnt/d/Hackathons/hackathon-0/silver/src/watchers/whatsapp_watcher.py", line 16, in <module>
2026-02-06 04:09:01 +05:00:     from .base_watcher import BaseWatcher, TaskCreationError
2026-02-06 04:09:01 +05:00: ImportError: attempted relative import with no known parent package
2026-02-06 04:09:10 +05:00: Traceback (most recent call last):
2026-02-06 04:09:10 +05:00:   File "/mnt/d/Hackathons/hackathon-0/silver/src/watchers/whatsapp_watcher.py", line 16, in <module>
2026-02-06 04:09:10 +05:00:     from .base_watcher import BaseWatcher, TaskCreationError
2026-02-06 04:09:10 +05:00: ImportError: attempted relative import with no known parent package
2026-02-06 04:09:19 +05:00: Traceback (most recent call last):
2026-02-06 04:09:19 +05:00:   File "/mnt/d/Hackathons/hackathon-0/silver/src/watchers/whatsapp_watcher.py", line 16, in <module>
2026-02-06 04:09:19 +05:00:     from .base_watcher import BaseWatcher, TaskCreationError
2026-02-06 04:09:19 +05:00: ImportError: attempted relative import with no known parent package
2026-02-06 04:09:28 +05:00: Traceback (most recent call last):
2026-02-06 04:09:28 +05:00:   File "/mnt/d/Hackathons/hackathon-0/silver/src/watchers/whatsapp_watcher.py", line 16, in <module>
2026-02-06 04:09:28 +05:00:     from .base_watcher import BaseWatcher, TaskCreationError
2026-02-06 04:09:28 +05:00: ImportError: attempted relative import with no known parent package
2026-02-06 04:09:37 +05:00: Traceback (most recent call last):
2026-02-06 04:09:37 +05:00:   File "/mnt/d/Hackathons/hackathon-0/silver/src/watchers/whatsapp_watcher.py", line 16, in <module>
2026-02-06 04:09:37 +05:00:     from .base_watcher import BaseWatcher, TaskCreationError
2026-02-06 04:09:37 +05:00: ImportError: attempted relative import with no known parent package
2026-02-06 04:09:47 +05:00: Traceback (most recent call last):
2026-02-06 04:09:47 +05:00:   File "/mnt/d/Hackathons/hackathon-0/silver/src/watchers/whatsapp_watcher.py", line 16, in <module>
2026-02-06 04:09:47 +05:00:     from .base_watcher import BaseWatcher, TaskCreationError
2026-02-06 04:09:47 +05:00: ImportError: attempted relative import with no known parent package
2026-02-06 04:09:56 +05:00: Traceback (most recent call last):
2026-02-06 04:09:56 +05:00:   File "/mnt/d/Hackathons/hackathon-0/silver/src/watchers/whatsapp_watcher.py", line 16, in <module>
2026-02-06 04:09:56 +05:00:     from .base_watcher import BaseWatcher, TaskCreationError
2026-02-06 04:09:56 +05:00: ImportError: attempted relative import with no known parent package
2026-02-06 04:10:06 +05:00: Traceback (most recent call last):
2026-02-06 04:10:06 +05:00:   File "/mnt/d/Hackathons/hackathon-0/silver/src/watchers/whatsapp_watcher.py", line 16, in <module>
2026-02-06 04:10:06 +05:00:     from .base_watcher import BaseWatcher, TaskCreationError
2026-02-06 04:10:06 +05:00: ImportError: attempted relative import with no known parent package
2026-02-06 04:10:17 +05:00: Traceback (most recent call last):
2026-02-06 04:10:17 +05:00:   File "/mnt/d/Hackathons/hackathon-0/silver/src/watchers/whatsapp_watcher.py", line 16, in <module>
2026-02-06 04:10:17 +05:00:     from .base_watcher import BaseWatcher, TaskCreationError
2026-02-06 04:10:17 +05:00: ImportError: attempted relative import with no known parent package
2026-02-06 04:10:26 +05:00: Traceback (most recent call last):
2026-02-06 04:10:26 +05:00:   File "/mnt/d/Hackathons/hackathon-0/silver/src/watchers/whatsapp_watcher.py", line 16, in <module>
2026-02-06 04:10:26 +05:00:     from .base_watcher import BaseWatcher, TaskCreationError
2026-02-06 04:10:26 +05:00: ImportError: attempted relative import with no known parent package
2026-02-06 04:10:35 +05:00: Traceback (most recent call last):
2026-02-06 04:10:35 +05:00:   File "/mnt/d/Hackathons/hackathon-0/silver/src/watchers/whatsapp_watcher.py", line 16, in <module>
2026-02-06 04:10:35 +05:00:     from .base_watcher import BaseWatcher, TaskCreationError
2026-02-06 04:10:35 +05:00: ImportError: attempted relative import with no known parent package
2026-02-06 04:10:44 +05:00: Traceback (most recent call last):
2026-02-06 04:10:44 +05:00:   File "/mnt/d/Hackathons/hackathon-0/silver/src/watchers/whatsapp_watcher.py", line 16, in <module>
2026-02-06 04:10:44 +05:00:     from .base_watcher import BaseWatcher, TaskCreationError
2026-02-06 04:10:44 +05:00: ImportError: attempted relative import with no known parent package
2026-02-06 04:10:53 +05:00: Traceback (most recent call last):
2026-02-06 04:10:53 +05:00:   File "/mnt/d/Hackathons/hackathon-0/silver/src/watchers/whatsapp_watcher.py", line 16, in <module>
2026-02-06 04:10:53 +05:00:     from .base_watcher import BaseWatcher, TaskCreationError
2026-02-06 04:10:53 +05:00: ImportError: attempted relative import with no known parent package
2026-02-06 04:11:03 +05:00: Traceback (most recent call last):
2026-02-06 04:11:03 +05:00:   File "/mnt/d/Hackathons/hackathon-0/silver/src/watchers/whatsapp_watcher.py", line 16, in <module>
2026-02-06 04:11:03 +05:00:     from .base_watcher import BaseWatcher, TaskCreationError
2026-02-06 04:11:03 +05:00: ImportError: attempted relative import with no known parent package
2026-02-06 04:11:12 +05:00: Traceback (most recent call last):
2026-02-06 04:11:12 +05:00:   File "/mnt/d/Hackathons/hackathon-0/silver/src/watchers/whatsapp_watcher.py", line 16, in <module>
2026-02-06 04:11:12 +05:00:     from .base_watcher import BaseWatcher, TaskCreationError
2026-02-06 04:11:12 +05:00: ImportError: attempted relative import with no known parent package
2026-02-06 04:11:23 +05:00: Traceback (most recent call last):
2026-02-06 04:11:23 +05:00:   File "/mnt/d/Hackathons/hackathon-0/silver/src/watchers/whatsapp_watcher.py", line 16, in <module>
2026-02-06 04:11:23 +05:00:     from .base_watcher import BaseWatcher, TaskCreationError
2026-02-06 04:11:23 +05:00: ImportError: attempted relative import with no known parent package
2026-02-06 04:11:34 +05:00: Traceback (most recent call last):
2026-02-06 04:11:34 +05:00:   File "/mnt/d/Hackathons/hackathon-0/silver/src/watchers/whatsapp_watcher.py", line 16, in <module>
2026-02-06 04:11:34 +05:00:     from .base_watcher import BaseWatcher, TaskCreationError
2026-02-06 04:11:34 +05:00: ImportError: attempted relative import with no known parent package
2026-02-06 04:11:42 +05:00: Traceback (most recent call last):
2026-02-06 04:11:42 +05:00:   File "/mnt/d/Hackathons/hackathon-0/silver/src/watchers/whatsapp_watcher.py", line 16, in <module>
2026-02-06 04:11:42 +05:00:     from .base_watcher import BaseWatcher, TaskCreationError
2026-02-06 04:11:42 +05:00: ImportError: attempted relative import with no known parent package
2026-02-06 04:11:50 +05:00: Traceback (most recent call last):
2026-02-06 04:11:50 +05:00:   File "/mnt/d/Hackathons/hackathon-0/silver/src/watchers/whatsapp_watcher.py", line 16, in <module>
2026-02-06 04:11:50 +05:00:     from .base_watcher import BaseWatcher, TaskCreationError
2026-02-06 04:11:50 +05:00: ImportError: attempted relative import with no known parent package
2026-02-06 04:11:59 +05:00: Traceback (most recent call last):
2026-02-06 04:11:59 +05:00:   File "/mnt/d/Hackathons/hackathon-0/silver/src/watchers/whatsapp_watcher.py", line 16, in <module>
2026-02-06 04:11:59 +05:00:     from .base_watcher import BaseWatcher, TaskCreationError
2026-02-06 04:11:59 +05:00: ImportError: attempted relative import with no known parent package
2026-02-06 04:12:08 +05:00: Traceback (most recent call last):
2026-02-06 04:12:08 +05:00:   File "/mnt/d/Hackathons/hackathon-0/silver/src/watchers/whatsapp_watcher.py", line 16, in <module>
2026-02-06 04:12:08 +05:00:     from .base_watcher import BaseWatcher, TaskCreationError
2026-02-06 04:12:08 +05:00: ImportError: attempted relative import with no known parent package
2026-02-06 04:12:17 +05:00: Traceback (most recent call last):
2026-02-06 04:12:17 +05:00:   File "/mnt/d/Hackathons/hackathon-0/silver/src/watchers/whatsapp_watcher.py", line 16, in <module>
2026-02-06 04:12:17 +05:00:     from .base_watcher import BaseWatcher, TaskCreationError
2026-02-06 04:12:17 +05:00: ImportError: attempted relative import with no known parent package
2026-02-06 04:12:25 +05:00: Traceback (most recent call last):
2026-02-06 04:12:25 +05:00:   File "/mnt/d/Hackathons/hackathon-0/silver/src/watchers/whatsapp_watcher.py", line 16, in <module>
2026-02-06 04:12:25 +05:00:     from .base_watcher import BaseWatcher, TaskCreationError
2026-02-06 04:12:25 +05:00: ImportError: attempted relative import with no known parent package
2026-02-06 04:12:35 +05:00: Traceback (most recent call last):
2026-02-06 04:12:35 +05:00:   File "/mnt/d/Hackathons/hackathon-0/silver/src/watchers/whatsapp_watcher.py", line 16, in <module>
2026-02-06 04:12:35 +05:00:     from .base_watcher import BaseWatcher, TaskCreationError
2026-02-06 04:12:35 +05:00: 
2026-02-06 04:12:35 +05:00: ImportError: attempted relative import with no known parent package
2026-02-06 04:12:45 +05:00: Traceback (most recent call last):
2026-02-06 04:12:45 +05:00:   File "/mnt/d/Hackathons/hackathon-0/silver/src/watchers/whatsapp_watcher.py", line 16, in <module>
2026-02-06 04:12:45 +05:00:     from .base_watcher import BaseWatcher, TaskCreationError
2026-02-06 04:12:45 +05:00: ImportError: attempted relative import with no known parent package
2026-02-06 04:12:53 +05:00: Traceback (most recent call last):
2026-02-06 04:12:53 +05:00:   File "/mnt/d/Hackathons/hackathon-0/silver/src/watchers/whatsapp_watcher.py", line 16, in <module>
2026-02-06 04:12:53 +05:00:     from .base_watcher import BaseWatcher, TaskCreationError
2026-02-06 04:12:53 +05:00: ImportError: attempted relative import with no known parent package
2026-02-06 04:13:03 +05:00: Traceback (most recent call last):
2026-02-06 04:13:03 +05:00:   File "/mnt/d/Hackathons/hackathon-0/silver/src/watchers/whatsapp_watcher.py", line 16, in <module>
2026-02-06 04:13:04 +05:00:     from .base_watcher import BaseWatcher, TaskCreationError
2026-02-06 04:13:04 +05:00: ImportError: attempted relative import with no known parent package
2026-02-06 04:13:12 +05:00: Traceback (most recent call last):
2026-02-06 04:13:12 +05:00:   File "/mnt/d/Hackathons/hackathon-0/silver/src/watchers/whatsapp_watcher.py", line 16, in <module>
2026-02-06 04:13:12 +05:00:     from .base_watcher import BaseWatcher, TaskCreationError
2026-02-06 04:13:12 +05:00: ImportError: attempted relative import with no known parent package
2026-02-06 04:13:20 +05:00: Traceback (most recent call last):
2026-02-06 04:13:20 +05:00:   File "/mnt/d/Hackathons/hackathon-0/silver/src/watchers/whatsapp_watcher.py", line 16, in <module>
2026-02-06 04:13:20 +05:00:     from .base_watcher import BaseWatcher, TaskCreationError
2026-02-06 04:13:20 +05:00: ImportError: attempted relative import with no known parent package
2026-02-06 04:13:28 +05:00: Traceback (most recent call last):
2026-02-06 04:13:28 +05:00:   File "/mnt/d/Hackathons/hackathon-0/silver/src/watchers/whatsapp_watcher.py", line 16, in <module>
2026-02-06 04:13:28 +05:00:     from .base_watcher import BaseWatcher, TaskCreationError
2026-02-06 04:13:28 +05:00: ImportError: attempted relative import with no known parent package
2026-02-06 04:13:38 +05:00: Traceback (most recent call last):
2026-02-06 04:13:38 +05:00:   File "/mnt/d/Hackathons/hackathon-0/silver/src/watchers/whatsapp_watcher.py", line 16, in <module>
2026-02-06 04:13:38 +05:00:     from .base_watcher import BaseWatcher, TaskCreationError
2026-02-06 04:13:38 +05:00: ImportError: attempted relative import with no known parent package
2026-02-06 04:13:48 +05:00: Traceback (most recent call last):
2026-02-06 04:13:48 +05:00:   File "/mnt/d/Hackathons/hackathon-0/silver/src/watchers/whatsapp_watcher.py", line 16, in <module>
2026-02-06 04:13:48 +05:00:     from .base_watcher import BaseWatcher, TaskCreationError
2026-02-06 04:13:48 +05:00: ImportError: attempted relative import with no known parent package
2026-02-06 04:13:57 +05:00: Traceback (most recent call last):
2026-02-06 04:13:57 +05:00:   File "/mnt/d/Hackathons/hackathon-0/silver/src/watchers/whatsapp_watcher.py", line 16, in <module>
2026-02-06 04:13:57 +05:00:     from .base_watcher import BaseWatcher, TaskCreationError
2026-02-06 04:13:57 +05:00: ImportError: attempted relative import with no known parent package
2026-02-06 04:14:07 +05:00: Traceback (most recent call last):
2026-02-06 04:14:07 +05:00:   File "/mnt/d/Hackathons/hackathon-0/silver/src/watchers/whatsapp_watcher.py", line 16, in <module>
2026-02-06 04:14:07 +05:00:     from .base_watcher import BaseWatcher, TaskCreationError
2026-02-06 04:14:07 +05:00: ImportError: attempted relative import with no known parent package
2026-02-06 04:14:17 +05:00: Traceback (most recent call last):
2026-02-06 04:14:17 +05:00:   File "/mnt/d/Hackathons/hackathon-0/silver/src/watchers/whatsapp_watcher.py", line 16, in <module>
2026-02-06 04:14:17 +05:00:     
2026-02-06 04:14:17 +05:00: from .base_watcher import BaseWatcher, TaskCreationError
2026-02-06 04:14:17 +05:00: ImportError: attempted relative import with no known parent package
2026-02-06 04:14:26 +05:00: Traceback (most recent call last):
2026-02-06 04:14:26 +05:00:   File "/mnt/d/Hackathons/hackathon-0/silver/src/watchers/whatsapp_watcher.py", line 16, in <module>
2026-02-06 04:14:26 +05:00:     from .base_watcher import BaseWatcher, TaskCreationError
2026-02-06 04:14:26 +05:00: ImportError: attempted relative import with no known parent package
2026-02-06 04:14:40 +05:00: Traceback (most recent call last):
2026-02-06 04:14:40 +05:00:   File "/mnt/d/Hackathons/hackathon-0/silver/src/watchers/whatsapp_watcher.py", line 16, in <module>
2026-02-06 04:14:41 +05:00:     from .base_watcher import BaseWatcher, TaskCreationError
2026-02-06 04:14:41 +05:00: ImportError: attempted relative import with no known parent package
2026-02-06 04:14:51 +05:00: Traceback (most recent call last):
2026-02-06 04:14:51 +05:00:   File "/mnt/d/Hackathons/hackathon-0/silver/src/watchers/whatsapp_watcher.py", line 16, in <module>
2026-02-06 04:14:51 +05:00:     from .base_watcher import BaseWatcher, TaskCreationError
2026-02-06 04:14:51 +05:00: ImportError: attempted relative import with no known parent package
2026-02-06 04:15:08 +05:00: Traceback (most recent call last):
2026-02-06 04:15:08 +05:00:   File "/mnt/d/Hackathons/hackathon-0/silver/src/watchers/whatsapp_watcher.py", line 16, in <module>
2026-02-06 04:15:08 +05:00:     from .base_watcher import BaseWatcher, TaskCreationError
2026-02-06 04:15:08 +05:00: ImportError: attempted relative import with no known parent package
2026-02-06 04:15:17 +05:00: Traceback (most recent call last):
2026-02-06 04:15:17 +05:00:   File "/mnt/d/Hackathons/hackathon-0/silver/src/watchers/whatsapp_watcher.py", line 16, in <module>
2026-02-06 04:15:17 +05:00:     from .base_watcher import BaseWatcher, TaskCreationError
2026-02-06 04:15:17 +05:00: ImportError: attempted relative import with no known parent package
2026-02-06 04:15:24 +05:00: Traceback (most recent call last):
2026-02-06 04:15:24 +05:00:   File "/mnt/d/Hackathons/hackathon-0/silver/src/watchers/whatsapp_watcher.py", line 16, in <module>
2026-02-06 04:15:24 +05:00:     from .base_watcher import BaseWatcher, TaskCreationError
2026-02-06 04:15:24 +05:00: : attempted relative import with no known parent package
2026-02-06 04:15:32 +05:00: Traceback (most recent call last):
2026-02-06 04:15:32 +05:00:   File "/mnt/d/Hackathons/hackathon-0/silver/src/watchers/whatsapp_watcher.py", line 16, in <module>
2026-02-06 04:15:32 +05:00:     from .base_watcher import BaseWatcher, TaskCreationError
2026-02-06 04:15:32 +05:00: ImportError: attempted relative import with no known parent package
2026-02-06 04:15:42 +05:00: Traceback (most recent call last):
2026-02-06 04:15:42 +05:00:   File "/mnt/d/Hackathons/hackathon-0/silver/src/watchers/whatsapp_watcher.py", line 16, in <module>
2026-02-06 04:15:42 +05:00:     from .base_watcher import BaseWatcher, TaskCreationError
2026-02-06 04:15:42 +05:00: ImportError: attempted relative import with no known parent package
2026-02-06 04:15:50 +05:00: Traceback (most recent call last):
2026-02-06 04:15:50 +05:00:   File "/mnt/d/Hackathons/hackathon-0/silver/src/watchers/whatsapp_watcher.py", line 16, in <module>
2026-02-06 04:15:50 +05:00:     from .base_watcher import BaseWatcher, TaskCreationError
2026-02-06 04:15:50 +05:00: ImportError: attempted relative import with no known parent package
2026-02-06 04:15:58 +05:00: Traceback (most recent call last):
2026-02-06 04:15:58 +05:00:   File "/mnt/d/Hackathons/hackathon-0/silver/src/watchers/whatsapp_watcher.py", line 16, in <module>
2026-02-06 04:15:58 +05:00:     from .base_watcher import BaseWatcher, TaskCreationError
2026-02-06 04:15:58 +05:00: ImportError: attempted relative import with no known parent package
2026-02-06 04:16:06 +05:00: Traceback (most recent call last):
2026-02-06 04:16:06 +05:00:   File "/mnt/d/Hackathons/hackathon-0/silver/src/watchers/whatsapp_watcher.py", line 16, in <module>
2026-02-06 04:16:06 +05:00:     from .base_watcher import BaseWatcher, TaskCreationError
2026-02-06 04:16:06 +05:00: ImportError: attempted relative import with no known parent package
2026-02-06 04:16:15 +05:00: Traceback (most recent call last):
2026-02-06 04:16:15 +05:00:   File "/mnt/d/Hackathons/hackathon-0/silver/src/watchers/whatsapp_watcher.py", line 16, in <module>
2026-02-06 04:16:15 +05:00:     from .base_watcher import BaseWatcher, TaskCreationError
2026-02-06 04:16:15 +05:00: ImportError: attempted relative import with no known parent package
2026-02-06 04:16:25 +05:00: Traceback (most recent call last):
2026-02-06 04:16:25 +05:00:   File "/mnt/d/Hackathons/hackathon-0/silver/src/watchers/whatsapp_watcher.py", line 16, in <module>
2026-02-06 04:16:25 +05:00:     from .base_watcher import BaseWatcher, TaskCreationError
2026-02-06 04:16:25 +05:00: ImportError: attempted relative import with no known parent package
2026-02-06 04:16:32 +05:00: Traceback (most recent call last):
2026-02-06 04:16:32 +05:00:   File "/mnt/d/Hackathons/hackathon-0/silver/src/watchers/whatsapp_watcher.py", line 16, in <module>
2026-02-06 04:16:32 +05:00:     from .base_watcher import BaseWatcher, TaskCreationError
2026-02-06 04:16:32 +05:00: ImportError: attempted relative import with no known parent package
2026-02-06 04:16:54 +05:00: Traceback (most recent call last):
2026-02-06 04:16:54 +05:00:   File "/mnt/d/Hackathons/hackathon-0/silver/src/watchers/whatsapp_watcher.py", line 16, in <module>
2026-02-06 04:16:54 +05:00:     from .base_watcher import BaseWatcher, TaskCreationError
2026-02-06 04:16:54 +05:00: ImportError: attempted relative import with no known parent package
2026-02-06 04:17:11 +05:00: Traceback (most recent call last):
2026-02-06 04:17:11 +05:00:   File "/mnt/d/Hackathons/hackathon-0/silver/src/watchers/whatsapp_watcher.py", line 16, in <module>
2026-02-06 04:17:11 +05:00:     from .base_watcher import BaseWatcher, TaskCreationError
2026-02-06 04:17:11 +05:00: ImportError: attempted relative import with no known parent package
2026-02-06 04:17:27 +05:00: Traceback (most recent call last):
2026-02-06 04:17:27 +05:00:   File "/mnt/d/Hackathons/hackathon-0/silver/src/watchers/whatsapp_watcher.py", line 16, in <module>
2026-02-06 04:17:27 +05:00:     from .base_watcher import BaseWatcher, TaskCreationError
2026-02-06 04:17:27 +05:00: ImportError: attempted relative import with no known parent package
2026-02-06 04:17:49 +05:00: Traceback (most recent call last):
2026-02-06 04:17:49 +05:00:   File "/mnt/d/Hackathons/hackathon-0/silver/src/watchers/whatsapp_watcher.py", line 16, in <module>
2026-02-06 04:17:49 +05:00:     from .base_watcher import BaseWatcher, TaskCreationError
2026-02-06 04:17:49 +05:00: ImportError: attempted relative import with no known parent package
2026-02-06 04:18:04 +05:00: Traceback (most recent call last):
2026-02-06 04:18:04 +05:00:   File "/mnt/d/Hackathons/hackathon-0/silver/src/watchers/whatsapp_watcher.py", line 16, in <module>
2026-02-06 04:18:04 +05:00:     from .base_watcher import BaseWatcher, TaskCreationError
2026-02-06 04:18:04 +05:00: : attempted relative import with no known parent package
2026-02-06 04:18:19 +05:00: Traceback (most recent call last):
2026-02-06 04:18:19 +05:00:   File "/mnt/d/Hackathons/hackathon-0/silver/src/watchers/whatsapp_watcher.py", line 16, in <module>
2026-02-06 04:18:19 +05:00:     from .base_watcher import BaseWatcher, TaskCreationError
2026-02-06 04:18:19 +05:00: ImportError: attempted relative import with no known parent package
2026-02-06 04:18:34 +05:00: Traceback (most recent call last):
2026-02-06 04:18:34 +05:00:   File "/mnt/d/Hackathons/hackathon-0/silver/src/watchers/whatsapp_watcher.py", line 16, in <module>
2026-02-06 04:18:34 +05:00:     from .base_watcher import BaseWatcher, TaskCreationError
2026-02-06 04:18:34 +05:00: ImportError: attempted relative import with no known parent package
2026-02-06 04:18:49 +05:00: Traceback (most recent call last):
2026-02-06 04:18:49 +05:00:   File "/mnt/d/Hackathons/hackathon-0/silver/src/watchers/whatsapp_watcher.py", line 16, in <module>
2026-02-06 04:18:49 +05:00:     from .base_watcher import BaseWatcher, TaskCreationError
2026-02-06 04:18:49 +05:00: ImportError: attempted relative import with no known parent package
2026-02-06 04:19:09 +05:00: Traceback (most recent call last):
2026-02-06 04:19:09 +05:00:   File "/mnt/d/Hackathons/hackathon-0/silver/src/watchers/whatsapp_watcher.py", line 16, in <module>
2026-02-06 04:19:09 +05:00:     from .base_watcher import BaseWatcher, TaskCreationError
2026-02-06 04:19:09 +05:00: ImportError: attempted relative import with no known parent package
2026-02-06 04:19:25 +05:00: Traceback (most recent call last):
2026-02-06 04:19:25 +05:00:   File "/mnt/d/Hackathons/hackathon-0/silver/src/watchers/whatsapp_watcher.py", line 16, in <module>
2026-02-06 04:19:25 +05:00:     from .base_watcher import BaseWatcher, TaskCreationError
2026-02-06 04:19:25 +05:00: ImportError: attempted relative import with no known parent package
2026-02-06 04:19:39 +05:00: Traceback (most recent call last):
2026-02-06 04:19:39 +05:00:   File "/mnt/d/Hackathons/hackathon-0/silver/src/watchers/whatsapp_watcher.py", line 16, in <module>
2026-02-06 04:19:39 +05:00:     from .base_watcher import BaseWatcher, TaskCreationError
2026-02-06 04:19:39 +05:00: ImportError: attempted relative import with no known parent package
2026-02-06 04:19:53 +05:00: Traceback (most recent call last):
2026-02-06 04:19:53 +05:00:   File "/mnt/d/Hackathons/hackathon-0/silver/src/watchers/whatsapp_watcher.py", line 16, in <module>
2026-02-06 04:19:53 +05:00:     from .base_watcher import BaseWatcher, TaskCreationError
2026-02-06 04:19:53 +05:00: ImportError: attempted relative import with no known parent package
2026-02-06 04:20:08 +05:00: Traceback (most recent call last):
2026-02-06 04:20:08 +05:00:   File "/mnt/d/Hackathons/hackathon-0/silver/src/watchers/whatsapp_watcher.py", line 16, in <module>
2026-02-06 04:20:08 +05:00:     from .base_watcher import BaseWatcher, TaskCreationError
2026-02-06 04:20:08 +05:00: ImportError: attempted relative import with no known parent package
2026-02-06 04:20:28 +05:00: Traceback (most recent call last):
2026-02-06 04:20:28 +05:00:   File "/mnt/d/Hackathons/hackathon-0/silver/src/watchers/whatsapp_watcher.py", line 16, in <module>
2026-02-06 04:20:28 +05:00:     from .base_watcher import BaseWatcher, TaskCreationError
2026-02-06 04:20:28 +05:00: attempted relative import with no known parent package
2026-02-06 04:20:44 +05:00: Traceback (most recent call last):
2026-02-06 04:20:44 +05:00:   File "/mnt/d/Hackathons/hackathon-0/silver/src/watchers/whatsapp_watcher.py", line 16, in <module>
2026-02-06 04:20:44 +05:00:     from .base_watcher import BaseWatcher, TaskCreationError
2026-02-06 04:20:44 +05:00: ImportError: attempted relative import with no known parent package
2026-02-06 04:20:57 +05:00: Traceback (most recent call last):
2026-02-06 04:20:57 +05:00:   File "/mnt/d/Hackathons/hackathon-0/silver/src/watchers/whatsapp_watcher.py", line 16, in <module>
2026-02-06 04:20:57 +05:00:     from .base_watcher import BaseWatcher, TaskCreationError
2026-02-06 04:20:57 +05:00: ImportError: attempted relative import with no known parent package
2026-02-06 04:21:14 +05:00: Traceback (most recent call last):
2026-02-06 04:21:14 +05:00:   File "/mnt/d/Hackathons/hackathon-0/silver/src/watchers/whatsapp_watcher.py", line 16, in <module>
2026-02-06 04:21:14 +05:00:     from .base_watcher import BaseWatcher, TaskCreationError
2026-02-06 04:21:14 +05:00: ImportError: attempted relative import with no known parent package
2026-02-06 04:21:41 +05:00: Traceback (most recent call last):
2026-02-06 04:21:41 +05:00:   File "/mnt/d/Hackathons/hackathon-0/silver/src/watchers/whatsapp_watcher.py", line 16, in <module>
2026-02-06 04:21:41 +05:00:     from .base_watcher import BaseWatcher, TaskCreationError
2026-02-06 04:21:41 +05:00: ImportError: attempted relative import with no known parent package
2026-02-06 04:22:04 +05:00: Traceback (most recent call last):
2026-02-06 04:22:04 +05:00:   File "/mnt/d/Hackathons/hackathon-0/silver/src/watchers/whatsapp_watcher.py", line 16, in <module>
2026-02-06 04:22:04 +05:00:     from .base_watcher import BaseWatcher, TaskCreationError
2026-02-06 04:22:04 +05:00: ImportError: attempted relative import with no known parent package
2026-02-06 04:22:20 +05:00: Traceback (most recent call last):
2026-02-06 04:22:20 +05:00:   File "/mnt/d/Hackathons/hackathon-0/silver/src/watchers/whatsapp_watcher.py", line 16, in <module>
2026-02-06 04:22:20 +05:00:     from .base_watcher import BaseWatcher, TaskCreationError
2026-02-06 04:22:20 +05:00: ImportError: attempted relative import with no known parent package
2026-02-06 04:22:32 +05:00: Traceback (most recent call last):
2026-02-06 04:22:32 +05:00:   File "/mnt/d/Hackathons/hackathon-0/silver/src/watchers/whatsapp_watcher.py", line 16, in <module>
2026-02-06 04:22:32 +05:00:     from .base_watcher import BaseWatcher, TaskCreationError
2026-02-06 04:22:32 +05:00: ImportError: attempted relative import with no known parent package
2026-02-06 04:22:44 +05:00: Traceback (most recent call last):
2026-02-06 04:22:44 +05:00:   File "/mnt/d/Hackathons/hackathon-0/silver/src/watchers/whatsapp_watcher.py", line 16, in <module>
2026-02-06 04:22:45 +05:00:     from .base_watcher import BaseWatcher, TaskCreationError
2026-02-06 04:22:45 +05:00: ImportError: attempted relative import with no known parent package
2026-02-06 04:22:56 +05:00: Traceback (most recent call last):
2026-02-06 04:22:56 +05:00:   File "/mnt/d/Hackathons/hackathon-0/silver/src/watchers/whatsapp_watcher.py", line 16, in <module>
2026-02-06 04:22:56 +05:00:     from .base_watcher import BaseWatcher, TaskCreationError
2026-02-06 04:22:56 +05:00: ImportError: attempted relative import with no known parent package
2026-02-06 04:23:15 +05:00: Traceback (most recent call last):
2026-02-06 04:23:15 +05:00:   File "/mnt/d/Hackathons/hackathon-0/silver/src/watchers/whatsapp_watcher.py", line 16, in <module>
2026-02-06 04:23:15 +05:00:     from .base_watcher import BaseWatcher, TaskCreationError
2026-02-06 04:23:15 +05:00: ImportError: attempted relative import with no known parent package
2026-02-06 04:23:31 +05:00: Traceback (most recent call last):
2026-02-06 04:23:31 +05:00:   File "/mnt/d/Hackathons/hackathon-0/silver/src/watchers/whatsapp_watcher.py", line 16, in <module>
2026-02-06 04:23:31 +05:00:     from .base_watcher import BaseWatcher, TaskCreationError
2026-02-06 04:23:31 +05:00: ImportError: attempted relative import with no known parent package
2026-02-06 04:23:44 +05:00: Traceback (most recent call last):
2026-02-06 04:23:44 +05:00:   File "/mnt/d/Hackathons/hackathon-0/silver/src/watchers/whatsapp_watcher.py", line 16, in <module>
2026-02-06 04:23:44 +05:00:     from .base_watcher import BaseWatcher, TaskCreationError
2026-02-06 04:23:44 +05:00: 
2026-02-06 04:23:58 +05:00: Traceback (most recent call last):
2026-02-06 04:23:58 +05:00:   File "/mnt/d/Hackathons/hackathon-0/silver/src/watchers/whatsapp_watcher.py", line 16, in <module>
2026-02-06 04:23:58 +05:00:     from .base_watcher import BaseWatcher, TaskCreationError
2026-02-06 04:23:58 +05:00: ImportError: attempted relative import with no known parent package
2026-02-06 04:24:12 +05:00: Traceback (most recent call last):
2026-02-06 04:24:12 +05:00:   File "/mnt/d/Hackathons/hackathon-0/silver/src/watchers/whatsapp_watcher.py", line 16, in <module>
2026-02-06 04:24:12 +05:00:     from .base_watcher import BaseWatcher, TaskCreationError
2026-02-06 04:24:12 +05:00: ImportError: attempted relative import with no known parent package
2026-02-06 04:24:27 +05:00: Traceback (most recent call last):
2026-02-06 04:24:27 +05:00:   File "/mnt/d/Hackathons/hackathon-0/silver/src/watchers/whatsapp_watcher.py", line 16, in <module>
2026-02-06 04:24:27 +05:00:     from .base_watcher import BaseWatcher, TaskCreationError
2026-02-06 04:24:27 +05:00: ImportError: attempted relative import with no known parent package
2026-02-06 04:24:47 +05:00: Traceback (most recent call last):
2026-02-06 04:24:47 +05:00:   File "/mnt/d/Hackathons/hackathon-0/silver/src/watchers/whatsapp_watcher.py", line 16, in <module>
2026-02-06 04:24:47 +05:00:     from .base_watcher import BaseWatcher, TaskCreationError
2026-02-06 04:24:47 +05:00: : attempted relative import with no known parent package
2026-02-06 04:25:07 +05:00: Traceback (most recent call last):
2026-02-06 04:25:07 +05:00:   File "/mnt/d/Hackathons/hackathon-0/silver/src/watchers/whatsapp_watcher.py", line 16, in <module>
2026-02-06 04:25:07 +05:00:     from .base_watcher import BaseWatcher, TaskCreationError
2026-02-06 04:25:07 +05:00: ImportError: attempted relative import with no known parent package
2026-02-06 04:25:24 +05:00: Traceback (most recent call last):
2026-02-06 04:25:24 +05:00:   File "/mnt/d/Hackathons/hackathon-0/silver/src/watchers/whatsapp_watcher.py", line 16, in <module>
2026-02-06 04:25:24 +05:00:     from .base_watcher import BaseWatcher, TaskCreationError
2026-02-06 04:25:24 +05:00: ImportError: attempted relative import with no known parent package
2026-02-06 04:25:37 +05:00: Traceback (most recent call last):
2026-02-06 04:25:37 +05:00:   File "/mnt/d/Hackathons/hackathon-0/silver/src/watchers/whatsapp_watcher.py", line 16, in <module>
2026-02-06 04:25:37 +05:00:     from .base_watcher import BaseWatcher, TaskCreationError
2026-02-06 04:25:37 +05:00: ImportError: attempted relative import with no known parent package
2026-02-06 04:25:49 +05:00: Traceback (most recent call last):
2026-02-06 04:25:49 +05:00:   File "/mnt/d/Hackathons/hackathon-0/silver/src/watchers/whatsapp_watcher.py", line 16, in <module>
2026-02-06 04:25:49 +05:00:     from .base_watcher import BaseWatcher, TaskCreationError
2026-02-06 04:25:49 +05:00: ImportError: attempted relative import with no known parent package
2026-02-06 04:26:22 +05:00: Traceback (most recent call last):
2026-02-06 04:26:22 +05:00:   File "/mnt/d/Hackathons/hackathon-0/silver/src/watchers/whatsapp_watcher.py", line 16, in <module>
2026-02-06 04:26:22 +05:00:     from .base_watcher import BaseWatcher, TaskCreationError
2026-02-06 04:26:22 +05:00: ImportError: attempted relative import with no known parent package
2026-02-06 04:26:40 +05:00: Traceback (most recent call last):
2026-02-06 04:26:40 +05:00:   File "/mnt/d/Hackathons/hackathon-0/silver/src/watchers/whatsapp_watcher.py", line 16, in <module>
2026-02-06 04:26:40 +05:00:     from .base_watcher import BaseWatcher, TaskCreationError
2026-02-06 04:26:40 +05:00: ImportError: attempted relative import with no known parent package
2026-02-06 04:26:48 +05:00: Traceback (most recent call last):
2026-02-06 04:26:48 +05:00:   File "/mnt/d/Hackathons/hackathon-0/silver/src/watchers/whatsapp_watcher.py", line 16, in <module>
2026-02-06 04:26:48 +05:00:     from .base_watcher import BaseWatcher, TaskCreationError
2026-02-06 04:26:48 +05:00: ImportError: attempted relative import with no known parent package
2026-02-06 04:26:56 +05:00: Traceback (most recent call last):
2026-02-06 04:26:56 +05:00:   File "/mnt/d/Hackathons/hackathon-0/silver/src/watchers/whatsapp_watcher.py", line 16, in <module>
2026-02-06 04:26:56 +05:00:     from .base_watcher import BaseWatcher, TaskCreationError
2026-02-06 04:26:56 +05:00: ImportError: attempted relative import with no known parent package
2026-02-06 04:27:08 +05:00: Traceback (most recent call last):
2026-02-06 04:27:08 +05:00:   File "/mnt/d/Hackathons/hackathon-0/silver/src/watchers/whatsapp_watcher.py", line 16, in <module>
2026-02-06 04:27:08 +05:00:     from .base_watcher import BaseWatcher, TaskCreationError
2026-02-06 04:27:08 +05:00: ImportError: attempted relative import with no known parent package
2026-02-06 04:27:17 +05:00: Traceback (most recent call last):
2026-02-06 04:27:17 +05:00:   File "/mnt/d/Hackathons/hackathon-0/silver/src/watchers/whatsapp_watcher.py", line 16, in <module>
2026-02-06 04:27:17 +05:00:     from .base_watcher import BaseWatcher, TaskCreationError
2026-02-06 04:27:17 +05:00: ImportError: attempted relative import with no known parent package
2026-02-06 04:27:26 +05:00: Traceback (most recent call last):
2026-02-06 04:27:26 +05:00:   File "/mnt/d/Hackathons/hackathon-0/silver/src/watchers/whatsapp_watcher.py", line 16, in <module>
2026-02-06 04:27:26 +05:00:     from .base_watcher import BaseWatcher, TaskCreationError
2026-02-06 04:27:26 +05:00: ImportError: attempted relative import with no known parent package
2026-02-06 04:27:35 +05:00: Traceback (most recent call last):
2026-02-06 04:27:35 +05:00:   File "/mnt/d/Hackathons/hackathon-0/silver/src/watchers/whatsapp_watcher.py", line 16, in <module>
2026-02-06 04:27:35 +05:00:     from .base_watcher import BaseWatcher, TaskCreationError
2026-02-06 04:27:35 +05:00: ImportError: attempted relative import with no known parent package
2026-02-06 04:27:41 +05:00: Traceback (most recent call last):
2026-02-06 04:27:41 +05:00:   File "/mnt/d/Hackathons/hackathon-0/silver/src/watchers/whatsapp_watcher.py", line 16, in <module>
2026-02-06 04:27:41 +05:00:     from .base_watcher import BaseWatcher, TaskCreationError
2026-02-06 04:27:41 +05:00: ImportError: attempted relative import with no known parent package
2026-02-06 04:27:55 +05:00: Traceback (most recent call last):
2026-02-06 04:27:55 +05:00:   File "/mnt/d/Hackathons/hackathon-0/silver/src/watchers/whatsapp_watcher.py", line 16, in <module>
2026-02-06 04:27:55 +05:00:     from .base_watcher import BaseWatcher, TaskCreationError
2026-02-06 04:27:55 +05:00: ImportError: attempted relative import with no known parent package
2026-02-06 04:28:03 +05:00: Traceback (most recent call last):
2026-02-06 04:28:03 +05:00:   File "/mnt/d/Hackathons/hackathon-0/silver/src/watchers/whatsapp_watcher.py", line 16, in <module>
2026-02-06 04:28:03 +05:00:     from .base_watcher import BaseWatcher, TaskCreationError
2026-02-06 04:28:03 +05:00: attempted relative import with no known parent package
2026-02-06 04:28:11 +05:00: Traceback (most recent call last):
2026-02-06 04:28:11 +05:00:   File "/mnt/d/Hackathons/hackathon-0/silver/src/watchers/whatsapp_watcher.py", line 9, in <module>
2026-02-06 04:28:11 +05:00:     from dataclasses import dataclass
2026-02-06 04:28:11 +05:00:   File "/usr/lib/python3.12/dataclasses.py", line 3, in <module>
2026-02-06 04:28:11 +05:00:     import copy
2026-02-06 04:28:11 +05:00:   File "<frozen importlib._bootstrap>", line 1360, in _find_and_load
2026-02-06 04:28:11 +05:00:   File "<frozen importlib._bootstrap>", line 1322, in _find_and_load_unlocked
2026-02-06 04:28:11 +05:00:   File "<frozen importlib._bootstrap>", line 1262, in _find_spec
2026-02-06 04:28:11 +05:00:   File "<frozen importlib._bootstrap_external>", line 1528, in find_spec
2026-02-06 04:28:11 +05:00:   File "<frozen importlib._bootstrap_external>", line 1502, in _get_spec
2026-02-06 04:28:11 +05:00:   File "<frozen importlib._bootstrap_external>", line 1601, in find_spec
2026-02-06 04:28:11 +05:00:   File "<frozen importlib._bootstrap_external>", line 147, in _path_stat
2026-02-06 04:28:11 +05:00: KeyboardInterrupt
2026-02-06 04:28:22 +05:00: Traceback (most recent call last):
2026-02-06 04:28:22 +05:00:   File "/mnt/d/Hackathons/hackathon-0/silver/src/watchers/whatsapp_watcher.py", line 16, in <module>
2026-02-06 04:28:22 +05:00:     from .base_watcher import BaseWatcher, TaskCreationError
2026-02-06 04:28:22 +05:00: ImportError: attempted relative import with no known parent package
2026-02-06 04:28:32 +05:00: Traceback (most recent call last):
2026-02-06 04:28:32 +05:00:   File "/mnt/d/Hackathons/hackathon-0/silver/src/watchers/whatsapp_watcher.py", line 16, in <module>
2026-02-06 04:28:32 +05:00:     from .base_watcher import BaseWatcher, TaskCreationError
2026-02-06 04:28:32 +05:00: ImportError: attempted relative import with no known parent package
2026-02-06 04:28:41 +05:00: Traceback (most recent call last):
2026-02-06 04:28:41 +05:00:   File "/mnt/d/Hackathons/hackathon-0/silver/src/watchers/whatsapp_watcher.py", line 16, in <module>
2026-02-06 04:28:41 +05:00:     from .base_watcher import BaseWatcher, TaskCreationError
2026-02-06 04:28:41 +05:00: ImportError: attempted relative import with no known parent package
2026-02-06 04:28:54 +05:00: Traceback (most recent call last):
2026-02-06 04:28:54 +05:00:   File "/mnt/d/Hackathons/hackathon-0/silver/src/watchers/whatsapp_watcher.py", line 16, in <module>
2026-02-06 04:28:54 +05:00:     from .base_watcher import BaseWatcher, TaskCreationError
2026-02-06 04:28:54 +05:00: ImportError: attempted relative import with no known parent package
2026-02-06 04:29:08 +05:00: Traceback (most recent call last):
2026-02-06 04:29:08 +05:00:   File "/mnt/d/Hackathons/hackathon-0/silver/src/watchers/whatsapp_watcher.py", line 16, in <module>
2026-02-06 04:29:08 +05:00:     from .base_watcher import BaseWatcher, TaskCreationError
2026-02-06 04:29:08 +05:00: ImportError: attempted relative import with no known parent package
2026-02-06 04:29:18 +05:00: Traceback (most recent call last):
2026-02-06 04:29:18 +05:00:   File "/mnt/d/Hackathons/hackathon-0/silver/src/watchers/whatsapp_watcher.py", line 16, in <module>
2026-02-06 04:29:18 +05:00:     from .base_watcher import BaseWatcher, TaskCreationError
2026-02-06 04:29:18 +05:00: ImportError: attempted relative import with no known parent package
2026-02-06 04:29:26 +05:00: Traceback (most recent call last):
2026-02-06 04:29:26 +05:00:   File "/mnt/d/Hackathons/hackathon-0/silver/src/watchers/whatsapp_watcher.py", line 16, in <module>
2026-02-06 04:29:26 +05:00:     from .base_watcher import BaseWatcher, TaskCreationError
2026-02-06 04:29:26 +05:00: ImportError: attempted relative import with no known parent package
2026-02-06 04:29:38 +05:00: Traceback (most recent call last):
2026-02-06 04:29:38 +05:00:   File "/mnt/d/Hackathons/hackathon-0/silver/src/watchers/whatsapp_watcher.py", line 16, in <module>
2026-02-06 04:29:38 +05:00:     from .base_watcher import BaseWatcher, TaskCreationError
2026-02-06 04:29:38 +05:00: ImportError: attempted relative import with no known parent package
2026-02-06 04:29:49 +05:00: Traceback (most recent call last):
2026-02-06 04:29:49 +05:00:   File "/mnt/d/Hackathons/hackathon-0/silver/src/watchers/whatsapp_watcher.py", line 16, in <module>
2026-02-06 04:29:49 +05:00:     from .base_watcher import BaseWatcher, TaskCreationError
2026-02-06 04:29:49 +05:00: ImportError: attempted relative import with no known parent package
2026-02-06 04:30:00 +05:00: Traceback (most recent call last):
2026-02-06 04:30:00 +05:00:   File "/mnt/d/Hackathons/hackathon-0/silver/src/watchers/whatsapp_watcher.py", line 16, in <module>
2026-02-06 04:30:00 +05:00:     from .base_watcher import BaseWatcher, TaskCreationError
2026-02-06 04:30:00 +05:00: ImportError: attempted relative import with no known parent package
2026-02-06 04:30:09 +05:00: Traceback (most recent call last):
2026-02-06 04:30:09 +05:00:   File "/mnt/d/Hackathons/hackathon-0/silver/src/watchers/whatsapp_watcher.py", line 16, in <module>
2026-02-06 04:30:09 +05:00:     from .base_watcher import BaseWatcher, TaskCreationError
2026-02-06 04:30:09 +05:00: ImportError: attempted relative import with no known parent package
2026-02-06 04:30:16 +05:00: Traceback (most recent call last):
2026-02-06 04:30:16 +05:00:   File "/mnt/d/Hackathons/hackathon-0/silver/src/watchers/whatsapp_watcher.py", line 16, in <module>
2026-02-06 04:30:16 +05:00:     from .base_watcher import BaseWatcher, TaskCreationError
2026-02-06 04:30:16 +05:00: attempted relative import with no known parent package
2026-02-06 04:34:45 +05:00: [INFO] Starting WhatsAppWatcher
2026-02-06 04:34:45 +05:00: [INFO] Initializing WhatsApp Web session
2026-02-06 04:35:52 +05:00: [ERROR] Error loading WhatsApp Web: Timeout 30000ms exceeded.
2026-02-06 04:35:55 +05:00: [WARNING] WhatsApp session expired
2026-02-06 04:36:25 +05:00: [WARNING] WhatsApp session expired
2026-02-06 04:36:57 +05:00: [WARNING] WhatsApp session expired
2026-02-06 04:37:29 +05:00: [WARNING] WhatsApp session expired
2026-02-06 04:38:02 +05:00: [WARNING] WhatsApp session expired
2026-02-06 04:38:32 +05:00: [WARNING] WhatsApp session expired
2026-02-06 04:39:03 +05:00: [WARNING] WhatsApp session expired
2026-02-06 04:39:33 +05:00: [WARNING] WhatsApp session expired
2026-02-06 04:40:04 +05:00: [WARNING] WhatsApp session expired
2026-02-06 04:40:34 +05:00: [WARNING] WhatsApp session expired
2026-02-06 04:41:05 +05:00: [WARNING] WhatsApp session expired
2026-02-06 04:41:35 +05:00: [WARNING] WhatsApp session expired
2026-02-06 04:41:52 +05:00: [INFO] Received SIGINT, initiating graceful shutdown
2026-02-06 04:41:53 +05:00: [INFO] Cleaning up WhatsAppWatcher
2026-02-06 04:41:53 +05:00: [INFO] Closing browser context
2026-02-06 04:42:00 +05:00: [INFO] Starting WhatsAppWatcher
2026-02-06 04:42:00 +05:00: [INFO] Initializing WhatsApp Web session
2026-02-06 04:42:52 +05:00: [ERROR] Error loading WhatsApp Web: Timeout 30000ms exceeded.
2026-02-06 04:42:53 +05:00: [WARNING] WhatsApp session expired
2026-02-06 04:43:24 +05:00: [WARNING] WhatsApp session expired
2026-02-06 04:43:56 +05:00: [WARNING] WhatsApp session expired
2026-02-06 04:44:28 +05:00: [WARNING] WhatsApp session expired
2026-02-06 04:44:59 +05:00: [WARNING] WhatsApp session expired
2026-02-06 04:45:29 +05:00: [WARNING] WhatsApp session expired
2026-02-06 04:46:00 +05:00: [WARNING] WhatsApp session expired
2026-02-06 04:46:30 +05:00: [WARNING] WhatsApp session expired
2026-02-06 04:47:03 +05:00: [WARNING] WhatsApp session expired
2026-02-06 04:47:32 +05:00: [INFO] Received SIGINT, initiating graceful shutdown
2026-02-06 04:47:33 +05:00: [INFO] Cleaning up WhatsAppWatcher
2026-02-06 04:47:33 +05:00: [INFO] Closing browser context
2026-02-06 04:47:33 +05:00: [ERROR] Error during cleanup: Target page, context or browser has been closed
2026-02-06 04:47:33 +05:00: [INFO] WhatsAppWatcher stopped
2026-02-06 04:48:14 +05:00: [INFO] Starting WhatsAppWatcher
2026-02-06 04:48:14 +05:00: [INFO] Initializing WhatsApp Web session
2026-02-06 04:48:57 +05:00: [ERROR] Error loading WhatsApp Web: Timeout 30000ms exceeded.
2026-02-06 04:48:58 +05:00: [WARNING] WhatsApp session expired
2026-02-06 04:49:29 +05:00: [WARNING] WhatsApp session expired
2026-02-06 04:49:59 +05:00: [WARNING] WhatsApp session expired
2026-02-06 04:50:29 +05:00: [WARNING] WhatsApp session expired
2026-02-06 04:51:00 +05:00: [WARNING] WhatsApp session expired
2026-02-06 04:51:31 +05:00: [WARNING] WhatsApp session expired
2026-02-06 04:52:02 +05:00: [WARNING] WhatsApp session expired
2026-02-06 04:52:32 +05:00: [WARNING] WhatsApp session expired
2026-02-06 04:53:02 +05:00: [WARNING] WhatsApp session expired
2026-02-06 04:53:33 +05:00: [WARNING] WhatsApp session expired
2026-02-06 04:54:04 +05:00: [WARNING] WhatsApp session expired
2026-02-06 04:54:34 +05:00: [WARNING] WhatsApp session expired
2026-02-06 04:55:04 +05:00: [WARNING] WhatsApp session expired
2026-02-06 04:55:35 +05:00: [WARNING] WhatsApp session expired
2026-02-06 04:56:05 +05:00: [WARNING] WhatsApp session expired
2026-02-06 04:56:35 +05:00: [WARNING] WhatsApp session expired
2026-02-06 04:57:06 +05:00: [WARNING] WhatsApp session expired
2026-02-06 04:57:36 +05:00: [WARNING] WhatsApp session expired
2026-02-06 04:58:07 +05:00: [WARNING] WhatsApp session expired
2026-02-06 04:58:37 +05:00: [WARNING] WhatsApp session expired
2026-02-06 04:59:08 +05:00: [WARNING] WhatsApp session expired
2026-02-06 04:59:39 +05:00: [WARNING] WhatsApp session expired
2026-02-06 05:00:10 +05:00: [WARNING] WhatsApp session expired
2026-02-06 05:00:41 +05:00: [WARNING] WhatsApp session expired
2026-02-06 05:01:11 +05:00: [WARNING] WhatsApp session expired
2026-02-06 05:01:41 +05:00: [WARNING] WhatsApp session expired
2026-02-06 05:02:12 +05:00: [WARNING] WhatsApp session expired
2026-02-06 05:02:42 +05:00: [WARNING] WhatsApp session expired
2026-02-06 05:03:12 +05:00: [WARNING] WhatsApp session expired
2026-02-06 05:03:43 +05:00: [WARNING] WhatsApp session expired
2026-02-06 05:04:13 +05:00: [WARNING] WhatsApp session expired
2026-02-06 14:36:51 +05:00: [WARNING] WhatsApp session expired
2026-02-06 14:37:21 +05:00: [WARNING] WhatsApp session expired
2026-02-06 14:37:51 +05:00: [WARNING] WhatsApp session expired
2026-02-06 14:38:21 +05:00: [WARNING] WhatsApp session expired
2026-02-06 14:38:52 +05:00: [WARNING] WhatsApp session expired
2026-02-06 14:39:22 +05:00: [WARNING] WhatsApp session expired
2026-02-06 14:39:52 +05:00: [WARNING] WhatsApp session expired
2026-02-06 14:40:22 +05:00: [WARNING] WhatsApp session expired
2026-02-06 14:40:52 +05:00: [WARNING] WhatsApp session expired
2026-02-06 14:41:33 +05:00: [WARNING] WhatsApp session expired
2026-02-06 14:42:11 +05:00: [WARNING] WhatsApp session expired
2026-02-06 14:42:51 +05:00: [WARNING] WhatsApp session expired
2026-02-06 14:43:22 +05:00: [WARNING] WhatsApp session expired
2026-02-06 14:43:55 +05:00: [WARNING] WhatsApp session expired
2026-02-06 14:44:29 +05:00: [WARNING] WhatsApp session expired
2026-02-06 14:44:59 +05:00: [WARNING] WhatsApp session expired
2026-02-06 14:45:30 +05:00: [WARNING] WhatsApp session expired
2026-02-06 14:46:00 +05:00: [WARNING] WhatsApp session expired
2026-02-06 14:46:31 +05:00: [WARNING] WhatsApp session expired
2026-02-06 14:47:03 +05:00: [WARNING] WhatsApp session expired
2026-02-06 14:47:34 +05:00: [WARNING] WhatsApp session expired
2026-02-06 14:48:04 +05:00: [WARNING] WhatsApp session expired
2026-02-06 14:48:38 +05:00: [WARNING] WhatsApp session expired
2026-02-06 14:49:08 +05:00: [WARNING] WhatsApp session expired
2026-02-06 14:49:38 +05:00: [WARNING] WhatsApp session expired
2026-02-06 14:50:13 +05:00: [WARNING] WhatsApp session expired
2026-02-06 14:50:48 +05:00: [WARNING] WhatsApp session expired
2026-02-06 14:51:19 +05:00: [WARNING] WhatsApp session expired
2026-02-06 14:51:49 +05:00: [WARNING] WhatsApp session expired
2026-02-06 14:52:20 +05:00: [WARNING] WhatsApp session expired
2026-02-06 14:52:50 +05:00: [WARNING] WhatsApp session expired
2026-02-06 14:53:21 +05:00: [WARNING] WhatsApp session expired
2026-02-06 14:53:51 +05:00: [WARNING] WhatsApp session expired
2026-02-06 14:55:02 +05:00: [WARNING] WhatsApp session expired
2026-02-06 14:55:34 +05:00: [WARNING] WhatsApp session expired
2026-02-06 14:56:10 +05:00: [WARNING] WhatsApp session expired
2026-02-06 14:56:42 +05:00: [WARNING] WhatsApp session expired
2026-02-06 14:57:13 +05:00: [WARNING] WhatsApp session expired
2026-02-06 14:57:43 +05:00: [WARNING] WhatsApp session expired
2026-02-06 14:58:13 +05:00: [WARNING] WhatsApp session expired
2026-02-06 14:58:43 +05:00: [WARNING] WhatsApp session expired
2026-02-06 14:59:13 +05:00: [WARNING] WhatsApp session expired
2026-02-06 14:59:43 +05:00: [WARNING] WhatsApp session expired
2026-02-06 15:00:14 +05:00: [WARNING] WhatsApp session expired
2026-02-06 15:00:44 +05:00: [WARNING] WhatsApp session expired
2026-02-06 15:01:14 +05:00: [WARNING] WhatsApp session expired
2026-02-06 15:01:44 +05:00: [WARNING] WhatsApp session expired
2026-02-06 15:02:14 +05:00: [WARNING] WhatsApp session expired
2026-02-06 15:02:44 +05:00: [WARNING] WhatsApp session expired
2026-02-06 15:03:14 +05:00: [WARNING] WhatsApp session expired
2026-02-06 15:03:44 +05:00: [WARNING] WhatsApp session expired
2026-02-06 15:04:14 +05:00: [WARNING] WhatsApp session expired
2026-02-06 15:04:45 +05:00: [WARNING] WhatsApp session expired
2026-02-06 15:05:15 +05:00: [WARNING] WhatsApp session expired
2026-02-06 15:05:45 +05:00: [WARNING] WhatsApp session expired
2026-02-06 15:06:15 +05:00: [WARNING] WhatsApp session expired
2026-02-06 15:06:45 +05:00: [WARNING] WhatsApp session expired
2026-02-06 15:07:15 +05:00: [WARNING] WhatsApp session expired
2026-02-06 15:07:45 +05:00: [WARNING] WhatsApp session expired
2026-02-06 15:08:15 +05:00: [WARNING] WhatsApp session expired
2026-02-06 15:08:45 +05:00: [WARNING] WhatsApp session expired
2026-02-06 15:09:16 +05:00: [WARNING] WhatsApp session expired
2026-02-06 15:09:46 +05:00: [WARNING] WhatsApp session expired
2026-02-06 15:10:16 +05:00: [WARNING] WhatsApp session expired
2026-02-06 15:10:46 +05:00: [WARNING] WhatsApp session expired
2026-02-06 15:11:16 +05:00: [WARNING] WhatsApp session expired
2026-02-06 15:11:46 +05:00: [WARNING] WhatsApp session expired
2026-02-06 15:12:16 +05:00: [WARNING] WhatsApp session expired
2026-02-06 15:12:47 +05:00: [WARNING] WhatsApp session expired
2026-02-06 15:13:17 +05:00: [WARNING] WhatsApp session expired
2026-02-06 15:13:47 +05:00: [WARNING] WhatsApp session expired
2026-02-06 15:14:17 +05:00: [WARNING] WhatsApp session expired
2026-02-06 15:14:47 +05:00: [WARNING] WhatsApp session expired
2026-02-06 15:15:17 +05:00: [WARNING] WhatsApp session expired
2026-02-06 15:15:48 +05:00: [WARNING] WhatsApp session expired
2026-02-06 15:16:18 +05:00: [WARNING] WhatsApp session expired
2026-02-06 15:16:48 +05:00: [WARNING] WhatsApp session expired
2026-02-06 15:17:18 +05:00: [WARNING] WhatsApp session expired
2026-02-06 15:17:48 +05:00: [WARNING] WhatsApp session expired
2026-02-06 15:18:18 +05:00: [WARNING] WhatsApp session expired
2026-02-06 15:18:48 +05:00: [WARNING] WhatsApp session expired
2026-02-06 15:19:19 +05:00: [WARNING] WhatsApp session expired
2026-02-06 15:19:49 +05:00: [WARNING] WhatsApp session expired
2026-02-06 15:20:19 +05:00: [WARNING] WhatsApp session expired
2026-02-06 15:20:49 +05:00: [WARNING] WhatsApp session expired
2026-02-06 15:21:19 +05:00: [WARNING] WhatsApp session expired
2026-02-06 15:21:49 +05:00: [WARNING] WhatsApp session expired
2026-02-06 15:22:19 +05:00: [WARNING] WhatsApp session expired
2026-02-06 15:22:50 +05:00: [WARNING] WhatsApp session expired
2026-02-06 15:23:21 +05:00: [WARNING] WhatsApp session expired
2026-02-06 15:23:51 +05:00: [WARNING] WhatsApp session expired
2026-02-06 15:24:21 +05:00: [WARNING] WhatsApp session expired
2026-02-06 15:24:51 +05:00: [WARNING] WhatsApp session expired
2026-02-06 15:25:21 +05:00: [WARNING] WhatsApp session expired
2026-02-06 15:25:52 +05:00: [WARNING] WhatsApp session expired
2026-02-06 15:26:22 +05:00: [WARNING] WhatsApp session expired
2026-02-06 15:26:52 +05:00: [WARNING] WhatsApp session expired
2026-02-06 15:27:22 +05:00: [WARNING] WhatsApp session expired
2026-02-06 15:27:52 +05:00: [WARNING] WhatsApp session expired
2026-02-06 15:28:22 +05:00: [WARNING] WhatsApp session expired
2026-02-06 15:28:52 +05:00: [WARNING] WhatsApp session expired
2026-02-06 15:29:22 +05:00: [WARNING] WhatsApp session expired
2026-02-06 15:29:53 +05:00: [WARNING] WhatsApp session expired
2026-02-06 15:30:23 +05:00: [WARNING] WhatsApp session expired
2026-02-06 15:30:53 +05:00: [WARNING] WhatsApp session expired
2026-02-06 15:31:23 +05:00: [WARNING] WhatsApp session expired
2026-02-06 15:31:53 +05:00: [WARNING] WhatsApp session expired
2026-02-06 15:32:23 +05:00: [WARNING] WhatsApp session expired
2026-02-06 15:32:53 +05:00: [WARNING] WhatsApp session expired
2026-02-06 15:33:23 +05:00: [WARNING] WhatsApp session expired
2026-02-06 15:33:53 +05:00: [WARNING] WhatsApp session expired
2026-02-06 15:34:24 +05:00: [WARNING] WhatsApp session expired
2026-02-06 15:34:54 +05:00: [WARNING] WhatsApp session expired
2026-02-06 15:35:24 +05:00: [WARNING] WhatsApp session expired
2026-02-06 15:35:54 +05:00: [WARNING] WhatsApp session expired
2026-02-06 15:36:24 +05:00: [WARNING] WhatsApp session expired
2026-02-06 15:36:54 +05:00: [WARNING] WhatsApp session expired
2026-02-06 15:37:25 +05:00: [WARNING] WhatsApp session expired
2026-02-06 15:37:55 +05:00: [WARNING] WhatsApp session expired
2026-02-06 15:38:25 +05:00: [WARNING] WhatsApp session expired
2026-02-06 15:38:55 +05:00: [WARNING] WhatsApp session expired
2026-02-06 15:39:25 +05:00: [WARNING] WhatsApp session expired
2026-02-06 15:39:55 +05:00: [WARNING] WhatsApp session expired
2026-02-06 15:40:25 +05:00: [WARNING] WhatsApp session expired
2026-02-06 15:40:56 +05:00: [WARNING] WhatsApp session expired
2026-02-06 15:41:26 +05:00: [WARNING] WhatsApp session expired
2026-02-06 15:41:56 +05:00: [WARNING] WhatsApp session expired
2026-02-06 15:42:26 +05:00: [WARNING] WhatsApp session expired
2026-02-06 15:42:56 +05:00: [WARNING] WhatsApp session expired
2026-02-06 15:43:26 +05:00: [WARNING] WhatsApp session expired
2026-02-06 15:43:57 +05:00: [WARNING] WhatsApp session expired
2026-02-06 15:44:28 +05:00: [WARNING] WhatsApp session expired
2026-02-06 15:45:00 +05:00: [WARNING] WhatsApp session expired
2026-02-06 15:45:30 +05:00: [WARNING] WhatsApp session expired
2026-02-06 15:46:00 +05:00: [WARNING] WhatsApp session expired
2026-02-06 15:46:30 +05:00: [WARNING] WhatsApp session expired
2026-02-06 15:47:00 +05:00: [WARNING] WhatsApp session expired
2026-02-06 15:47:30 +05:00: [WARNING] WhatsApp session expired
2026-02-06 15:48:01 +05:00: [WARNING] WhatsApp session expired
2026-02-06 15:48:31 +05:00: [WARNING] WhatsApp session expired
2026-02-06 15:49:01 +05:00: [WARNING] WhatsApp session expired
2026-02-06 15:49:31 +05:00: [WARNING] WhatsApp session expired
2026-02-06 15:50:01 +05:00: [WARNING] WhatsApp session expired
2026-02-06 15:50:32 +05:00: [WARNING] WhatsApp session expired
2026-02-06 15:51:02 +05:00: [WARNING] WhatsApp session expired
2026-02-06 15:51:32 +05:00: [WARNING] WhatsApp session expired
2026-02-06 15:52:02 +05:00: [WARNING] WhatsApp session expired
2026-02-06 15:52:32 +05:00: [WARNING] WhatsApp session expired
2026-02-06 15:53:02 +05:00: [WARNING] WhatsApp session expired
2026-02-06 15:53:32 +05:00: [WARNING] WhatsApp session expired
2026-02-06 15:54:02 +05:00: [WARNING] WhatsApp session expired
2026-02-06 15:54:32 +05:00: [WARNING] WhatsApp session expired
2026-02-06 15:55:03 +05:00: [WARNING] WhatsApp session expired
2026-02-06 15:55:33 +05:00: [WARNING] WhatsApp session expired
2026-02-06 15:56:03 +05:00: [WARNING] WhatsApp session expired
2026-02-06 15:56:33 +05:00: [WARNING] WhatsApp session expired
2026-02-06 15:57:03 +05:00: [WARNING] WhatsApp session expired
2026-02-06 15:57:34 +05:00: [WARNING] WhatsApp session expired
2026-02-06 15:58:04 +05:00: [WARNING] WhatsApp session expired
2026-02-06 15:58:34 +05:00: [WARNING] WhatsApp session expired
2026-02-06 15:59:04 +05:00: [WARNING] WhatsApp session expired
2026-02-06 15:59:35 +05:00: [WARNING] WhatsApp session expired
2026-02-06 16:00:05 +05:00: [WARNING] WhatsApp session expired
2026-02-06 16:00:35 +05:00: [WARNING] WhatsApp session expired
2026-02-06 16:01:05 +05:00: [WARNING] WhatsApp session expired
2026-02-06 16:01:35 +05:00: [WARNING] WhatsApp session expired
2026-02-06 16:02:05 +05:00: [WARNING] WhatsApp session expired
2026-02-06 16:02:36 +05:00: [WARNING] WhatsApp session expired
2026-02-06 16:03:06 +05:00: [WARNING] WhatsApp session expired
2026-02-06 16:03:36 +05:00: [WARNING] WhatsApp session expired
2026-02-06 16:04:06 +05:00: [WARNING] WhatsApp session expired
2026-02-06 16:04:36 +05:00: [WARNING] WhatsApp session expired
2026-02-06 16:05:06 +05:00: [WARNING] WhatsApp session expired
2026-02-06 16:05:36 +05:00: [WARNING] WhatsApp session expired
2026-02-06 16:06:07 +05:00: [WARNING] WhatsApp session expired
2026-02-06 16:06:37 +05:00: [WARNING] WhatsApp session expired
2026-02-06 16:07:07 +05:00: [WARNING] WhatsApp session expired
2026-02-06 16:07:38 +05:00: [WARNING] WhatsApp session expired
2026-02-06 16:08:08 +05:00: [WARNING] WhatsApp session expired
2026-02-06 16:08:38 +05:00: [WARNING] WhatsApp session expired
2026-02-06 16:09:09 +05:00: [WARNING] WhatsApp session expired
2026-02-06 16:09:39 +05:00: [WARNING] WhatsApp session expired
2026-02-06 16:10:09 +05:00: [WARNING] WhatsApp session expired
2026-02-06 16:10:39 +05:00: [WARNING] WhatsApp session expired
2026-02-06 16:11:10 +05:00: [WARNING] WhatsApp session expired
2026-02-06 16:11:40 +05:00: [WARNING] WhatsApp session expired
2026-02-06 16:12:10 +05:00: [WARNING] WhatsApp session expired
2026-02-06 16:12:42 +05:00: [WARNING] WhatsApp session expired
2026-02-06 16:13:13 +05:00: [WARNING] WhatsApp session expired
2026-02-06 16:13:44 +05:00: [WARNING] WhatsApp session expired
2026-02-06 16:14:15 +05:00: [WARNING] WhatsApp session expired
2026-02-06 16:14:45 +05:00: [WARNING] WhatsApp session expired
2026-02-06 16:15:15 +05:00: [WARNING] WhatsApp session expired
2026-02-06 16:15:47 +05:00: [WARNING] WhatsApp session expired
2026-02-06 16:16:17 +05:00: [WARNING] WhatsApp session expired
2026-02-06 16:16:48 +05:00: [WARNING] WhatsApp session expired
2026-02-06 16:17:18 +05:00: [WARNING] WhatsApp session expired
2026-02-06 16:17:50 +05:00: [WARNING] WhatsApp session expired
2026-02-06 16:18:20 +05:00: [WARNING] WhatsApp session expired
2026-02-06 20:13:34 +05:00: [WARNING] WhatsApp session expired
2026-02-06 20:14:07 +05:00: [WARNING] WhatsApp session expired
2026-02-06 20:14:43 +05:00: [WARNING] WhatsApp session expired
2026-02-06 20:15:22 +05:00: [WARNING] WhatsApp session expired
2026-02-06 20:16:02 +05:00: [WARNING] WhatsApp session expired
2026-02-06 20:16:34 +05:00: [WARNING] WhatsApp session expired
2026-02-06 20:17:06 +05:00: [WARNING] WhatsApp session expired
2026-02-06 20:17:38 +05:00: [WARNING] WhatsApp session expired
2026-02-06 20:18:11 +05:00: [WARNING] WhatsApp session expired
2026-02-06 20:18:43 +05:00: [WARNING] WhatsApp session expired
2026-02-06 20:19:14 +05:00: [WARNING] WhatsApp session expired
2026-02-06 20:19:45 +05:00: [WARNING] WhatsApp session expired
2026-02-06 20:20:21 +05:00: [WARNING] WhatsApp session expired
2026-02-06 20:20:56 +05:00: [WARNING] WhatsApp session expired
2026-02-06 20:21:28 +05:00: [WARNING] WhatsApp session expired
2026-02-06 20:21:59 +05:00: [WARNING] WhatsApp session expired
2026-02-06 20:22:30 +05:00: [WARNING] WhatsApp session expired
2026-02-06 20:23:01 +05:00: [WARNING] WhatsApp session expired
2026-02-06 20:23:31 +05:00: [WARNING] WhatsApp session expired
2026-02-06 20:24:02 +05:00: [WARNING] WhatsApp session expired
2026-02-06 20:24:33 +05:00: [WARNING] WhatsApp session expired
2026-02-06 20:25:03 +05:00: [WARNING] WhatsApp session expired
2026-02-06 20:25:34 +05:00: [WARNING] WhatsApp session expired
2026-02-06 20:26:21 +05:00: [WARNING] WhatsApp session expired
2026-02-06 20:26:52 +05:00: [WARNING] WhatsApp session expired
2026-02-06 20:27:34 +05:00: [WARNING] WhatsApp session expired
2026-02-06 20:28:11 +05:00: [WARNING] WhatsApp session expired
2026-02-06 20:28:51 +05:00: [WARNING] WhatsApp session expired
2026-02-06 20:29:21 +05:00: [WARNING] WhatsApp session expired
2026-02-06 20:29:54 +05:00: [WARNING] WhatsApp session expired
2026-02-06 20:30:25 +05:00: [WARNING] WhatsApp session expired
2026-02-06 20:31:02 +05:00: [WARNING] WhatsApp session expired
2026-02-06 20:31:37 +05:00: [WARNING] WhatsApp session expired
2026-02-06 20:32:28 +05:00: [WARNING] WhatsApp session expired
2026-02-06 20:32:59 +05:00: [WARNING] WhatsApp session expired
2026-02-06 20:33:46 +05:00: [WARNING] WhatsApp session expired
2026-02-06 20:34:17 +05:00: [WARNING] WhatsApp session expired
2026-02-06 20:34:48 +05:00: [WARNING] WhatsApp session expired
2026-02-06 20:35:24 +05:00: [WARNING] WhatsApp session expired
2026-02-06 20:35:55 +05:00: [WARNING] WhatsApp session expired
2026-02-06 20:36:27 +05:00: [WARNING] WhatsApp session expired
2026-02-06 20:36:59 +05:00: [WARNING] WhatsApp session expired
2026-02-06 20:37:30 +05:00: [WARNING] WhatsApp session expired
2026-02-06 20:38:01 +05:00: [WARNING] WhatsApp session expired
2026-02-06 20:38:31 +05:00: [WARNING] WhatsApp session expired
2026-02-06 20:39:02 +05:00: [WARNING] WhatsApp session expired
2026-02-06 20:39:20 +05:00: [INFO] Received SIGINT, initiating graceful shutdown
2026-02-06 20:39:20 +05:00: [INFO] Cleaning up WhatsAppWatcher
2026-02-06 20:39:20 +05:00: [INFO] Closing browser context
2026-02-06 21:26:39 +05:00: [INFO] Starting WhatsAppWatcher
2026-02-06 21:26:39 +05:00: [INFO] Initializing WhatsApp Web session
2026-02-06 21:27:37 +05:00: [ERROR] Error loading WhatsApp Web: Timeout 30000ms exceeded.
2026-02-06 21:27:38 +05:00: [WARNING] WhatsApp session expired
2026-02-06 21:28:27 +05:00: [WARNING] WhatsApp session expired
2026-02-06 21:29:18 +05:00: [WARNING] WhatsApp session expired
2026-02-06 21:29:49 +05:00: [WARNING] WhatsApp session expired
2026-02-06 21:30:22 +05:00: [WARNING] WhatsApp session expired
2026-02-06 21:30:53 +05:00: [WARNING] WhatsApp session expired
2026-02-06 21:31:25 +05:00: [WARNING] WhatsApp session expired
2026-02-06 21:31:56 +05:00: [WARNING] WhatsApp session expired
2026-02-06 21:32:27 +05:00: [WARNING] WhatsApp session expired
2026-02-06 21:32:59 +05:00: [WARNING] WhatsApp session expired
2026-02-06 21:33:31 +05:00: [WARNING] WhatsApp session expired
2026-02-06 21:34:02 +05:00: [WARNING] WhatsApp session expired
2026-02-06 21:34:33 +05:00: [WARNING] WhatsApp session expired
2026-02-06 21:35:03 +05:00: [WARNING] WhatsApp session expired
2026-02-06 21:35:34 +05:00: [WARNING] WhatsApp session expired
2026-02-06 21:36:05 +05:00: [WARNING] WhatsApp session expired
2026-02-06 21:36:38 +05:00: [WARNING] WhatsApp session expired
2026-02-06 21:37:08 +05:00: [WARNING] WhatsApp session expired
2026-02-06 21:37:40 +05:00: [WARNING] WhatsApp session expired
2026-02-06 21:38:11 +05:00: [WARNING] WhatsApp session expired
2026-02-06 21:38:42 +05:00: [WARNING] WhatsApp session expired
2026-02-06 21:39:13 +05:00: [WARNING] WhatsApp session expired
2026-02-06 21:39:44 +05:00: [WARNING] WhatsApp session expired
2026-02-06 21:40:16 +05:00: [WARNING] WhatsApp session expired
2026-02-06 21:40:49 +05:00: [WARNING] WhatsApp session expired
2026-02-06 21:41:19 +05:00: [WARNING] WhatsApp session expired
2026-02-06 21:41:50 +05:00: [WARNING] WhatsApp session expired
2026-02-06 21:42:20 +05:00: [WARNING] WhatsApp session expired
2026-02-06 21:42:51 +05:00: [WARNING] WhatsApp session expired
2026-02-06 21:43:21 +05:00: [WARNING] WhatsApp session expired
2026-02-06 21:43:51 +05:00: [WARNING] WhatsApp session expired
2026-02-06 21:44:21 +05:00: [WARNING] WhatsApp session expired
2026-02-06 21:44:51 +05:00: [WARNING] WhatsApp session expired
2026-02-06 21:45:22 +05:00: [WARNING] WhatsApp session expired
2026-02-06 21:45:52 +05:00: [WARNING] WhatsApp session expired
2026-02-06 21:46:23 +05:00: [WARNING] WhatsApp session expired
2026-02-06 21:46:54 +05:00: [WARNING] WhatsApp session expired
2026-02-06 21:47:25 +05:00: [WARNING] WhatsApp session expired
2026-02-06 21:47:55 +05:00: [WARNING] WhatsApp session expired
2026-02-06 21:48:26 +05:00: [WARNING] WhatsApp session expired
2026-02-06 21:48:58 +05:00: [WARNING] WhatsApp session expired
2026-02-06 21:49:28 +05:00: [WARNING] WhatsApp session expired
2026-02-06 21:49:58 +05:00: [WARNING] WhatsApp session expired
2026-02-06 21:50:29 +05:00: [WARNING] WhatsApp session expired
2026-02-06 21:50:59 +05:00: [WARNING] WhatsApp session expired
2026-02-06 21:51:29 +05:00: [WARNING] WhatsApp session expired
2026-02-06 21:51:59 +05:00: [WARNING] WhatsApp session expired
2026-02-06 21:52:29 +05:00: [WARNING] WhatsApp session expired
2026-02-06 21:52:59 +05:00: [WARNING] WhatsApp session expired
2026-02-06 21:53:30 +05:00: [WARNING] WhatsApp session expired
2026-02-06 21:54:00 +05:00: [WARNING] WhatsApp session expired
2026-02-06 21:54:30 +05:00: [WARNING] WhatsApp session expired
2026-02-06 21:55:00 +05:00: [WARNING] WhatsApp session expired
2026-02-06 21:55:31 +05:00: [WARNING] WhatsApp session expired
2026-02-06 21:56:01 +05:00: [WARNING] WhatsApp session expired
2026-02-06 21:56:31 +05:00: [WARNING] WhatsApp session expired
2026-02-06 21:57:01 +05:00: [WARNING] WhatsApp session expired
2026-02-06 21:57:32 +05:00: [WARNING] WhatsApp session expired
2026-02-06 21:58:03 +05:00: [WARNING] WhatsApp session expired
2026-02-06 21:58:35 +05:00: [WARNING] WhatsApp session expired
2026-02-06 21:59:05 +05:00: [WARNING] WhatsApp session expired
2026-02-06 21:59:36 +05:00: [WARNING] WhatsApp session expired
2026-02-06 22:00:07 +05:00: [WARNING] WhatsApp session expired
2026-02-06 22:00:37 +05:00: [WARNING] WhatsApp session expired
2026-02-06 22:01:08 +05:00: [WARNING] WhatsApp session expired
2026-02-06 22:01:38 +05:00: [WARNING] WhatsApp session expired
2026-02-06 22:02:08 +05:00: [WARNING] WhatsApp session expired
2026-02-06 22:02:38 +05:00: [WARNING] WhatsApp session expired
2026-02-06 22:03:08 +05:00: [WARNING] WhatsApp session expired
2026-02-06 22:03:39 +05:00: [WARNING] WhatsApp session expired
2026-02-06 22:04:12 +05:00: [WARNING] WhatsApp session expired
2026-02-06 22:04:42 +05:00: [WARNING] WhatsApp session expired
2026-02-06 22:05:13 +05:00: [WARNING] WhatsApp session expired
2026-02-06 22:05:43 +05:00: [WARNING] WhatsApp session expired
2026-02-06 22:06:14 +05:00: [WARNING] WhatsApp session expired
2026-02-06 22:06:44 +05:00: [WARNING] WhatsApp session expired
2026-02-06 22:07:14 +05:00: [WARNING] WhatsApp session expired
2026-02-06 22:07:44 +05:00: [WARNING] WhatsApp session expired
2026-02-06 22:08:15 +05:00: [WARNING] WhatsApp session expired
2026-02-06 22:08:45 +05:00: [WARNING] WhatsApp session expired
2026-02-06 22:09:15 +05:00: [WARNING] WhatsApp session expired
2026-02-06 22:09:45 +05:00: [WARNING] WhatsApp session expired
2026-02-06 22:10:16 +05:00: [WARNING] WhatsApp session expired
2026-02-06 22:10:46 +05:00: [WARNING] WhatsApp session expired
2026-02-06 22:11:16 +05:00: [WARNING] WhatsApp session expired
2026-02-06 22:11:47 +05:00: [WARNING] WhatsApp session expired
2026-02-06 22:12:18 +05:00: [WARNING] WhatsApp session expired
2026-02-06 22:12:49 +05:00: [WARNING] WhatsApp session expired
2026-02-06 22:13:19 +05:00: [WARNING] WhatsApp session expired
2026-02-06 22:13:49 +05:00: [WARNING] WhatsApp session expired
2026-02-06 22:14:19 +05:00: [WARNING] WhatsApp session expired
2026-02-06 22:14:50 +05:00: [WARNING] WhatsApp session expired
2026-02-06 22:15:20 +05:00: [WARNING] WhatsApp session expired
2026-02-06 22:15:50 +05:00: [WARNING] WhatsApp session expired
2026-02-06 22:16:21 +05:00: [WARNING] WhatsApp session expired
2026-02-06 22:16:51 +05:00: [WARNING] WhatsApp session expired
2026-02-06 22:17:26 +05:00: [WARNING] WhatsApp session expired
2026-02-06 22:17:56 +05:00: [WARNING] WhatsApp session expired
2026-02-06 22:18:28 +05:00: [WARNING] WhatsApp session expired
2026-02-06 22:18:59 +05:00: [WARNING] WhatsApp session expired
2026-02-06 22:19:30 +05:00: [WARNING] WhatsApp session expired
2026-02-06 22:20:00 +05:00: [WARNING] WhatsApp session expired
2026-02-07 00:12:59 +05:00: [WARNING] WhatsApp session expired
2026-02-07 00:13:34 +05:00: [WARNING] WhatsApp session expired
2026-02-07 00:14:06 +05:00: [WARNING] WhatsApp session expired
2026-02-07 00:14:37 +05:00: [WARNING] WhatsApp session expired
2026-02-07 00:15:08 +05:00: [WARNING] WhatsApp session expired
2026-02-07 00:15:38 +05:00: [WARNING] WhatsApp session expired
2026-02-07 00:16:09 +05:00: [WARNING] WhatsApp session expired
2026-02-07 00:16:41 +05:00: [WARNING] WhatsApp session expired
2026-02-07 00:17:12 +05:00: [WARNING] WhatsApp session expired
2026-02-07 00:17:43 +05:00: [WARNING] WhatsApp session expired
2026-02-07 00:18:13 +05:00: [WARNING] WhatsApp session expired
2026-02-07 00:18:44 +05:00: [WARNING] WhatsApp session expired
2026-02-07 00:19:18 +05:00: [WARNING] WhatsApp session expired
2026-02-07 00:20:01 +05:00: [WARNING] WhatsApp session expired
2026-02-07 00:20:36 +05:00: [WARNING] WhatsApp session expired
2026-02-07 00:21:08 +05:00: [WARNING] WhatsApp session expired
2026-02-07 00:21:41 +05:00: [WARNING] WhatsApp session expired
2026-02-07 00:22:12 +05:00: [WARNING] WhatsApp session expired
2026-02-07 00:22:44 +05:00: [WARNING] WhatsApp session expired
2026-02-07 00:23:15 +05:00: [WARNING] WhatsApp session expired
2026-02-07 00:23:46 +05:00: [WARNING] WhatsApp session expired
2026-02-07 00:24:17 +05:00: [WARNING] WhatsApp session expired
2026-02-07 00:24:50 +05:00: [WARNING] WhatsApp session expired
2026-02-07 00:25:20 +05:00: [WARNING] WhatsApp session expired
2026-02-07 00:25:59 +05:00: [WARNING] WhatsApp session expired
2026-02-07 00:26:30 +05:00: [WARNING] WhatsApp session expired
2026-02-07 00:27:01 +05:00: [WARNING] WhatsApp session expired
2026-02-07 00:27:35 +05:00: [WARNING] WhatsApp session expired
2026-02-07 00:28:09 +05:00: [WARNING] WhatsApp session expired
2026-02-07 00:28:41 +05:00: [WARNING] WhatsApp session expired
2026-02-07 00:29:12 +05:00: [WARNING] WhatsApp session expired
2026-02-07 00:29:43 +05:00: [WARNING] WhatsApp session expired
2026-02-07 00:30:15 +05:00: [WARNING] WhatsApp session expired
2026-02-07 00:30:46 +05:00: [WARNING] WhatsApp session expired
2026-02-07 00:31:17 +05:00: [WARNING] WhatsApp session expired
2026-02-07 00:31:47 +05:00: [WARNING] WhatsApp session expired
2026-02-07 00:32:18 +05:00: [WARNING] WhatsApp session expired
2026-02-07 00:32:52 +05:00: [WARNING] WhatsApp session expired
2026-02-07 00:33:23 +05:00: [WARNING] WhatsApp session expired
2026-02-07 00:33:55 +05:00: [WARNING] WhatsApp session expired
2026-02-07 00:34:27 +05:00: [WARNING] WhatsApp session expired
2026-02-07 00:34:59 +05:00: [WARNING] WhatsApp session expired
2026-02-07 00:35:31 +05:00: [WARNING] WhatsApp session expired
2026-02-07 00:36:03 +05:00: [WARNING] WhatsApp session expired
2026-02-07 00:36:35 +05:00: [WARNING] WhatsApp session expired
2026-02-07 00:37:06 +05:00: [WARNING] WhatsApp session expired
2026-02-07 00:37:38 +05:00: [WARNING] WhatsApp session expired
2026-02-07 00:38:10 +05:00: [WARNING] WhatsApp session expired
2026-02-07 00:38:41 +05:00: [WARNING] WhatsApp session expired
2026-02-07 00:39:12 +05:00: [WARNING] WhatsApp session expired
2026-02-07 00:39:44 +05:00: [WARNING] WhatsApp session expired
2026-02-07 00:40:15 +05:00: [WARNING] WhatsApp session expired
2026-02-07 00:40:47 +05:00: [WARNING] WhatsApp session expired
2026-02-07 00:41:18 +05:00: [WARNING] WhatsApp session expired
2026-02-07 00:41:49 +05:00: [WARNING] WhatsApp session expired
2026-02-07 00:42:21 +05:00: [WARNING] WhatsApp session expired
2026-02-07 00:42:52 +05:00: [WARNING] WhatsApp session expired
2026-02-07 00:43:23 +05:00: [WARNING] WhatsApp session expired
2026-02-07 00:43:54 +05:00: [WARNING] WhatsApp session expired
2026-02-07 00:44:25 +05:00: [WARNING] WhatsApp session expired
2026-02-07 00:44:57 +05:00: [WARNING] WhatsApp session expired
2026-02-07 00:45:35 +05:00: [WARNING] WhatsApp session expired
2026-02-07 00:46:10 +05:00: [WARNING] WhatsApp session expired
2026-02-07 00:46:41 +05:00: [WARNING] WhatsApp session expired
2026-02-07 00:47:13 +05:00: [WARNING] WhatsApp session expired
2026-02-07 00:47:43 +05:00: [WARNING] WhatsApp session expired
2026-02-07 00:48:15 +05:00: [WARNING] WhatsApp session expired
2026-02-07 00:48:46 +05:00: [WARNING] WhatsApp session expired
2026-02-07 00:49:18 +05:00: [WARNING] WhatsApp session expired
2026-02-07 00:49:48 +05:00: [WARNING] WhatsApp session expired
2026-02-07 00:50:18 +05:00: [WARNING] WhatsApp session expired
2026-02-07 00:50:51 +05:00: [WARNING] WhatsApp session expired
2026-02-07 00:51:22 +05:00: [WARNING] WhatsApp session expired
2026-02-07 00:51:52 +05:00: [WARNING] WhatsApp session expired
2026-02-07 00:52:23 +05:00: [WARNING] WhatsApp session expired
2026-02-07 00:52:54 +05:00: [WARNING] WhatsApp session expired
2026-02-07 00:53:24 +05:00: [WARNING] WhatsApp session expired
2026-02-07 00:53:55 +05:00: [WARNING] WhatsApp session expired
2026-02-07 00:54:25 +05:00: [WARNING] WhatsApp session expired
2026-02-07 00:54:56 +05:00: [WARNING] WhatsApp session expired
2026-02-07 00:55:28 +05:00: [WARNING] WhatsApp session expired
2026-02-07 00:55:59 +05:00: [WARNING] WhatsApp session expired
2026-02-07 00:56:30 +05:00: [WARNING] WhatsApp session expired
2026-02-07 00:57:01 +05:00: [WARNING] WhatsApp session expired
2026-02-07 00:57:31 +05:00: [WARNING] WhatsApp session expired
2026-02-07 00:58:03 +05:00: [WARNING] WhatsApp session expired
2026-02-07 00:58:34 +05:00: [WARNING] WhatsApp session expired
2026-02-07 00:59:05 +05:00: [WARNING] WhatsApp session expired
2026-02-07 00:59:36 +05:00: [WARNING] WhatsApp session expired
2026-02-07 01:00:07 +05:00: [WARNING] WhatsApp session expired
2026-02-07 01:00:38 +05:00: [WARNING] WhatsApp session expired
2026-02-07 01:01:08 +05:00: [WARNING] WhatsApp session expired
2026-02-07 01:01:39 +05:00: [WARNING] WhatsApp session expired
2026-02-07 01:02:10 +05:00: [WARNING] WhatsApp session expired
2026-02-07 01:02:40 +05:00: [WARNING] WhatsApp session expired
2026-02-07 01:03:11 +05:00: [WARNING] WhatsApp session expired
2026-02-07 01:03:41 +05:00: [WARNING] WhatsApp session expired
2026-02-07 01:04:12 +05:00: [WARNING] WhatsApp session expired
2026-02-07 01:04:43 +05:00: [WARNING] WhatsApp session expired
2026-02-07 01:05:14 +05:00: [WARNING] WhatsApp session expired
2026-02-07 01:05:45 +05:00: [WARNING] WhatsApp session expired
2026-02-07 01:06:15 +05:00: [WARNING] WhatsApp session expired
2026-02-07 01:06:45 +05:00: [WARNING] WhatsApp session expired
2026-02-07 01:07:16 +05:00: [WARNING] WhatsApp session expired
2026-02-07 01:07:47 +05:00: [WARNING] WhatsApp session expired
2026-02-07 01:34:07 +05:00: [WARNING] WhatsApp session expired
2026-02-07 01:34:38 +05:00: [WARNING] WhatsApp session expired
2026-02-07 01:35:08 +05:00: [WARNING] WhatsApp session expired
2026-02-07 01:35:41 +05:00: [WARNING] WhatsApp session expired
2026-02-07 01:36:12 +05:00: [WARNING] WhatsApp session expired
2026-02-07 01:36:43 +05:00: [WARNING] WhatsApp session expired
2026-02-07 01:37:14 +05:00: [WARNING] WhatsApp session expired
2026-02-07 01:37:44 +05:00: [WARNING] WhatsApp session expired
2026-02-07 01:38:14 +05:00: [WARNING] WhatsApp session expired
2026-02-07 01:38:45 +05:00: [WARNING] WhatsApp session expired
2026-02-07 01:39:15 +05:00: [WARNING] WhatsApp session expired
2026-02-07 01:39:53 +05:00: [WARNING] WhatsApp session expired
2026-02-07 01:40:23 +05:00: [WARNING] WhatsApp session expired
2026-02-07 01:41:00 +05:00: [WARNING] WhatsApp session expired
2026-02-07 01:41:34 +05:00: [WARNING] WhatsApp session expired
2026-02-07 01:42:06 +05:00: [WARNING] WhatsApp session expired
2026-02-07 01:42:36 +05:00: [WARNING] WhatsApp session expired
2026-02-07 01:43:07 +05:00: [WARNING] WhatsApp session expired
2026-02-07 01:43:38 +05:00: [WARNING] WhatsApp session expired
2026-02-07 01:44:09 +05:00: [WARNING] WhatsApp session expired
2026-02-07 01:44:40 +05:00: [WARNING] WhatsApp session expired
2026-02-07 01:45:11 +05:00: [WARNING] WhatsApp session expired
2026-02-07 01:45:41 +05:00: [WARNING] WhatsApp session expired
2026-02-07 01:46:12 +05:00: [WARNING] WhatsApp session expired
2026-02-07 01:46:43 +05:00: [WARNING] WhatsApp session expired
2026-02-07 01:47:14 +05:00: [WARNING] WhatsApp session expired
2026-02-07 01:47:49 +05:00: [WARNING] WhatsApp session expired
2026-02-07 01:48:20 +05:00: [WARNING] WhatsApp session expired
2026-02-07 01:48:52 +05:00: [WARNING] WhatsApp session expired
2026-02-07 01:49:24 +05:00: [WARNING] WhatsApp session expired
2026-02-07 01:49:55 +05:00: [WARNING] WhatsApp session expired
2026-02-07 01:50:26 +05:00: [WARNING] WhatsApp session expired
2026-02-07 01:50:57 +05:00: [WARNING] WhatsApp session expired
2026-02-07 01:51:27 +05:00: [WARNING] WhatsApp session expired
2026-02-07 01:51:58 +05:00: [WARNING] WhatsApp session expired
2026-02-07 01:52:30 +05:00: [WARNING] WhatsApp session expired
2026-02-07 01:53:02 +05:00: [WARNING] WhatsApp session expired
2026-02-07 01:53:33 +05:00: [WARNING] WhatsApp session expired
2026-02-07 01:54:04 +05:00: [WARNING] WhatsApp session expired
2026-02-07 01:54:35 +05:00: [WARNING] WhatsApp session expired
2026-02-07 01:55:06 +05:00: [WARNING] WhatsApp session expired
2026-02-07 01:55:37 +05:00: [WARNING] WhatsApp session expired
2026-02-07 01:56:08 +05:00: [WARNING] WhatsApp session expired
2026-02-07 01:56:39 +05:00: [WARNING] WhatsApp session expired
2026-02-07 01:57:11 +05:00: [WARNING] WhatsApp session expired
2026-02-07 01:57:43 +05:00: [WARNING] WhatsApp session expired
2026-02-07 01:58:13 +05:00: [WARNING] WhatsApp session expired
2026-02-07 01:58:44 +05:00: [WARNING] WhatsApp session expired
2026-02-07 01:59:14 +05:00: [WARNING] WhatsApp session expired
2026-02-07 01:59:45 +05:00: [WARNING] WhatsApp session expired
2026-02-07 02:00:20 +05:00: [WARNING] WhatsApp session expired
2026-02-07 02:00:50 +05:00: [WARNING] WhatsApp session expired
2026-02-07 02:01:21 +05:00: [WARNING] WhatsApp session expired
2026-02-07 02:02:00 +05:00: [WARNING] WhatsApp session expired
2026-02-07 02:02:31 +05:00: [WARNING] WhatsApp session expired
2026-02-07 02:03:02 +05:00: [WARNING] WhatsApp session expired
2026-02-07 02:03:32 +05:00: [WARNING] WhatsApp session expired
2026-02-07 02:04:04 +05:00: [WARNING] WhatsApp session expired
2026-02-07 02:04:35 +05:00: [WARNING] WhatsApp session expired
2026-02-07 02:05:05 +05:00: [WARNING] WhatsApp session expired
2026-02-07 02:05:36 +05:00: [WARNING] WhatsApp session expired
2026-02-07 02:06:08 +05:00: [WARNING] WhatsApp session expired
2026-02-07 02:06:39 +05:00: [WARNING] WhatsApp session expired
2026-02-07 02:07:16 +05:00: [WARNING] WhatsApp session expired
2026-02-07 02:07:47 +05:00: [WARNING] WhatsApp session expired
2026-02-07 02:08:18 +05:00: [WARNING] WhatsApp session expired
2026-02-07 02:08:50 +05:00: [WARNING] WhatsApp session expired
2026-02-07 02:09:21 +05:00: [WARNING] WhatsApp session expired
2026-02-07 02:09:52 +05:00: [WARNING] WhatsApp session expired
2026-02-07 02:10:24 +05:00: [WARNING] WhatsApp session expired
2026-02-07 02:10:57 +05:00: [WARNING] WhatsApp session expired
2026-02-07 02:11:28 +05:00: [WARNING] WhatsApp session expired
2026-02-07 02:11:58 +05:00: [WARNING] WhatsApp session expired
2026-02-07 02:12:30 +05:00: [WARNING] WhatsApp session expired
2026-02-07 02:13:02 +05:00: [WARNING] WhatsApp session expired
2026-02-07 02:13:34 +05:00: [WARNING] WhatsApp session expired
2026-02-07 02:14:06 +05:00: [WARNING] WhatsApp session expired
2026-02-07 02:14:36 +05:00: [WARNING] WhatsApp session expired
2026-02-07 02:15:06 +05:00: [WARNING] WhatsApp session expired
2026-02-07 02:15:37 +05:00: [WARNING] WhatsApp session expired
2026-02-07 02:16:09 +05:00: [WARNING] WhatsApp session expired
2026-02-07 02:16:39 +05:00: [WARNING] WhatsApp session expired
2026-02-07 02:17:09 +05:00: [WARNING] WhatsApp session expired
2026-02-07 02:17:40 +05:00: [WARNING] WhatsApp session expired
2026-02-07 02:18:10 +05:00: [WARNING] WhatsApp session expired
2026-02-07 02:18:41 +05:00: [WARNING] WhatsApp session expired
2026-02-07 02:19:11 +05:00: [WARNING] WhatsApp session expired
2026-02-07 02:19:42 +05:00: [WARNING] WhatsApp session expired
2026-02-07 02:20:12 +05:00: [WARNING] WhatsApp session expired
2026-02-07 02:20:42 +05:00: [WARNING] WhatsApp session expired
2026-02-07 02:21:13 +05:00: [WARNING] WhatsApp session expired
2026-02-07 02:21:43 +05:00: [WARNING] WhatsApp session expired
2026-02-07 02:22:13 +05:00: [WARNING] WhatsApp session expired
2026-02-07 02:22:43 +05:00: [WARNING] WhatsApp session expired
2026-02-07 02:23:13 +05:00: [WARNING] WhatsApp session expired
2026-02-07 02:23:43 +05:00: [WARNING] WhatsApp session expired
2026-02-07 02:24:13 +05:00: [WARNING] WhatsApp session expired
2026-02-07 02:24:44 +05:00: [WARNING] WhatsApp session expired
2026-02-07 02:25:14 +05:00: [WARNING] WhatsApp session expired
2026-02-07 02:25:44 +05:00: [WARNING] WhatsApp session expired
2026-02-07 02:26:14 +05:00: [WARNING] WhatsApp session expired
2026-02-07 02:26:44 +05:00: [WARNING] WhatsApp session expired
2026-02-07 02:27:14 +05:00: [WARNING] WhatsApp session expired
2026-02-07 02:27:44 +05:00: [WARNING] WhatsApp session expired
2026-02-07 02:28:14 +05:00: [WARNING] WhatsApp session expired
2026-02-07 02:28:45 +05:00: [WARNING] WhatsApp session expired
2026-02-07 02:29:15 +05:00: [WARNING] WhatsApp session expired
2026-02-07 02:29:45 +05:00: [WARNING] WhatsApp session expired
2026-02-07 02:30:15 +05:00: [WARNING] WhatsApp session expired
2026-02-07 02:30:46 +05:00: [WARNING] WhatsApp session expired
2026-02-07 02:31:16 +05:00: [WARNING] WhatsApp session expired
2026-02-07 02:31:47 +05:00: [WARNING] WhatsApp session expired
2026-02-07 02:32:18 +05:00: [WARNING] WhatsApp session expired
2026-02-07 02:32:48 +05:00: [WARNING] WhatsApp session expired
2026-02-07 02:33:18 +05:00: [WARNING] WhatsApp session expired
2026-02-07 02:33:48 +05:00: [WARNING] WhatsApp session expired
2026-02-07 02:34:18 +05:00: [WARNING] WhatsApp session expired
2026-02-07 02:34:48 +05:00: [WARNING] WhatsApp session expired
2026-02-07 02:35:22 +05:00: [WARNING] WhatsApp session expired
2026-02-07 02:35:52 +05:00: [WARNING] WhatsApp session expired
2026-02-07 02:36:27 +05:00: [WARNING] WhatsApp session expired
2026-02-07 02:36:58 +05:00: [WARNING] WhatsApp session expired
2026-02-07 02:37:28 +05:00: [WARNING] WhatsApp session expired
2026-02-07 02:37:58 +05:00: [WARNING] WhatsApp session expired
2026-02-07 02:38:29 +05:00: [WARNING] WhatsApp session expired
2026-02-07 02:38:59 +05:00: [WARNING] WhatsApp session expired
2026-02-07 02:39:29 +05:00: [WARNING] WhatsApp session expired
2026-02-07 02:40:00 +05:00: [WARNING] WhatsApp session expired
2026-02-07 02:40:30 +05:00: [WARNING] WhatsApp session expired
2026-02-07 02:41:00 +05:00: [WARNING] WhatsApp session expired
2026-02-07 10:29:41 +05:00: [WARNING] WhatsApp session expired
2026-02-07 10:30:14 +05:00: [WARNING] WhatsApp session expired
2026-02-07 10:30:47 +05:00: [WARNING] WhatsApp session expired
2026-02-07 10:31:18 +05:00: [WARNING] WhatsApp session expired
2026-02-07 10:31:50 +05:00: [WARNING] WhatsApp session expired
2026-02-07 10:32:23 +05:00: [WARNING] WhatsApp session expired
2026-02-07 10:32:55 +05:00: [WARNING] WhatsApp session expired
2026-02-07 10:33:26 +05:00: [WARNING] WhatsApp session expired
2026-02-07 10:33:59 +05:00: [WARNING] WhatsApp session expired
2026-02-07 10:34:32 +05:00: [WARNING] WhatsApp session expired
2026-02-07 10:35:05 +05:00: [WARNING] WhatsApp session expired
2026-02-07 10:35:38 +05:00: [WARNING] WhatsApp session expired
2026-02-07 10:36:10 +05:00: [WARNING] WhatsApp session expired
2026-02-07 10:36:46 +05:00: [WARNING] WhatsApp session expired
2026-02-07 10:37:17 +05:00: [WARNING] WhatsApp session expired
2026-02-07 10:37:48 +05:00: [WARNING] WhatsApp session expired
2026-02-07 10:38:19 +05:00: [WARNING] WhatsApp session expired
2026-02-07 10:38:50 +05:00: [WARNING] WhatsApp session expired
2026-02-07 10:39:21 +05:00: [WARNING] WhatsApp session expired
2026-02-07 10:39:52 +05:00: [WARNING] WhatsApp session expired
2026-02-07 10:40:22 +05:00: [WARNING] WhatsApp session expired
2026-02-07 10:40:53 +05:00: [WARNING] WhatsApp session expired
2026-02-07 10:41:24 +05:00: [WARNING] WhatsApp session expired
2026-02-07 10:41:57 +05:00: [WARNING] WhatsApp session expired
2026-02-07 10:42:31 +05:00: [WARNING] WhatsApp session expired
2026-02-07 10:43:03 +05:00: [WARNING] WhatsApp session expired
2026-02-07 10:43:34 +05:00: [WARNING] WhatsApp session expired
2026-02-07 10:44:06 +05:00: [WARNING] WhatsApp session expired
2026-02-07 10:44:37 +05:00: [WARNING] WhatsApp session expired
2026-02-07 10:45:08 +05:00: [WARNING] WhatsApp session expired
2026-02-07 10:45:40 +05:00: [WARNING] WhatsApp session expired
2026-02-07 10:46:11 +05:00: [WARNING] WhatsApp session expired
2026-02-07 10:46:42 +05:00: [WARNING] WhatsApp session expired
2026-02-07 10:47:12 +05:00: [WARNING] WhatsApp session expired
2026-02-07 10:47:43 +05:00: [WARNING] WhatsApp session expired
2026-02-07 10:48:14 +05:00: [WARNING] WhatsApp session expired
2026-02-07 10:48:45 +05:00: [WARNING] WhatsApp session expired
2026-02-07 10:49:15 +05:00: [WARNING] WhatsApp session expired
2026-02-07 10:49:46 +05:00: [WARNING] WhatsApp session expired
2026-02-07 10:50:18 +05:00: [WARNING] WhatsApp session expired
2026-02-07 10:50:52 +05:00: [WARNING] WhatsApp session expired
2026-02-07 10:51:23 +05:00: [WARNING] WhatsApp session expired
2026-02-07 10:51:54 +05:00: [WARNING] WhatsApp session expired
2026-02-07 10:52:26 +05:00: [WARNING] WhatsApp session expired
2026-02-07 10:52:58 +05:00: [WARNING] WhatsApp session expired
2026-02-07 10:53:31 +05:00: [WARNING] WhatsApp session expired
2026-02-07 10:54:02 +05:00: [WARNING] WhatsApp session expired
2026-02-07 10:54:33 +05:00: [WARNING] WhatsApp session expired
2026-02-07 10:55:04 +05:00: [WARNING] WhatsApp session expired
2026-02-07 10:55:36 +05:00: [WARNING] WhatsApp session expired
2026-02-07 10:56:09 +05:00: [WARNING] WhatsApp session expired
2026-02-07 10:56:40 +05:00: [WARNING] WhatsApp session expired
2026-02-07 10:57:11 +05:00: [WARNING] WhatsApp session expired
2026-02-07 10:57:42 +05:00: [WARNING] WhatsApp session expired
2026-02-07 10:58:13 +05:00: [WARNING] WhatsApp session expired
2026-02-07 10:58:44 +05:00: [WARNING] WhatsApp session expired
2026-02-07 10:59:14 +05:00: [WARNING] WhatsApp session expired
2026-02-07 10:59:47 +05:00: [WARNING] WhatsApp session expired
2026-02-07 11:00:17 +05:00: [WARNING] WhatsApp session expired
2026-02-07 11:00:50 +05:00: [WARNING] WhatsApp session expired
2026-02-07 11:01:22 +05:00: [WARNING] WhatsApp session expired
2026-02-07 11:01:54 +05:00: [WARNING] WhatsApp session expired
2026-02-07 11:02:27 +05:00: [WARNING] WhatsApp session expired
2026-02-07 11:02:58 +05:00: [WARNING] WhatsApp session expired
2026-02-07 11:03:29 +05:00: [WARNING] WhatsApp session expired
2026-02-07 11:04:00 +05:00: [WARNING] WhatsApp session expired
2026-02-07 11:04:31 +05:00: [WARNING] WhatsApp session expired
2026-02-07 11:05:01 +05:00: [WARNING] WhatsApp session expired
2026-02-07 11:05:31 +05:00: [WARNING] WhatsApp session expired
2026-02-07 11:06:02 +05:00: [WARNING] WhatsApp session expired
2026-02-07 11:06:34 +05:00: [WARNING] WhatsApp session expired
2026-02-07 11:07:04 +05:00: [WARNING] WhatsApp session expired
2026-02-07 11:07:35 +05:00: [WARNING] WhatsApp session expired
2026-02-07 11:08:06 +05:00: [WARNING] WhatsApp session expired
2026-02-07 11:08:37 +05:00: [WARNING] WhatsApp session expired
2026-02-07 11:09:08 +05:00: [WARNING] WhatsApp session expired
2026-02-07 11:09:39 +05:00: [WARNING] WhatsApp session expired
2026-02-07 11:10:09 +05:00: [WARNING] WhatsApp session expired
2026-02-07 11:10:40 +05:00: [WARNING] WhatsApp session expired
2026-02-07 11:11:14 +05:00: [WARNING] WhatsApp session expired
2026-02-07 11:11:47 +05:00: [WARNING] WhatsApp session expired
2026-02-07 11:12:23 +05:00: [WARNING] WhatsApp session expired
2026-02-07 11:12:54 +05:00: [WARNING] WhatsApp session expired
2026-02-07 11:13:25 +05:00: [WARNING] WhatsApp session expired
2026-02-07 11:13:56 +05:00: [WARNING] WhatsApp session expired
2026-02-07 11:14:27 +05:00: [WARNING] WhatsApp session expired
2026-02-07 11:15:01 +05:00: [WARNING] WhatsApp session expired
2026-02-07 11:15:31 +05:00: [WARNING] WhatsApp session expired
2026-02-07 11:16:02 +05:00: [WARNING] WhatsApp session expired
2026-02-07 11:16:32 +05:00: [WARNING] WhatsApp session expired
2026-02-07 11:17:02 +05:00: [WARNING] WhatsApp session expired
2026-02-07 11:17:33 +05:00: [WARNING] WhatsApp session expired
2026-02-07 11:18:03 +05:00: [WARNING] WhatsApp session expired
2026-02-07 11:18:33 +05:00: [WARNING] WhatsApp session expired
2026-02-07 11:19:04 +05:00: [WARNING] WhatsApp session expired
2026-02-07 11:19:35 +05:00: [WARNING] WhatsApp session expired
2026-02-07 11:20:05 +05:00: [WARNING] WhatsApp session expired
2026-02-07 11:20:35 +05:00: [WARNING] WhatsApp session expired
2026-02-07 11:21:06 +05:00: [WARNING] WhatsApp session expired
2026-02-07 11:21:36 +05:00: [WARNING] WhatsApp session expired
2026-02-07 11:22:06 +05:00: [WARNING] WhatsApp session expired
2026-02-07 11:22:36 +05:00: [WARNING] WhatsApp session expired
2026-02-07 11:23:07 +05:00: [WARNING] WhatsApp session expired
2026-02-07 11:23:37 +05:00: [WARNING] WhatsApp session expired
2026-02-07 11:24:07 +05:00: [WARNING] WhatsApp session expired
2026-02-07 11:24:38 +05:00: [WARNING] WhatsApp session expired
2026-02-07 11:25:08 +05:00: [WARNING] WhatsApp session expired
2026-02-07 11:25:39 +05:00: [WARNING] WhatsApp session expired
2026-02-07 11:26:09 +05:00: [WARNING] WhatsApp session expired
2026-02-07 11:26:46 +05:00: [WARNING] WhatsApp session expired
2026-02-07 11:27:18 +05:00: [WARNING] WhatsApp session expired
2026-02-07 11:27:48 +05:00: [WARNING] WhatsApp session expired
2026-02-07 11:28:18 +05:00: [WARNING] WhatsApp session expired
2026-02-07 11:28:49 +05:00: [WARNING] WhatsApp session expired
2026-02-07 11:29:19 +05:00: [WARNING] WhatsApp session expired
2026-02-07 11:29:49 +05:00: [WARNING] WhatsApp session expired
2026-02-07 11:30:19 +05:00: [WARNING] WhatsApp session expired
2026-02-07 11:30:49 +05:00: [WARNING] WhatsApp session expired
2026-02-07 11:31:20 +05:00: [WARNING] WhatsApp session expired
2026-02-07 11:31:50 +05:00: [WARNING] WhatsApp session expired
2026-02-07 11:32:20 +05:00: [WARNING] WhatsApp session expired
2026-02-07 11:32:51 +05:00: [WARNING] WhatsApp session expired
2026-02-07 11:33:22 +05:00: [WARNING] WhatsApp session expired
2026-02-07 11:33:53 +05:00: [WARNING] WhatsApp session expired
2026-02-07 11:34:24 +05:00: [WARNING] WhatsApp session expired
2026-02-07 11:34:54 +05:00: [WARNING] WhatsApp session expired
2026-02-07 11:35:24 +05:00: [WARNING] WhatsApp session expired
2026-02-07 11:35:54 +05:00: [WARNING] WhatsApp session expired
2026-02-07 11:36:24 +05:00: [WARNING] WhatsApp session expired
2026-02-07 11:36:54 +05:00: [WARNING] WhatsApp session expired
2026-02-07 11:37:25 +05:00: [WARNING] WhatsApp session expired
2026-02-07 11:37:55 +05:00: [WARNING] WhatsApp session expired
2026-02-07 11:38:25 +05:00: [WARNING] WhatsApp session expired
2026-02-07 11:38:55 +05:00: [WARNING] WhatsApp session expired
2026-02-07 11:39:26 +05:00: [WARNING] WhatsApp session expired
2026-02-07 11:39:57 +05:00: [WARNING] WhatsApp session expired
2026-02-07 11:40:28 +05:00: [WARNING] WhatsApp session expired
2026-02-07 11:40:58 +05:00: [WARNING] WhatsApp session expired
2026-02-07 11:41:28 +05:00: [WARNING] WhatsApp session expired
2026-02-07 11:41:58 +05:00: [WARNING] WhatsApp session expired
2026-02-07 11:42:28 +05:00: [WARNING] WhatsApp session expired
2026-02-07 11:42:59 +05:00: [WARNING] WhatsApp session expired
2026-02-07 11:43:29 +05:00: [WARNING] WhatsApp session expired
2026-02-07 11:43:59 +05:00: [WARNING] WhatsApp session expired
2026-02-07 11:44:29 +05:00: [WARNING] WhatsApp session expired
2026-02-07 11:44:59 +05:00: [WARNING] WhatsApp session expired
2026-02-07 11:45:29 +05:00: [WARNING] WhatsApp session expired
2026-02-07 11:46:00 +05:00: [WARNING] WhatsApp session expired
2026-02-07 11:46:34 +05:00: [WARNING] WhatsApp session expired
2026-02-07 11:47:07 +05:00: [WARNING] WhatsApp session expired
2026-02-07 11:47:41 +05:00: [WARNING] WhatsApp session expired
2026-02-07 11:48:18 +05:00: [WARNING] WhatsApp session expired
2026-02-07 11:48:49 +05:00: [WARNING] WhatsApp session expired
2026-02-07 11:49:19 +05:00: [WARNING] WhatsApp session expired
2026-02-07 11:49:49 +05:00: [WARNING] WhatsApp session expired
2026-02-07 11:50:20 +05:00: [WARNING] WhatsApp session expired
2026-02-07 11:50:51 +05:00: [WARNING] WhatsApp session expired
2026-02-07 11:51:25 +05:00: [WARNING] WhatsApp session expired
2026-02-07 11:51:56 +05:00: [WARNING] WhatsApp session expired
2026-02-07 11:52:26 +05:00: [WARNING] WhatsApp session expired
2026-02-07 11:52:57 +05:00: [WARNING] WhatsApp session expired
2026-02-07 11:53:27 +05:00: [WARNING] WhatsApp session expired
2026-02-07 11:53:58 +05:00: [WARNING] WhatsApp session expired
2026-02-07 11:54:28 +05:00: [WARNING] WhatsApp session expired
2026-02-07 11:54:58 +05:00: [WARNING] WhatsApp session expired
2026-02-07 11:55:29 +05:00: [WARNING] WhatsApp session expired
2026-02-07 11:56:00 +05:00: [WARNING] WhatsApp session expired
2026-02-07 11:56:30 +05:00: [WARNING] WhatsApp session expired
2026-02-07 11:57:00 +05:00: [WARNING] WhatsApp session expired
2026-02-07 11:57:30 +05:00: [WARNING] WhatsApp session expired
2026-02-07 11:58:04 +05:00: [WARNING] WhatsApp session expired
2026-02-07 11:58:35 +05:00: [WARNING] WhatsApp session expired
2026-02-07 11:59:08 +05:00: [WARNING] WhatsApp session expired
2026-02-07 11:59:38 +05:00: [WARNING] WhatsApp session expired
2026-02-07 12:00:08 +05:00: [WARNING] WhatsApp session expired
2026-02-07 12:00:41 +05:00: [WARNING] WhatsApp session expired
2026-02-07 12:01:15 +05:00: [WARNING] WhatsApp session expired
2026-02-07 12:01:49 +05:00: [WARNING] WhatsApp session expired
2026-02-07 12:02:20 +05:00: [WARNING] WhatsApp session expired
2026-02-07 12:02:51 +05:00: [WARNING] WhatsApp session expired
2026-02-07 12:03:24 +05:00: [WARNING] WhatsApp session expired
2026-02-07 12:04:00 +05:00: [WARNING] WhatsApp session expired
2026-02-07 12:04:34 +05:00: [WARNING] WhatsApp session expired
2026-02-07 12:05:08 +05:00: [WARNING] WhatsApp session expired
2026-02-07 12:05:39 +05:00: [WARNING] WhatsApp session expired
2026-02-07 12:06:13 +05:00: [WARNING] WhatsApp session expired
2026-02-07 12:06:45 +05:00: [WARNING] WhatsApp session expired
2026-02-07 12:07:18 +05:00: [WARNING] WhatsApp session expired
2026-02-07 12:07:49 +05:00: [WARNING] WhatsApp session expired
2026-02-07 13:21:56 +05:00: [WARNING] WhatsApp session expired
2026-02-07 13:22:36 +05:00: [WARNING] WhatsApp session expired
2026-02-07 13:23:11 +05:00: [WARNING] WhatsApp session expired
2026-02-07 13:23:41 +05:00: [WARNING] WhatsApp session expired
2026-02-07 13:24:12 +05:00: [WARNING] WhatsApp session expired
2026-02-07 13:24:48 +05:00: [WARNING] WhatsApp session expired
2026-02-07 13:25:20 +05:00: [WARNING] WhatsApp session expired
2026-02-07 13:25:52 +05:00: [WARNING] WhatsApp session expired
2026-02-07 13:26:26 +05:00: [WARNING] WhatsApp session expired
2026-02-07 13:27:03 +05:00: [WARNING] WhatsApp session expired
2026-02-07 13:27:33 +05:00: [WARNING] WhatsApp session expired
2026-02-07 13:28:04 +05:00: [WARNING] WhatsApp session expired
2026-02-07 13:28:36 +05:00: [WARNING] WhatsApp session expired
2026-02-07 13:29:08 +05:00: [WARNING] WhatsApp session expired
2026-02-07 13:29:39 +05:00: [WARNING] WhatsApp session expired
2026-02-07 13:30:10 +05:00: [WARNING] WhatsApp session expired
2026-02-07 13:30:41 +05:00: [WARNING] WhatsApp session expired
2026-02-07 13:31:11 +05:00: [WARNING] WhatsApp session expired
2026-02-07 13:31:42 +05:00: [WARNING] WhatsApp session expired
2026-02-07 13:32:12 +05:00: [WARNING] WhatsApp session expired
2026-02-07 13:32:44 +05:00: [WARNING] WhatsApp session expired
2026-02-07 13:33:14 +05:00: [WARNING] WhatsApp session expired
2026-02-07 13:33:45 +05:00: [WARNING] WhatsApp session expired
2026-02-07 13:34:15 +05:00: [WARNING] WhatsApp session expired
2026-02-07 13:34:45 +05:00: [WARNING] WhatsApp session expired
2026-02-07 13:35:16 +05:00: [WARNING] WhatsApp session expired
2026-02-07 13:35:46 +05:00: [WARNING] WhatsApp session expired
2026-02-07 13:36:17 +05:00: [WARNING] WhatsApp session expired
2026-02-07 13:36:48 +05:00: [WARNING] WhatsApp session expired
2026-02-07 13:37:18 +05:00: [WARNING] WhatsApp session expired
2026-02-07 13:37:48 +05:00: [WARNING] WhatsApp session expired
2026-02-07 13:38:19 +05:00: [WARNING] WhatsApp session expired
2026-02-07 13:38:50 +05:00: [WARNING] WhatsApp session expired
2026-02-07 13:39:22 +05:00: [WARNING] WhatsApp session expired
2026-02-07 13:39:55 +05:00: [WARNING] WhatsApp session expired
2026-02-07 13:40:25 +05:00: [WARNING] WhatsApp session expired
2026-02-07 13:40:55 +05:00: [WARNING] WhatsApp session expired
2026-02-07 13:41:25 +05:00: [WARNING] WhatsApp session expired
2026-02-07 13:41:55 +05:00: [WARNING] WhatsApp session expired
2026-02-07 13:42:26 +05:00: [WARNING] WhatsApp session expired
2026-02-07 13:42:57 +05:00: [WARNING] WhatsApp session expired
2026-02-07 13:43:27 +05:00: [WARNING] WhatsApp session expired
2026-02-07 13:43:58 +05:00: [WARNING] WhatsApp session expired
2026-02-07 13:44:28 +05:00: [WARNING] WhatsApp session expired
2026-02-07 13:44:59 +05:00: [WARNING] WhatsApp session expired
2026-02-07 13:45:31 +05:00: [WARNING] WhatsApp session expired
2026-02-07 13:46:02 +05:00: [WARNING] WhatsApp session expired
2026-02-07 13:46:32 +05:00: [WARNING] WhatsApp session expired
2026-02-07 13:47:02 +05:00: [WARNING] WhatsApp session expired
2026-02-07 13:47:32 +05:00: [WARNING] WhatsApp session expired
2026-02-07 13:48:03 +05:00: [WARNING] WhatsApp session expired
2026-02-07 13:48:33 +05:00: [WARNING] WhatsApp session expired
2026-02-07 13:49:04 +05:00: [WARNING] WhatsApp session expired
2026-02-07 13:49:35 +05:00: [WARNING] WhatsApp session expired
2026-02-07 13:50:05 +05:00: [WARNING] WhatsApp session expired
2026-02-07 13:50:35 +05:00: [WARNING] WhatsApp session expired
2026-02-07 13:51:06 +05:00: [WARNING] WhatsApp session expired
2026-02-07 13:51:39 +05:00: [WARNING] WhatsApp session expired
2026-02-07 13:52:12 +05:00: [WARNING] WhatsApp session expired
2026-02-07 13:52:45 +05:00: [WARNING] WhatsApp session expired
2026-02-07 13:53:15 +05:00: [WARNING] WhatsApp session expired
2026-02-07 13:53:46 +05:00: [WARNING] WhatsApp session expired
2026-02-07 13:54:17 +05:00: [WARNING] WhatsApp session expired
2026-02-07 13:54:47 +05:00: [WARNING] WhatsApp session expired
2026-02-07 13:55:17 +05:00: [WARNING] WhatsApp session expired
2026-02-07 13:55:47 +05:00: [WARNING] WhatsApp session expired
2026-02-07 13:56:18 +05:00: [WARNING] WhatsApp session expired
2026-02-07 13:56:48 +05:00: [WARNING] WhatsApp session expired
2026-02-07 13:57:18 +05:00: [WARNING] WhatsApp session expired
2026-02-07 13:57:50 +05:00: [WARNING] WhatsApp session expired
2026-02-07 13:58:20 +05:00: [WARNING] WhatsApp session expired
2026-02-07 13:58:52 +05:00: [WARNING] WhatsApp session expired
2026-02-07 13:59:28 +05:00: [WARNING] WhatsApp session expired
2026-02-07 13:59:59 +05:00: [WARNING] WhatsApp session expired
2026-02-07 14:00:29 +05:00: [WARNING] WhatsApp session expired
2026-02-07 14:01:01 +05:00: [WARNING] WhatsApp session expired
2026-02-07 14:01:31 +05:00: [WARNING] WhatsApp session expired
2026-02-07 14:02:02 +05:00: [WARNING] WhatsApp session expired
2026-02-07 14:02:32 +05:00: [WARNING] WhatsApp session expired
2026-02-07 14:03:02 +05:00: [WARNING] WhatsApp session expired
2026-02-07 14:03:32 +05:00: [WARNING] WhatsApp session expired
2026-02-07 14:04:03 +05:00: [WARNING] WhatsApp session expired
2026-02-07 14:04:35 +05:00: [WARNING] WhatsApp session expired
2026-02-07 14:05:11 +05:00: [WARNING] WhatsApp session expired
2026-02-07 14:05:42 +05:00: [WARNING] WhatsApp session expired
2026-02-07 14:06:13 +05:00: [WARNING] WhatsApp session expired
2026-02-07 14:06:43 +05:00: [WARNING] WhatsApp session expired
2026-02-07 14:07:14 +05:00: [WARNING] WhatsApp session expired
2026-02-07 14:07:44 +05:00: [WARNING] WhatsApp session expired
2026-02-07 14:08:16 +05:00: [WARNING] WhatsApp session expired
2026-02-07 14:08:46 +05:00: [WARNING] WhatsApp session expired
2026-02-07 14:09:16 +05:00: [WARNING] WhatsApp session expired
2026-02-07 14:09:47 +05:00: [WARNING] WhatsApp session expired
2026-02-07 14:10:17 +05:00: [WARNING] WhatsApp session expired
2026-02-07 14:10:48 +05:00: [WARNING] WhatsApp session expired
2026-02-07 14:11:18 +05:00: [WARNING] WhatsApp session expired
2026-02-07 14:11:51 +05:00: [WARNING] WhatsApp session expired
2026-02-07 14:12:24 +05:00: [WARNING] WhatsApp session expired
2026-02-07 14:12:57 +05:00: [WARNING] WhatsApp session expired
2026-02-07 14:13:28 +05:00: [WARNING] WhatsApp session expired
2026-02-07 14:14:00 +05:00: [WARNING] WhatsApp session expired
2026-02-07 14:14:30 +05:00: [WARNING] WhatsApp session expired
2026-02-07 14:15:01 +05:00: [WARNING] WhatsApp session expired
2026-02-07 14:15:31 +05:00: [WARNING] WhatsApp session expired
2026-02-07 14:16:01 +05:00: [WARNING] WhatsApp session expired
2026-02-07 14:16:31 +05:00: [WARNING] WhatsApp session expired
2026-02-07 14:17:01 +05:00: [WARNING] WhatsApp session expired
2026-02-07 14:17:32 +05:00: [WARNING] WhatsApp session expired
2026-02-07 14:18:02 +05:00: [WARNING] WhatsApp session expired
2026-02-07 14:18:33 +05:00: [WARNING] WhatsApp session expired
2026-02-07 14:19:05 +05:00: [WARNING] WhatsApp session expired
2026-02-07 14:19:36 +05:00: [WARNING] WhatsApp session expired
2026-02-07 14:20:06 +05:00: [WARNING] WhatsApp session expired
2026-02-07 14:20:36 +05:00: [WARNING] WhatsApp session expired
2026-02-07 14:21:07 +05:00: [WARNING] WhatsApp session expired
2026-02-07 14:21:38 +05:00: [WARNING] WhatsApp session expired
2026-02-07 14:22:08 +05:00: [WARNING] WhatsApp session expired
2026-02-07 14:22:38 +05:00: [WARNING] WhatsApp session expired
2026-02-07 14:23:08 +05:00: [WARNING] WhatsApp session expired
2026-02-07 14:23:39 +05:00: [WARNING] WhatsApp session expired
2026-02-07 14:24:09 +05:00: [WARNING] WhatsApp session expired
2026-02-07 14:24:39 +05:00: [WARNING] WhatsApp session expired
2026-02-07 14:25:10 +05:00: [WARNING] WhatsApp session expired
2026-02-07 14:25:42 +05:00: [WARNING] WhatsApp session expired
2026-02-07 14:26:12 +05:00: [WARNING] WhatsApp session expired
2026-02-07 14:26:42 +05:00: [WARNING] WhatsApp session expired
2026-02-07 14:27:13 +05:00: [WARNING] WhatsApp session expired
2026-02-07 14:27:43 +05:00: [WARNING] WhatsApp session expired
2026-02-07 14:28:13 +05:00: [WARNING] WhatsApp session expired
2026-02-07 14:28:44 +05:00: [WARNING] WhatsApp session expired
2026-02-07 14:29:14 +05:00: [WARNING] WhatsApp session expired
2026-02-07 14:29:44 +05:00: [WARNING] WhatsApp session expired
2026-02-07 14:30:15 +05:00: [WARNING] WhatsApp session expired
2026-02-07 14:30:45 +05:00: [WARNING] WhatsApp session expired
2026-02-07 14:31:16 +05:00: [WARNING] WhatsApp session expired
2026-02-07 14:31:47 +05:00: [WARNING] WhatsApp session expired
2026-02-07 14:32:17 +05:00: [WARNING] WhatsApp session expired
2026-02-07 14:32:47 +05:00: [WARNING] WhatsApp session expired
2026-02-07 14:33:18 +05:00: [WARNING] WhatsApp session expired
2026-02-07 14:33:48 +05:00: [WARNING] WhatsApp session expired
2026-02-07 14:34:18 +05:00: [WARNING] WhatsApp session expired
2026-02-07 14:34:48 +05:00: [WARNING] WhatsApp session expired
2026-02-07 14:35:18 +05:00: [WARNING] WhatsApp session expired
2026-02-07 14:35:49 +05:00: [WARNING] WhatsApp session expired
2026-02-07 14:36:19 +05:00: [WARNING] WhatsApp session expired
2026-02-07 14:36:49 +05:00: [WARNING] WhatsApp session expired
2026-02-07 14:37:20 +05:00: [WARNING] WhatsApp session expired
2026-02-07 14:37:52 +05:00: [WARNING] WhatsApp session expired
2026-02-07 14:38:22 +05:00: [WARNING] WhatsApp session expired
2026-02-07 14:38:53 +05:00: [WARNING] WhatsApp session expired
2026-02-07 14:39:23 +05:00: [WARNING] WhatsApp session expired
2026-02-07 14:39:53 +05:00: [WARNING] WhatsApp session expired
2026-02-07 14:40:23 +05:00: [WARNING] WhatsApp session expired
2026-02-07 14:40:53 +05:00: [WARNING] WhatsApp session expired
2026-02-07 14:41:23 +05:00: [WARNING] WhatsApp session expired
2026-02-07 14:41:53 +05:00: [WARNING] WhatsApp session expired
2026-02-07 14:42:24 +05:00: [WARNING] WhatsApp session expired
2026-02-07 14:42:54 +05:00: [WARNING] WhatsApp session expired
2026-02-07 14:43:25 +05:00: [WARNING] WhatsApp session expired
2026-02-07 14:43:55 +05:00: [WARNING] WhatsApp session expired
2026-02-07 14:44:26 +05:00: [WARNING] WhatsApp session expired
2026-02-07 14:44:57 +05:00: [WARNING] WhatsApp session expired
2026-02-07 14:45:27 +05:00: [WARNING] WhatsApp session expired
2026-02-08 02:02:22 +05:00: [WARNING] WhatsApp session expired
2026-02-08 02:03:03 +05:00: [WARNING] WhatsApp session expired
2026-02-08 02:03:41 +05:00: [WARNING] WhatsApp session expired
2026-02-08 02:04:49 +05:00: [WARNING] WhatsApp session expired
2026-02-08 02:05:21 +05:00: [WARNING] WhatsApp session expired
2026-02-08 02:06:07 +05:00: [WARNING] WhatsApp session expired
2026-02-08 02:06:49 +05:00: [WARNING] WhatsApp session expired
2026-02-08 02:07:23 +05:00: [WARNING] WhatsApp session expired
2026-02-08 02:07:55 +05:00: [WARNING] WhatsApp session expired
2026-02-08 02:08:27 +05:00: [WARNING] WhatsApp session expired
2026-02-08 02:08:58 +05:00: [WARNING] WhatsApp session expired
2026-02-08 02:09:31 +05:00: [WARNING] WhatsApp session expired
2026-02-08 02:10:02 +05:00: [WARNING] WhatsApp session expired
2026-02-08 02:10:34 +05:00: [WARNING] WhatsApp session expired
2026-02-08 02:11:06 +05:00: [WARNING] WhatsApp session expired
2026-02-08 02:11:36 +05:00: [WARNING] WhatsApp session expired
2026-02-08 02:12:07 +05:00: [WARNING] WhatsApp session expired
2026-02-08 02:12:38 +05:00: [WARNING] WhatsApp session expired
2026-02-08 02:13:29 +05:00: [WARNING] WhatsApp session expired
2026-02-08 02:13:59 +05:00: [WARNING] WhatsApp session expired
2026-02-08 02:14:30 +05:00: [WARNING] WhatsApp session expired
2026-02-08 02:15:01 +05:00: [WARNING] WhatsApp session expired
2026-02-08 02:15:32 +05:00: [WARNING] WhatsApp session expired
2026-02-08 02:16:05 +05:00: [WARNING] WhatsApp session expired
2026-02-08 02:16:36 +05:00: [WARNING] WhatsApp session expired
2026-02-08 02:17:10 +05:00: [WARNING] WhatsApp session expired
2026-02-08 02:17:40 +05:00: [WARNING] WhatsApp session expired
2026-02-08 02:18:11 +05:00: [WARNING] WhatsApp session expired
2026-02-08 02:18:41 +05:00: [WARNING] WhatsApp session expired
2026-02-08 02:19:12 +05:00: [WARNING] WhatsApp session expired
2026-02-08 02:19:42 +05:00: [WARNING] WhatsApp session expired
2026-02-08 02:20:13 +05:00: [WARNING] WhatsApp session expired
2026-02-08 02:20:43 +05:00: [WARNING] WhatsApp session expired
2026-02-08 02:21:13 +05:00: [WARNING] WhatsApp session expired
2026-02-08 02:21:44 +05:00: [WARNING] WhatsApp session expired
2026-02-08 13:38:32 +05:00: [WARNING] WhatsApp session expired
2026-02-08 13:39:07 +05:00: [WARNING] WhatsApp session expired
2026-02-08 13:39:43 +05:00: [WARNING] WhatsApp session expired
2026-02-08 13:40:49 +05:00: [WARNING] WhatsApp session expired
2026-02-08 13:41:29 +05:00: [WARNING] WhatsApp session expired
2026-02-08 13:42:07 +05:00: [WARNING] WhatsApp session expired
2026-02-08 13:42:43 +05:00: [WARNING] WhatsApp session expired
2026-02-08 13:43:13 +05:00: [WARNING] WhatsApp session expired
2026-02-08 13:43:44 +05:00: [WARNING] WhatsApp session expired
2026-02-08 13:44:15 +05:00: [WARNING] WhatsApp session expired
2026-02-08 13:44:46 +05:00: [WARNING] WhatsApp session expired
2026-02-08 13:45:17 +05:00: [WARNING] WhatsApp session expired
2026-02-08 13:45:57 +05:00: [WARNING] WhatsApp session expired
2026-02-08 13:46:40 +05:00: [WARNING] WhatsApp session expired
2026-02-08 13:47:13 +05:00: [WARNING] WhatsApp session expired
2026-02-08 13:48:05 +05:00: [WARNING] WhatsApp session expired
2026-02-08 13:49:05 +05:00: [WARNING] WhatsApp session expired
2026-02-08 13:49:48 +05:00: [WARNING] WhatsApp session expired
2026-02-08 13:50:22 +05:00: [WARNING] WhatsApp session expired
2026-02-08 13:50:55 +05:00: [WARNING] WhatsApp session expired
2026-02-08 13:51:25 +05:00: [WARNING] WhatsApp session expired
2026-02-08 13:51:56 +05:00: [WARNING] WhatsApp session expired
2026-02-08 13:52:26 +05:00: [WARNING] WhatsApp session expired
2026-02-08 13:53:11 +05:00: [WARNING] WhatsApp session expired
2026-02-08 13:53:47 +05:00: [WARNING] WhatsApp session expired
2026-02-08 13:54:18 +05:00: [WARNING] WhatsApp session expired
2026-02-08 13:54:51 +05:00: [WARNING] WhatsApp session expired
2026-02-08 13:55:23 +05:00: [WARNING] WhatsApp session expired
2026-02-08 13:55:55 +05:00: [WARNING] WhatsApp session expired
2026-02-08 13:56:25 +05:00: [WARNING] WhatsApp session expired
2026-02-08 13:56:59 +05:00: [WARNING] WhatsApp session expired
2026-02-08 13:57:31 +05:00: [WARNING] WhatsApp session expired
2026-02-08 13:58:02 +05:00: [WARNING] WhatsApp session expired
2026-02-08 13:58:32 +05:00: [WARNING] WhatsApp session expired
2026-02-08 13:59:11 +05:00: [WARNING] WhatsApp session expired
2026-02-08 13:59:43 +05:00: [WARNING] WhatsApp session expired
2026-02-08 14:00:16 +05:00: [WARNING] WhatsApp session expired
2026-02-08 14:00:50 +05:00: [WARNING] WhatsApp session expired
2026-02-08 14:01:21 +05:00: [WARNING] WhatsApp session expired
2026-02-08 14:01:52 +05:00: [WARNING] WhatsApp session expired
2026-02-08 14:02:22 +05:00: [WARNING] WhatsApp session expired
2026-02-08 14:02:55 +05:00: [WARNING] WhatsApp session expired
2026-02-08 14:03:26 +05:00: [WARNING] WhatsApp session expired
2026-02-08 14:03:57 +05:00: [WARNING] WhatsApp session expired
2026-02-08 14:04:37 +05:00: [WARNING] WhatsApp session expired
2026-02-08 14:05:08 +05:00: [WARNING] WhatsApp session expired
2026-02-08 14:05:39 +05:00: [WARNING] WhatsApp session expired
2026-02-08 14:06:12 +05:00: [WARNING] WhatsApp session expired
2026-02-08 14:06:42 +05:00: [WARNING] WhatsApp session expired
2026-02-08 14:07:15 +05:00: [WARNING] WhatsApp session expired
2026-02-08 14:07:46 +05:00: [WARNING] WhatsApp session expired
2026-02-08 14:08:19 +05:00: [WARNING] WhatsApp session expired
2026-02-08 14:08:50 +05:00: [WARNING] WhatsApp session expired
2026-02-08 14:09:28 +05:00: [WARNING] WhatsApp session expired
2026-02-08 14:10:01 +05:00: [WARNING] WhatsApp session expired
2026-02-08 14:10:43 +05:00: [WARNING] WhatsApp session expired
2026-02-08 14:11:22 +05:00: [WARNING] WhatsApp session expired
2026-02-08 14:11:55 +05:00: [WARNING] WhatsApp session expired
2026-02-08 14:12:27 +05:00: [WARNING] WhatsApp session expired
2026-02-08 14:12:58 +05:00: [WARNING] WhatsApp session expired
2026-02-08 14:13:51 +05:00: [WARNING] WhatsApp session expired
2026-02-08 14:14:22 +05:00: [WARNING] WhatsApp session expired
2026-02-08 14:14:54 +05:00: [WARNING] WhatsApp session expired
2026-02-08 14:15:24 +05:00: [WARNING] WhatsApp session expired
2026-02-08 14:15:56 +05:00: [WARNING] WhatsApp session expired
2026-02-08 14:16:27 +05:00: [WARNING] WhatsApp session expired
2026-02-08 14:17:04 +05:00: [WARNING] WhatsApp session expired
2026-02-08 14:17:40 +05:00: [WARNING] WhatsApp session expired
2026-02-08 14:18:13 +05:00: [WARNING] WhatsApp session expired
2026-02-08 14:18:45 +05:00: [WARNING] WhatsApp session expired
2026-02-08 14:19:20 +05:00: [WARNING] WhatsApp session expired
2026-02-08 14:19:50 +05:00: [WARNING] WhatsApp session expired
2026-02-08 14:20:21 +05:00: [WARNING] WhatsApp session expired
2026-02-08 14:20:52 +05:00: [WARNING] WhatsApp session expired
2026-02-08 14:21:22 +05:00: [WARNING] WhatsApp session expired
2026-02-08 14:21:53 +05:00: [WARNING] WhatsApp session expired
2026-02-08 14:22:24 +05:00: [WARNING] WhatsApp session expired
2026-02-08 14:22:54 +05:00: [WARNING] WhatsApp session expired
2026-02-08 14:23:25 +05:00: [WARNING] WhatsApp session expired
2026-02-08 14:23:55 +05:00: [WARNING] WhatsApp session expired
2026-02-08 14:24:27 +05:00: [WARNING] WhatsApp session expired
2026-02-08 14:24:59 +05:00: [WARNING] WhatsApp session expired
2026-02-08 14:25:33 +05:00: [WARNING] WhatsApp session expired
2026-02-08 14:26:07 +05:00: [WARNING] WhatsApp session expired
2026-02-08 14:26:37 +05:00: [WARNING] WhatsApp session expired
2026-02-08 14:27:07 +05:00: [WARNING] WhatsApp session expired
2026-02-08 14:27:38 +05:00: [WARNING] WhatsApp session expired
2026-02-08 14:28:10 +05:00: [WARNING] WhatsApp session expired
2026-02-08 14:28:40 +05:00: [WARNING] WhatsApp session expired
2026-02-08 14:29:10 +05:00: [WARNING] WhatsApp session expired
2026-02-08 14:29:41 +05:00: [WARNING] WhatsApp session expired
2026-02-08 14:30:11 +05:00: [WARNING] WhatsApp session expired
2026-02-08 14:30:43 +05:00: [WARNING] WhatsApp session expired
2026-02-08 14:31:13 +05:00: [WARNING] WhatsApp session expired
2026-02-08 14:31:45 +05:00: [WARNING] WhatsApp session expired
2026-02-08 14:32:17 +05:00: [WARNING] WhatsApp session expired
2026-02-08 14:32:51 +05:00: [WARNING] WhatsApp session expired
2026-02-08 14:33:24 +05:00: [WARNING] WhatsApp session expired
2026-02-08 14:33:54 +05:00: [WARNING] WhatsApp session expired
2026-02-08 14:34:27 +05:00: [WARNING] WhatsApp session expired
2026-02-08 14:34:57 +05:00: [WARNING] WhatsApp session expired
2026-02-08 14:35:27 +05:00: [WARNING] WhatsApp session expired
2026-02-08 14:35:58 +05:00: [WARNING] WhatsApp session expired
2026-02-08 14:36:28 +05:00: [WARNING] WhatsApp session expired
2026-02-08 14:36:58 +05:00: [WARNING] WhatsApp session expired
2026-02-08 14:37:29 +05:00: [WARNING] WhatsApp session expired
2026-02-08 14:37:59 +05:00: [WARNING] WhatsApp session expired
2026-02-08 14:38:31 +05:00: [WARNING] WhatsApp session expired
2026-02-08 14:39:05 +05:00: [WARNING] WhatsApp session expired
2026-02-08 14:39:38 +05:00: [WARNING] WhatsApp session expired
2026-02-08 14:40:09 +05:00: [WARNING] WhatsApp session expired
2026-02-08 14:40:43 +05:00: [WARNING] WhatsApp session expired
2026-02-08 14:41:13 +05:00: [WARNING] WhatsApp session expired
2026-02-08 14:41:43 +05:00: [WARNING] WhatsApp session expired
2026-02-08 14:42:14 +05:00: [WARNING] WhatsApp session expired
2026-02-08 14:42:45 +05:00: [WARNING] WhatsApp session expired
2026-02-08 14:43:15 +05:00: [WARNING] WhatsApp session expired
2026-02-08 14:43:46 +05:00: [WARNING] WhatsApp session expired
2026-02-08 14:44:16 +05:00: [WARNING] WhatsApp session expired
2026-02-08 14:44:46 +05:00: [WARNING] WhatsApp session expired
2026-02-08 14:45:16 +05:00: [WARNING] WhatsApp session expired
2026-02-08 14:45:48 +05:00: [WARNING] WhatsApp session expired
2026-02-08 14:46:20 +05:00: [WARNING] WhatsApp session expired
2026-02-08 14:46:54 +05:00: [WARNING] WhatsApp session expired
2026-02-08 14:47:25 +05:00: [WARNING] WhatsApp session expired
2026-02-08 14:47:55 +05:00: [WARNING] WhatsApp session expired
2026-02-08 14:48:25 +05:00: [WARNING] WhatsApp session expired
2026-02-08 14:48:55 +05:00: [WARNING] WhatsApp session expired
2026-02-08 14:49:35 +05:00: [WARNING] WhatsApp session expired
2026-02-08 14:50:05 +05:00: [WARNING] WhatsApp session expired
2026-02-08 14:50:36 +05:00: [WARNING] WhatsApp session expired
2026-02-08 14:51:07 +05:00: [WARNING] WhatsApp session expired
2026-02-08 14:51:37 +05:00: [WARNING] WhatsApp session expired
2026-02-08 14:52:08 +05:00: [WARNING] WhatsApp session expired
2026-02-08 14:52:40 +05:00: [WARNING] WhatsApp session expired
2026-02-08 14:53:13 +05:00: [WARNING] WhatsApp session expired
2026-02-08 14:53:45 +05:00: [WARNING] WhatsApp session expired
2026-02-08 14:54:22 +05:00: [WARNING] WhatsApp session expired
2026-02-08 14:54:52 +05:00: [WARNING] WhatsApp session expired
2026-02-08 14:55:22 +05:00: [WARNING] WhatsApp session expired
2026-02-08 14:55:52 +05:00: [WARNING] WhatsApp session expired
2026-02-08 14:56:23 +05:00: [WARNING] WhatsApp session expired
2026-02-08 14:56:53 +05:00: [WARNING] WhatsApp session expired
2026-02-08 14:57:23 +05:00: [WARNING] WhatsApp session expired
2026-02-08 14:57:56 +05:00: [WARNING] WhatsApp session expired
2026-02-08 14:58:26 +05:00: [WARNING] WhatsApp session expired
2026-02-08 14:58:57 +05:00: [WARNING] WhatsApp session expired
2026-02-08 14:59:27 +05:00: [WARNING] WhatsApp session expired
2026-02-08 15:00:00 +05:00: [WARNING] WhatsApp session expired
2026-02-08 15:00:31 +05:00: [WARNING] WhatsApp session expired
2026-02-08 15:01:02 +05:00: [WARNING] WhatsApp session expired
2026-02-08 15:01:32 +05:00: [WARNING] WhatsApp session expired
2026-02-08 15:02:03 +05:00: [WARNING] WhatsApp session expired
2026-02-08 15:02:33 +05:00: [WARNING] WhatsApp session expired
2026-02-08 15:03:03 +05:00: [WARNING] WhatsApp session expired
2026-02-08 15:03:33 +05:00: [WARNING] WhatsApp session expired
2026-02-08 15:04:03 +05:00: [WARNING] WhatsApp session expired
2026-02-08 15:04:33 +05:00: [WARNING] WhatsApp session expired
2026-02-08 15:05:04 +05:00: [WARNING] WhatsApp session expired
2026-02-08 15:05:34 +05:00: [WARNING] WhatsApp session expired
2026-02-08 15:06:04 +05:00: [WARNING] WhatsApp session expired
2026-02-08 15:06:35 +05:00: [WARNING] WhatsApp session expired
2026-02-08 15:07:06 +05:00: [WARNING] WhatsApp session expired
2026-02-08 15:07:36 +05:00: [WARNING] WhatsApp session expired
2026-02-08 15:08:07 +05:00: [WARNING] WhatsApp session expired
2026-02-08 15:08:38 +05:00: [WARNING] WhatsApp session expired
2026-02-08 15:09:08 +05:00: [WARNING] WhatsApp session expired
2026-02-08 15:09:38 +05:00: [WARNING] WhatsApp session expired
2026-02-08 15:10:08 +05:00: [WARNING] WhatsApp session expired
2026-02-08 15:10:39 +05:00: [WARNING] WhatsApp session expired
2026-02-08 15:11:09 +05:00: [WARNING] WhatsApp session expired
2026-02-08 15:11:39 +05:00: [WARNING] WhatsApp session expired
2026-02-08 15:12:09 +05:00: [WARNING] WhatsApp session expired
2026-02-08 15:12:40 +05:00: [WARNING] WhatsApp session expired
2026-02-08 15:13:11 +05:00: [WARNING] WhatsApp session expired
2026-02-08 15:13:41 +05:00: [WARNING] WhatsApp session expired
2026-02-08 15:14:12 +05:00: [WARNING] WhatsApp session expired
2026-02-08 15:14:42 +05:00: [WARNING] WhatsApp session expired
2026-02-08 15:15:12 +05:00: [WARNING] WhatsApp session expired
2026-02-08 15:15:42 +05:00: [WARNING] WhatsApp session expired
2026-02-08 15:16:12 +05:00: [WARNING] WhatsApp session expired
2026-02-08 15:16:43 +05:00: [WARNING] WhatsApp session expired
2026-02-08 15:17:13 +05:00: [WARNING] WhatsApp session expired
2026-02-08 15:17:43 +05:00: [WARNING] WhatsApp session expired
2026-02-08 15:18:13 +05:00: [WARNING] WhatsApp session expired
2026-02-08 15:18:44 +05:00: [WARNING] WhatsApp session expired
2026-02-08 15:19:15 +05:00: [WARNING] WhatsApp session expired
2026-02-08 15:19:46 +05:00: [WARNING] WhatsApp session expired
2026-02-08 15:20:16 +05:00: [WARNING] WhatsApp session expired
2026-02-08 15:20:46 +05:00: [WARNING] WhatsApp session expired
2026-02-08 15:21:16 +05:00: [WARNING] WhatsApp session expired
2026-02-08 15:21:46 +05:00: [WARNING] WhatsApp session expired
2026-02-08 15:22:17 +05:00: [WARNING] WhatsApp session expired
2026-02-08 15:22:47 +05:00: [WARNING] WhatsApp session expired
2026-02-08 15:23:17 +05:00: [WARNING] WhatsApp session expired
2026-02-08 15:23:47 +05:00: [WARNING] WhatsApp session expired
2026-02-08 15:24:17 +05:00: [WARNING] WhatsApp session expired
2026-02-08 15:24:48 +05:00: [WARNING] WhatsApp session expired
2026-02-08 15:25:19 +05:00: [WARNING] WhatsApp session expired
2026-02-08 15:25:50 +05:00: [WARNING] WhatsApp session expired
2026-02-08 15:26:21 +05:00: [WARNING] WhatsApp session expired
2026-02-08 15:26:51 +05:00: [WARNING] WhatsApp session expired
2026-02-08 15:27:21 +05:00: [WARNING] WhatsApp session expired
2026-02-08 15:27:51 +05:00: [WARNING] WhatsApp session expired
2026-02-08 15:28:21 +05:00: [WARNING] WhatsApp session expired
2026-02-08 15:28:51 +05:00: [WARNING] WhatsApp session expired
2026-02-08 15:29:21 +05:00: [WARNING] WhatsApp session expired
2026-02-08 15:29:52 +05:00: [WARNING] WhatsApp session expired
2026-02-08 15:30:22 +05:00: [WARNING] WhatsApp session expired
2026-02-08 15:30:52 +05:00: [WARNING] WhatsApp session expired
2026-02-08 15:31:22 +05:00: [WARNING] WhatsApp session expired
2026-02-08 15:31:54 +05:00: [WARNING] WhatsApp session expired
2026-02-08 15:32:24 +05:00: [WARNING] WhatsApp session expired
2026-02-08 15:32:55 +05:00: [WARNING] WhatsApp session expired
2026-02-08 15:33:25 +05:00: [WARNING] WhatsApp session expired
2026-02-08 15:33:55 +05:00: [WARNING] WhatsApp session expired
2026-02-08 19:28:39 +05:00: [WARNING] WhatsApp session expired
2026-02-08 19:29:09 +05:00: [WARNING] WhatsApp session expired
2026-02-08 19:29:48 +05:00: [WARNING] WhatsApp session expired
2026-02-08 19:30:19 +05:00: [WARNING] WhatsApp session expired
2026-02-08 19:30:49 +05:00: [WARNING] WhatsApp session expired
2026-02-08 19:31:20 +05:00: [WARNING] WhatsApp session expired
2026-02-08 19:31:50 +05:00: [WARNING] WhatsApp session expired
2026-02-08 19:32:26 +05:00: [WARNING] WhatsApp session expired
2026-02-08 19:32:58 +05:00: [WARNING] WhatsApp session expired
2026-02-08 19:33:31 +05:00: [WARNING] WhatsApp session expired
2026-02-08 19:34:01 +05:00: [WARNING] WhatsApp session expired
2026-02-08 19:34:32 +05:00: [WARNING] WhatsApp session expired
2026-02-08 19:35:02 +05:00: [WARNING] WhatsApp session expired
2026-02-08 19:35:32 +05:00: [WARNING] WhatsApp session expired
2026-02-08 19:36:02 +05:00: [WARNING] WhatsApp session expired
2026-02-08 19:36:32 +05:00: [WARNING] WhatsApp session expired
2026-02-08 19:37:03 +05:00: [WARNING] WhatsApp session expired
2026-02-08 19:37:33 +05:00: [WARNING] WhatsApp session expired
2026-02-08 19:38:03 +05:00: [WARNING] WhatsApp session expired
2026-02-08 19:38:33 +05:00: [WARNING] WhatsApp session expired
2026-02-08 19:39:05 +05:00: [WARNING] WhatsApp session expired
2026-02-08 19:39:37 +05:00: [WARNING] WhatsApp session expired
2026-02-08 19:40:08 +05:00: [WARNING] WhatsApp session expired
2026-02-08 19:40:38 +05:00: [WARNING] WhatsApp session expired
2026-02-08 19:41:08 +05:00: [WARNING] WhatsApp session expired
2026-02-08 19:41:38 +05:00: [WARNING] WhatsApp session expired
2026-02-08 19:42:08 +05:00: [WARNING] WhatsApp session expired
2026-02-08 19:42:39 +05:00: [WARNING] WhatsApp session expired
2026-02-08 19:43:09 +05:00: [WARNING] WhatsApp session expired
2026-02-08 19:43:39 +05:00: [WARNING] WhatsApp session expired
2026-02-08 19:44:09 +05:00: [WARNING] WhatsApp session expired
2026-02-08 19:44:40 +05:00: [WARNING] WhatsApp session expired
2026-02-08 19:45:10 +05:00: [WARNING] WhatsApp session expired
2026-02-08 19:45:43 +05:00: [WARNING] WhatsApp session expired
2026-02-08 19:46:14 +05:00: [WARNING] WhatsApp session expired
2026-02-08 19:46:48 +05:00: [WARNING] WhatsApp session expired
2026-02-08 19:47:18 +05:00: [WARNING] WhatsApp session expired
2026-02-08 19:47:48 +05:00: [WARNING] WhatsApp session expired
2026-02-08 19:48:18 +05:00: [WARNING] WhatsApp session expired
2026-02-08 19:48:48 +05:00: [WARNING] WhatsApp session expired
2026-02-08 19:49:19 +05:00: [WARNING] WhatsApp session expired
2026-02-08 19:49:49 +05:00: [WARNING] WhatsApp session expired
2026-02-08 19:50:21 +05:00: [WARNING] WhatsApp session expired
2026-02-08 19:50:51 +05:00: [WARNING] WhatsApp session expired
2026-02-08 19:51:21 +05:00: [WARNING] WhatsApp session expired
2026-02-08 19:51:51 +05:00: [WARNING] WhatsApp session expired
2026-02-08 19:52:22 +05:00: [WARNING] WhatsApp session expired
2026-02-08 19:52:55 +05:00: [WARNING] WhatsApp session expired
2026-02-08 19:53:26 +05:00: [WARNING] WhatsApp session expired
2026-02-08 19:53:59 +05:00: [WARNING] WhatsApp session expired
2026-02-08 19:54:30 +05:00: [WARNING] WhatsApp session expired
2026-02-08 19:55:01 +05:00: [WARNING] WhatsApp session expired
2026-02-08 19:55:33 +05:00: [WARNING] WhatsApp session expired
2026-02-08 19:56:04 +05:00: [WARNING] WhatsApp session expired
2026-02-08 19:56:35 +05:00: [WARNING] WhatsApp session expired
2026-02-08 19:57:05 +05:00: [WARNING] WhatsApp session expired
2026-02-08 19:57:36 +05:00: [WARNING] WhatsApp session expired
2026-02-08 19:58:09 +05:00: [WARNING] WhatsApp session expired
2026-02-08 19:58:39 +05:00: [WARNING] WhatsApp session expired
2026-02-08 19:59:10 +05:00: [WARNING] WhatsApp session expired
2026-02-08 19:59:42 +05:00: [WARNING] WhatsApp session expired
2026-02-08 20:00:13 +05:00: [WARNING] WhatsApp session expired
2026-02-08 20:00:45 +05:00: [WARNING] WhatsApp session expired
2026-02-08 20:01:17 +05:00: [WARNING] WhatsApp session expired
2026-02-08 20:01:49 +05:00: [WARNING] WhatsApp session expired
2026-02-08 20:02:21 +05:00: [WARNING] WhatsApp session expired
2026-02-08 20:02:51 +05:00: [WARNING] WhatsApp session expired
2026-02-08 20:03:22 +05:00: [WARNING] WhatsApp session expired
2026-02-08 20:03:52 +05:00: [WARNING] WhatsApp session expired
2026-02-08 20:04:22 +05:00: [WARNING] WhatsApp session expired
2026-02-08 20:05:00 +05:00: [WARNING] WhatsApp session expired
2026-02-08 20:05:31 +05:00: [WARNING] WhatsApp session expired
2026-02-08 20:06:01 +05:00: [WARNING] WhatsApp session expired
2026-02-08 20:06:31 +05:00: [WARNING] WhatsApp session expired
2026-02-08 20:07:01 +05:00: [WARNING] WhatsApp session expired
2026-02-08 20:07:32 +05:00: [WARNING] WhatsApp session expired
2026-02-08 20:08:03 +05:00: [WARNING] WhatsApp session expired
2026-02-08 20:08:34 +05:00: [WARNING] WhatsApp session expired
2026-02-08 20:09:05 +05:00: [WARNING] WhatsApp session expired
2026-02-08 20:09:35 +05:00: [WARNING] WhatsApp session expired
2026-02-08 20:10:05 +05:00: [WARNING] WhatsApp session expired
2026-02-08 20:10:36 +05:00: [WARNING] WhatsApp session expired
2026-02-08 20:11:06 +05:00: [WARNING] WhatsApp session expired
2026-02-08 20:11:38 +05:00: [WARNING] WhatsApp session expired
2026-02-08 20:12:10 +05:00: [WARNING] WhatsApp session expired
2026-02-08 20:12:41 +05:00: [WARNING] WhatsApp session expired
2026-02-08 20:13:13 +05:00: [WARNING] WhatsApp session expired
2026-02-08 20:13:44 +05:00: [WARNING] WhatsApp session expired
2026-02-08 20:14:15 +05:00: [WARNING] WhatsApp session expired
2026-02-08 20:14:49 +05:00: [WARNING] WhatsApp session expired
2026-02-08 20:15:20 +05:00: [WARNING] WhatsApp session expired
2026-02-08 20:15:50 +05:00: [WARNING] WhatsApp session expired
2026-02-08 20:16:21 +05:00: [WARNING] WhatsApp session expired
2026-02-08 20:16:52 +05:00: [WARNING] WhatsApp session expired
2026-02-08 20:17:22 +05:00: [WARNING] WhatsApp session expired
2026-02-08 20:17:54 +05:00: [WARNING] WhatsApp session expired
2026-02-08 20:18:26 +05:00: [WARNING] WhatsApp session expired
2026-02-08 20:18:59 +05:00: [WARNING] WhatsApp session expired
2026-02-08 20:19:32 +05:00: [WARNING] WhatsApp session expired
2026-02-08 20:20:04 +05:00: [WARNING] WhatsApp session expired
2026-02-08 20:20:35 +05:00: [WARNING] WhatsApp session expired
2026-02-08 20:21:07 +05:00: [WARNING] WhatsApp session expired
2026-02-08 20:21:39 +05:00: [WARNING] WhatsApp session expired
2026-02-08 20:22:16 +05:00: [WARNING] WhatsApp session expired
2026-02-08 20:22:47 +05:00: [WARNING] WhatsApp session expired
2026-02-08 20:23:33 +05:00: [WARNING] WhatsApp session expired
2026-02-08 20:24:05 +05:00: [WARNING] WhatsApp session expired
2026-02-08 20:24:37 +05:00: [WARNING] WhatsApp session expired
2026-02-08 20:25:09 +05:00: [WARNING] WhatsApp session expired
2026-02-08 20:25:40 +05:00: [WARNING] WhatsApp session expired
2026-02-08 20:26:10 +05:00: [WARNING] WhatsApp session expired
2026-02-08 20:26:41 +05:00: [WARNING] WhatsApp session expired
2026-02-08 20:27:14 +05:00: [WARNING] WhatsApp session expired
2026-02-08 20:27:44 +05:00: [WARNING] WhatsApp session expired
2026-02-08 20:28:20 +05:00: [WARNING] WhatsApp session expired
2026-02-08 20:28:54 +05:00: [WARNING] WhatsApp session expired
2026-02-08 20:29:28 +05:00: [WARNING] WhatsApp session expired
2026-02-08 20:29:59 +05:00: [WARNING] WhatsApp session expired
2026-02-08 20:30:32 +05:00: [WARNING] WhatsApp session expired
2026-02-08 20:31:02 +05:00: [WARNING] WhatsApp session expired
2026-02-08 20:31:33 +05:00: [WARNING] WhatsApp session expired
2026-02-08 20:32:03 +05:00: [WARNING] WhatsApp session expired
2026-02-08 20:32:34 +05:00: [WARNING] WhatsApp session expired
2026-02-08 20:33:04 +05:00: [WARNING] WhatsApp session expired
2026-02-08 20:33:34 +05:00: [WARNING] WhatsApp session expired
2026-02-08 20:34:04 +05:00: [WARNING] WhatsApp session expired
2026-02-08 20:34:35 +05:00: [WARNING] WhatsApp session expired
2026-02-08 20:35:05 +05:00: [WARNING] WhatsApp session expired
2026-02-08 20:35:35 +05:00: [WARNING] WhatsApp session expired
2026-02-08 20:36:05 +05:00: [WARNING] WhatsApp session expired
2026-02-08 20:36:35 +05:00: [WARNING] WhatsApp session expired
2026-02-08 20:37:05 +05:00: [WARNING] WhatsApp session expired
2026-02-08 20:37:36 +05:00: [WARNING] WhatsApp session expired
2026-02-08 20:38:07 +05:00: [WARNING] WhatsApp session expired
2026-02-08 20:38:37 +05:00: [WARNING] WhatsApp session expired
2026-02-08 20:39:10 +05:00: [WARNING] WhatsApp session expired
2026-02-08 20:39:42 +05:00: [WARNING] WhatsApp session expired
2026-02-08 20:40:13 +05:00: [WARNING] WhatsApp session expired
2026-02-08 20:40:43 +05:00: [WARNING] WhatsApp session expired
2026-02-08 20:41:13 +05:00: [WARNING] WhatsApp session expired
2026-02-08 20:41:43 +05:00: [WARNING] WhatsApp session expired
2026-02-08 20:42:13 +05:00: [WARNING] WhatsApp session expired
2026-02-08 20:42:43 +05:00: [WARNING] WhatsApp session expired
2026-02-08 20:43:13 +05:00: [WARNING] WhatsApp session expired
2026-02-08 20:43:44 +05:00: [WARNING] WhatsApp session expired
2026-02-08 20:44:14 +05:00: [WARNING] WhatsApp session expired
2026-02-08 20:44:45 +05:00: [WARNING] WhatsApp session expired
2026-02-08 20:45:15 +05:00: [WARNING] WhatsApp session expired
2026-02-08 20:45:45 +05:00: [WARNING] WhatsApp session expired
2026-02-08 20:46:15 +05:00: [WARNING] WhatsApp session expired
2026-02-08 20:46:46 +05:00: [WARNING] WhatsApp session expired
2026-02-08 20:47:16 +05:00: [WARNING] WhatsApp session expired
2026-02-08 20:47:46 +05:00: [WARNING] WhatsApp session expired
2026-02-08 20:48:16 +05:00: [WARNING] WhatsApp session expired
2026-02-08 20:48:46 +05:00: [WARNING] WhatsApp session expired
2026-02-08 20:49:16 +05:00: [WARNING] WhatsApp session expired
2026-02-08 20:49:46 +05:00: [WARNING] WhatsApp session expired
2026-02-08 20:50:17 +05:00: [WARNING] WhatsApp session expired
2026-02-08 20:50:48 +05:00: [WARNING] WhatsApp session expired
2026-02-08 20:51:18 +05:00: [WARNING] WhatsApp session expired
2026-02-08 20:51:48 +05:00: [WARNING] WhatsApp session expired
2026-02-08 20:52:18 +05:00: [WARNING] WhatsApp session expired
2026-02-08 20:52:48 +05:00: [WARNING] WhatsApp session expired
2026-02-08 20:53:19 +05:00: [WARNING] WhatsApp session expired
2026-02-08 20:53:49 +05:00: [WARNING] WhatsApp session expired
2026-02-08 20:54:19 +05:00: [WARNING] WhatsApp session expired
2026-02-08 20:54:49 +05:00: [WARNING] WhatsApp session expired
2026-02-08 20:55:25 +05:00: [WARNING] WhatsApp session expired
2026-02-08 20:55:57 +05:00: [WARNING] WhatsApp session expired
2026-02-08 20:56:27 +05:00: [WARNING] WhatsApp session expired
2026-02-08 20:56:58 +05:00: [WARNING] WhatsApp session expired
2026-02-08 20:57:30 +05:00: [WARNING] WhatsApp session expired
2026-02-08 20:58:02 +05:00: [WARNING] WhatsApp session expired
2026-02-08 20:58:32 +05:00: [WARNING] WhatsApp session expired
2026-02-08 20:59:02 +05:00: [WARNING] WhatsApp session expired
2026-02-08 20:59:32 +05:00: [WARNING] WhatsApp session expired
2026-02-08 21:00:02 +05:00: [WARNING] WhatsApp session expired
2026-02-08 21:00:33 +05:00: [WARNING] WhatsApp session expired
2026-02-08 21:01:03 +05:00: [WARNING] WhatsApp session expired
2026-02-08 21:01:36 +05:00: [WARNING] WhatsApp session expired
2026-02-08 21:02:07 +05:00: [WARNING] WhatsApp session expired
2026-02-08 21:02:37 +05:00: [WARNING] WhatsApp session expired
2026-02-08 21:03:07 +05:00: [WARNING] WhatsApp session expired
2026-02-08 21:03:40 +05:00: [WARNING] WhatsApp session expired
2026-02-08 21:04:21 +05:00: [WARNING] WhatsApp session expired
2026-02-08 21:04:55 +05:00: [WARNING] WhatsApp session expired
2026-02-08 21:05:27 +05:00: [WARNING] WhatsApp session expired
2026-02-08 21:05:58 +05:00: [WARNING] WhatsApp session expired
2026-02-08 21:06:32 +05:00: [WARNING] WhatsApp session expired
2026-02-08 21:07:03 +05:00: [WARNING] WhatsApp session expired
2026-02-08 21:07:34 +05:00: [WARNING] WhatsApp session expired
2026-02-08 21:08:05 +05:00: [WARNING] WhatsApp session expired
2026-02-08 21:08:36 +05:00: [WARNING] WhatsApp session expired
2026-02-08 21:09:06 +05:00: [WARNING] WhatsApp session expired
2026-02-08 21:09:38 +05:00: [WARNING] WhatsApp session expired
2026-02-08 21:10:08 +05:00: [WARNING] WhatsApp session expired
2026-02-08 21:10:46 +05:00: [WARNING] WhatsApp session expired
2026-02-08 21:11:16 +05:00: [WARNING] WhatsApp session expired
2026-02-08 21:11:52 +05:00: [WARNING] WhatsApp session expired
2026-02-08 21:12:27 +05:00: [WARNING] WhatsApp session expired
2026-02-08 21:12:57 +05:00: [WARNING] WhatsApp session expired
2026-02-08 21:13:27 +05:00: [WARNING] WhatsApp session expired
2026-02-08 21:13:58 +05:00: [WARNING] WhatsApp session expired
2026-02-08 21:14:28 +05:00: [WARNING] WhatsApp session expired
2026-02-08 21:14:58 +05:00: [WARNING] WhatsApp session expired
2026-02-08 21:15:28 +05:00: [WARNING] WhatsApp session expired
2026-02-08 21:15:59 +05:00: [WARNING] WhatsApp session expired
2026-02-08 21:16:29 +05:00: [WARNING] WhatsApp session expired
2026-02-08 21:16:59 +05:00: [WARNING] WhatsApp session expired
2026-02-08 21:17:30 +05:00: [WARNING] WhatsApp session expired
2026-02-08 21:18:00 +05:00: [WARNING] WhatsApp session expired
2026-02-08 21:18:31 +05:00: [WARNING] WhatsApp session expired
2026-02-08 21:19:01 +05:00: [WARNING] WhatsApp session expired
2026-02-08 21:19:31 +05:00: [WARNING] WhatsApp session expired
2026-02-08 21:20:01 +05:00: [WARNING] WhatsApp session expired
2026-02-08 21:20:31 +05:00: [WARNING] WhatsApp session expired
2026-02-08 21:21:02 +05:00: [WARNING] WhatsApp session expired
2026-02-08 21:21:32 +05:00: [WARNING] WhatsApp session expired
2026-02-08 21:22:02 +05:00: [WARNING] WhatsApp session expired
2026-02-08 21:22:32 +05:00: [WARNING] WhatsApp session expired
2026-02-08 21:23:02 +05:00: [WARNING] WhatsApp session expired
2026-02-08 21:23:32 +05:00: [WARNING] WhatsApp session expired
2026-02-08 21:24:02 +05:00: [WARNING] WhatsApp session expired
2026-02-08 21:24:33 +05:00: [WARNING] WhatsApp session expired
2026-02-08 21:25:03 +05:00: [WARNING] WhatsApp session expired
2026-02-08 21:25:33 +05:00: [WARNING] WhatsApp session expired
2026-02-08 21:26:03 +05:00: [WARNING] WhatsApp session expired
2026-02-08 21:26:33 +05:00: [WARNING] WhatsApp session expired
2026-02-08 21:27:03 +05:00: [WARNING] WhatsApp session expired
2026-02-08 21:27:33 +05:00: [WARNING] WhatsApp session expired
2026-02-08 21:28:03 +05:00: [WARNING] WhatsApp session expired
2026-02-08 21:28:34 +05:00: [WARNING] WhatsApp session expired
2026-02-08 21:29:04 +05:00: [WARNING] WhatsApp session expired
2026-02-08 21:29:34 +05:00: [WARNING] WhatsApp session expired
2026-02-08 21:30:04 +05:00: [WARNING] WhatsApp session expired
2026-02-08 21:30:35 +05:00: [WARNING] WhatsApp session expired
2026-02-08 21:31:06 +05:00: [WARNING] WhatsApp session expired
2026-02-08 21:31:36 +05:00: [WARNING] WhatsApp session expired
2026-02-08 21:32:06 +05:00: [WARNING] WhatsApp session expired
2026-02-08 21:32:36 +05:00: [WARNING] WhatsApp session expired
2026-02-08 21:33:06 +05:00: [WARNING] WhatsApp session expired
2026-02-08 21:33:36 +05:00: [WARNING] WhatsApp session expired
2026-02-08 21:34:07 +05:00: [WARNING] WhatsApp session expired
2026-02-08 21:34:37 +05:00: [WARNING] WhatsApp session expired
2026-02-08 21:35:07 +05:00: [WARNING] WhatsApp session expired
2026-02-08 21:35:38 +05:00: [WARNING] WhatsApp session expired
2026-02-08 21:36:12 +05:00: [WARNING] WhatsApp session expired
2026-02-08 21:36:44 +05:00: [WARNING] WhatsApp session expired
2026-02-08 21:37:17 +05:00: [WARNING] WhatsApp session expired
2026-02-08 21:37:52 +05:00: [WARNING] WhatsApp session expired
2026-02-08 21:38:23 +05:00: [WARNING] WhatsApp session expired
2026-02-08 21:38:57 +05:00: [WARNING] WhatsApp session expired
2026-02-08 21:39:43 +05:00: [WARNING] WhatsApp session expired
2026-02-08 21:40:17 +05:00: [WARNING] WhatsApp session expired
2026-02-08 21:40:48 +05:00: [WARNING] WhatsApp session expired
2026-02-08 21:41:19 +05:00: [WARNING] WhatsApp session expired
2026-02-08 21:41:50 +05:00: [WARNING] WhatsApp session expired
2026-02-08 21:42:20 +05:00: [WARNING] WhatsApp session expired
2026-02-08 21:42:51 +05:00: [WARNING] WhatsApp session expired
2026-02-08 21:43:21 +05:00: [WARNING] WhatsApp session expired
2026-02-08 21:43:55 +05:00: [WARNING] WhatsApp session expired
2026-02-08 21:44:30 +05:00: [WARNING] WhatsApp session expired
2026-02-08 21:45:00 +05:00: [WARNING] WhatsApp session expired
2026-02-08 21:45:30 +05:00: [WARNING] WhatsApp session expired
2026-02-08 21:46:01 +05:00: [WARNING] WhatsApp session expired
2026-02-08 21:46:33 +05:00: [WARNING] WhatsApp session expired
2026-02-08 21:47:03 +05:00: [WARNING] WhatsApp session expired
2026-02-08 21:47:33 +05:00: [WARNING] WhatsApp session expired
2026-02-08 21:48:04 +05:00: [WARNING] WhatsApp session expired
2026-02-08 21:48:34 +05:00: [WARNING] WhatsApp session expired
2026-02-08 21:49:05 +05:00: [WARNING] WhatsApp session expired
2026-02-08 21:49:35 +05:00: [WARNING] WhatsApp session expired
2026-02-08 21:50:05 +05:00: [WARNING] WhatsApp session expired
2026-02-08 21:50:36 +05:00: [WARNING] WhatsApp session expired
2026-02-08 21:51:08 +05:00: [WARNING] WhatsApp session expired
2026-02-08 21:51:40 +05:00: [WARNING] WhatsApp session expired
2026-02-08 21:52:14 +05:00: [WARNING] WhatsApp session expired
2026-02-08 21:52:46 +05:00: [WARNING] WhatsApp session expired
2026-02-08 21:53:23 +05:00: [WARNING] WhatsApp session expired
2026-02-08 21:54:15 +05:00: [WARNING] WhatsApp session expired
2026-02-08 21:55:00 +05:00: [WARNING] WhatsApp session expired
2026-02-08 21:55:38 +05:00: [WARNING] WhatsApp session expired
2026-02-08 21:56:18 +05:00: [WARNING] WhatsApp session expired
2026-02-08 21:56:53 +05:00: [WARNING] WhatsApp session expired
2026-02-08 21:57:28 +05:00: [WARNING] WhatsApp session expired
2026-02-08 21:58:08 +05:00: [WARNING] WhatsApp session expired
2026-02-08 21:58:43 +05:00: [WARNING] WhatsApp session expired
2026-02-08 21:59:20 +05:00: [WARNING] WhatsApp session expired
2026-02-08 21:59:51 +05:00: [WARNING] WhatsApp session expired
2026-02-08 22:00:23 +05:00: [WARNING] WhatsApp session expired
2026-02-08 22:01:04 +05:00: [WARNING] WhatsApp session expired
2026-02-08 22:01:44 +05:00: [WARNING] WhatsApp session expired
2026-02-08 22:02:21 +05:00: [WARNING] WhatsApp session expired
2026-02-08 22:02:56 +05:00: [WARNING] WhatsApp session expired
2026-02-08 22:03:26 +05:00: [WARNING] WhatsApp session expired
2026-02-08 22:04:09 +05:00: [WARNING] WhatsApp session expired
2026-02-08 22:04:40 +05:00: [WARNING] WhatsApp session expired
2026-02-08 22:05:12 +05:00: [WARNING] WhatsApp session expired
2026-02-08 22:05:43 +05:00: [WARNING] WhatsApp session expired
2026-02-08 22:06:13 +05:00: [WARNING] WhatsApp session expired
2026-02-08 22:06:43 +05:00: [WARNING] WhatsApp session expired
2026-02-08 22:07:13 +05:00: [WARNING] WhatsApp session expired
2026-02-08 22:07:44 +05:00: [WARNING] WhatsApp session expired
2026-02-08 22:08:15 +05:00: [WARNING] WhatsApp session expired
2026-02-08 22:08:46 +05:00: [WARNING] WhatsApp session expired
2026-02-08 22:09:17 +05:00: [WARNING] WhatsApp session expired
2026-02-08 22:09:47 +05:00: [WARNING] WhatsApp session expired
2026-02-08 22:10:17 +05:00: [WARNING] WhatsApp session expired
2026-02-08 22:10:47 +05:00: [WARNING] WhatsApp session expired
2026-02-08 22:11:19 +05:00: [WARNING] WhatsApp session expired
2026-02-08 22:11:52 +05:00: [WARNING] WhatsApp session expired
2026-02-08 22:12:22 +05:00: [WARNING] WhatsApp session expired
2026-02-08 22:12:53 +05:00: [WARNING] WhatsApp session expired
2026-02-08 22:13:23 +05:00: [WARNING] WhatsApp session expired
2026-02-08 22:13:53 +05:00: [WARNING] WhatsApp session expired
2026-02-08 22:14:24 +05:00: [WARNING] WhatsApp session expired
2026-02-08 22:15:03 +05:00: [WARNING] WhatsApp session expired
2026-02-08 22:15:47 +05:00: [WARNING] WhatsApp session expired
2026-02-08 22:16:41 +05:00: [WARNING] WhatsApp session expired
2026-02-08 22:17:12 +05:00: [WARNING] WhatsApp session expired
2026-02-08 22:17:46 +05:00: [WARNING] WhatsApp session expired
2026-02-08 22:18:18 +05:00: [WARNING] WhatsApp session expired
2026-02-08 22:18:51 +05:00: [WARNING] WhatsApp session expired
2026-02-08 22:19:23 +05:00: [WARNING] WhatsApp session expired
2026-02-08 22:20:08 +05:00: [WARNING] WhatsApp session expired
2026-02-08 22:20:46 +05:00: [WARNING] WhatsApp session expired
2026-02-08 22:21:33 +05:00: [WARNING] WhatsApp session expired
2026-02-08 22:22:26 +05:00: [WARNING] WhatsApp session expired
2026-02-08 22:23:01 +05:00: [WARNING] WhatsApp session expired
2026-02-08 22:23:42 +05:00: [WARNING] WhatsApp session expired
2026-02-08 22:24:29 +05:00: [WARNING] WhatsApp session expired
2026-02-08 22:25:07 +05:00: [WARNING] WhatsApp session expired
2026-02-08 22:25:46 +05:00: [WARNING] WhatsApp session expired
2026-02-08 22:26:32 +05:00: [WARNING] WhatsApp session expired
2026-02-08 22:27:07 +05:00: [WARNING] WhatsApp session expired
2026-02-08 22:27:53 +05:00: [WARNING] WhatsApp session expired
2026-02-08 22:28:43 +05:00: [WARNING] WhatsApp session expired
2026-02-08 22:29:34 +05:00: [WARNING] WhatsApp session expired
2026-02-08 22:30:23 +05:00: [WARNING] WhatsApp session expired
2026-02-08 22:31:08 +05:00: [WARNING] WhatsApp session expired
2026-02-08 22:31:49 +05:00: [WARNING] WhatsApp session expired
2026-02-08 22:32:21 +05:00: [WARNING] WhatsApp session expired
2026-02-08 22:32:53 +05:00: [WARNING] WhatsApp session expired
2026-02-08 22:33:28 +05:00: [WARNING] WhatsApp session expired
2026-02-08 22:33:59 +05:00: [WARNING] WhatsApp session expired
2026-02-08 22:34:30 +05:00: [WARNING] WhatsApp session expired
2026-02-08 22:35:03 +05:00: [WARNING] WhatsApp session expired
2026-02-08 22:35:34 +05:00: [WARNING] WhatsApp session expired
2026-02-08 22:36:15 +05:00: [WARNING] WhatsApp session expired
2026-02-08 22:36:51 +05:00: [WARNING] WhatsApp session expired
2026-02-08 22:37:23 +05:00: [WARNING] WhatsApp session expired
2026-02-08 22:37:54 +05:00: [WARNING] WhatsApp session expired
2026-02-08 22:38:28 +05:00: [WARNING] WhatsApp session expired
2026-02-08 22:39:00 +05:00: [WARNING] WhatsApp session expired
2026-02-08 22:39:35 +05:00: [WARNING] WhatsApp session expired
2026-02-08 22:40:08 +05:00: [WARNING] WhatsApp session expired
2026-02-08 22:40:39 +05:00: [WARNING] WhatsApp session expired
2026-02-08 22:41:10 +05:00: [WARNING] WhatsApp session expired
2026-02-08 22:41:42 +05:00: [WARNING] WhatsApp session expired
2026-02-08 22:42:16 +05:00: [WARNING] WhatsApp session expired
2026-02-08 22:42:53 +05:00: [WARNING] WhatsApp session expired
2026-02-08 22:43:32 +05:00: [WARNING] WhatsApp session expired
2026-02-08 22:44:03 +05:00: [WARNING] WhatsApp session expired
2026-02-08 22:44:45 +05:00: [WARNING] WhatsApp session expired
2026-02-08 22:45:24 +05:00: [WARNING] WhatsApp session expired
2026-02-08 22:46:01 +05:00: [WARNING] WhatsApp session expired
2026-02-08 22:46:40 +05:00: [WARNING] WhatsApp session expired
2026-02-08 22:47:16 +05:00: [WARNING] WhatsApp session expired
2026-02-08 22:47:59 +05:00: [WARNING] WhatsApp session expired
2026-02-08 22:48:33 +05:00: [WARNING] WhatsApp session expired
2026-02-08 22:49:07 +05:00: [WARNING] WhatsApp session expired
2026-02-08 22:49:38 +05:00: [WARNING] WhatsApp session expired
2026-02-08 22:50:11 +05:00: [WARNING] WhatsApp session expired
2026-02-08 22:50:42 +05:00: [WARNING] WhatsApp session expired
2026-02-08 22:51:16 +05:00: [WARNING] WhatsApp session expired
2026-02-08 22:51:51 +05:00: [WARNING] WhatsApp session expired
2026-02-08 22:52:32 +05:00: [WARNING] WhatsApp session expired
2026-02-08 22:53:04 +05:00: [WARNING] WhatsApp session expired
2026-02-08 22:53:41 +05:00: [WARNING] WhatsApp session expired
2026-02-08 22:54:18 +05:00: [WARNING] WhatsApp session expired
2026-02-08 22:54:58 +05:00: [WARNING] WhatsApp session expired
2026-02-08 22:55:36 +05:00: [WARNING] WhatsApp session expired
2026-02-08 22:56:07 +05:00: [WARNING] WhatsApp session expired
2026-02-08 22:56:37 +05:00: [WARNING] WhatsApp session expired
2026-02-08 22:57:08 +05:00: [WARNING] WhatsApp session expired
2026-02-08 22:57:38 +05:00: [WARNING] WhatsApp session expired
2026-02-08 22:58:09 +05:00: [WARNING] WhatsApp session expired
2026-02-08 22:58:41 +05:00: [WARNING] WhatsApp session expired
2026-02-08 22:59:12 +05:00: [WARNING] WhatsApp session expired
2026-02-08 22:59:44 +05:00: [WARNING] WhatsApp session expired
2026-02-08 23:00:14 +05:00: [WARNING] WhatsApp session expired
2026-02-08 23:00:45 +05:00: [WARNING] WhatsApp session expired
2026-02-08 23:01:15 +05:00: [WARNING] WhatsApp session expired
2026-02-08 23:01:46 +05:00: [WARNING] WhatsApp session expired
2026-02-08 23:02:19 +05:00: [WARNING] WhatsApp session expired
2026-02-08 23:02:51 +05:00: [WARNING] WhatsApp session expired
2026-02-08 23:03:22 +05:00: [WARNING] WhatsApp session expired
2026-02-08 23:03:53 +05:00: [WARNING] WhatsApp session expired
2026-02-08 23:04:23 +05:00: [WARNING] WhatsApp session expired
2026-02-08 23:04:54 +05:00: [WARNING] WhatsApp session expired
2026-02-08 23:05:25 +05:00: [WARNING] WhatsApp session expired
2026-02-08 23:05:56 +05:00: [WARNING] WhatsApp session expired
2026-02-08 23:06:26 +05:00: [WARNING] WhatsApp session expired
2026-02-08 23:06:57 +05:00: [WARNING] WhatsApp session expired
2026-02-08 23:07:27 +05:00: [WARNING] WhatsApp session expired
2026-02-08 23:08:01 +05:00: [WARNING] WhatsApp session expired
2026-02-08 23:08:36 +05:00: [WARNING] WhatsApp session expired
2026-02-08 23:09:07 +05:00: [WARNING] WhatsApp session expired
2026-02-08 23:09:38 +05:00: [WARNING] WhatsApp session expired
2026-02-08 23:10:09 +05:00: [WARNING] WhatsApp session expired
2026-02-08 23:10:40 +05:00: [WARNING] WhatsApp session expired
2026-02-08 23:11:10 +05:00: [WARNING] WhatsApp session expired
2026-02-08 23:11:41 +05:00: [WARNING] WhatsApp session expired
2026-02-08 23:12:12 +05:00: [WARNING] WhatsApp session expired
2026-02-08 23:12:43 +05:00: [WARNING] WhatsApp session expired
2026-02-08 23:13:14 +05:00: [WARNING] WhatsApp session expired
2026-02-08 23:13:44 +05:00: [WARNING] WhatsApp session expired
2026-02-08 23:14:14 +05:00: [WARNING] WhatsApp session expired
2026-02-08 23:14:44 +05:00: [WARNING] WhatsApp session expired
2026-02-08 23:15:14 +05:00: [WARNING] WhatsApp session expired
2026-02-08 23:15:45 +05:00: [WARNING] WhatsApp session expired
2026-02-08 23:16:15 +05:00: [WARNING] WhatsApp session expired
2026-02-08 23:16:46 +05:00: [WARNING] WhatsApp session expired
2026-02-08 23:17:17 +05:00: [WARNING] WhatsApp session expired
2026-02-08 23:17:48 +05:00: [WARNING] WhatsApp session expired
2026-02-08 23:18:18 +05:00: [WARNING] WhatsApp session expired
2026-02-08 23:18:49 +05:00: [WARNING] WhatsApp session expired
2026-02-08 23:19:19 +05:00: [WARNING] WhatsApp session expired
2026-02-08 23:19:49 +05:00: [WARNING] WhatsApp session expired
2026-02-08 23:20:21 +05:00: [WARNING] WhatsApp session expired
2026-02-08 23:20:51 +05:00: [WARNING] WhatsApp session expired
2026-02-08 23:21:22 +05:00: [WARNING] WhatsApp session expired
2026-02-08 23:21:52 +05:00: [WARNING] WhatsApp session expired
2026-02-08 23:22:23 +05:00: [WARNING] WhatsApp session expired
2026-02-08 23:22:55 +05:00: [WARNING] WhatsApp session expired
2026-02-08 23:23:34 +05:00: [WARNING] WhatsApp session expired
2026-02-08 23:24:05 +05:00: [WARNING] WhatsApp session expired
2026-02-08 23:24:37 +05:00: [WARNING] WhatsApp session expired
2026-02-08 23:25:08 +05:00: [WARNING] WhatsApp session expired
2026-02-08 23:25:39 +05:00: [WARNING] WhatsApp session expired
2026-02-08 23:26:10 +05:00: [WARNING] WhatsApp session expired
2026-02-08 23:26:40 +05:00: [WARNING] WhatsApp session expired
2026-02-08 23:27:10 +05:00: [WARNING] WhatsApp session expired
2026-02-08 23:27:40 +05:00: [WARNING] WhatsApp session expired
2026-02-08 23:28:11 +05:00: [WARNING] WhatsApp session expired
2026-02-08 23:28:41 +05:00: [WARNING] WhatsApp session expired
2026-02-08 23:29:11 +05:00: [WARNING] WhatsApp session expired
2026-02-08 23:29:43 +05:00: [WARNING] WhatsApp session expired
2026-02-08 23:30:15 +05:00: [WARNING] WhatsApp session expired
2026-02-08 23:30:47 +05:00: [WARNING] WhatsApp session expired
2026-02-08 23:31:17 +05:00: [WARNING] WhatsApp session expired
2026-02-08 23:31:49 +05:00: [WARNING] WhatsApp session expired
2026-02-08 23:32:20 +05:00: [WARNING] WhatsApp session expired
2026-02-08 23:32:52 +05:00: [WARNING] WhatsApp session expired
2026-02-08 23:33:23 +05:00: [WARNING] WhatsApp session expired
2026-02-08 23:33:54 +05:00: [WARNING] WhatsApp session expired
2026-02-08 23:34:26 +05:00: [WARNING] WhatsApp session expired
2026-02-08 23:34:56 +05:00: [WARNING] WhatsApp session expired
2026-02-08 23:35:28 +05:00: [WARNING] WhatsApp session expired
2026-02-08 23:35:59 +05:00: [WARNING] WhatsApp session expired
2026-02-08 23:36:37 +05:00: [WARNING] WhatsApp session expired
2026-02-08 23:37:08 +05:00: [WARNING] WhatsApp session expired
2026-02-08 23:37:39 +05:00: [WARNING] WhatsApp session expired
2026-02-08 23:38:09 +05:00: [WARNING] WhatsApp session expired
2026-02-08 23:38:41 +05:00: [WARNING] WhatsApp session expired
2026-02-08 23:39:11 +05:00: [WARNING] WhatsApp session expired
2026-02-08 23:39:41 +05:00: [WARNING] WhatsApp session expired
2026-02-08 23:40:12 +05:00: [WARNING] WhatsApp session expired
2026-02-08 23:40:43 +05:00: [WARNING] WhatsApp session expired
2026-02-08 23:41:13 +05:00: [WARNING] WhatsApp session expired
2026-02-08 23:41:44 +05:00: [WARNING] WhatsApp session expired
2026-02-08 23:42:17 +05:00: [WARNING] WhatsApp session expired
2026-02-08 23:42:47 +05:00: [WARNING] WhatsApp session expired
2026-02-08 23:43:21 +05:00: [WARNING] WhatsApp session expired
2026-02-08 23:43:52 +05:00: [WARNING] WhatsApp session expired
2026-02-08 23:44:24 +05:00: [WARNING] WhatsApp session expired
2026-02-08 23:44:56 +05:00: [WARNING] WhatsApp session expired
2026-02-08 23:45:26 +05:00: [WARNING] WhatsApp session expired
2026-02-08 23:45:56 +05:00: [WARNING] WhatsApp session expired
2026-02-08 23:46:27 +05:00: [WARNING] WhatsApp session expired
2026-02-08 23:46:57 +05:00: [WARNING] WhatsApp session expired
2026-02-08 23:47:29 +05:00: [WARNING] WhatsApp session expired
2026-02-08 23:47:59 +05:00: [WARNING] WhatsApp session expired
2026-02-08 23:48:29 +05:00: [WARNING] WhatsApp session expired
2026-02-08 23:49:01 +05:00: [WARNING] WhatsApp session expired
2026-02-08 23:49:32 +05:00: [WARNING] WhatsApp session expired
2026-02-08 23:50:02 +05:00: [WARNING] WhatsApp session expired
2026-02-08 23:50:41 +05:00: [WARNING] WhatsApp session expired
2026-02-08 23:51:14 +05:00: [WARNING] WhatsApp session expired
2026-02-08 23:51:46 +05:00: [WARNING] WhatsApp session expired
2026-02-08 23:52:18 +05:00: [WARNING] WhatsApp session expired
2026-02-08 23:52:49 +05:00: [WARNING] WhatsApp session expired
2026-02-08 23:53:28 +05:00: [WARNING] WhatsApp session expired
2026-02-08 23:54:03 +05:00: [WARNING] WhatsApp session expired
2026-02-08 23:54:37 +05:00: [WARNING] WhatsApp session expired
2026-02-08 23:55:16 +05:00: [WARNING] WhatsApp session expired
2026-02-08 23:55:47 +05:00: [WARNING] WhatsApp session expired
2026-02-08 23:56:23 +05:00: [WARNING] WhatsApp session expired
2026-02-08 23:56:54 +05:00: [WARNING] WhatsApp session expired
2026-02-08 23:57:26 +05:00: [WARNING] WhatsApp session expired
2026-02-08 23:58:01 +05:00: [WARNING] WhatsApp session expired
2026-02-08 23:58:33 +05:00: [WARNING] WhatsApp session expired
2026-02-08 23:59:04 +05:00: [WARNING] WhatsApp session expired
2026-02-08 23:59:35 +05:00: [WARNING] WhatsApp session expired
2026-02-09 00:00:05 +05:00: [WARNING] WhatsApp session expired
2026-02-09 00:00:36 +05:00: [WARNING] WhatsApp session expired
2026-02-09 00:01:06 +05:00: [WARNING] WhatsApp session expired
2026-02-09 00:01:36 +05:00: [WARNING] WhatsApp session expired
2026-02-09 00:02:06 +05:00: [WARNING] WhatsApp session expired
2026-02-09 00:02:36 +05:00: [WARNING] WhatsApp session expired
2026-02-09 00:03:09 +05:00: [WARNING] WhatsApp session expired
2026-02-09 00:03:40 +05:00: [WARNING] WhatsApp session expired
2026-02-09 00:04:12 +05:00: [WARNING] WhatsApp session expired
2026-02-09 00:04:46 +05:00: [WARNING] WhatsApp session expired
2026-02-09 00:05:17 +05:00: [WARNING] WhatsApp session expired
2026-02-09 00:05:47 +05:00: [WARNING] WhatsApp session expired
2026-02-09 00:06:18 +05:00: [WARNING] WhatsApp session expired
2026-02-09 00:06:49 +05:00: [WARNING] WhatsApp session expired
2026-02-09 00:07:20 +05:00: [WARNING] WhatsApp session expired
2026-02-09 00:07:50 +05:00: [WARNING] WhatsApp session expired
2026-02-09 00:08:20 +05:00: [WARNING] WhatsApp session expired
2026-02-09 00:08:50 +05:00: [WARNING] WhatsApp session expired
2026-02-09 00:09:21 +05:00: [WARNING] WhatsApp session expired
2026-02-09 00:09:51 +05:00: [WARNING] WhatsApp session expired
2026-02-09 00:10:21 +05:00: [WARNING] WhatsApp session expired
2026-02-09 00:10:52 +05:00: [WARNING] WhatsApp session expired
2026-02-09 00:11:24 +05:00: [WARNING] WhatsApp session expired
2026-02-09 00:11:58 +05:00: [WARNING] WhatsApp session expired
2026-02-09 00:12:28 +05:00: [WARNING] WhatsApp session expired
2026-02-09 00:12:59 +05:00: [WARNING] WhatsApp session expired
2026-02-09 00:13:29 +05:00: [WARNING] WhatsApp session expired
2026-02-09 00:13:59 +05:00: [WARNING] WhatsApp session expired
2026-02-09 00:14:30 +05:00: [WARNING] WhatsApp session expired
2026-02-09 00:15:00 +05:00: [WARNING] WhatsApp session expired
2026-02-09 00:15:32 +05:00: [WARNING] WhatsApp session expired
2026-02-09 00:16:02 +05:00: [WARNING] WhatsApp session expired
2026-02-09 00:16:32 +05:00: [WARNING] WhatsApp session expired
2026-02-09 00:17:03 +05:00: [WARNING] WhatsApp session expired
2026-02-09 00:17:33 +05:00: [WARNING] WhatsApp session expired
2026-02-09 00:18:05 +05:00: [WARNING] WhatsApp session expired
2026-02-09 00:18:38 +05:00: [WARNING] WhatsApp session expired
2026-02-09 00:19:11 +05:00: [WARNING] WhatsApp session expired
2026-02-09 00:19:42 +05:00: [WARNING] WhatsApp session expired
2026-02-09 00:20:12 +05:00: [WARNING] WhatsApp session expired
2026-02-09 00:20:42 +05:00: [WARNING] WhatsApp session expired
2026-02-09 00:21:13 +05:00: [WARNING] WhatsApp session expired
2026-02-09 00:21:43 +05:00: [WARNING] WhatsApp session expired
2026-02-09 00:22:13 +05:00: [WARNING] WhatsApp session expired
2026-02-09 00:22:43 +05:00: [WARNING] WhatsApp session expired
2026-02-09 00:23:13 +05:00: [WARNING] WhatsApp session expired
2026-02-09 00:23:43 +05:00: [WARNING] WhatsApp session expired
2026-02-09 00:24:14 +05:00: [WARNING] WhatsApp session expired
2026-02-09 00:24:47 +05:00: [WARNING] WhatsApp session expired
2026-02-09 00:25:19 +05:00: [WARNING] WhatsApp session expired
2026-02-09 00:25:50 +05:00: [WARNING] WhatsApp session expired
2026-02-09 00:26:20 +05:00: [WARNING] WhatsApp session expired
2026-02-09 00:26:50 +05:00: [WARNING] WhatsApp session expired
2026-02-09 00:27:20 +05:00: [WARNING] WhatsApp session expired
2026-02-09 00:27:51 +05:00: [WARNING] WhatsApp session expired
2026-02-09 00:28:21 +05:00: [WARNING] WhatsApp session expired
2026-02-09 00:28:51 +05:00: [WARNING] WhatsApp session expired
2026-02-09 00:29:21 +05:00: [WARNING] WhatsApp session expired
2026-02-09 00:29:51 +05:00: [WARNING] WhatsApp session expired
2026-02-09 00:30:21 +05:00: [WARNING] WhatsApp session expired
2026-02-09 00:30:51 +05:00: [WARNING] WhatsApp session expired
2026-02-09 00:31:22 +05:00: [WARNING] WhatsApp session expired
2026-02-09 00:31:54 +05:00: [WARNING] WhatsApp session expired
2026-02-09 00:32:25 +05:00: [WARNING] WhatsApp session expired
2026-02-09 00:32:56 +05:00: [WARNING] WhatsApp session expired
2026-02-09 00:33:27 +05:00: [WARNING] WhatsApp session expired
2026-02-09 00:33:59 +05:00: [WARNING] WhatsApp session expired
2026-02-09 00:34:29 +05:00: [WARNING] WhatsApp session expired
2026-02-09 00:35:00 +05:00: [WARNING] WhatsApp session expired
2026-02-09 00:35:30 +05:00: [WARNING] WhatsApp session expired
2026-02-09 00:36:04 +05:00: [WARNING] WhatsApp session expired
2026-02-09 00:36:35 +05:00: [WARNING] WhatsApp session expired
2026-02-09 00:37:05 +05:00: [WARNING] WhatsApp session expired
2026-02-09 00:37:36 +05:00: [WARNING] WhatsApp session expired
2026-02-09 00:38:07 +05:00: [WARNING] WhatsApp session expired
2026-02-09 00:38:37 +05:00: [WARNING] WhatsApp session expired
2026-02-09 00:39:07 +05:00: [WARNING] WhatsApp session expired
2026-02-09 00:39:37 +05:00: [WARNING] WhatsApp session expired
2026-02-09 00:40:07 +05:00: [WARNING] WhatsApp session expired
2026-02-09 00:40:37 +05:00: [WARNING] WhatsApp session expired
2026-02-09 00:41:07 +05:00: [WARNING] WhatsApp session expired
2026-02-09 00:41:38 +05:00: [WARNING] WhatsApp session expired
2026-02-09 00:42:08 +05:00: [WARNING] WhatsApp session expired
2026-02-09 00:42:38 +05:00: [WARNING] WhatsApp session expired
2026-02-09 00:43:09 +05:00: [WARNING] WhatsApp session expired
2026-02-09 00:43:39 +05:00: [WARNING] WhatsApp session expired
2026-02-09 00:44:09 +05:00: [WARNING] WhatsApp session expired
2026-02-09 00:44:41 +05:00: [WARNING] WhatsApp session expired
2026-02-09 00:45:12 +05:00: [WARNING] WhatsApp session expired
2026-02-09 00:45:42 +05:00: [WARNING] WhatsApp session expired
2026-02-09 00:46:12 +05:00: [WARNING] WhatsApp session expired
2026-02-09 00:46:44 +05:00: [WARNING] WhatsApp session expired
2026-02-09 00:47:14 +05:00: [WARNING] WhatsApp session expired
2026-02-09 00:47:44 +05:00: [WARNING] WhatsApp session expired
2026-02-09 00:48:14 +05:00: [WARNING] WhatsApp session expired
2026-02-09 00:48:44 +05:00: [WARNING] WhatsApp session expired
2026-02-09 00:49:14 +05:00: [WARNING] WhatsApp session expired
2026-02-09 00:49:44 +05:00: [WARNING] WhatsApp session expired
2026-02-09 00:50:15 +05:00: [WARNING] WhatsApp session expired
2026-02-09 00:50:46 +05:00: [WARNING] WhatsApp session expired
2026-02-09 00:51:18 +05:00: [WARNING] WhatsApp session expired
2026-02-09 00:51:51 +05:00: [WARNING] WhatsApp session expired
2026-02-09 00:52:21 +05:00: [WARNING] WhatsApp session expired
2026-02-09 00:52:52 +05:00: [WARNING] WhatsApp session expired
2026-02-09 00:53:22 +05:00: [WARNING] WhatsApp session expired
2026-02-09 00:53:52 +05:00: [WARNING] WhatsApp session expired
2026-02-09 00:54:23 +05:00: [WARNING] WhatsApp session expired
2026-02-09 00:54:53 +05:00: [WARNING] WhatsApp session expired
2026-02-09 00:55:23 +05:00: [WARNING] WhatsApp session expired
2026-02-09 00:55:53 +05:00: [WARNING] WhatsApp session expired
2026-02-09 00:56:23 +05:00: [WARNING] WhatsApp session expired
2026-02-09 00:56:53 +05:00: [WARNING] WhatsApp session expired
2026-02-09 00:57:26 +05:00: [WARNING] WhatsApp session expired
2026-02-09 00:57:57 +05:00: [WARNING] WhatsApp session expired
2026-02-09 00:58:29 +05:00: [WARNING] WhatsApp session expired
2026-02-09 00:58:59 +05:00: [WARNING] WhatsApp session expired
2026-02-09 00:59:29 +05:00: [WARNING] WhatsApp session expired
2026-02-09 00:59:59 +05:00: [WARNING] WhatsApp session expired
2026-02-09 01:00:30 +05:00: [WARNING] WhatsApp session expired
2026-02-09 01:01:00 +05:00: [WARNING] WhatsApp session expired
2026-02-09 01:01:30 +05:00: [WARNING] WhatsApp session expired
2026-02-09 01:02:00 +05:00: [WARNING] WhatsApp session expired
2026-02-09 01:02:31 +05:00: [WARNING] WhatsApp session expired
2026-02-09 01:03:02 +05:00: [WARNING] WhatsApp session expired
2026-02-09 01:03:32 +05:00: [WARNING] WhatsApp session expired
2026-02-09 01:04:02 +05:00: [WARNING] WhatsApp session expired
2026-02-09 01:04:33 +05:00: [WARNING] WhatsApp session expired
2026-02-09 01:05:05 +05:00: [WARNING] WhatsApp session expired
2026-02-09 01:05:36 +05:00: [WARNING] WhatsApp session expired
2026-02-09 01:06:06 +05:00: [WARNING] WhatsApp session expired
2026-02-09 01:06:36 +05:00: [WARNING] WhatsApp session expired
2026-02-09 01:07:07 +05:00: [WARNING] WhatsApp session expired
2026-02-09 01:07:37 +05:00: [WARNING] WhatsApp session expired
2026-02-09 01:08:09 +05:00: [WARNING] WhatsApp session expired
2026-02-09 01:08:39 +05:00: [WARNING] WhatsApp session expired
2026-02-09 01:09:10 +05:00: [WARNING] WhatsApp session expired
2026-02-09 01:09:40 +05:00: [WARNING] WhatsApp session expired
2026-02-09 01:10:10 +05:00: [WARNING] WhatsApp session expired
2026-02-09 01:10:50 +05:00: [WARNING] WhatsApp session expired
2026-02-09 01:11:23 +05:00: [WARNING] WhatsApp session expired
2026-02-09 01:11:56 +05:00: [WARNING] WhatsApp session expired
2026-02-09 01:12:27 +05:00: [WARNING] WhatsApp session expired
2026-02-09 01:12:59 +05:00: [WARNING] WhatsApp session expired
2026-02-09 01:13:29 +05:00: [WARNING] WhatsApp session expired
2026-02-09 01:14:01 +05:00: [WARNING] WhatsApp session expired
2026-02-09 01:14:32 +05:00: [WARNING] WhatsApp session expired
2026-02-09 01:15:02 +05:00: [WARNING] WhatsApp session expired
2026-02-09 01:15:32 +05:00: [WARNING] WhatsApp session expired
2026-02-09 01:16:02 +05:00: [WARNING] WhatsApp session expired
2026-02-09 01:16:33 +05:00: [WARNING] WhatsApp session expired
2026-02-09 01:17:04 +05:00: [WARNING] WhatsApp session expired
2026-02-09 01:17:37 +05:00: [WARNING] WhatsApp session expired
2026-02-09 01:18:08 +05:00: [WARNING] WhatsApp session expired
2026-02-09 01:18:42 +05:00: [WARNING] WhatsApp session expired
2026-02-09 01:19:22 +05:00: [WARNING] WhatsApp session expired
2026-02-09 01:19:53 +05:00: [WARNING] WhatsApp session expired
2026-02-09 01:20:23 +05:00: [WARNING] WhatsApp session expired
2026-02-09 01:20:54 +05:00: [WARNING] WhatsApp session expired
2026-02-09 01:21:26 +05:00: [WARNING] WhatsApp session expired
2026-02-09 01:21:56 +05:00: [WARNING] WhatsApp session expired
2026-02-09 01:22:26 +05:00: [WARNING] WhatsApp session expired
2026-02-09 01:22:57 +05:00: [WARNING] WhatsApp session expired
2026-02-09 01:23:27 +05:00: [WARNING] WhatsApp session expired
2026-02-09 01:23:57 +05:00: [WARNING] WhatsApp session expired
2026-02-09 01:24:29 +05:00: [WARNING] WhatsApp session expired
2026-02-09 01:24:59 +05:00: [WARNING] WhatsApp session expired
2026-02-09 01:25:29 +05:00: [WARNING] WhatsApp session expired
2026-02-09 01:26:01 +05:00: [WARNING] WhatsApp session expired
2026-02-09 01:26:32 +05:00: [WARNING] WhatsApp session expired
2026-02-09 01:27:04 +05:00: [WARNING] WhatsApp session expired
2026-02-09 01:27:37 +05:00: [WARNING] WhatsApp session expired
2026-02-09 01:28:12 +05:00: [WARNING] WhatsApp session expired
2026-02-09 01:28:46 +05:00: [WARNING] WhatsApp session expired
2026-02-09 01:29:20 +05:00: [WARNING] WhatsApp session expired
2026-02-09 01:29:57 +05:00: [WARNING] WhatsApp session expired
2026-02-09 01:30:27 +05:00: [WARNING] WhatsApp session expired
2026-02-09 01:30:57 +05:00: [WARNING] WhatsApp session expired
2026-02-09 01:31:28 +05:00: [WARNING] WhatsApp session expired
2026-02-09 01:31:58 +05:00: [WARNING] WhatsApp session expired
2026-02-09 01:32:28 +05:00: [WARNING] WhatsApp session expired
2026-02-09 01:32:58 +05:00: [WARNING] WhatsApp session expired
2026-02-09 01:33:28 +05:00: [WARNING] WhatsApp session expired
2026-02-09 01:33:59 +05:00: [WARNING] WhatsApp session expired
2026-02-09 01:34:29 +05:00: [WARNING] WhatsApp session expired
2026-02-09 01:34:59 +05:00: [WARNING] WhatsApp session expired
2026-02-09 01:35:30 +05:00: [WARNING] WhatsApp session expired
2026-02-09 01:36:00 +05:00: [WARNING] WhatsApp session expired
2026-02-09 01:36:31 +05:00: [WARNING] WhatsApp session expired
2026-02-09 01:37:01 +05:00: [WARNING] WhatsApp session expired
2026-02-09 01:37:31 +05:00: [WARNING] WhatsApp session expired
2026-02-09 01:38:01 +05:00: [WARNING] WhatsApp session expired
2026-02-09 01:38:37 +05:00: [WARNING] WhatsApp session expired
2026-02-09 01:39:08 +05:00: [WARNING] WhatsApp session expired
2026-02-09 01:39:38 +05:00: [WARNING] WhatsApp session expired
2026-02-09 01:40:08 +05:00: [WARNING] WhatsApp session expired
2026-02-09 01:40:38 +05:00: [WARNING] WhatsApp session expired
2026-02-09 01:41:09 +05:00: [WARNING] WhatsApp session expired
2026-02-09 01:41:39 +05:00: [WARNING] WhatsApp session expired
2026-02-09 01:42:09 +05:00: [WARNING] WhatsApp session expired
2026-02-09 01:42:40 +05:00: [WARNING] WhatsApp session expired
2026-02-09 01:43:11 +05:00: [WARNING] WhatsApp session expired
2026-02-09 01:43:42 +05:00: [WARNING] WhatsApp session expired
2026-02-09 01:44:12 +05:00: [WARNING] WhatsApp session expired
2026-02-09 01:44:43 +05:00: [WARNING] WhatsApp session expired
2026-02-09 01:45:13 +05:00: [WARNING] WhatsApp session expired
2026-02-09 01:45:43 +05:00: [WARNING] WhatsApp session expired
2026-02-09 01:46:17 +05:00: [WARNING] WhatsApp session expired
2026-02-09 01:46:47 +05:00: [WARNING] WhatsApp session expired
2026-02-09 01:47:18 +05:00: [WARNING] WhatsApp session expired
2026-02-09 01:47:52 +05:00: [WARNING] WhatsApp session expired
2026-02-09 01:48:26 +05:00: [WARNING] WhatsApp session expired
2026-02-09 01:48:57 +05:00: [WARNING] WhatsApp session expired
2026-02-09 01:49:28 +05:00: [WARNING] WhatsApp session expired
2026-02-09 01:49:58 +05:00: [WARNING] WhatsApp session expired
2026-02-09 01:50:29 +05:00: [WARNING] WhatsApp session expired
2026-02-09 01:50:59 +05:00: [WARNING] WhatsApp session expired
2026-02-09 01:51:29 +05:00: [WARNING] WhatsApp session expired
2026-02-09 01:51:59 +05:00: [WARNING] WhatsApp session expired
2026-02-09 01:52:30 +05:00: [WARNING] WhatsApp session expired
2026-02-09 01:53:00 +05:00: [WARNING] WhatsApp session expired
2026-02-09 01:53:31 +05:00: [WARNING] WhatsApp session expired
2026-02-09 01:54:16 +05:00: [WARNING] WhatsApp session expired
2026-02-09 01:54:54 +05:00: [WARNING] WhatsApp session expired
2026-02-09 01:55:30 +05:00: [WARNING] WhatsApp session expired
2026-02-09 01:56:11 +05:00: [WARNING] WhatsApp session expired
2026-02-09 01:56:45 +05:00: [WARNING] WhatsApp session expired
2026-02-09 01:57:25 +05:00: [WARNING] WhatsApp session expired
2026-02-09 01:58:11 +05:00: [WARNING] WhatsApp session expired
2026-02-09 01:58:48 +05:00: [WARNING] WhatsApp session expired
2026-02-09 01:59:38 +05:00: [WARNING] WhatsApp session expired
2026-02-09 02:00:27 +05:00: [WARNING] WhatsApp session expired
2026-02-09 02:01:02 +05:00: [WARNING] WhatsApp session expired
2026-02-09 02:01:52 +05:00: [WARNING] WhatsApp session expired
2026-02-09 02:02:29 +05:00: [WARNING] WhatsApp session expired
2026-02-09 02:03:05 +05:00: [WARNING] WhatsApp session expired
2026-02-09 02:03:45 +05:00: [WARNING] WhatsApp session expired
2026-02-09 02:04:28 +05:00: [WARNING] WhatsApp session expired
2026-02-09 02:05:05 +05:00: [WARNING] WhatsApp session expired
2026-02-09 02:05:43 +05:00: [WARNING] WhatsApp session expired
2026-02-09 02:06:29 +05:00: [WARNING] WhatsApp session expired
2026-02-09 02:07:12 +05:00: [WARNING] WhatsApp session expired
2026-02-09 02:07:42 +05:00: [WARNING] WhatsApp session expired
2026-02-09 02:08:13 +05:00: [WARNING] WhatsApp session expired
2026-02-09 02:08:44 +05:00: [WARNING] WhatsApp session expired
2026-02-09 02:09:17 +05:00: [WARNING] WhatsApp session expired
2026-02-09 02:09:52 +05:00: [WARNING] WhatsApp session expired
2026-02-09 02:10:22 +05:00: [WARNING] WhatsApp session expired
2026-02-09 02:10:57 +05:00: [WARNING] WhatsApp session expired
2026-02-09 02:11:28 +05:00: [WARNING] WhatsApp session expired
2026-02-09 02:11:59 +05:00: [WARNING] WhatsApp session expired
2026-02-09 02:12:31 +05:00: [WARNING] WhatsApp session expired
2026-02-09 02:13:01 +05:00: [WARNING] WhatsApp session expired
2026-02-09 02:13:33 +05:00: [WARNING] WhatsApp session expired
2026-02-09 02:14:03 +05:00: [WARNING] WhatsApp session expired
2026-02-09 02:14:34 +05:00: [WARNING] WhatsApp session expired
2026-02-09 02:15:04 +05:00: [WARNING] WhatsApp session expired
2026-02-09 02:15:35 +05:00: [WARNING] WhatsApp session expired
2026-02-09 02:16:05 +05:00: [WARNING] WhatsApp session expired
2026-02-09 02:16:36 +05:00: [WARNING] WhatsApp session expired
2026-02-09 02:17:07 +05:00: [WARNING] WhatsApp session expired
2026-02-09 02:17:37 +05:00: [WARNING] WhatsApp session expired
2026-02-09 02:18:07 +05:00: [WARNING] WhatsApp session expired
2026-02-09 02:18:40 +05:00: [WARNING] WhatsApp session expired
2026-02-09 02:19:10 +05:00: [WARNING] WhatsApp session expired
2026-02-09 02:19:41 +05:00: [WARNING] WhatsApp session expired
2026-02-09 02:20:20 +05:00: [WARNING] WhatsApp session expired
2026-02-09 02:20:56 +05:00: [WARNING] WhatsApp session expired
2026-02-09 02:21:37 +05:00: [WARNING] WhatsApp session expired
2026-02-09 02:22:11 +05:00: [WARNING] WhatsApp session expired
2026-02-09 02:22:51 +05:00: [WARNING] WhatsApp session expired
2026-02-09 02:23:22 +05:00: [WARNING] WhatsApp session expired
2026-02-09 02:23:57 +05:00: [WARNING] WhatsApp session expired
2026-02-09 02:24:29 +05:00: [WARNING] WhatsApp session expired
2026-02-09 02:25:02 +05:00: [WARNING] WhatsApp session expired
2026-02-09 02:25:36 +05:00: [WARNING] WhatsApp session expired
2026-02-09 02:26:07 +05:00: [WARNING] WhatsApp session expired
2026-02-09 02:26:42 +05:00: [WARNING] WhatsApp session expired
2026-02-09 02:27:20 +05:00: [WARNING] WhatsApp session expired
2026-02-09 02:27:51 +05:00: [WARNING] WhatsApp session expired
2026-02-09 02:28:24 +05:00: [WARNING] WhatsApp session expired
2026-02-09 02:28:55 +05:00: [WARNING] WhatsApp session expired
2026-02-09 02:29:28 +05:00: [WARNING] WhatsApp session expired
2026-02-09 02:30:00 +05:00: [WARNING] WhatsApp session expired
2026-02-09 02:30:31 +05:00: [WARNING] WhatsApp session expired
2026-02-09 02:31:01 +05:00: [WARNING] WhatsApp session expired
2026-02-09 02:31:32 +05:00: [WARNING] WhatsApp session expired
2026-02-09 02:32:02 +05:00: [WARNING] WhatsApp session expired
2026-02-09 02:32:33 +05:00: [WARNING] WhatsApp session expired
2026-02-09 02:33:03 +05:00: [WARNING] WhatsApp session expired
2026-02-09 02:33:33 +05:00: [WARNING] WhatsApp session expired
2026-02-09 02:34:04 +05:00: [WARNING] WhatsApp session expired
2026-02-09 02:34:34 +05:00: [WARNING] WhatsApp session expired
2026-02-09 02:35:04 +05:00: [WARNING] WhatsApp session expired
2026-02-09 02:35:35 +05:00: [WARNING] WhatsApp session expired
2026-02-09 02:36:05 +05:00: [WARNING] WhatsApp session expired
2026-02-09 02:36:35 +05:00: [WARNING] WhatsApp session expired
2026-02-09 02:37:06 +05:00: [WARNING] WhatsApp session expired
2026-02-09 02:37:36 +05:00: [WARNING] WhatsApp session expired
2026-02-09 02:38:07 +05:00: [WARNING] WhatsApp session expired
2026-02-09 02:38:38 +05:00: [WARNING] WhatsApp session expired
2026-02-09 02:39:10 +05:00: [WARNING] WhatsApp session expired
2026-02-09 02:39:49 +05:00: [WARNING] WhatsApp session expired
2026-02-09 02:40:24 +05:00: [WARNING] WhatsApp session expired
2026-02-09 02:40:55 +05:00: [WARNING] WhatsApp session expired
2026-02-09 02:41:29 +05:00: [WARNING] WhatsApp session expired
2026-02-09 02:42:01 +05:00: [WARNING] WhatsApp session expired
2026-02-09 02:42:32 +05:00: [WARNING] WhatsApp session expired
2026-02-09 02:43:02 +05:00: [WARNING] WhatsApp session expired
2026-02-09 02:43:32 +05:00: [WARNING] WhatsApp session expired
2026-02-09 02:44:02 +05:00: [WARNING] WhatsApp session expired
2026-02-09 02:44:33 +05:00: [WARNING] WhatsApp session expired
2026-02-09 02:45:03 +05:00: [WARNING] WhatsApp session expired
2026-02-09 02:45:33 +05:00: [WARNING] WhatsApp session expired
2026-02-09 02:46:04 +05:00: [WARNING] WhatsApp session expired
2026-02-09 02:46:42 +05:00: [WARNING] WhatsApp session expired
2026-02-09 02:47:17 +05:00: [WARNING] WhatsApp session expired
2026-02-09 02:47:48 +05:00: [WARNING] WhatsApp session expired
2026-02-09 02:48:18 +05:00: [WARNING] WhatsApp session expired
2026-02-09 02:48:48 +05:00: [WARNING] WhatsApp session expired
2026-02-09 02:49:19 +05:00: [WARNING] WhatsApp session expired
2026-02-09 02:49:50 +05:00: [WARNING] WhatsApp session expired
2026-02-09 02:50:21 +05:00: [WARNING] WhatsApp session expired
2026-02-09 02:50:52 +05:00: [WARNING] WhatsApp session expired
2026-02-09 02:51:23 +05:00: [WARNING] WhatsApp session expired
2026-02-09 02:51:53 +05:00: [WARNING] WhatsApp session expired
2026-02-09 02:52:29 +05:00: [WARNING] WhatsApp session expired
2026-02-09 02:53:00 +05:00: [WARNING] WhatsApp session expired
2026-02-09 02:53:31 +05:00: [WARNING] WhatsApp session expired
2026-02-09 02:54:04 +05:00: [WARNING] WhatsApp session expired
2026-02-09 02:54:40 +05:00: [WARNING] WhatsApp session expired
2026-02-09 02:55:26 +05:00: [WARNING] WhatsApp session expired
2026-02-09 02:56:14 +05:00: [WARNING] WhatsApp session expired
2026-02-09 02:56:44 +05:00: [WARNING] WhatsApp session expired
2026-02-09 02:57:16 +05:00: [WARNING] WhatsApp session expired
2026-02-09 02:58:02 +05:00: [WARNING] WhatsApp session expired
2026-02-09 02:58:35 +05:00: [WARNING] WhatsApp session expired
2026-02-09 02:59:08 +05:00: [WARNING] WhatsApp session expired
2026-02-09 02:59:39 +05:00: [WARNING] WhatsApp session expired
2026-02-09 03:00:14 +05:00: [WARNING] WhatsApp session expired
2026-02-09 03:00:47 +05:00: [WARNING] WhatsApp session expired
2026-02-09 03:01:24 +05:00: [WARNING] WhatsApp session expired
2026-02-09 11:58:12 +05:00: [WARNING] WhatsApp session expired
2026-02-09 11:58:48 +05:00: [WARNING] WhatsApp session expired
2026-02-09 11:59:22 +05:00: [WARNING] WhatsApp session expired
2026-02-09 11:59:53 +05:00: [WARNING] WhatsApp session expired
2026-02-09 12:00:25 +05:00: [WARNING] WhatsApp session expired
2026-02-09 12:00:56 +05:00: [WARNING] WhatsApp session expired
2026-02-09 12:01:29 +05:00: [WARNING] WhatsApp session expired
2026-02-09 12:02:02 +05:00: [WARNING] WhatsApp session expired
2026-02-09 12:02:35 +05:00: [WARNING] WhatsApp session expired
2026-02-09 12:03:07 +05:00: [WARNING] WhatsApp session expired
2026-02-09 12:03:39 +05:00: [WARNING] WhatsApp session expired
2026-02-09 12:04:10 +05:00: [WARNING] WhatsApp session expired
2026-02-09 12:04:51 +05:00: [WARNING] WhatsApp session expired
2026-02-09 12:05:21 +05:00: [WARNING] WhatsApp session expired
2026-02-09 12:05:55 +05:00: [WARNING] WhatsApp session expired
2026-02-09 12:06:35 +05:00: [WARNING] WhatsApp session expired
2026-02-09 12:07:16 +05:00: [WARNING] WhatsApp session expired
2026-02-09 12:08:00 +05:00: [WARNING] WhatsApp session expired
2026-02-09 12:08:31 +05:00: [WARNING] WhatsApp session expired
2026-02-09 12:09:01 +05:00: [WARNING] WhatsApp session expired
2026-02-09 12:09:32 +05:00: [WARNING] WhatsApp session expired
2026-02-09 12:10:03 +05:00: [WARNING] WhatsApp session expired
2026-02-09 12:10:33 +05:00: [WARNING] WhatsApp session expired
2026-02-09 12:11:11 +05:00: [WARNING] WhatsApp session expired
2026-02-09 12:11:43 +05:00: [WARNING] WhatsApp session expired
2026-02-09 12:12:14 +05:00: [WARNING] WhatsApp session expired
2026-02-09 12:12:45 +05:00: [WARNING] WhatsApp session expired
2026-02-09 12:13:18 +05:00: [WARNING] WhatsApp session expired
2026-02-09 12:13:55 +05:00: [WARNING] WhatsApp session expired
2026-02-09 12:14:28 +05:00: [WARNING] WhatsApp session expired
2026-02-09 12:14:59 +05:00: [WARNING] WhatsApp session expired
2026-02-09 12:15:30 +05:00: [WARNING] WhatsApp session expired
2026-02-09 12:16:01 +05:00: [WARNING] WhatsApp session expired
2026-02-09 12:16:34 +05:00: [WARNING] WhatsApp session expired
2026-02-09 12:17:05 +05:00: [WARNING] WhatsApp session expired
2026-02-09 12:17:37 +05:00: [WARNING] WhatsApp session expired
2026-02-09 12:18:07 +05:00: [WARNING] WhatsApp session expired
2026-02-09 12:18:38 +05:00: [WARNING] WhatsApp session expired
2026-02-09 12:19:09 +05:00: [WARNING] WhatsApp session expired
2026-02-09 12:19:40 +05:00: [WARNING] WhatsApp session expired
2026-02-09 12:20:10 +05:00: [WARNING] WhatsApp session expired
2026-02-09 12:20:41 +05:00: [WARNING] WhatsApp session expired
2026-02-09 12:21:12 +05:00: [WARNING] WhatsApp session expired
2026-02-09 16:32:15 +05:00: [WARNING] WhatsApp session expired
2026-02-09 16:32:46 +05:00: [WARNING] WhatsApp session expired
2026-02-09 16:33:20 +05:00: [WARNING] WhatsApp session expired
2026-02-09 16:33:50 +05:00: [WARNING] WhatsApp session expired
2026-02-09 16:34:24 +05:00: [WARNING] WhatsApp session expired
2026-02-09 16:34:55 +05:00: [WARNING] WhatsApp session expired
2026-02-09 16:35:25 +05:00: [WARNING] WhatsApp session expired
2026-02-09 16:35:55 +05:00: [WARNING] WhatsApp session expired
2026-02-09 16:36:28 +05:00: [WARNING] WhatsApp session expired
2026-02-09 16:36:58 +05:00: [WARNING] WhatsApp session expired
2026-02-09 16:37:28 +05:00: [WARNING] WhatsApp session expired
2026-02-09 16:37:58 +05:00: [WARNING] WhatsApp session expired
2026-02-09 16:38:29 +05:00: [WARNING] WhatsApp session expired
2026-02-09 16:38:59 +05:00: [WARNING] WhatsApp session expired
2026-02-09 16:39:29 +05:00: [WARNING] WhatsApp session expired
2026-02-09 16:40:00 +05:00: [WARNING] WhatsApp session expired
2026-02-09 16:40:31 +05:00: [WARNING] WhatsApp session expired
2026-02-09 16:41:01 +05:00: [WARNING] WhatsApp session expired
2026-02-09 16:41:31 +05:00: [WARNING] WhatsApp session expired
2026-02-09 16:42:01 +05:00: [WARNING] WhatsApp session expired
2026-02-09 16:42:31 +05:00: [WARNING] WhatsApp session expired
2026-02-09 16:43:01 +05:00: [WARNING] WhatsApp session expired
2026-02-09 16:43:32 +05:00: [WARNING] WhatsApp session expired
2026-02-09 16:44:02 +05:00: [WARNING] WhatsApp session expired
2026-02-09 16:44:32 +05:00: [WARNING] WhatsApp session expired
2026-02-09 16:45:02 +05:00: [WARNING] WhatsApp session expired
2026-02-09 16:45:32 +05:00: [WARNING] WhatsApp session expired
2026-02-09 16:46:02 +05:00: [WARNING] WhatsApp session expired
2026-02-09 16:46:33 +05:00: [WARNING] WhatsApp session expired
2026-02-09 16:47:03 +05:00: [WARNING] WhatsApp session expired
2026-02-09 16:47:33 +05:00: [WARNING] WhatsApp session expired
2026-02-09 16:48:03 +05:00: [WARNING] WhatsApp session expired
2026-02-09 16:48:33 +05:00: [WARNING] WhatsApp session expired
2026-02-09 16:49:03 +05:00: [WARNING] WhatsApp session expired
2026-02-09 16:49:34 +05:00: [WARNING] WhatsApp session expired
2026-02-09 16:50:04 +05:00: [WARNING] WhatsApp session expired
2026-02-09 16:50:34 +05:00: [WARNING] WhatsApp session expired
2026-02-09 16:51:05 +05:00: [WARNING] WhatsApp session expired
2026-02-09 16:51:35 +05:00: [WARNING] WhatsApp session expired
2026-02-09 16:52:05 +05:00: [WARNING] WhatsApp session expired
2026-02-09 16:52:35 +05:00: [WARNING] WhatsApp session expired
2026-02-09 16:53:05 +05:00: [WARNING] WhatsApp session expired
2026-02-09 16:53:35 +05:00: [WARNING] WhatsApp session expired
2026-02-09 16:54:06 +05:00: [WARNING] WhatsApp session expired
2026-02-09 16:54:36 +05:00: [WARNING] WhatsApp session expired
2026-02-09 16:55:06 +05:00: [WARNING] WhatsApp session expired
2026-02-09 16:55:36 +05:00: [WARNING] WhatsApp session expired
2026-02-09 16:56:06 +05:00: [WARNING] WhatsApp session expired
2026-02-09 16:56:36 +05:00: [WARNING] WhatsApp session expired
2026-02-09 16:57:07 +05:00: [WARNING] WhatsApp session expired
2026-02-09 16:57:37 +05:00: [WARNING] WhatsApp session expired
2026-02-09 16:58:07 +05:00: [WARNING] WhatsApp session expired
2026-02-09 16:58:37 +05:00: [WARNING] WhatsApp session expired
2026-02-09 16:59:07 +05:00: [WARNING] WhatsApp session expired
2026-02-09 16:59:37 +05:00: [WARNING] WhatsApp session expired
2026-02-09 17:00:07 +05:00: [WARNING] WhatsApp session expired
2026-02-09 17:00:38 +05:00: [WARNING] WhatsApp session expired
2026-02-09 17:01:08 +05:00: [WARNING] WhatsApp session expired
2026-02-09 17:01:38 +05:00: [WARNING] WhatsApp session expired
2026-02-09 17:02:08 +05:00: [WARNING] WhatsApp session expired
2026-02-09 17:02:38 +05:00: [WARNING] WhatsApp session expired
2026-02-09 17:03:08 +05:00: [WARNING] WhatsApp session expired
2026-02-09 17:03:38 +05:00: [WARNING] WhatsApp session expired
2026-02-09 17:04:09 +05:00: [WARNING] WhatsApp session expired
2026-02-09 17:04:39 +05:00: [WARNING] WhatsApp session expired
2026-02-09 17:05:09 +05:00: [WARNING] WhatsApp session expired
2026-02-09 17:05:39 +05:00: [WARNING] WhatsApp session expired
2026-02-09 17:06:09 +05:00: [WARNING] WhatsApp session expired
2026-02-09 17:06:39 +05:00: [WARNING] WhatsApp session expired
2026-02-09 17:07:10 +05:00: [WARNING] WhatsApp session expired
2026-02-09 17:07:40 +05:00: [WARNING] WhatsApp session expired
2026-02-09 17:08:10 +05:00: [WARNING] WhatsApp session expired
2026-02-09 17:08:40 +05:00: [WARNING] WhatsApp session expired
2026-02-09 17:09:11 +05:00: [WARNING] WhatsApp session expired
2026-02-09 17:09:41 +05:00: [WARNING] WhatsApp session expired
2026-02-09 17:10:11 +05:00: [WARNING] WhatsApp session expired
2026-02-09 17:10:41 +05:00: [WARNING] WhatsApp session expired
2026-02-09 17:11:11 +05:00: [WARNING] WhatsApp session expired
2026-02-09 17:11:41 +05:00: [WARNING] WhatsApp session expired
2026-02-09 17:12:11 +05:00: [WARNING] WhatsApp session expired
2026-02-09 17:12:42 +05:00: [WARNING] WhatsApp session expired
2026-02-09 17:13:12 +05:00: [WARNING] WhatsApp session expired
2026-02-09 17:13:42 +05:00: [WARNING] WhatsApp session expired
2026-02-09 17:14:12 +05:00: [WARNING] WhatsApp session expired
2026-02-09 17:14:42 +05:00: [WARNING] WhatsApp session expired
2026-02-09 17:15:12 +05:00: [WARNING] WhatsApp session expired
2026-02-09 17:15:42 +05:00: [WARNING] WhatsApp session expired
2026-02-09 17:16:12 +05:00: [WARNING] WhatsApp session expired
2026-02-09 17:16:42 +05:00: [WARNING] WhatsApp session expired
2026-02-09 17:17:13 +05:00: [WARNING] WhatsApp session expired
2026-02-09 17:17:43 +05:00: [WARNING] WhatsApp session expired
2026-02-09 17:18:13 +05:00: [WARNING] WhatsApp session expired
2026-02-09 17:18:43 +05:00: [WARNING] WhatsApp session expired
2026-02-09 17:19:13 +05:00: [WARNING] WhatsApp session expired
2026-02-09 17:19:43 +05:00: [WARNING] WhatsApp session expired
2026-02-09 17:20:13 +05:00: [WARNING] WhatsApp session expired
2026-02-09 17:20:44 +05:00: [WARNING] WhatsApp session expired
2026-02-09 17:21:14 +05:00: [WARNING] WhatsApp session expired
2026-02-09 17:21:44 +05:00: [WARNING] WhatsApp session expired
2026-02-09 17:22:14 +05:00: [WARNING] WhatsApp session expired
2026-02-09 17:22:44 +05:00: [WARNING] WhatsApp session expired
2026-02-09 17:23:14 +05:00: [WARNING] WhatsApp session expired
2026-02-09 17:23:44 +05:00: [WARNING] WhatsApp session expired
2026-02-09 17:24:15 +05:00: [WARNING] WhatsApp session expired
2026-02-09 17:24:45 +05:00: [WARNING] WhatsApp session expired
2026-02-09 17:25:15 +05:00: [WARNING] WhatsApp session expired
2026-02-09 17:25:45 +05:00: [WARNING] WhatsApp session expired
2026-02-09 17:26:15 +05:00: [WARNING] WhatsApp session expired
2026-02-09 17:26:45 +05:00: [WARNING] WhatsApp session expired
2026-02-09 17:27:15 +05:00: [WARNING] WhatsApp session expired
2026-02-09 17:27:45 +05:00: [WARNING] WhatsApp session expired
2026-02-09 17:28:16 +05:00: [WARNING] WhatsApp session expired
2026-02-09 17:28:46 +05:00: [WARNING] WhatsApp session expired
2026-02-09 17:29:16 +05:00: [WARNING] WhatsApp session expired
2026-02-09 17:29:46 +05:00: [WARNING] WhatsApp session expired
2026-02-09 17:30:16 +05:00: [WARNING] WhatsApp session expired
2026-02-09 17:30:49 +05:00: [WARNING] WhatsApp session expired
2026-02-09 17:31:19 +05:00: [WARNING] WhatsApp session expired
2026-02-09 17:31:50 +05:00: [WARNING] WhatsApp session expired
2026-02-09 17:32:20 +05:00: [WARNING] WhatsApp session expired
2026-02-09 17:32:51 +05:00: [WARNING] WhatsApp session expired
2026-02-09 17:33:21 +05:00: [WARNING] WhatsApp session expired
2026-02-09 17:33:51 +05:00: [WARNING] WhatsApp session expired
2026-02-09 17:34:21 +05:00: [WARNING] WhatsApp session expired
2026-02-09 17:34:51 +05:00: [WARNING] WhatsApp session expired
2026-02-09 17:35:29 +05:00: [WARNING] WhatsApp session expired
2026-02-09 17:35:59 +05:00: [WARNING] WhatsApp session expired
2026-02-09 17:36:29 +05:00: [WARNING] WhatsApp session expired
2026-02-09 17:37:00 +05:00: [WARNING] WhatsApp session expired
2026-02-09 17:37:30 +05:00: [WARNING] WhatsApp session expired
2026-02-09 17:38:00 +05:00: [WARNING] WhatsApp session expired
2026-02-09 17:38:30 +05:00: [WARNING] WhatsApp session expired
2026-02-09 17:39:01 +05:00: [WARNING] WhatsApp session expired
2026-02-09 17:39:31 +05:00: [WARNING] WhatsApp session expired
2026-02-09 17:40:01 +05:00: [WARNING] WhatsApp session expired
2026-02-09 17:40:31 +05:00: [WARNING] WhatsApp session expired
2026-02-09 17:41:01 +05:00: [WARNING] WhatsApp session expired
2026-02-09 17:41:31 +05:00: [WARNING] WhatsApp session expired
2026-02-09 17:42:01 +05:00: [WARNING] WhatsApp session expired
2026-02-09 17:42:31 +05:00: [WARNING] WhatsApp session expired
2026-02-09 17:43:02 +05:00: [WARNING] WhatsApp session expired
2026-02-09 17:43:32 +05:00: [WARNING] WhatsApp session expired
2026-02-09 17:44:02 +05:00: [WARNING] WhatsApp session expired
2026-02-09 17:44:32 +05:00: [WARNING] WhatsApp session expired
2026-02-09 17:45:02 +05:00: [WARNING] WhatsApp session expired
2026-02-09 17:45:32 +05:00: [WARNING] WhatsApp session expired
2026-02-09 17:46:02 +05:00: [WARNING] WhatsApp session expired
2026-02-09 17:46:33 +05:00: [WARNING] WhatsApp session expired
2026-02-09 17:47:04 +05:00: [WARNING] WhatsApp session expired
2026-02-09 17:47:34 +05:00: [WARNING] WhatsApp session expired
2026-02-09 17:48:04 +05:00: [WARNING] WhatsApp session expired
2026-02-09 17:48:34 +05:00: [WARNING] WhatsApp session expired
2026-02-09 17:49:04 +05:00: [WARNING] WhatsApp session expired
2026-02-09 17:49:35 +05:00: [WARNING] WhatsApp session expired
2026-02-09 17:50:05 +05:00: [WARNING] WhatsApp session expired
2026-02-09 17:50:35 +05:00: [WARNING] WhatsApp session expired
2026-02-09 17:51:05 +05:00: [WARNING] WhatsApp session expired
2026-02-09 17:51:35 +05:00: [WARNING] WhatsApp session expired
2026-02-09 17:52:05 +05:00: [WARNING] WhatsApp session expired
2026-02-09 17:52:36 +05:00: [WARNING] WhatsApp session expired
2026-02-09 17:53:06 +05:00: [WARNING] WhatsApp session expired
2026-02-09 17:53:36 +05:00: [WARNING] WhatsApp session expired
2026-02-09 17:54:06 +05:00: [WARNING] WhatsApp session expired
2026-02-09 17:54:36 +05:00: [WARNING] WhatsApp session expired
2026-02-09 17:55:06 +05:00: [WARNING] WhatsApp session expired
2026-02-09 17:55:36 +05:00: [WARNING] WhatsApp session expired
2026-02-09 17:56:07 +05:00: [WARNING] WhatsApp session expired
2026-02-09 17:56:37 +05:00: [WARNING] WhatsApp session expired
2026-02-09 17:57:07 +05:00: [WARNING] WhatsApp session expired
2026-02-09 17:57:37 +05:00: [WARNING] WhatsApp session expired
2026-02-09 17:58:07 +05:00: [WARNING] WhatsApp session expired
2026-02-09 17:58:38 +05:00: [WARNING] WhatsApp session expired
2026-02-09 17:59:08 +05:00: [WARNING] WhatsApp session expired
2026-02-09 17:59:38 +05:00: [WARNING] WhatsApp session expired
2026-02-09 18:00:08 +05:00: [WARNING] WhatsApp session expired
2026-02-09 18:00:38 +05:00: [WARNING] WhatsApp session expired
2026-02-09 18:01:08 +05:00: [WARNING] WhatsApp session expired
2026-02-09 18:01:40 +05:00: [WARNING] WhatsApp session expired
2026-02-09 18:02:12 +05:00: [WARNING] WhatsApp session expired
2026-02-09 18:02:42 +05:00: [WARNING] WhatsApp session expired
2026-02-09 18:03:12 +05:00: [WARNING] WhatsApp session expired
2026-02-09 18:03:42 +05:00: [WARNING] WhatsApp session expired
2026-02-09 18:04:13 +05:00: [WARNING] WhatsApp session expired
2026-02-09 18:04:43 +05:00: [WARNING] WhatsApp session expired
2026-02-09 18:05:13 +05:00: [WARNING] WhatsApp session expired
2026-02-09 18:05:43 +05:00: [WARNING] WhatsApp session expired
2026-02-09 18:06:14 +05:00: [WARNING] WhatsApp session expired
2026-02-09 18:06:45 +05:00: [WARNING] WhatsApp session expired
2026-02-09 18:07:15 +05:00: [WARNING] WhatsApp session expired
2026-02-09 18:07:45 +05:00: [WARNING] WhatsApp session expired
2026-02-09 18:08:16 +05:00: [WARNING] WhatsApp session expired
2026-02-09 18:08:46 +05:00: [WARNING] WhatsApp session expired
2026-02-09 18:09:16 +05:00: [WARNING] WhatsApp session expired
2026-02-09 18:09:46 +05:00: [WARNING] WhatsApp session expired
2026-02-09 18:10:16 +05:00: [WARNING] WhatsApp session expired
2026-02-09 18:10:46 +05:00: [WARNING] WhatsApp session expired
2026-02-09 18:11:16 +05:00: [WARNING] WhatsApp session expired
2026-02-09 18:11:46 +05:00: [WARNING] WhatsApp session expired
2026-02-09 18:12:17 +05:00: [WARNING] WhatsApp session expired
2026-02-09 18:12:47 +05:00: [WARNING] WhatsApp session expired
2026-02-09 18:13:17 +05:00: [WARNING] WhatsApp session expired
2026-02-09 18:13:47 +05:00: [WARNING] WhatsApp session expired
2026-02-09 18:14:18 +05:00: [WARNING] WhatsApp session expired
2026-02-09 18:14:48 +05:00: [WARNING] WhatsApp session expired
2026-02-09 18:15:18 +05:00: [WARNING] WhatsApp session expired
2026-02-09 18:15:48 +05:00: [WARNING] WhatsApp session expired
2026-02-09 18:16:18 +05:00: [WARNING] WhatsApp session expired
2026-02-09 18:16:48 +05:00: [WARNING] WhatsApp session expired
2026-02-09 18:17:19 +05:00: [WARNING] WhatsApp session expired
2026-02-09 18:17:49 +05:00: [WARNING] WhatsApp session expired
2026-02-09 18:18:19 +05:00: [WARNING] WhatsApp session expired
2026-02-09 18:18:49 +05:00: [WARNING] WhatsApp session expired
2026-02-09 18:19:19 +05:00: [WARNING] WhatsApp session expired
2026-02-09 18:19:49 +05:00: [WARNING] WhatsApp session expired
2026-02-09 18:20:19 +05:00: [WARNING] WhatsApp session expired
2026-02-09 18:20:50 +05:00: [WARNING] WhatsApp session expired
2026-02-09 18:21:20 +05:00: [WARNING] WhatsApp session expired
2026-02-09 18:21:50 +05:00: [WARNING] WhatsApp session expired
2026-02-09 18:22:20 +05:00: [WARNING] WhatsApp session expired
2026-02-09 18:22:50 +05:00: [WARNING] WhatsApp session expired
2026-02-09 18:23:20 +05:00: [WARNING] WhatsApp session expired
2026-02-09 18:23:50 +05:00: [WARNING] WhatsApp session expired
2026-02-09 18:24:20 +05:00: [WARNING] WhatsApp session expired
2026-02-09 18:24:50 +05:00: [WARNING] WhatsApp session expired
2026-02-09 18:25:21 +05:00: [WARNING] WhatsApp session expired
2026-02-09 18:25:51 +05:00: [WARNING] WhatsApp session expired
2026-02-09 18:26:21 +05:00: [WARNING] WhatsApp session expired
2026-02-09 18:26:51 +05:00: [WARNING] WhatsApp session expired
2026-02-09 18:27:21 +05:00: [WARNING] WhatsApp session expired
2026-02-09 18:27:51 +05:00: [WARNING] WhatsApp session expired
2026-02-09 18:28:22 +05:00: [WARNING] WhatsApp session expired
2026-02-09 18:28:52 +05:00: [WARNING] WhatsApp session expired
2026-02-09 18:29:22 +05:00: [WARNING] WhatsApp session expired
2026-02-09 18:29:52 +05:00: [WARNING] WhatsApp session expired
2026-02-09 18:30:22 +05:00: [WARNING] WhatsApp session expired
2026-02-09 18:30:52 +05:00: [WARNING] WhatsApp session expired
2026-02-09 18:31:23 +05:00: [WARNING] WhatsApp session expired
2026-02-09 18:31:53 +05:00: [WARNING] WhatsApp session expired
2026-02-09 18:32:23 +05:00: [WARNING] WhatsApp session expired
2026-02-09 18:32:53 +05:00: [WARNING] WhatsApp session expired
2026-02-09 18:33:23 +05:00: [WARNING] WhatsApp session expired
2026-02-09 18:33:53 +05:00: [WARNING] WhatsApp session expired
2026-02-09 18:41:46 +05:00: [WARNING] WhatsApp session expired
2026-02-09 18:42:16 +05:00: [WARNING] WhatsApp session expired
2026-02-09 18:42:47 +05:00: [WARNING] WhatsApp session expired
2026-02-09 18:43:18 +05:00: [WARNING] WhatsApp session expired
2026-02-09 18:43:49 +05:00: [WARNING] WhatsApp session expired
2026-02-09 18:44:19 +05:00: [WARNING] WhatsApp session expired
2026-02-09 18:44:50 +05:00: [WARNING] WhatsApp session expired
2026-02-09 18:45:20 +05:00: [WARNING] WhatsApp session expired
2026-02-09 18:45:51 +05:00: [WARNING] WhatsApp session expired
2026-02-09 18:46:21 +05:00: [WARNING] WhatsApp session expired
2026-02-09 18:46:52 +05:00: [WARNING] WhatsApp session expired
2026-02-09 18:47:22 +05:00: [WARNING] WhatsApp session expired
2026-02-09 18:47:52 +05:00: [WARNING] WhatsApp session expired
2026-02-09 18:48:23 +05:00: [WARNING] WhatsApp session expired
2026-02-09 18:48:53 +05:00: [WARNING] WhatsApp session expired
2026-02-09 18:49:24 +05:00: [WARNING] WhatsApp session expired
2026-02-09 18:49:55 +05:00: [WARNING] WhatsApp session expired
2026-02-09 18:50:25 +05:00: [WARNING] WhatsApp session expired
2026-02-09 18:50:56 +05:00: [WARNING] WhatsApp session expired
2026-02-09 18:51:26 +05:00: [WARNING] WhatsApp session expired
2026-02-09 18:51:57 +05:00: [WARNING] WhatsApp session expired
2026-02-09 18:52:27 +05:00: [WARNING] WhatsApp session expired
2026-02-09 18:52:57 +05:00: [WARNING] WhatsApp session expired
2026-02-09 18:53:27 +05:00: [WARNING] WhatsApp session expired
2026-02-09 18:53:59 +05:00: [WARNING] WhatsApp session expired
2026-02-09 18:54:31 +05:00: [WARNING] WhatsApp session expired
2026-02-09 18:55:01 +05:00: [WARNING] WhatsApp session expired
2026-02-09 18:55:32 +05:00: [WARNING] WhatsApp session expired
2026-02-09 18:56:03 +05:00: [WARNING] WhatsApp session expired
2026-02-09 18:56:34 +05:00: [WARNING] WhatsApp session expired
2026-02-09 18:57:04 +05:00: [WARNING] WhatsApp session expired
2026-02-09 18:57:34 +05:00: [WARNING] WhatsApp session expired
2026-02-09 18:58:05 +05:00: [WARNING] WhatsApp session expired
2026-02-09 18:58:35 +05:00: [WARNING] WhatsApp session expired
2026-02-09 18:59:05 +05:00: [WARNING] WhatsApp session expired
2026-02-09 18:59:36 +05:00: [WARNING] WhatsApp session expired
2026-02-09 19:00:08 +05:00: [WARNING] WhatsApp session expired
2026-02-09 19:00:40 +05:00: [WARNING] WhatsApp session expired
2026-02-09 19:01:11 +05:00: [WARNING] WhatsApp session expired
2026-02-09 19:01:41 +05:00: [WARNING] WhatsApp session expired
2026-02-09 19:02:12 +05:00: [WARNING] WhatsApp session expired
2026-02-09 19:02:42 +05:00: [WARNING] WhatsApp session expired
2026-02-09 19:03:13 +05:00: [WARNING] WhatsApp session expired
2026-02-09 19:03:45 +05:00: [WARNING] WhatsApp session expired
2026-02-09 19:04:18 +05:00: [WARNING] WhatsApp session expired
2026-02-09 19:04:49 +05:00: [WARNING] WhatsApp session expired
2026-02-09 19:05:20 +05:00: [WARNING] WhatsApp session expired
2026-02-09 19:05:52 +05:00: [WARNING] WhatsApp session expired
2026-02-09 19:06:25 +05:00: [WARNING] WhatsApp session expired
2026-02-09 19:06:57 +05:00: [WARNING] WhatsApp session expired
2026-02-09 19:07:31 +05:00: [WARNING] WhatsApp session expired
2026-02-09 19:08:02 +05:00: [WARNING] WhatsApp session expired
2026-02-09 19:08:33 +05:00: [WARNING] WhatsApp session expired
2026-02-09 19:09:04 +05:00: [WARNING] WhatsApp session expired
2026-02-09 19:09:35 +05:00: [WARNING] WhatsApp session expired
2026-02-09 19:10:05 +05:00: [WARNING] WhatsApp session expired
2026-02-09 19:10:36 +05:00: [WARNING] WhatsApp session expired
2026-02-09 19:11:07 +05:00: [WARNING] WhatsApp session expired
2026-02-09 19:11:41 +05:00: [WARNING] WhatsApp session expired
2026-02-09 19:12:13 +05:00: [WARNING] WhatsApp session expired
2026-02-09 19:12:43 +05:00: [WARNING] WhatsApp session expired
2026-02-09 19:13:13 +05:00: [WARNING] WhatsApp session expired
2026-02-09 19:13:44 +05:00: [WARNING] WhatsApp session expired
2026-02-09 19:14:14 +05:00: [WARNING] WhatsApp session expired
2026-02-09 19:14:44 +05:00: [WARNING] WhatsApp session expired
2026-02-09 19:15:15 +05:00: [WARNING] WhatsApp session expired
2026-02-09 19:15:45 +05:00: [WARNING] WhatsApp session expired
2026-02-09 19:16:15 +05:00: [WARNING] WhatsApp session expired
2026-02-09 19:16:46 +05:00: [WARNING] WhatsApp session expired
2026-02-09 19:17:17 +05:00: [WARNING] WhatsApp session expired
2026-02-09 19:17:48 +05:00: [WARNING] WhatsApp session expired
2026-02-09 19:18:18 +05:00: [WARNING] WhatsApp session expired
2026-02-09 19:18:49 +05:00: [WARNING] WhatsApp session expired
2026-02-09 19:19:19 +05:00: [WARNING] WhatsApp session expired
2026-02-09 19:19:50 +05:00: [WARNING] WhatsApp session expired
2026-02-09 19:20:20 +05:00: [WARNING] WhatsApp session expired
2026-02-09 19:20:51 +05:00: [WARNING] WhatsApp session expired
2026-02-09 19:21:21 +05:00: [WARNING] WhatsApp session expired
2026-02-09 19:21:51 +05:00: [WARNING] WhatsApp session expired
2026-02-09 19:22:22 +05:00: [WARNING] WhatsApp session expired
2026-02-09 19:22:52 +05:00: [WARNING] WhatsApp session expired
2026-02-09 19:23:23 +05:00: [WARNING] WhatsApp session expired
2026-02-09 19:23:55 +05:00: [WARNING] WhatsApp session expired
2026-02-09 19:24:26 +05:00: [WARNING] WhatsApp session expired
2026-02-09 19:24:57 +05:00: [WARNING] WhatsApp session expired
2026-02-09 19:25:29 +05:00: [WARNING] WhatsApp session expired
2026-02-09 19:25:59 +05:00: [WARNING] WhatsApp session expired
2026-02-09 19:26:30 +05:00: [WARNING] WhatsApp session expired
2026-02-09 19:27:04 +05:00: [WARNING] WhatsApp session expired
2026-02-09 19:27:35 +05:00: [WARNING] WhatsApp session expired
2026-02-09 19:28:07 +05:00: [WARNING] WhatsApp session expired
2026-02-09 19:28:39 +05:00: [WARNING] WhatsApp session expired
2026-02-09 19:29:10 +05:00: [WARNING] WhatsApp session expired
2026-02-09 19:29:40 +05:00: [WARNING] WhatsApp session expired
2026-02-09 19:30:12 +05:00: [WARNING] WhatsApp session expired
2026-02-09 19:30:43 +05:00: [WARNING] WhatsApp session expired
2026-02-09 19:31:14 +05:00: [WARNING] WhatsApp session expired
2026-02-09 19:31:45 +05:00: [WARNING] WhatsApp session expired
2026-02-09 19:32:15 +05:00: [WARNING] WhatsApp session expired
2026-02-09 19:32:45 +05:00: [WARNING] WhatsApp session expired
2026-02-09 19:33:16 +05:00: [WARNING] WhatsApp session expired
2026-02-09 19:33:51 +05:00: [WARNING] WhatsApp session expired
2026-02-09 19:34:22 +05:00: [WARNING] WhatsApp session expired
2026-02-09 19:34:52 +05:00: [WARNING] WhatsApp session expired
2026-02-09 19:35:22 +05:00: [WARNING] WhatsApp session expired
2026-02-09 19:35:53 +05:00: [WARNING] WhatsApp session expired
2026-02-09 19:36:27 +05:00: [WARNING] WhatsApp session expired
2026-02-09 19:36:58 +05:00: [WARNING] WhatsApp session expired
2026-02-09 19:37:28 +05:00: [WARNING] WhatsApp session expired
2026-02-09 19:37:58 +05:00: [WARNING] WhatsApp session expired
2026-02-09 19:38:34 +05:00: [WARNING] WhatsApp session expired
2026-02-09 19:39:06 +05:00: [WARNING] WhatsApp session expired
2026-02-09 19:39:36 +05:00: [WARNING] WhatsApp session expired
2026-02-09 19:40:10 +05:00: [WARNING] WhatsApp session expired
2026-02-09 19:40:42 +05:00: [WARNING] WhatsApp session expired
2026-02-09 19:41:14 +05:00: [WARNING] WhatsApp session expired
2026-02-09 19:41:45 +05:00: [WARNING] WhatsApp session expired
2026-02-09 19:42:15 +05:00: [WARNING] WhatsApp session expired
2026-02-09 19:42:45 +05:00: [WARNING] WhatsApp session expired
2026-02-09 19:43:17 +05:00: [WARNING] WhatsApp session expired
2026-02-09 19:43:47 +05:00: [WARNING] WhatsApp session expired
2026-02-09 19:44:18 +05:00: [WARNING] WhatsApp session expired
2026-02-09 19:44:48 +05:00: [WARNING] WhatsApp session expired
2026-02-09 19:45:19 +05:00: [WARNING] WhatsApp session expired
2026-02-09 19:45:50 +05:00: [WARNING] WhatsApp session expired
2026-02-09 19:46:23 +05:00: [WARNING] WhatsApp session expired
2026-02-09 19:46:54 +05:00: [WARNING] WhatsApp session expired
2026-02-09 19:47:25 +05:00: [WARNING] WhatsApp session expired
2026-02-09 19:47:55 +05:00: [WARNING] WhatsApp session expired
2026-02-09 19:48:25 +05:00: [WARNING] WhatsApp session expired
2026-02-09 19:48:56 +05:00: [WARNING] WhatsApp session expired
2026-02-09 19:49:28 +05:00: [WARNING] WhatsApp session expired
2026-02-09 19:49:58 +05:00: [WARNING] WhatsApp session expired
2026-02-09 19:50:29 +05:00: [WARNING] WhatsApp session expired
2026-02-09 19:51:01 +05:00: [WARNING] WhatsApp session expired
2026-02-09 19:51:32 +05:00: [WARNING] WhatsApp session expired
2026-02-09 19:52:02 +05:00: [WARNING] WhatsApp session expired
2026-02-09 19:52:37 +05:00: [WARNING] WhatsApp session expired
2026-02-09 19:53:08 +05:00: [WARNING] WhatsApp session expired
2026-02-09 19:53:39 +05:00: [WARNING] WhatsApp session expired
2026-02-09 19:54:11 +05:00: [WARNING] WhatsApp session expired
2026-02-09 19:54:41 +05:00: [WARNING] WhatsApp session expired
2026-02-09 19:55:17 +05:00: [WARNING] WhatsApp session expired
2026-02-09 19:55:49 +05:00: [WARNING] WhatsApp session expired
2026-02-09 19:56:21 +05:00: [WARNING] WhatsApp session expired
2026-02-09 19:56:52 +05:00: [WARNING] WhatsApp session expired
2026-02-09 19:57:23 +05:00: [WARNING] WhatsApp session expired
2026-02-09 19:57:53 +05:00: [WARNING] WhatsApp session expired
2026-02-09 19:58:23 +05:00: [WARNING] WhatsApp session expired
2026-02-09 19:58:55 +05:00: [WARNING] WhatsApp session expired
2026-02-09 19:59:26 +05:00: [WARNING] WhatsApp session expired
2026-02-09 19:59:58 +05:00: [WARNING] WhatsApp session expired
2026-02-09 20:00:29 +05:00: [WARNING] WhatsApp session expired
2026-02-09 20:01:03 +05:00: [WARNING] WhatsApp session expired
2026-02-09 20:01:44 +05:00: [WARNING] WhatsApp session expired
2026-02-09 20:02:16 +05:00: [WARNING] WhatsApp session expired
2026-02-09 20:02:47 +05:00: [WARNING] WhatsApp session expired
2026-02-09 20:03:18 +05:00: [WARNING] WhatsApp session expired
2026-02-09 20:03:49 +05:00: [WARNING] WhatsApp session expired
2026-02-09 20:04:20 +05:00: [WARNING] WhatsApp session expired
2026-02-09 20:04:52 +05:00: [WARNING] WhatsApp session expired
2026-02-09 20:05:28 +05:00: [WARNING] WhatsApp session expired
2026-02-09 20:05:59 +05:00: [WARNING] WhatsApp session expired
2026-02-09 20:06:30 +05:00: [WARNING] WhatsApp session expired
2026-02-09 20:07:01 +05:00: [WARNING] WhatsApp session expired
2026-02-09 20:07:34 +05:00: [WARNING] WhatsApp session expired
2026-02-09 20:08:09 +05:00: [WARNING] WhatsApp session expired
2026-02-09 20:08:42 +05:00: [WARNING] WhatsApp session expired
2026-02-09 20:09:13 +05:00: [WARNING] WhatsApp session expired
2026-02-09 20:09:43 +05:00: [WARNING] WhatsApp session expired
2026-02-09 20:10:13 +05:00: [WARNING] WhatsApp session expired
2026-02-09 20:10:45 +05:00: [WARNING] WhatsApp session expired
2026-02-09 20:11:16 +05:00: [WARNING] WhatsApp session expired
2026-02-09 20:11:47 +05:00: [WARNING] WhatsApp session expired
2026-02-09 20:12:18 +05:00: [WARNING] WhatsApp session expired
2026-02-09 20:12:48 +05:00: [WARNING] WhatsApp session expired
2026-02-09 20:13:20 +05:00: [WARNING] WhatsApp session expired
2026-02-09 20:13:51 +05:00: [WARNING] WhatsApp session expired
2026-02-09 20:14:32 +05:00: [WARNING] WhatsApp session expired
2026-02-09 20:15:11 +05:00: [WARNING] WhatsApp session expired
2026-02-09 20:15:45 +05:00: [WARNING] WhatsApp session expired
2026-02-09 20:16:23 +05:00: [WARNING] WhatsApp session expired
2026-02-09 20:17:00 +05:00: [WARNING] WhatsApp session expired
2026-02-09 20:17:40 +05:00: [WARNING] WhatsApp session expired
2026-02-09 20:18:24 +05:00: [WARNING] WhatsApp session expired
2026-02-09 20:19:03 +05:00: [WARNING] WhatsApp session expired
2026-02-09 20:19:37 +05:00: [WARNING] WhatsApp session expired
2026-02-09 20:20:07 +05:00: [WARNING] WhatsApp session expired
2026-02-09 20:20:37 +05:00: [WARNING] WhatsApp session expired
2026-02-09 20:21:08 +05:00: [WARNING] WhatsApp session expired
2026-02-09 20:21:43 +05:00: [WARNING] WhatsApp session expired
2026-02-09 20:22:28 +05:00: [WARNING] WhatsApp session expired
2026-02-09 20:23:09 +05:00: [WARNING] WhatsApp session expired
2026-02-09 20:23:41 +05:00: [WARNING] WhatsApp session expired
2026-02-09 20:24:14 +05:00: [WARNING] WhatsApp session expired
2026-02-09 20:24:47 +05:00: [WARNING] WhatsApp session expired
2026-02-09 20:25:19 +05:00: [WARNING] WhatsApp session expired
2026-02-09 20:25:50 +05:00: [WARNING] WhatsApp session expired
2026-02-09 20:26:22 +05:00: [WARNING] WhatsApp session expired
2026-02-09 20:26:59 +05:00: [WARNING] WhatsApp session expired
2026-02-09 20:27:29 +05:00: [WARNING] WhatsApp session expired
2026-02-09 20:28:00 +05:00: [WARNING] WhatsApp session expired
2026-02-09 20:28:32 +05:00: [WARNING] WhatsApp session expired
2026-02-09 20:29:03 +05:00: [WARNING] WhatsApp session expired
2026-02-09 20:29:35 +05:00: [WARNING] WhatsApp session expired
2026-02-09 20:30:05 +05:00: [WARNING] WhatsApp session expired
2026-02-09 20:30:35 +05:00: [WARNING] WhatsApp session expired
2026-02-09 20:31:06 +05:00: [WARNING] WhatsApp session expired
2026-02-09 20:31:47 +05:00: [WARNING] WhatsApp session expired
2026-02-09 20:32:26 +05:00: [WARNING] WhatsApp session expired
2026-02-09 20:33:01 +05:00: [WARNING] WhatsApp session expired
2026-02-09 20:33:36 +05:00: [WARNING] WhatsApp session expired
2026-02-09 20:34:08 +05:00: [WARNING] WhatsApp session expired
2026-02-09 20:34:39 +05:00: [WARNING] WhatsApp session expired
2026-02-09 20:35:10 +05:00: [WARNING] WhatsApp session expired
2026-02-09 20:35:40 +05:00: [WARNING] WhatsApp session expired
2026-02-09 20:36:10 +05:00: [WARNING] WhatsApp session expired
2026-02-09 20:36:41 +05:00: [WARNING] WhatsApp session expired
2026-02-09 20:37:12 +05:00: [WARNING] WhatsApp session expired
2026-02-09 20:37:43 +05:00: [WARNING] WhatsApp session expired
2026-02-09 20:38:13 +05:00: [WARNING] WhatsApp session expired
2026-02-09 20:38:46 +05:00: [WARNING] WhatsApp session expired
2026-02-09 20:39:17 +05:00: [WARNING] WhatsApp session expired
2026-02-09 20:39:47 +05:00: [WARNING] WhatsApp session expired
2026-02-09 20:40:17 +05:00: [WARNING] WhatsApp session expired
2026-02-09 20:40:52 +05:00: [WARNING] WhatsApp session expired
2026-02-09 20:41:26 +05:00: [WARNING] WhatsApp session expired
2026-02-09 20:41:57 +05:00: [WARNING] WhatsApp session expired
2026-02-09 20:42:27 +05:00: [WARNING] WhatsApp session expired
2026-02-09 20:43:00 +05:00: [WARNING] WhatsApp session expired
2026-02-09 20:43:32 +05:00: [WARNING] WhatsApp session expired
2026-02-09 20:44:03 +05:00: [WARNING] WhatsApp session expired
2026-02-09 20:44:34 +05:00: [WARNING] WhatsApp session expired
2026-02-09 20:45:05 +05:00: [WARNING] WhatsApp session expired
2026-02-09 20:45:36 +05:00: [WARNING] WhatsApp session expired
2026-02-09 20:46:10 +05:00: [WARNING] WhatsApp session expired
2026-02-09 20:46:47 +05:00: [WARNING] WhatsApp session expired
2026-02-09 20:47:26 +05:00: [WARNING] WhatsApp session expired
2026-02-09 20:48:02 +05:00: [WARNING] WhatsApp session expired
2026-02-09 20:48:35 +05:00: [WARNING] WhatsApp session expired
2026-02-09 20:49:08 +05:00: [WARNING] WhatsApp session expired
2026-02-09 20:49:40 +05:00: [WARNING] WhatsApp session expired
2026-02-09 20:50:10 +05:00: [WARNING] WhatsApp session expired
2026-02-09 20:50:41 +05:00: [WARNING] WhatsApp session expired
2026-02-09 20:51:11 +05:00: [WARNING] WhatsApp session expired
2026-02-09 20:51:42 +05:00: [WARNING] WhatsApp session expired
2026-02-09 20:52:12 +05:00: [WARNING] WhatsApp session expired
2026-02-09 20:52:43 +05:00: [WARNING] WhatsApp session expired
2026-02-09 20:53:13 +05:00: [WARNING] WhatsApp session expired
2026-02-09 20:53:43 +05:00: [WARNING] WhatsApp session expired
2026-02-09 20:54:14 +05:00: [WARNING] WhatsApp session expired
2026-02-09 20:54:44 +05:00: [WARNING] WhatsApp session expired
2026-02-09 20:55:14 +05:00: [WARNING] WhatsApp session expired
2026-02-09 20:55:45 +05:00: [WARNING] WhatsApp session expired
2026-02-09 20:56:15 +05:00: [WARNING] WhatsApp session expired
2026-02-09 20:56:46 +05:00: [WARNING] WhatsApp session expired
2026-02-09 20:57:16 +05:00: [WARNING] WhatsApp session expired
2026-02-09 20:57:47 +05:00: [WARNING] WhatsApp session expired
2026-02-09 20:58:19 +05:00: [WARNING] WhatsApp session expired
2026-02-09 20:58:49 +05:00: [WARNING] WhatsApp session expired
2026-02-09 20:59:19 +05:00: [WARNING] WhatsApp session expired
2026-02-09 20:59:50 +05:00: [WARNING] WhatsApp session expired
2026-02-09 21:00:22 +05:00: [WARNING] WhatsApp session expired
2026-02-09 21:00:52 +05:00: [WARNING] WhatsApp session expired
2026-02-09 21:01:23 +05:00: [WARNING] WhatsApp session expired
2026-02-09 21:01:53 +05:00: [WARNING] WhatsApp session expired
2026-02-09 21:02:24 +05:00: [WARNING] WhatsApp session expired
2026-02-09 21:02:55 +05:00: [WARNING] WhatsApp session expired
2026-02-09 21:03:26 +05:00: [WARNING] WhatsApp session expired
2026-02-09 21:03:56 +05:00: [WARNING] WhatsApp session expired
2026-02-09 21:04:27 +05:00: [WARNING] WhatsApp session expired
2026-02-09 21:04:57 +05:00: [WARNING] WhatsApp session expired
2026-02-09 21:05:28 +05:00: [WARNING] WhatsApp session expired
2026-02-09 21:05:58 +05:00: [WARNING] WhatsApp session expired
2026-02-09 21:06:28 +05:00: [WARNING] WhatsApp session expired
2026-02-09 21:06:59 +05:00: [WARNING] WhatsApp session expired
2026-02-09 21:07:30 +05:00: [WARNING] WhatsApp session expired
2026-02-09 21:08:00 +05:00: [WARNING] WhatsApp session expired
2026-02-09 21:08:31 +05:00: [WARNING] WhatsApp session expired
2026-02-09 21:09:03 +05:00: [WARNING] WhatsApp session expired
2026-02-09 21:09:35 +05:00: [WARNING] WhatsApp session expired
2026-02-09 21:10:06 +05:00: [WARNING] WhatsApp session expired
2026-02-09 21:10:36 +05:00: [WARNING] WhatsApp session expired
2026-02-09 21:11:06 +05:00: [WARNING] WhatsApp session expired
2026-02-09 21:11:37 +05:00: [WARNING] WhatsApp session expired
2026-02-09 21:12:07 +05:00: [WARNING] WhatsApp session expired
2026-02-09 21:12:37 +05:00: [WARNING] WhatsApp session expired
2026-02-09 21:13:11 +05:00: [WARNING] WhatsApp session expired
2026-02-09 21:13:42 +05:00: [WARNING] WhatsApp session expired
2026-02-09 21:14:12 +05:00: [WARNING] WhatsApp session expired
2026-02-09 21:14:43 +05:00: [WARNING] WhatsApp session expired
2026-02-09 21:15:16 +05:00: [WARNING] WhatsApp session expired
2026-02-09 21:15:46 +05:00: [WARNING] WhatsApp session expired
2026-02-09 21:16:17 +05:00: [WARNING] WhatsApp session expired
2026-02-09 21:16:47 +05:00: [WARNING] WhatsApp session expired
2026-02-09 21:17:18 +05:00: [WARNING] WhatsApp session expired
2026-02-09 21:17:48 +05:00: [WARNING] WhatsApp session expired
2026-02-09 21:18:18 +05:00: [WARNING] WhatsApp session expired
2026-02-09 21:18:49 +05:00: [WARNING] WhatsApp session expired
2026-02-09 21:19:19 +05:00: [WARNING] WhatsApp session expired
2026-02-09 21:19:49 +05:00: [WARNING] WhatsApp session expired
2026-02-09 21:20:19 +05:00: [WARNING] WhatsApp session expired
2026-02-09 21:20:50 +05:00: [WARNING] WhatsApp session expired
2026-02-09 21:21:20 +05:00: [WARNING] WhatsApp session expired
2026-02-09 21:21:51 +05:00: [WARNING] WhatsApp session expired
2026-02-09 21:22:21 +05:00: [WARNING] WhatsApp session expired
2026-02-09 21:22:51 +05:00: [WARNING] WhatsApp session expired
2026-02-09 21:23:21 +05:00: [WARNING] WhatsApp session expired
2026-02-09 21:23:51 +05:00: [WARNING] WhatsApp session expired
2026-02-09 21:24:22 +05:00: [WARNING] WhatsApp session expired
2026-02-09 21:24:52 +05:00: [WARNING] WhatsApp session expired
2026-02-09 21:25:22 +05:00: [WARNING] WhatsApp session expired
2026-02-09 21:25:52 +05:00: [WARNING] WhatsApp session expired
2026-02-09 21:26:22 +05:00: [WARNING] WhatsApp session expired
2026-02-09 21:26:52 +05:00: [WARNING] WhatsApp session expired
2026-02-09 21:27:23 +05:00: [WARNING] WhatsApp session expired
2026-02-09 21:27:53 +05:00: [WARNING] WhatsApp session expired
2026-02-09 21:28:23 +05:00: [WARNING] WhatsApp session expired
2026-02-09 21:28:53 +05:00: [WARNING] WhatsApp session expired
2026-02-09 21:29:23 +05:00: [WARNING] WhatsApp session expired
2026-02-09 21:29:56 +05:00: [WARNING] WhatsApp session expired
2026-02-09 21:30:27 +05:00: [WARNING] WhatsApp session expired
2026-02-09 21:30:57 +05:00: [WARNING] WhatsApp session expired
2026-02-09 21:31:27 +05:00: [WARNING] WhatsApp session expired
2026-02-09 21:31:57 +05:00: [WARNING] WhatsApp session expired
2026-02-09 21:32:27 +05:00: [WARNING] WhatsApp session expired
2026-02-09 21:32:58 +05:00: [WARNING] WhatsApp session expired
2026-02-09 21:33:29 +05:00: [WARNING] WhatsApp session expired
2026-02-09 21:33:59 +05:00: [WARNING] WhatsApp session expired
2026-02-09 21:34:29 +05:00: [WARNING] WhatsApp session expired
2026-02-09 21:34:59 +05:00: [WARNING] WhatsApp session expired
2026-02-09 21:35:29 +05:00: [WARNING] WhatsApp session expired
2026-02-09 21:35:59 +05:00: [WARNING] WhatsApp session expired
2026-02-09 21:36:30 +05:00: [WARNING] WhatsApp session expired
2026-02-09 21:37:00 +05:00: [WARNING] WhatsApp session expired
2026-02-09 21:37:30 +05:00: [WARNING] WhatsApp session expired
2026-02-09 21:38:00 +05:00: [WARNING] WhatsApp session expired
2026-02-09 21:38:30 +05:00: [WARNING] WhatsApp session expired
2026-02-09 21:39:00 +05:00: [WARNING] WhatsApp session expired
2026-02-09 21:39:31 +05:00: [WARNING] WhatsApp session expired
2026-02-09 21:40:01 +05:00: [WARNING] WhatsApp session expired
2026-02-09 21:40:31 +05:00: [WARNING] WhatsApp session expired
2026-02-09 21:41:01 +05:00: [WARNING] WhatsApp session expired
2026-02-09 21:41:31 +05:00: [WARNING] WhatsApp session expired
2026-02-09 21:42:02 +05:00: [WARNING] WhatsApp session expired
2026-02-09 21:42:32 +05:00: [WARNING] WhatsApp session expired
2026-02-09 21:43:02 +05:00: [WARNING] WhatsApp session expired
2026-02-09 21:43:33 +05:00: [WARNING] WhatsApp session expired
2026-02-09 21:44:03 +05:00: [WARNING] WhatsApp session expired
2026-02-09 21:44:33 +05:00: [WARNING] WhatsApp session expired
2026-02-09 21:45:04 +05:00: [WARNING] WhatsApp session expired
2026-02-09 21:45:35 +05:00: [WARNING] WhatsApp session expired
2026-02-09 21:46:06 +05:00: [WARNING] WhatsApp session expired
2026-02-09 21:46:36 +05:00: [WARNING] WhatsApp session expired
2026-02-09 21:47:06 +05:00: [WARNING] WhatsApp session expired
2026-02-09 21:47:37 +05:00: [WARNING] WhatsApp session expired
2026-02-09 21:48:07 +05:00: [WARNING] WhatsApp session expired
2026-02-09 21:48:38 +05:00: [WARNING] WhatsApp session expired
2026-02-09 21:49:08 +05:00: [WARNING] WhatsApp session expired
2026-02-09 21:49:38 +05:00: [WARNING] WhatsApp session expired
2026-02-09 21:50:09 +05:00: [WARNING] WhatsApp session expired
2026-02-09 21:50:40 +05:00: [WARNING] WhatsApp session expired
2026-02-09 21:51:10 +05:00: [WARNING] WhatsApp session expired
2026-02-09 21:51:41 +05:00: [WARNING] WhatsApp session expired
2026-02-09 21:52:12 +05:00: [WARNING] WhatsApp session expired
2026-02-09 21:52:42 +05:00: [WARNING] WhatsApp session expired
2026-02-09 21:53:12 +05:00: [WARNING] WhatsApp session expired
2026-02-09 21:53:43 +05:00: [WARNING] WhatsApp session expired
2026-02-09 21:54:13 +05:00: [WARNING] WhatsApp session expired
2026-02-09 21:54:43 +05:00: [WARNING] WhatsApp session expired
2026-02-09 21:55:14 +05:00: [WARNING] WhatsApp session expired
2026-02-09 21:55:44 +05:00: [WARNING] WhatsApp session expired
2026-02-09 21:56:14 +05:00: [WARNING] WhatsApp session expired
2026-02-09 21:56:45 +05:00: [WARNING] WhatsApp session expired
2026-02-09 21:57:15 +05:00: [WARNING] WhatsApp session expired
2026-02-09 21:57:46 +05:00: [WARNING] WhatsApp session expired
2026-02-09 21:58:17 +05:00: [WARNING] WhatsApp session expired
2026-02-09 21:58:48 +05:00: [WARNING] WhatsApp session expired
2026-02-09 21:59:18 +05:00: [WARNING] WhatsApp session expired
2026-02-09 21:59:48 +05:00: [WARNING] WhatsApp session expired
2026-02-09 22:00:18 +05:00: [WARNING] WhatsApp session expired
2026-02-09 22:00:49 +05:00: [WARNING] WhatsApp session expired
2026-02-09 22:14:58 +05:00: [WARNING] WhatsApp session expired
2026-02-09 22:15:29 +05:00: [WARNING] WhatsApp session expired
2026-02-09 22:15:59 +05:00: [WARNING] WhatsApp session expired
2026-02-09 22:16:29 +05:00: [WARNING] WhatsApp session expired
2026-02-09 22:16:59 +05:00: [WARNING] WhatsApp session expired
2026-02-09 22:17:30 +05:00: [WARNING] WhatsApp session expired
2026-02-09 22:18:00 +05:00: [WARNING] WhatsApp session expired
2026-02-09 22:18:30 +05:00: [WARNING] WhatsApp session expired
2026-02-09 22:19:00 +05:00: [WARNING] WhatsApp session expired
2026-02-09 22:19:30 +05:00: [WARNING] WhatsApp session expired
2026-02-09 22:20:01 +05:00: [WARNING] WhatsApp session expired
2026-02-09 22:20:31 +05:00: [WARNING] WhatsApp session expired
2026-02-09 22:21:01 +05:00: [WARNING] WhatsApp session expired
2026-02-09 22:21:31 +05:00: [WARNING] WhatsApp session expired
2026-02-09 22:22:01 +05:00: [WARNING] WhatsApp session expired
2026-02-09 22:22:31 +05:00: [WARNING] WhatsApp session expired
2026-02-09 22:23:02 +05:00: [WARNING] WhatsApp session expired
2026-02-09 22:23:32 +05:00: [WARNING] WhatsApp session expired
2026-02-09 22:24:02 +05:00: [WARNING] WhatsApp session expired
2026-02-09 23:27:31 +05:00: [WARNING] WhatsApp session expired
2026-02-09 23:28:01 +05:00: [WARNING] WhatsApp session expired
2026-02-09 23:28:31 +05:00: [WARNING] WhatsApp session expired
2026-02-09 23:29:01 +05:00: [WARNING] WhatsApp session expired
2026-02-09 23:29:32 +05:00: [WARNING] WhatsApp session expired
2026-02-09 23:30:04 +05:00: [WARNING] WhatsApp session expired
2026-02-09 23:30:34 +05:00: [WARNING] WhatsApp session expired
2026-02-09 23:31:05 +05:00: [WARNING] WhatsApp session expired
2026-02-09 23:31:35 +05:00: [WARNING] WhatsApp session expired
2026-02-09 23:32:06 +05:00: [WARNING] WhatsApp session expired
2026-02-09 23:32:36 +05:00: [WARNING] WhatsApp session expired
2026-02-09 23:33:07 +05:00: [WARNING] WhatsApp session expired
2026-02-09 23:33:38 +05:00: [WARNING] WhatsApp session expired
2026-02-09 23:34:08 +05:00: [WARNING] WhatsApp session expired
2026-02-09 23:34:39 +05:00: [WARNING] WhatsApp session expired
2026-02-09 23:35:09 +05:00: [WARNING] WhatsApp session expired
2026-02-09 23:35:40 +05:00: [WARNING] WhatsApp session expired
2026-02-09 23:36:11 +05:00: [WARNING] WhatsApp session expired
2026-02-09 23:36:42 +05:00: [WARNING] WhatsApp session expired
2026-02-09 23:37:12 +05:00: [WARNING] WhatsApp session expired
2026-02-09 23:37:43 +05:00: [WARNING] WhatsApp session expired
2026-02-09 23:38:13 +05:00: [WARNING] WhatsApp session expired
2026-02-09 23:38:43 +05:00: [WARNING] WhatsApp session expired
2026-02-09 23:39:14 +05:00: [WARNING] WhatsApp session expired
2026-02-09 23:39:44 +05:00: [WARNING] WhatsApp session expired
2026-02-09 23:40:14 +05:00: [WARNING] WhatsApp session expired
2026-02-09 23:40:45 +05:00: [WARNING] WhatsApp session expired
2026-02-09 23:41:15 +05:00: [WARNING] WhatsApp session expired
2026-02-09 23:41:46 +05:00: [WARNING] WhatsApp session expired
2026-02-09 23:42:17 +05:00: [WARNING] WhatsApp session expired
2026-02-09 23:42:47 +05:00: [WARNING] WhatsApp session expired
2026-02-09 23:43:17 +05:00: [WARNING] WhatsApp session expired
2026-02-09 23:43:47 +05:00: [WARNING] WhatsApp session expired
2026-02-09 23:44:18 +05:00: [WARNING] WhatsApp session expired
2026-02-09 23:44:48 +05:00: [WARNING] WhatsApp session expired
2026-02-09 23:45:19 +05:00: [WARNING] WhatsApp session expired
2026-02-10 00:12:29 +05:00: [WARNING] WhatsApp session expired
2026-02-10 00:12:59 +05:00: [WARNING] WhatsApp session expired
2026-02-10 00:13:29 +05:00: [WARNING] WhatsApp session expired
2026-02-10 00:13:59 +05:00: [WARNING] WhatsApp session expired
2026-02-10 00:14:30 +05:00: [WARNING] WhatsApp session expired
2026-02-10 00:15:01 +05:00: [WARNING] WhatsApp session expired
2026-02-10 00:15:31 +05:00: [WARNING] WhatsApp session expired
2026-02-10 00:16:02 +05:00: [WARNING] WhatsApp session expired
2026-02-10 00:16:34 +05:00: [WARNING] WhatsApp session expired
2026-02-10 00:17:04 +05:00: [WARNING] WhatsApp session expired
2026-02-10 00:17:35 +05:00: [WARNING] WhatsApp session expired
2026-02-10 00:18:06 +05:00: [WARNING] WhatsApp session expired
2026-02-10 00:18:37 +05:00: [WARNING] WhatsApp session expired
2026-02-10 00:19:08 +05:00: [WARNING] WhatsApp session expired
2026-02-10 00:19:39 +05:00: [WARNING] WhatsApp session expired
2026-02-10 00:20:09 +05:00: [WARNING] WhatsApp session expired
2026-02-10 00:20:39 +05:00: [WARNING] WhatsApp session expired
2026-02-10 00:21:11 +05:00: [WARNING] WhatsApp session expired
2026-02-10 00:21:41 +05:00: [WARNING] WhatsApp session expired
2026-02-10 00:22:12 +05:00: [WARNING] WhatsApp session expired
2026-02-10 00:22:44 +05:00: [WARNING] WhatsApp session expired
2026-02-10 00:23:15 +05:00: [WARNING] WhatsApp session expired
2026-02-10 00:23:45 +05:00: [WARNING] WhatsApp session expired
2026-02-10 00:24:15 +05:00: [WARNING] WhatsApp session expired
2026-02-10 00:24:47 +05:00: [WARNING] WhatsApp session expired
2026-02-10 00:25:17 +05:00: [WARNING] WhatsApp session expired
2026-02-10 00:25:48 +05:00: [WARNING] WhatsApp session expired
2026-02-10 00:26:19 +05:00: [WARNING] WhatsApp session expired
2026-02-10 00:26:49 +05:00: [WARNING] WhatsApp session expired
2026-02-10 00:27:23 +05:00: [WARNING] WhatsApp session expired
2026-02-10 00:27:53 +05:00: [WARNING] WhatsApp session expired
2026-02-10 00:28:24 +05:00: [WARNING] WhatsApp session expired
2026-02-10 00:28:54 +05:00: [WARNING] WhatsApp session expired
2026-02-10 00:29:25 +05:00: [WARNING] WhatsApp session expired
2026-02-10 00:30:02 +05:00: [WARNING] WhatsApp session expired
2026-02-10 00:30:33 +05:00: [WARNING] WhatsApp session expired
2026-02-10 00:31:04 +05:00: [WARNING] WhatsApp session expired
2026-02-10 00:31:39 +05:00: [WARNING] WhatsApp session expired
2026-02-10 00:32:10 +05:00: [WARNING] WhatsApp session expired
2026-02-10 00:32:40 +05:00: [WARNING] WhatsApp session expired
2026-02-10 00:33:11 +05:00: [WARNING] WhatsApp session expired
2026-02-10 00:33:42 +05:00: [WARNING] WhatsApp session expired
2026-02-10 00:34:12 +05:00: [WARNING] WhatsApp session expired
2026-02-10 00:34:43 +05:00: [WARNING] WhatsApp session expired
2026-02-10 00:35:15 +05:00: [WARNING] WhatsApp session expired
2026-02-10 00:35:45 +05:00: [WARNING] WhatsApp session expired
2026-02-10 00:36:15 +05:00: [WARNING] WhatsApp session expired
2026-02-10 00:36:46 +05:00: [WARNING] WhatsApp session expired
2026-02-10 00:37:16 +05:00: [WARNING] WhatsApp session expired
2026-02-10 00:37:48 +05:00: [WARNING] WhatsApp session expired
2026-02-10 00:38:20 +05:00: [WARNING] WhatsApp session expired
2026-02-10 00:38:51 +05:00: [WARNING] WhatsApp session expired
2026-02-10 00:39:22 +05:00: [WARNING] WhatsApp session expired
2026-02-10 00:39:53 +05:00: [WARNING] WhatsApp session expired
2026-02-10 00:40:24 +05:00: [WARNING] WhatsApp session expired
2026-02-10 00:40:55 +05:00: [WARNING] WhatsApp session expired
2026-02-10 00:41:25 +05:00: [WARNING] WhatsApp session expired
2026-02-10 00:41:56 +05:00: [WARNING] WhatsApp session expired
2026-02-10 00:42:26 +05:00: [WARNING] WhatsApp session expired
2026-02-10 00:42:57 +05:00: [WARNING] WhatsApp session expired
2026-02-10 00:43:27 +05:00: [WARNING] WhatsApp session expired
2026-02-10 00:44:03 +05:00: [WARNING] WhatsApp session expired
2026-02-10 00:44:34 +05:00: [WARNING] WhatsApp session expired
2026-02-10 00:45:04 +05:00: [WARNING] WhatsApp session expired
2026-02-10 00:45:35 +05:00: [WARNING] WhatsApp session expired
2026-02-10 00:46:05 +05:00: [WARNING] WhatsApp session expired
2026-02-10 00:46:35 +05:00: [WARNING] WhatsApp session expired
2026-02-10 00:47:06 +05:00: [WARNING] WhatsApp session expired
2026-02-10 00:47:36 +05:00: [WARNING] WhatsApp session expired
2026-02-10 00:48:07 +05:00: [WARNING] WhatsApp session expired
2026-02-10 00:48:40 +05:00: [WARNING] WhatsApp session expired
2026-02-10 00:49:10 +05:00: [WARNING] WhatsApp session expired
2026-02-10 00:49:41 +05:00: [WARNING] WhatsApp session expired
2026-02-10 00:50:11 +05:00: [WARNING] WhatsApp session expired
2026-02-10 00:50:42 +05:00: [WARNING] WhatsApp session expired
2026-02-10 00:51:14 +05:00: [WARNING] WhatsApp session expired
2026-02-10 00:51:45 +05:00: [WARNING] WhatsApp session expired
2026-02-10 00:52:16 +05:00: [WARNING] WhatsApp session expired
2026-02-10 00:52:47 +05:00: [WARNING] WhatsApp session expired
2026-02-10 00:53:19 +05:00: [WARNING] WhatsApp session expired
2026-02-10 00:53:49 +05:00: [WARNING] WhatsApp session expired
2026-02-10 00:54:20 +05:00: [WARNING] WhatsApp session expired
2026-02-10 00:54:51 +05:00: [WARNING] WhatsApp session expired
2026-02-10 00:55:21 +05:00: [WARNING] WhatsApp session expired
2026-02-10 00:55:52 +05:00: [WARNING] WhatsApp session expired
2026-02-10 00:56:22 +05:00: [WARNING] WhatsApp session expired
2026-02-10 00:56:53 +05:00: [WARNING] WhatsApp session expired
2026-02-10 00:57:24 +05:00: [WARNING] WhatsApp session expired
2026-02-10 00:57:56 +05:00: [WARNING] WhatsApp session expired
2026-02-10 00:58:26 +05:00: [WARNING] WhatsApp session expired
2026-02-10 00:58:57 +05:00: [WARNING] WhatsApp session expired
2026-02-10 00:59:28 +05:00: [WARNING] WhatsApp session expired
2026-02-10 01:00:00 +05:00: [WARNING] WhatsApp session expired
2026-02-10 01:00:30 +05:00: [WARNING] WhatsApp session expired
2026-02-10 01:01:01 +05:00: [WARNING] WhatsApp session expired
2026-02-10 01:01:31 +05:00: [WARNING] WhatsApp session expired
2026-02-10 01:02:01 +05:00: [WARNING] WhatsApp session expired
2026-02-10 01:02:32 +05:00: [WARNING] WhatsApp session expired
2026-02-10 01:03:02 +05:00: [WARNING] WhatsApp session expired
2026-02-10 01:03:33 +05:00: [WARNING] WhatsApp session expired
2026-02-10 01:04:03 +05:00: [WARNING] WhatsApp session expired
2026-02-10 01:04:36 +05:00: [WARNING] WhatsApp session expired
2026-02-10 01:05:06 +05:00: [WARNING] WhatsApp session expired
2026-02-10 01:05:36 +05:00: [WARNING] WhatsApp session expired
2026-02-10 01:06:08 +05:00: [WARNING] WhatsApp session expired
2026-02-10 01:06:38 +05:00: [WARNING] WhatsApp session expired
2026-02-10 01:07:09 +05:00: [WARNING] WhatsApp session expired
2026-02-10 01:07:39 +05:00: [WARNING] WhatsApp session expired
2026-02-10 01:08:09 +05:00: [WARNING] WhatsApp session expired
2026-02-10 01:08:40 +05:00: [WARNING] WhatsApp session expired
2026-02-10 01:09:10 +05:00: [WARNING] WhatsApp session expired
2026-02-10 01:09:41 +05:00: [WARNING] WhatsApp session expired
2026-02-10 01:10:12 +05:00: [WARNING] WhatsApp session expired
2026-02-10 01:10:43 +05:00: [WARNING] WhatsApp session expired
2026-02-10 01:11:14 +05:00: [WARNING] WhatsApp session expired
2026-02-10 01:11:44 +05:00: [WARNING] WhatsApp session expired
2026-02-10 01:12:15 +05:00: [WARNING] WhatsApp session expired
2026-02-10 01:12:45 +05:00: [WARNING] WhatsApp session expired
2026-02-10 01:13:15 +05:00: [WARNING] WhatsApp session expired
2026-02-10 01:13:46 +05:00: [WARNING] WhatsApp session expired
2026-02-10 01:14:18 +05:00: [WARNING] WhatsApp session expired
2026-02-10 01:14:49 +05:00: [WARNING] WhatsApp session expired
2026-02-10 01:15:20 +05:00: [WARNING] WhatsApp session expired
2026-02-10 01:15:51 +05:00: [WARNING] WhatsApp session expired
2026-02-10 01:16:23 +05:00: [WARNING] WhatsApp session expired
2026-02-10 01:16:59 +05:00: [WARNING] WhatsApp session expired
2026-02-10 01:17:31 +05:00: [WARNING] WhatsApp session expired
2026-02-10 01:18:04 +05:00: [WARNING] WhatsApp session expired
2026-02-10 01:18:35 +05:00: [WARNING] WhatsApp session expired
2026-02-10 01:19:06 +05:00: [WARNING] WhatsApp session expired
2026-02-10 01:19:36 +05:00: [WARNING] WhatsApp session expired
2026-02-10 01:20:07 +05:00: [WARNING] WhatsApp session expired
2026-02-10 01:20:37 +05:00: [WARNING] WhatsApp session expired
2026-02-10 01:21:08 +05:00: [WARNING] WhatsApp session expired
2026-02-10 01:21:38 +05:00: [WARNING] WhatsApp session expired
2026-02-10 01:22:08 +05:00: [WARNING] WhatsApp session expired
2026-02-10 01:22:39 +05:00: [WARNING] WhatsApp session expired
2026-02-10 01:23:09 +05:00: [WARNING] WhatsApp session expired
2026-02-10 01:23:39 +05:00: [WARNING] WhatsApp session expired
2026-02-10 01:24:10 +05:00: [WARNING] WhatsApp session expired
2026-02-10 01:24:40 +05:00: [WARNING] WhatsApp session expired
2026-02-10 01:25:11 +05:00: [WARNING] WhatsApp session expired
2026-02-10 01:25:43 +05:00: [WARNING] WhatsApp session expired
2026-02-10 01:26:18 +05:00: [WARNING] WhatsApp session expired
2026-02-10 01:26:48 +05:00: [WARNING] WhatsApp session expired
2026-02-10 01:27:22 +05:00: [WARNING] WhatsApp session expired
2026-02-10 01:27:52 +05:00: [WARNING] WhatsApp session expired
2026-02-10 01:28:23 +05:00: [WARNING] WhatsApp session expired
2026-02-10 01:28:53 +05:00: [WARNING] WhatsApp session expired
2026-02-10 01:29:24 +05:00: [WARNING] WhatsApp session expired
2026-02-10 01:29:54 +05:00: [WARNING] WhatsApp session expired
2026-02-10 01:30:26 +05:00: [WARNING] WhatsApp session expired
2026-02-10 01:30:57 +05:00: [WARNING] WhatsApp session expired
2026-02-10 01:31:29 +05:00: [WARNING] WhatsApp session expired
2026-02-10 01:32:00 +05:00: [WARNING] WhatsApp session expired
2026-02-10 01:32:30 +05:00: [WARNING] WhatsApp session expired
2026-02-10 01:33:01 +05:00: [WARNING] WhatsApp session expired
2026-02-10 01:33:31 +05:00: [WARNING] WhatsApp session expired
2026-02-10 01:34:02 +05:00: [WARNING] WhatsApp session expired
2026-02-10 01:34:32 +05:00: [WARNING] WhatsApp session expired
2026-02-10 01:35:03 +05:00: [WARNING] WhatsApp session expired
2026-02-10 01:35:34 +05:00: [WARNING] WhatsApp session expired
2026-02-10 01:36:04 +05:00: [WARNING] WhatsApp session expired
2026-02-10 01:36:35 +05:00: [WARNING] WhatsApp session expired
2026-02-10 01:37:05 +05:00: [WARNING] WhatsApp session expired
2026-02-10 01:37:36 +05:00: [WARNING] WhatsApp session expired
2026-02-10 01:38:07 +05:00: [WARNING] WhatsApp session expired
2026-02-10 01:38:38 +05:00: [WARNING] WhatsApp session expired
2026-02-10 01:39:08 +05:00: [WARNING] WhatsApp session expired
2026-02-10 01:39:39 +05:00: [WARNING] WhatsApp session expired
2026-02-10 01:40:09 +05:00: [WARNING] WhatsApp session expired
2026-02-10 01:40:40 +05:00: [WARNING] WhatsApp session expired
2026-02-10 01:41:11 +05:00: [WARNING] WhatsApp session expired
2026-02-10 01:41:41 +05:00: [WARNING] WhatsApp session expired
2026-02-10 01:42:12 +05:00: [WARNING] WhatsApp session expired
2026-02-10 01:42:43 +05:00: [WARNING] WhatsApp session expired
2026-02-10 01:43:13 +05:00: [WARNING] WhatsApp session expired
2026-02-10 01:43:44 +05:00: [WARNING] WhatsApp session expired
2026-02-10 01:44:16 +05:00: [WARNING] WhatsApp session expired
2026-02-10 01:44:46 +05:00: [WARNING] WhatsApp session expired
2026-02-10 01:45:17 +05:00: [WARNING] WhatsApp session expired
2026-02-10 01:45:47 +05:00: [WARNING] WhatsApp session expired
2026-02-10 01:46:18 +05:00: [WARNING] WhatsApp session expired
2026-02-10 01:46:49 +05:00: [WARNING] WhatsApp session expired
2026-02-10 01:47:20 +05:00: [WARNING] WhatsApp session expired
2026-02-10 01:47:50 +05:00: [WARNING] WhatsApp session expired
2026-02-10 01:48:21 +05:00: [WARNING] WhatsApp session expired
2026-02-10 01:48:52 +05:00: [WARNING] WhatsApp session expired
2026-02-10 01:49:25 +05:00: [WARNING] WhatsApp session expired
2026-02-10 01:49:57 +05:00: [WARNING] WhatsApp session expired
2026-02-10 01:50:28 +05:00: [WARNING] WhatsApp session expired
2026-02-10 01:50:58 +05:00: [WARNING] WhatsApp session expired
2026-02-10 01:51:28 +05:00: [WARNING] WhatsApp session expired
2026-02-10 01:52:02 +05:00: [WARNING] WhatsApp session expired
2026-02-10 01:52:32 +05:00: [WARNING] WhatsApp session expired
2026-02-10 01:53:03 +05:00: [WARNING] WhatsApp session expired
2026-02-10 01:53:33 +05:00: [WARNING] WhatsApp session expired
2026-02-10 01:54:05 +05:00: [WARNING] WhatsApp session expired
2026-02-10 01:54:36 +05:00: [WARNING] WhatsApp session expired
2026-02-10 01:55:06 +05:00: [WARNING] WhatsApp session expired
2026-02-10 01:55:37 +05:00: [WARNING] WhatsApp session expired
2026-02-10 01:56:07 +05:00: [WARNING] WhatsApp session expired
2026-02-10 01:56:38 +05:00: [WARNING] WhatsApp session expired
2026-02-10 01:57:08 +05:00: [WARNING] WhatsApp session expired
2026-02-10 01:57:40 +05:00: [WARNING] WhatsApp session expired
2026-02-10 01:58:11 +05:00: [WARNING] WhatsApp session expired
2026-02-10 01:58:41 +05:00: [WARNING] WhatsApp session expired
2026-02-10 01:59:11 +05:00: [WARNING] WhatsApp session expired
2026-02-10 01:59:42 +05:00: [WARNING] WhatsApp session expired
2026-02-10 02:00:12 +05:00: [WARNING] WhatsApp session expired
2026-02-10 02:00:43 +05:00: [WARNING] WhatsApp session expired
2026-02-10 02:01:14 +05:00: [WARNING] WhatsApp session expired
2026-02-10 02:01:44 +05:00: [WARNING] WhatsApp session expired
2026-02-10 02:02:15 +05:00: [WARNING] WhatsApp session expired
2026-02-10 02:02:47 +05:00: [WARNING] WhatsApp session expired
2026-02-10 02:03:18 +05:00: [WARNING] WhatsApp session expired
2026-02-10 02:03:48 +05:00: [WARNING] WhatsApp session expired
2026-02-10 02:04:19 +05:00: [WARNING] WhatsApp session expired
2026-02-10 02:04:49 +05:00: [WARNING] WhatsApp session expired
2026-02-10 02:05:19 +05:00: [WARNING] WhatsApp session expired
2026-02-10 02:05:50 +05:00: [WARNING] WhatsApp session expired
2026-02-10 02:06:20 +05:00: [WARNING] WhatsApp session expired
2026-02-10 02:06:50 +05:00: [WARNING] WhatsApp session expired
2026-02-10 02:07:21 +05:00: [WARNING] WhatsApp session expired
2026-02-10 02:07:52 +05:00: [WARNING] WhatsApp session expired
2026-02-10 02:08:22 +05:00: [WARNING] WhatsApp session expired
2026-02-10 02:08:54 +05:00: [WARNING] WhatsApp session expired
2026-02-10 02:09:25 +05:00: [WARNING] WhatsApp session expired
2026-02-10 02:09:55 +05:00: [WARNING] WhatsApp session expired
2026-02-10 02:10:26 +05:00: [WARNING] WhatsApp session expired
2026-02-10 02:10:56 +05:00: [WARNING] WhatsApp session expired
2026-02-10 02:11:27 +05:00: [WARNING] WhatsApp session expired
2026-02-10 02:11:57 +05:00: [WARNING] WhatsApp session expired
2026-02-10 02:12:28 +05:00: [WARNING] WhatsApp session expired
2026-02-10 02:12:59 +05:00: [WARNING] WhatsApp session expired
2026-02-10 02:13:30 +05:00: [WARNING] WhatsApp session expired
2026-02-10 02:14:00 +05:00: [WARNING] WhatsApp session expired
2026-02-10 02:14:30 +05:00: [WARNING] WhatsApp session expired
2026-02-10 02:15:01 +05:00: [WARNING] WhatsApp session expired
2026-02-10 02:15:31 +05:00: [WARNING] WhatsApp session expired
2026-02-10 02:16:02 +05:00: [WARNING] WhatsApp session expired
2026-02-10 02:16:32 +05:00: [WARNING] WhatsApp session expired
2026-02-10 02:17:02 +05:00: [WARNING] WhatsApp session expired
2026-02-10 02:17:33 +05:00: [WARNING] WhatsApp session expired
2026-02-10 02:18:03 +05:00: [WARNING] WhatsApp session expired
2026-02-10 02:18:33 +05:00: [WARNING] WhatsApp session expired
2026-02-10 02:19:04 +05:00: [WARNING] WhatsApp session expired
2026-02-10 02:19:34 +05:00: [WARNING] WhatsApp session expired
2026-02-10 02:20:04 +05:00: [WARNING] WhatsApp session expired
2026-02-10 02:20:35 +05:00: [WARNING] WhatsApp session expired
2026-02-10 02:21:05 +05:00: [WARNING] WhatsApp session expired
2026-02-10 02:21:36 +05:00: [WARNING] WhatsApp session expired
2026-02-10 02:22:07 +05:00: [WARNING] WhatsApp session expired
2026-02-10 02:22:37 +05:00: [WARNING] WhatsApp session expired
2026-02-10 02:23:07 +05:00: [WARNING] WhatsApp session expired
2026-02-10 02:23:37 +05:00: [WARNING] WhatsApp session expired
2026-02-10 02:24:08 +05:00: [WARNING] WhatsApp session expired
2026-02-10 02:24:38 +05:00: [WARNING] WhatsApp session expired
2026-02-10 02:25:16 +05:00: [WARNING] WhatsApp session expired
2026-02-10 02:25:48 +05:00: [WARNING] WhatsApp session expired
2026-02-10 02:26:19 +05:00: [WARNING] WhatsApp session expired
2026-02-10 02:26:53 +05:00: [WARNING] WhatsApp session expired
2026-02-10 02:27:23 +05:00: [WARNING] WhatsApp session expired
2026-02-10 02:27:55 +05:00: [WARNING] WhatsApp session expired
2026-02-10 02:28:25 +05:00: [WARNING] WhatsApp session expired
2026-02-10 02:28:55 +05:00: [WARNING] WhatsApp session expired
2026-02-10 02:29:25 +05:00: [WARNING] WhatsApp session expired
2026-02-10 02:29:55 +05:00: [WARNING] WhatsApp session expired
2026-02-10 02:30:26 +05:00: [WARNING] WhatsApp session expired
2026-02-10 02:30:56 +05:00: [WARNING] WhatsApp session expired
2026-02-10 02:31:26 +05:00: [WARNING] WhatsApp session expired
2026-02-10 02:31:57 +05:00: [WARNING] WhatsApp session expired
2026-02-10 02:32:27 +05:00: [WARNING] WhatsApp session expired
2026-02-10 02:32:58 +05:00: [WARNING] WhatsApp session expired
2026-02-10 02:33:28 +05:00: [WARNING] WhatsApp session expired
2026-02-10 02:33:58 +05:00: [WARNING] WhatsApp session expired
2026-02-10 02:34:32 +05:00: [WARNING] WhatsApp session expired
2026-02-10 02:35:02 +05:00: [WARNING] WhatsApp session expired
2026-02-10 02:35:32 +05:00: [WARNING] WhatsApp session expired
2026-02-10 02:36:02 +05:00: [WARNING] WhatsApp session expired
2026-02-10 02:36:33 +05:00: [WARNING] WhatsApp session expired
2026-02-10 02:37:03 +05:00: [WARNING] WhatsApp session expired
2026-02-10 02:37:33 +05:00: [WARNING] WhatsApp session expired
2026-02-10 02:38:05 +05:00: [WARNING] WhatsApp session expired
2026-02-10 02:38:35 +05:00: [WARNING] WhatsApp session expired
2026-02-10 02:39:06 +05:00: [WARNING] WhatsApp session expired
2026-02-10 02:39:38 +05:00: [WARNING] WhatsApp session expired
2026-02-10 02:40:08 +05:00: [WARNING] WhatsApp session expired
2026-02-10 02:40:39 +05:00: [WARNING] WhatsApp session expired
2026-02-10 02:41:10 +05:00: [WARNING] WhatsApp session expired
2026-02-10 02:41:40 +05:00: [WARNING] WhatsApp session expired
2026-02-10 02:42:11 +05:00: [WARNING] WhatsApp session expired
2026-02-10 02:42:41 +05:00: [WARNING] WhatsApp session expired
2026-02-10 02:43:15 +05:00: [WARNING] WhatsApp session expired
2026-02-10 13:41:55 +05:00: [WARNING] WhatsApp session expired
2026-02-10 13:42:28 +05:00: [WARNING] WhatsApp session expired
2026-02-10 13:43:01 +05:00: [WARNING] WhatsApp session expired
2026-02-10 13:43:34 +05:00: [WARNING] WhatsApp session expired
2026-02-10 13:44:04 +05:00: [WARNING] WhatsApp session expired
2026-02-10 13:44:36 +05:00: [WARNING] WhatsApp session expired
2026-02-10 13:45:09 +05:00: [WARNING] WhatsApp session expired
2026-02-10 13:45:42 +05:00: [WARNING] WhatsApp session expired
2026-02-10 13:46:13 +05:00: [WARNING] WhatsApp session expired
2026-02-10 13:46:43 +05:00: [WARNING] WhatsApp session expired
2026-02-10 13:47:14 +05:00: [WARNING] WhatsApp session expired
2026-02-10 13:47:45 +05:00: [WARNING] WhatsApp session expired
2026-02-10 13:48:26 +05:00: [WARNING] WhatsApp session expired
2026-02-10 13:48:57 +05:00: [WARNING] WhatsApp session expired
2026-02-10 13:49:27 +05:00: [WARNING] WhatsApp session expired
2026-02-10 13:49:58 +05:00: [WARNING] WhatsApp session expired
2026-02-10 13:50:29 +05:00: [WARNING] WhatsApp session expired
2026-02-10 13:51:00 +05:00: [WARNING] WhatsApp session expired
2026-02-10 13:51:31 +05:00: [WARNING] WhatsApp session expired
2026-02-10 13:52:01 +05:00: [WARNING] WhatsApp session expired
2026-02-10 13:52:32 +05:00: [WARNING] WhatsApp session expired
2026-02-10 13:53:07 +05:00: [WARNING] WhatsApp session expired
2026-02-10 13:53:39 +05:00: [WARNING] WhatsApp session expired
2026-02-10 13:54:10 +05:00: [WARNING] WhatsApp session expired
2026-02-10 13:54:40 +05:00: [WARNING] WhatsApp session expired
2026-02-10 13:55:11 +05:00: [WARNING] WhatsApp session expired
2026-02-10 13:55:42 +05:00: [WARNING] WhatsApp session expired
2026-02-10 13:56:13 +05:00: [WARNING] WhatsApp session expired
2026-02-10 13:56:44 +05:00: [WARNING] WhatsApp session expired
2026-02-10 13:57:15 +05:00: [WARNING] WhatsApp session expired
2026-02-10 13:57:45 +05:00: [WARNING] WhatsApp session expired
2026-02-10 13:58:19 +05:00: [WARNING] WhatsApp session expired
2026-02-10 13:58:49 +05:00: [WARNING] WhatsApp session expired
2026-02-10 13:59:23 +05:00: [WARNING] WhatsApp session expired
2026-02-10 13:59:54 +05:00: [WARNING] WhatsApp session expired
2026-02-10 14:00:29 +05:00: [WARNING] WhatsApp session expired
2026-02-10 14:00:59 +05:00: [WARNING] WhatsApp session expired
2026-02-10 14:01:30 +05:00: [WARNING] WhatsApp session expired
2026-02-10 14:02:00 +05:00: [WARNING] WhatsApp session expired
2026-02-10 14:02:31 +05:00: [WARNING] WhatsApp session expired
2026-02-10 14:03:02 +05:00: [WARNING] WhatsApp session expired
2026-02-10 14:03:33 +05:00: [WARNING] WhatsApp session expired
2026-02-10 14:04:03 +05:00: [WARNING] WhatsApp session expired
2026-02-10 14:04:34 +05:00: [WARNING] WhatsApp session expired
2026-02-10 14:05:07 +05:00: [WARNING] WhatsApp session expired
2026-02-10 14:05:39 +05:00: [WARNING] WhatsApp session expired
2026-02-10 14:06:09 +05:00: [WARNING] WhatsApp session expired
2026-02-10 14:06:40 +05:00: [WARNING] WhatsApp session expired
2026-02-10 14:07:11 +05:00: [WARNING] WhatsApp session expired
2026-02-10 14:07:46 +05:00: [WARNING] WhatsApp session expired
2026-02-10 14:08:18 +05:00: [WARNING] WhatsApp session expired
2026-02-10 14:08:48 +05:00: [WARNING] WhatsApp session expired
2026-02-10 14:09:19 +05:00: [WARNING] WhatsApp session expired
2026-02-10 14:09:49 +05:00: [WARNING] WhatsApp session expired
2026-02-10 14:10:20 +05:00: [WARNING] WhatsApp session expired
2026-02-10 14:10:50 +05:00: [WARNING] WhatsApp session expired
2026-02-10 14:11:21 +05:00: [WARNING] WhatsApp session expired
2026-02-10 14:11:52 +05:00: [WARNING] WhatsApp session expired
2026-02-10 14:12:22 +05:00: [WARNING] WhatsApp session expired
2026-02-10 14:12:53 +05:00: [WARNING] WhatsApp session expired
2026-02-10 14:13:24 +05:00: [WARNING] WhatsApp session expired
2026-02-10 14:13:55 +05:00: [WARNING] WhatsApp session expired
2026-02-10 14:14:27 +05:00: [WARNING] WhatsApp session expired
2026-02-10 14:14:57 +05:00: [WARNING] WhatsApp session expired
2026-02-10 14:15:28 +05:00: [WARNING] WhatsApp session expired
2026-02-10 14:15:58 +05:00: [WARNING] WhatsApp session expired
2026-02-10 14:16:29 +05:00: [WARNING] WhatsApp session expired
2026-02-10 14:16:59 +05:00: [WARNING] WhatsApp session expired
2026-02-10 14:17:30 +05:00: [WARNING] WhatsApp session expired
2026-02-10 14:18:01 +05:00: [WARNING] WhatsApp session expired
2026-02-10 14:18:31 +05:00: [WARNING] WhatsApp session expired
2026-02-10 14:19:01 +05:00: [WARNING] WhatsApp session expired
2026-02-10 14:19:32 +05:00: [WARNING] WhatsApp session expired
2026-02-10 14:20:03 +05:00: [WARNING] WhatsApp session expired
2026-02-10 14:20:33 +05:00: [WARNING] WhatsApp session expired
2026-02-10 14:21:04 +05:00: [WARNING] WhatsApp session expired
2026-02-10 14:21:36 +05:00: [WARNING] WhatsApp session expired
2026-02-10 14:22:06 +05:00: [WARNING] WhatsApp session expired
2026-02-10 14:22:38 +05:00: [WARNING] WhatsApp session expired
2026-02-10 15:03:52 +05:00: [WARNING] WhatsApp session expired
2026-02-10 15:04:22 +05:00: [WARNING] WhatsApp session expired
2026-02-10 15:04:52 +05:00: [WARNING] WhatsApp session expired
2026-02-10 15:05:23 +05:00: [WARNING] WhatsApp session expired
2026-02-10 15:05:54 +05:00: [WARNING] WhatsApp session expired
2026-02-10 15:06:25 +05:00: [WARNING] WhatsApp session expired
2026-02-10 15:06:55 +05:00: [WARNING] WhatsApp session expired
2026-02-10 15:07:25 +05:00: [WARNING] WhatsApp session expired
2026-02-10 15:07:56 +05:00: [WARNING] WhatsApp session expired
2026-02-10 15:08:26 +05:00: [WARNING] WhatsApp session expired
2026-02-10 15:08:56 +05:00: [WARNING] WhatsApp session expired
2026-02-10 15:09:27 +05:00: [WARNING] WhatsApp session expired
2026-02-10 15:09:59 +05:00: [WARNING] WhatsApp session expired
2026-02-10 15:10:29 +05:00: [WARNING] WhatsApp session expired
2026-02-10 15:11:00 +05:00: [WARNING] WhatsApp session expired
2026-02-10 15:11:30 +05:00: [WARNING] WhatsApp session expired
2026-02-10 15:12:01 +05:00: [WARNING] WhatsApp session expired
2026-02-10 15:12:32 +05:00: [WARNING] WhatsApp session expired
2026-02-10 15:13:03 +05:00: [WARNING] WhatsApp session expired
2026-02-10 15:13:33 +05:00: [WARNING] WhatsApp session expired
2026-02-10 15:14:04 +05:00: [WARNING] WhatsApp session expired
2026-02-10 15:14:34 +05:00: [WARNING] WhatsApp session expired
2026-02-10 15:15:05 +05:00: [WARNING] WhatsApp session expired
2026-02-10 15:15:36 +05:00: [WARNING] WhatsApp session expired
2026-02-10 15:16:06 +05:00: [WARNING] WhatsApp session expired
2026-02-10 15:16:37 +05:00: [WARNING] WhatsApp session expired
2026-02-10 15:17:07 +05:00: [WARNING] WhatsApp session expired
2026-02-10 15:17:37 +05:00: [WARNING] WhatsApp session expired
2026-02-10 15:18:08 +05:00: [WARNING] WhatsApp session expired
2026-02-10 15:18:38 +05:00: [WARNING] WhatsApp session expired
2026-02-10 15:19:08 +05:00: [WARNING] WhatsApp session expired
2026-02-10 15:19:40 +05:00: [WARNING] WhatsApp session expired
2026-02-10 15:20:11 +05:00: [WARNING] WhatsApp session expired
2026-02-10 15:20:43 +05:00: [WARNING] WhatsApp session expired
2026-02-10 15:21:13 +05:00: [WARNING] WhatsApp session expired
2026-02-10 15:21:45 +05:00: [WARNING] WhatsApp session expired
2026-02-10 15:22:16 +05:00: [WARNING] WhatsApp session expired
2026-02-10 15:22:47 +05:00: [WARNING] WhatsApp session expired
2026-02-10 15:23:18 +05:00: [WARNING] WhatsApp session expired
2026-02-10 15:23:50 +05:00: [WARNING] WhatsApp session expired
2026-02-10 15:24:23 +05:00: [WARNING] WhatsApp session expired
2026-02-10 15:24:54 +05:00: [WARNING] WhatsApp session expired
2026-02-10 15:25:24 +05:00: [WARNING] WhatsApp session expired
2026-02-10 15:25:54 +05:00: [WARNING] WhatsApp session expired
2026-02-10 15:26:24 +05:00: [WARNING] WhatsApp session expired
2026-02-10 15:26:55 +05:00: [WARNING] WhatsApp session expired
2026-02-10 15:27:25 +05:00: [WARNING] WhatsApp session expired
2026-02-10 15:27:55 +05:00: [WARNING] WhatsApp session expired
2026-02-10 15:28:25 +05:00: [WARNING] WhatsApp session expired
2026-02-10 15:28:55 +05:00: [WARNING] WhatsApp session expired
2026-02-10 15:29:26 +05:00: [WARNING] WhatsApp session expired
2026-02-10 15:29:56 +05:00: [WARNING] WhatsApp session expired
2026-02-10 15:30:26 +05:00: [WARNING] WhatsApp session expired
2026-02-10 15:30:59 +05:00: [WARNING] WhatsApp session expired
2026-02-10 15:31:29 +05:00: [WARNING] WhatsApp session expired
2026-02-10 15:32:00 +05:00: [WARNING] WhatsApp session expired
2026-02-10 15:32:30 +05:00: [WARNING] WhatsApp session expired
2026-02-10 15:33:00 +05:00: [WARNING] WhatsApp session expired
2026-02-10 15:33:30 +05:00: [WARNING] WhatsApp session expired
2026-02-10 15:34:01 +05:00: [WARNING] WhatsApp session expired
2026-02-10 15:34:31 +05:00: [WARNING] WhatsApp session expired
2026-02-10 15:35:01 +05:00: [WARNING] WhatsApp session expired
2026-02-10 15:35:33 +05:00: [WARNING] WhatsApp session expired
2026-02-10 15:36:03 +05:00: [WARNING] WhatsApp session expired
2026-02-10 15:36:34 +05:00: [WARNING] WhatsApp session expired
2026-02-10 15:37:04 +05:00: [WARNING] WhatsApp session expired
2026-02-10 15:37:34 +05:00: [WARNING] WhatsApp session expired
2026-02-10 15:38:05 +05:00: [WARNING] WhatsApp session expired
2026-02-10 15:38:36 +05:00: [WARNING] WhatsApp session expired
2026-02-10 15:39:06 +05:00: [WARNING] WhatsApp session expired
2026-02-10 15:39:37 +05:00: [WARNING] WhatsApp session expired
2026-02-10 15:40:08 +05:00: [WARNING] WhatsApp session expired
2026-02-10 15:40:38 +05:00: [WARNING] WhatsApp session expired
2026-02-10 15:41:08 +05:00: [WARNING] WhatsApp session expired
2026-02-10 15:41:38 +05:00: [WARNING] WhatsApp session expired
2026-02-10 15:42:08 +05:00: [WARNING] WhatsApp session expired
2026-02-10 15:42:39 +05:00: [WARNING] WhatsApp session expired
2026-02-10 15:43:09 +05:00: [WARNING] WhatsApp session expired
2026-02-10 15:43:39 +05:00: [WARNING] WhatsApp session expired
2026-02-10 15:44:09 +05:00: [WARNING] WhatsApp session expired
2026-02-10 15:44:40 +05:00: [WARNING] WhatsApp session expired
2026-02-10 15:45:11 +05:00: [WARNING] WhatsApp session expired
2026-02-10 15:45:41 +05:00: [WARNING] WhatsApp session expired
2026-02-10 15:46:11 +05:00: [WARNING] WhatsApp session expired
2026-02-10 15:46:41 +05:00: [WARNING] WhatsApp session expired
2026-02-10 15:47:12 +05:00: [WARNING] WhatsApp session expired
2026-02-10 15:47:43 +05:00: [WARNING] WhatsApp session expired
2026-02-10 15:48:13 +05:00: [WARNING] WhatsApp session expired
2026-02-10 15:48:44 +05:00: [WARNING] WhatsApp session expired
2026-02-10 15:49:14 +05:00: [WARNING] WhatsApp session expired
2026-02-10 15:49:44 +05:00: [WARNING] WhatsApp session expired
2026-02-10 15:50:15 +05:00: [WARNING] WhatsApp session expired
2026-02-10 15:50:45 +05:00: [WARNING] WhatsApp session expired
2026-02-10 15:51:15 +05:00: [WARNING] WhatsApp session expired
2026-02-10 15:51:46 +05:00: [WARNING] WhatsApp session expired
2026-02-10 15:52:16 +05:00: [WARNING] WhatsApp session expired
2026-02-10 15:52:53 +05:00: [WARNING] WhatsApp session expired
2026-02-10 17:53:13 +05:00: [WARNING] WhatsApp session expired
2026-02-10 17:53:44 +05:00: [WARNING] WhatsApp session expired
2026-02-10 17:54:14 +05:00: [WARNING] WhatsApp session expired
2026-02-10 17:54:44 +05:00: [WARNING] WhatsApp session expired
2026-02-10 17:55:15 +05:00: [WARNING] WhatsApp session expired
2026-02-10 17:55:46 +05:00: [WARNING] WhatsApp session expired
2026-02-10 17:56:16 +05:00: [WARNING] WhatsApp session expired
2026-02-10 17:56:48 +05:00: [WARNING] WhatsApp session expired
2026-02-10 17:57:19 +05:00: [WARNING] WhatsApp session expired
2026-02-10 17:57:50 +05:00: [WARNING] WhatsApp session expired
2026-02-10 17:58:20 +05:00: [WARNING] WhatsApp session expired
2026-02-10 17:58:51 +05:00: [WARNING] WhatsApp session expired
2026-02-10 17:59:21 +05:00: [WARNING] WhatsApp session expired
2026-02-10 17:59:52 +05:00: [WARNING] WhatsApp session expired
2026-02-10 18:00:22 +05:00: [WARNING] WhatsApp session expired
2026-02-10 18:00:53 +05:00: [WARNING] WhatsApp session expired
2026-02-10 18:01:24 +05:00: [WARNING] WhatsApp session expired
2026-02-10 18:01:54 +05:00: [WARNING] WhatsApp session expired
2026-02-10 18:02:25 +05:00: [WARNING] WhatsApp session expired
2026-02-10 18:02:55 +05:00: [WARNING] WhatsApp session expired
2026-02-10 18:03:29 +05:00: [WARNING] WhatsApp session expired
2026-02-10 18:03:59 +05:00: [WARNING] WhatsApp session expired
2026-02-10 18:04:30 +05:00: [WARNING] WhatsApp session expired
2026-02-10 18:05:00 +05:00: [WARNING] WhatsApp session expired
2026-02-10 18:05:30 +05:00: [WARNING] WhatsApp session expired
2026-02-10 18:06:01 +05:00: [WARNING] WhatsApp session expired
2026-02-10 18:06:35 +05:00: [WARNING] WhatsApp session expired
2026-02-10 18:07:10 +05:00: [WARNING] WhatsApp session expired
2026-02-10 18:07:41 +05:00: [WARNING] WhatsApp session expired
2026-02-10 18:08:23 +05:00: [WARNING] WhatsApp session expired
2026-02-10 18:08:54 +05:00: [WARNING] WhatsApp session expired
2026-02-10 18:09:24 +05:00: [WARNING] WhatsApp session expired
2026-02-10 18:09:55 +05:00: [WARNING] WhatsApp session expired
2026-02-10 18:10:25 +05:00: [WARNING] WhatsApp session expired
2026-02-10 18:10:56 +05:00: [WARNING] WhatsApp session expired
2026-02-10 18:11:26 +05:00: [WARNING] WhatsApp session expired
2026-02-10 18:11:57 +05:00: [WARNING] WhatsApp session expired
2026-02-10 18:12:28 +05:00: [WARNING] WhatsApp session expired
2026-02-10 18:13:01 +05:00: [WARNING] WhatsApp session expired
2026-02-10 18:13:32 +05:00: [WARNING] WhatsApp session expired
2026-02-10 18:14:03 +05:00: [WARNING] WhatsApp session expired
2026-02-10 18:14:35 +05:00: [WARNING] WhatsApp session expired
2026-02-10 18:15:09 +05:00: [WARNING] WhatsApp session expired
2026-02-10 18:15:42 +05:00: [WARNING] WhatsApp session expired
2026-02-10 18:16:13 +05:00: [WARNING] WhatsApp session expired
2026-02-10 18:16:44 +05:00: [WARNING] WhatsApp session expired
2026-02-10 18:17:15 +05:00: [WARNING] WhatsApp session expired
2026-02-10 18:17:45 +05:00: [WARNING] WhatsApp session expired
2026-02-10 18:18:19 +05:00: [WARNING] WhatsApp session expired
2026-02-10 18:18:49 +05:00: [WARNING] WhatsApp session expired
2026-02-10 18:19:19 +05:00: [WARNING] WhatsApp session expired
2026-02-10 18:19:49 +05:00: [WARNING] WhatsApp session expired
2026-02-10 18:20:20 +05:00: [WARNING] WhatsApp session expired
2026-02-10 18:20:50 +05:00: [WARNING] WhatsApp session expired
2026-02-10 18:21:20 +05:00: [WARNING] WhatsApp session expired
2026-02-10 18:21:52 +05:00: [WARNING] WhatsApp session expired
2026-02-10 18:22:22 +05:00: [WARNING] WhatsApp session expired
2026-02-10 18:40:25 +05:00: [WARNING] WhatsApp session expired
2026-02-10 18:40:55 +05:00: [WARNING] WhatsApp session expired
2026-02-10 18:41:25 +05:00: [WARNING] WhatsApp session expired
2026-02-10 18:41:56 +05:00: [WARNING] WhatsApp session expired
2026-02-10 18:42:30 +05:00: [WARNING] WhatsApp session expired
2026-02-10 18:43:00 +05:00: [WARNING] WhatsApp session expired
2026-02-10 18:43:34 +05:00: [WARNING] WhatsApp session expired
2026-02-10 18:44:10 +05:00: [WARNING] WhatsApp session expired
2026-02-10 18:44:45 +05:00: [WARNING] WhatsApp session expired
2026-02-10 18:45:24 +05:00: [WARNING] WhatsApp session expired
2026-02-10 18:45:56 +05:00: [WARNING] WhatsApp session expired
2026-02-10 18:46:27 +05:00: [WARNING] WhatsApp session expired
2026-02-10 18:46:58 +05:00: [WARNING] WhatsApp session expired
2026-02-10 18:47:28 +05:00: [WARNING] WhatsApp session expired
2026-02-10 18:47:59 +05:00: [WARNING] WhatsApp session expired
2026-02-10 18:48:30 +05:00: [WARNING] WhatsApp session expired
2026-02-10 18:49:00 +05:00: [WARNING] WhatsApp session expired
2026-02-10 18:49:31 +05:00: [WARNING] WhatsApp session expired
2026-02-10 18:50:01 +05:00: [WARNING] WhatsApp session expired
2026-02-10 18:50:32 +05:00: [WARNING] WhatsApp session expired
2026-02-10 18:51:03 +05:00: [WARNING] WhatsApp session expired
2026-02-10 18:51:45 +05:00: [WARNING] WhatsApp session expired
2026-02-10 18:52:31 +05:00: [WARNING] WhatsApp session expired
2026-02-10 18:53:11 +05:00: [WARNING] WhatsApp session expired
2026-02-10 18:53:45 +05:00: [WARNING] WhatsApp session expired
2026-02-10 18:54:17 +05:00: [WARNING] WhatsApp session expired
2026-02-10 18:55:01 +05:00: [WARNING] WhatsApp session expired
2026-02-10 18:55:37 +05:00: [WARNING] WhatsApp session expired
2026-02-10 18:56:11 +05:00: [WARNING] WhatsApp session expired
2026-02-10 18:56:44 +05:00: [WARNING] WhatsApp session expired
2026-02-10 18:57:17 +05:00: [WARNING] WhatsApp session expired
2026-02-10 18:57:49 +05:00: [WARNING] WhatsApp session expired
2026-02-10 18:58:20 +05:00: [WARNING] WhatsApp session expired
2026-02-10 18:58:51 +05:00: [WARNING] WhatsApp session expired
2026-02-10 18:59:32 +05:00: [WARNING] WhatsApp session expired
2026-02-10 19:00:11 +05:00: [WARNING] WhatsApp session expired
2026-02-10 19:00:45 +05:00: [WARNING] WhatsApp session expired
2026-02-10 19:01:16 +05:00: [WARNING] WhatsApp session expired
2026-02-10 19:01:46 +05:00: [WARNING] WhatsApp session expired
2026-02-10 19:02:17 +05:00: [WARNING] WhatsApp session expired
2026-02-10 19:02:50 +05:00: [WARNING] WhatsApp session expired
2026-02-10 19:03:21 +05:00: [WARNING] WhatsApp session expired
2026-02-10 19:03:51 +05:00: [WARNING] WhatsApp session expired
2026-02-10 19:04:21 +05:00: [WARNING] WhatsApp session expired
2026-02-10 19:04:52 +05:00: [WARNING] WhatsApp session expired
2026-02-10 19:05:23 +05:00: [WARNING] WhatsApp session expired
2026-02-10 19:05:55 +05:00: [WARNING] WhatsApp session expired
2026-02-10 19:06:26 +05:00: [WARNING] WhatsApp session expired
2026-02-10 19:06:58 +05:00: [WARNING] WhatsApp session expired
2026-02-10 19:07:28 +05:00: [WARNING] WhatsApp session expired
2026-02-10 19:07:59 +05:00: [WARNING] WhatsApp session expired
2026-02-10 19:08:29 +05:00: [WARNING] WhatsApp session expired
2026-02-10 19:08:59 +05:00: [WARNING] WhatsApp session expired
2026-02-10 19:09:30 +05:00: [WARNING] WhatsApp session expired
2026-02-10 19:10:01 +05:00: [WARNING] WhatsApp session expired
2026-02-10 19:10:33 +05:00: [WARNING] WhatsApp session expired
2026-02-10 19:11:04 +05:00: [WARNING] WhatsApp session expired
2026-02-10 19:11:36 +05:00: [WARNING] WhatsApp session expired
2026-02-10 19:12:06 +05:00: [WARNING] WhatsApp session expired
2026-02-10 19:12:37 +05:00: [WARNING] WhatsApp session expired
2026-02-10 19:13:09 +05:00: [WARNING] WhatsApp session expired
2026-02-10 19:13:39 +05:00: [WARNING] WhatsApp session expired
2026-02-10 19:14:09 +05:00: [WARNING] WhatsApp session expired
2026-02-10 19:14:40 +05:00: [WARNING] WhatsApp session expired
2026-02-10 19:15:10 +05:00: [WARNING] WhatsApp session expired
2026-02-10 19:15:40 +05:00: [WARNING] WhatsApp session expired
2026-02-10 19:16:10 +05:00: [WARNING] WhatsApp session expired
2026-02-10 19:16:40 +05:00: [WARNING] WhatsApp session expired
2026-02-10 19:17:11 +05:00: [WARNING] WhatsApp session expired
2026-02-10 19:17:41 +05:00: [WARNING] WhatsApp session expired
2026-02-10 19:18:11 +05:00: [WARNING] WhatsApp session expired
2026-02-10 19:18:45 +05:00: [WARNING] WhatsApp session expired
2026-02-10 19:19:15 +05:00: [WARNING] WhatsApp session expired
2026-02-10 19:19:45 +05:00: [WARNING] WhatsApp session expired
2026-02-10 19:20:15 +05:00: [WARNING] WhatsApp session expired
2026-02-10 19:20:46 +05:00: [WARNING] WhatsApp session expired
2026-02-10 19:21:16 +05:00: [WARNING] WhatsApp session expired
2026-02-10 19:21:46 +05:00: [WARNING] WhatsApp session expired
2026-02-10 19:22:16 +05:00: [WARNING] WhatsApp session expired
2026-02-10 19:22:46 +05:00: [WARNING] WhatsApp session expired
2026-02-10 19:23:17 +05:00: [WARNING] WhatsApp session expired
2026-02-10 19:23:47 +05:00: [WARNING] WhatsApp session expired
2026-02-10 19:24:17 +05:00: [WARNING] WhatsApp session expired
2026-02-10 19:24:47 +05:00: [WARNING] WhatsApp session expired
2026-02-10 19:25:17 +05:00: [WARNING] WhatsApp session expired
2026-02-10 19:25:50 +05:00: [WARNING] WhatsApp session expired
2026-02-10 19:26:21 +05:00: [WARNING] WhatsApp session expired
2026-02-10 19:26:51 +05:00: [WARNING] WhatsApp session expired
2026-02-10 19:27:21 +05:00: [WARNING] WhatsApp session expired
2026-02-10 19:27:51 +05:00: [WARNING] WhatsApp session expired
2026-02-10 19:28:22 +05:00: [WARNING] WhatsApp session expired
2026-02-10 19:28:52 +05:00: [WARNING] WhatsApp session expired
2026-02-10 19:29:22 +05:00: [WARNING] WhatsApp session expired
2026-02-10 19:29:52 +05:00: [WARNING] WhatsApp session expired
2026-02-10 19:30:23 +05:00: [WARNING] WhatsApp session expired
2026-02-10 19:30:53 +05:00: [WARNING] WhatsApp session expired
2026-02-10 19:31:23 +05:00: [WARNING] WhatsApp session expired
2026-02-10 19:31:54 +05:00: [WARNING] WhatsApp session expired
2026-02-10 19:32:24 +05:00: [WARNING] WhatsApp session expired
2026-02-10 19:32:56 +05:00: [WARNING] WhatsApp session expired
2026-02-10 19:33:26 +05:00: [WARNING] WhatsApp session expired
2026-02-10 19:33:56 +05:00: [WARNING] WhatsApp session expired
2026-02-10 19:34:26 +05:00: [WARNING] WhatsApp session expired
2026-02-10 19:34:56 +05:00: [WARNING] WhatsApp session expired
2026-02-10 19:35:27 +05:00: [WARNING] WhatsApp session expired
2026-02-10 19:35:58 +05:00: [WARNING] WhatsApp session expired
2026-02-10 19:36:29 +05:00: [WARNING] WhatsApp session expired
2026-02-10 19:37:02 +05:00: [WARNING] WhatsApp session expired
2026-02-10 19:37:32 +05:00: [WARNING] WhatsApp session expired
2026-02-10 19:38:02 +05:00: [WARNING] WhatsApp session expired
2026-02-10 19:38:32 +05:00: [WARNING] WhatsApp session expired
2026-02-10 19:39:03 +05:00: [WARNING] WhatsApp session expired
2026-02-10 19:39:33 +05:00: [WARNING] WhatsApp session expired
2026-02-10 19:40:03 +05:00: [WARNING] WhatsApp session expired
2026-02-10 19:40:33 +05:00: [WARNING] WhatsApp session expired
2026-02-10 19:41:03 +05:00: [WARNING] WhatsApp session expired
2026-02-10 19:41:33 +05:00: [WARNING] WhatsApp session expired
2026-02-10 19:42:04 +05:00: [WARNING] WhatsApp session expired
2026-02-10 19:42:34 +05:00: [WARNING] WhatsApp session expired
2026-02-10 19:43:04 +05:00: [WARNING] WhatsApp session expired
2026-02-10 19:43:34 +05:00: [WARNING] WhatsApp session expired
2026-02-10 19:44:04 +05:00: [WARNING] WhatsApp session expired
2026-02-10 19:44:34 +05:00: [WARNING] WhatsApp session expired
2026-02-10 19:45:04 +05:00: [WARNING] WhatsApp session expired
2026-02-10 19:45:35 +05:00: [WARNING] WhatsApp session expired
2026-02-10 19:46:05 +05:00: [WARNING] WhatsApp session expired
2026-02-10 19:46:35 +05:00: [WARNING] WhatsApp session expired
2026-02-10 19:47:05 +05:00: [WARNING] WhatsApp session expired
2026-02-10 19:47:37 +05:00: [WARNING] WhatsApp session expired
2026-02-10 19:48:07 +05:00: [WARNING] WhatsApp session expired
2026-02-10 19:48:37 +05:00: [WARNING] WhatsApp session expired
2026-02-10 19:49:08 +05:00: [WARNING] WhatsApp session expired
2026-02-10 19:49:38 +05:00: [WARNING] WhatsApp session expired
2026-02-10 19:50:08 +05:00: [WARNING] WhatsApp session expired
2026-02-10 19:50:39 +05:00: [WARNING] WhatsApp session expired
2026-02-10 19:51:10 +05:00: [WARNING] WhatsApp session expired
2026-02-10 19:51:44 +05:00: [WARNING] WhatsApp session expired
2026-02-10 19:52:37 +05:00: [WARNING] WhatsApp session expired
2026-02-10 19:53:08 +05:00: [WARNING] WhatsApp session expired
2026-02-10 19:53:38 +05:00: [WARNING] WhatsApp session expired
2026-02-10 19:54:08 +05:00: [WARNING] WhatsApp session expired
2026-02-10 19:54:39 +05:00: [WARNING] WhatsApp session expired
2026-02-10 19:55:10 +05:00: [WARNING] WhatsApp session expired
2026-02-10 19:55:40 +05:00: [WARNING] WhatsApp session expired
2026-02-10 19:56:14 +05:00: [WARNING] WhatsApp session expired
2026-02-10 19:56:49 +05:00: [WARNING] WhatsApp session expired
2026-02-10 19:57:27 +05:00: [WARNING] WhatsApp session expired
2026-02-10 19:58:02 +05:00: [WARNING] WhatsApp session expired
2026-02-10 19:58:33 +05:00: [WARNING] WhatsApp session expired
2026-02-10 19:59:04 +05:00: [WARNING] WhatsApp session expired
2026-02-10 19:59:35 +05:00: [WARNING] WhatsApp session expired
2026-02-10 20:00:06 +05:00: [WARNING] WhatsApp session expired
2026-02-10 20:00:36 +05:00: [WARNING] WhatsApp session expired
2026-02-10 20:01:09 +05:00: [WARNING] WhatsApp session expired
2026-02-10 20:01:46 +05:00: [WARNING] WhatsApp session expired
2026-02-10 20:02:25 +05:00: [WARNING] WhatsApp session expired
2026-02-10 20:02:57 +05:00: [WARNING] WhatsApp session expired
2026-02-10 20:03:28 +05:00: [WARNING] WhatsApp session expired
2026-02-10 20:04:01 +05:00: [WARNING] WhatsApp session expired
2026-02-10 20:04:36 +05:00: [WARNING] WhatsApp session expired
2026-02-10 20:05:07 +05:00: [WARNING] WhatsApp session expired
2026-02-10 20:05:40 +05:00: [WARNING] WhatsApp session expired
2026-02-10 20:42:41 +05:00: [WARNING] WhatsApp session expired
2026-02-10 20:43:12 +05:00: [WARNING] WhatsApp session expired
2026-02-10 20:43:42 +05:00: [WARNING] WhatsApp session expired
2026-02-10 20:44:13 +05:00: [WARNING] WhatsApp session expired
2026-02-10 20:44:44 +05:00: [WARNING] WhatsApp session expired
2026-02-10 20:45:14 +05:00: [WARNING] WhatsApp session expired
2026-02-10 20:45:45 +05:00: [WARNING] WhatsApp session expired
2026-02-10 20:46:17 +05:00: [WARNING] WhatsApp session expired
2026-02-10 20:46:48 +05:00: [WARNING] WhatsApp session expired
2026-02-10 20:47:23 +05:00: [WARNING] WhatsApp session expired
2026-02-10 20:47:53 +05:00: [WARNING] WhatsApp session expired
2026-02-10 20:48:24 +05:00: [WARNING] WhatsApp session expired
2026-02-10 20:48:54 +05:00: [WARNING] WhatsApp session expired
2026-02-10 20:49:24 +05:00: [WARNING] WhatsApp session expired
2026-02-10 20:49:57 +05:00: [WARNING] WhatsApp session expired
2026-02-10 20:50:27 +05:00: [WARNING] WhatsApp session expired
2026-02-10 20:50:58 +05:00: [WARNING] WhatsApp session expired
2026-02-10 20:51:28 +05:00: [WARNING] WhatsApp session expired
2026-02-10 20:51:59 +05:00: [WARNING] WhatsApp session expired
2026-02-10 20:52:34 +05:00: [WARNING] WhatsApp session expired
2026-02-10 20:53:08 +05:00: [WARNING] WhatsApp session expired
2026-02-10 20:53:38 +05:00: [WARNING] WhatsApp session expired
2026-02-10 20:54:12 +05:00: [WARNING] WhatsApp session expired
2026-02-10 20:54:43 +05:00: [WARNING] WhatsApp session expired
2026-02-10 20:55:24 +05:00: [WARNING] WhatsApp session expired
2026-02-10 20:56:03 +05:00: [WARNING] WhatsApp session expired
2026-02-10 20:56:34 +05:00: [WARNING] WhatsApp session expired
2026-02-10 20:57:11 +05:00: [WARNING] WhatsApp session expired
2026-02-10 20:57:49 +05:00: [WARNING] WhatsApp session expired
2026-02-10 20:58:28 +05:00: [WARNING] WhatsApp session expired
2026-02-10 20:58:59 +05:00: [WARNING] WhatsApp session expired
2026-02-10 20:59:32 +05:00: [WARNING] WhatsApp session expired
2026-02-10 21:00:02 +05:00: [WARNING] WhatsApp session expired
2026-02-10 21:00:34 +05:00: [WARNING] WhatsApp session expired
2026-02-10 21:01:05 +05:00: [WARNING] WhatsApp session expired
2026-02-10 21:01:40 +05:00: [WARNING] WhatsApp session expired
2026-02-10 21:02:15 +05:00: [WARNING] WhatsApp session expired
2026-02-10 21:02:45 +05:00: [WARNING] WhatsApp session expired
2026-02-10 21:03:16 +05:00: [WARNING] WhatsApp session expired
2026-02-10 21:03:47 +05:00: [WARNING] WhatsApp session expired
2026-02-10 21:04:18 +05:00: [WARNING] WhatsApp session expired
2026-02-10 21:04:51 +05:00: [WARNING] WhatsApp session expired
2026-02-10 21:05:27 +05:00: [WARNING] WhatsApp session expired
2026-02-10 21:05:58 +05:00: [WARNING] WhatsApp session expired
2026-02-10 21:06:31 +05:00: [WARNING] WhatsApp session expired
2026-02-10 21:07:13 +05:00: [WARNING] WhatsApp session expired
2026-02-10 21:08:11 +05:00: [WARNING] WhatsApp session expired
2026-02-10 21:08:44 +05:00: [WARNING] WhatsApp session expired
2026-02-10 21:09:15 +05:00: [WARNING] WhatsApp session expired
2026-02-10 21:09:53 +05:00: [WARNING] WhatsApp session expired
2026-02-10 21:10:24 +05:00: [WARNING] WhatsApp session expired
2026-02-10 21:10:55 +05:00: [WARNING] WhatsApp session expired
2026-02-10 21:11:27 +05:00: [WARNING] WhatsApp session expired
2026-02-10 21:11:57 +05:00: [WARNING] WhatsApp session expired
2026-02-10 21:12:30 +05:00: [WARNING] WhatsApp session expired
2026-02-10 21:13:02 +05:00: [WARNING] WhatsApp session expired
2026-02-10 21:13:37 +05:00: [WARNING] WhatsApp session expired
2026-02-10 21:14:17 +05:00: [WARNING] WhatsApp session expired
2026-02-10 21:14:48 +05:00: [WARNING] WhatsApp session expired
2026-02-10 21:15:18 +05:00: [WARNING] WhatsApp session expired
2026-02-10 21:15:52 +05:00: [WARNING] WhatsApp session expired
2026-02-10 21:16:25 +05:00: [WARNING] WhatsApp session expired
2026-02-10 21:17:01 +05:00: [WARNING] WhatsApp session expired
2026-02-10 21:17:33 +05:00: [WARNING] WhatsApp session expired
2026-02-10 21:18:06 +05:00: [WARNING] WhatsApp session expired
2026-02-10 21:18:45 +05:00: [WARNING] WhatsApp session expired
2026-02-10 21:19:19 +05:00: [WARNING] WhatsApp session expired
2026-02-10 21:20:23 +05:00: [WARNING] WhatsApp session expired
2026-02-10 21:21:03 +05:00: [WARNING] WhatsApp session expired
2026-02-10 21:21:35 +05:00: [WARNING] WhatsApp session expired
2026-02-10 21:22:15 +05:00: [WARNING] WhatsApp session expired
2026-02-10 21:22:47 +05:00: [WARNING] WhatsApp session expired
2026-02-10 21:23:18 +05:00: [WARNING] WhatsApp session expired
2026-02-10 21:23:57 +05:00: [WARNING] WhatsApp session expired
2026-02-10 21:24:29 +05:00: [WARNING] WhatsApp session expired
2026-02-10 21:25:00 +05:00: [WARNING] WhatsApp session expired
2026-02-10 21:25:35 +05:00: [WARNING] WhatsApp session expired
2026-02-10 21:26:05 +05:00: [WARNING] WhatsApp session expired
2026-02-10 21:26:36 +05:00: [WARNING] WhatsApp session expired
2026-02-10 21:27:07 +05:00: [WARNING] WhatsApp session expired
2026-02-10 21:27:38 +05:00: [WARNING] WhatsApp session expired
2026-02-10 21:28:16 +05:00: [WARNING] WhatsApp session expired
2026-02-10 21:28:46 +05:00: [WARNING] WhatsApp session expired
2026-02-10 21:29:17 +05:00: [WARNING] WhatsApp session expired
2026-02-10 21:29:47 +05:00: [WARNING] WhatsApp session expired
2026-02-10 21:30:17 +05:00: [WARNING] WhatsApp session expired
2026-02-10 21:30:52 +05:00: [WARNING] WhatsApp session expired
2026-02-10 21:31:27 +05:00: [WARNING] WhatsApp session expired
2026-02-10 21:32:04 +05:00: [WARNING] WhatsApp session expired
2026-02-10 21:32:48 +05:00: [WARNING] WhatsApp session expired
2026-02-10 21:33:19 +05:00: [WARNING] WhatsApp session expired
2026-02-10 21:33:49 +05:00: [WARNING] WhatsApp session expired
2026-02-10 21:34:20 +05:00: [WARNING] WhatsApp session expired
2026-02-10 21:34:51 +05:00: [WARNING] WhatsApp session expired
2026-02-10 21:35:24 +05:00: [WARNING] WhatsApp session expired
2026-02-10 21:35:55 +05:00: [WARNING] WhatsApp session expired
2026-02-10 21:36:26 +05:00: [WARNING] WhatsApp session expired
2026-02-10 21:36:57 +05:00: [WARNING] WhatsApp session expired
2026-02-10 21:37:28 +05:00: [WARNING] WhatsApp session expired
2026-02-10 21:37:59 +05:00: [WARNING] WhatsApp session expired
2026-02-10 21:38:30 +05:00: [WARNING] WhatsApp session expired
2026-02-10 21:39:02 +05:00: [WARNING] WhatsApp session expired
2026-02-10 21:39:32 +05:00: [WARNING] WhatsApp session expired
2026-02-10 21:40:03 +05:00: [WARNING] WhatsApp session expired
2026-02-10 21:40:39 +05:00: [WARNING] WhatsApp session expired
2026-02-10 21:41:10 +05:00: [WARNING] WhatsApp session expired
2026-02-10 21:41:48 +05:00: [WARNING] WhatsApp session expired
2026-02-10 21:42:38 +05:00: [WARNING] WhatsApp session expired
2026-02-10 21:43:15 +05:00: [WARNING] WhatsApp session expired
2026-02-10 21:43:47 +05:00: [WARNING] WhatsApp session expired
2026-02-10 21:44:34 +05:00: [WARNING] WhatsApp session expired
2026-02-10 21:45:12 +05:00: [WARNING] WhatsApp session expired
2026-02-10 21:45:43 +05:00: [WARNING] WhatsApp session expired
2026-02-10 21:46:15 +05:00: [WARNING] WhatsApp session expired
2026-02-10 21:46:46 +05:00: [WARNING] WhatsApp session expired
2026-02-10 21:47:16 +05:00: [WARNING] WhatsApp session expired
2026-02-10 21:47:46 +05:00: [WARNING] WhatsApp session expired
2026-02-10 21:48:17 +05:00: [WARNING] WhatsApp session expired
2026-02-10 21:48:47 +05:00: [WARNING] WhatsApp session expired
2026-02-10 21:49:21 +05:00: [WARNING] WhatsApp session expired
2026-02-10 21:49:53 +05:00: [WARNING] WhatsApp session expired
2026-02-10 21:50:27 +05:00: [WARNING] WhatsApp session expired
2026-02-10 21:50:58 +05:00: [WARNING] WhatsApp session expired
2026-02-10 21:51:28 +05:00: [WARNING] WhatsApp session expired
2026-02-10 21:52:01 +05:00: [WARNING] WhatsApp session expired
2026-02-10 21:52:33 +05:00: [WARNING] WhatsApp session expired
2026-02-10 21:53:03 +05:00: [WARNING] WhatsApp session expired
2026-02-10 21:53:34 +05:00: [WARNING] WhatsApp session expired
2026-02-10 21:54:06 +05:00: [WARNING] WhatsApp session expired
2026-02-10 21:54:36 +05:00: [WARNING] WhatsApp session expired
2026-02-10 21:55:07 +05:00: [WARNING] WhatsApp session expired
2026-02-10 21:55:37 +05:00: [WARNING] WhatsApp session expired
2026-02-10 21:56:09 +05:00: [WARNING] WhatsApp session expired
2026-02-10 21:56:40 +05:00: [WARNING] WhatsApp session expired
2026-02-10 21:57:22 +05:00: [WARNING] WhatsApp session expired
2026-02-10 21:57:54 +05:00: [WARNING] WhatsApp session expired
2026-02-10 21:58:24 +05:00: [WARNING] WhatsApp session expired
2026-02-10 21:58:54 +05:00: [WARNING] WhatsApp session expired
2026-02-10 21:59:24 +05:00: [WARNING] WhatsApp session expired
2026-02-10 21:59:55 +05:00: [WARNING] WhatsApp session expired
2026-02-10 22:00:25 +05:00: [WARNING] WhatsApp session expired
2026-02-10 22:00:56 +05:00: [WARNING] WhatsApp session expired
2026-02-10 22:01:26 +05:00: [WARNING] WhatsApp session expired
2026-02-10 22:01:56 +05:00: [WARNING] WhatsApp session expired
2026-02-10 22:02:28 +05:00: [WARNING] WhatsApp session expired
2026-02-10 22:02:59 +05:00: [WARNING] WhatsApp session expired
2026-02-10 22:03:29 +05:00: [WARNING] WhatsApp session expired
2026-02-10 22:03:59 +05:00: [WARNING] WhatsApp session expired
2026-02-10 22:04:30 +05:00: [WARNING] WhatsApp session expired
2026-02-10 22:05:17 +05:00: [WARNING] WhatsApp session expired
2026-02-10 22:05:48 +05:00: [WARNING] WhatsApp session expired
2026-02-10 22:06:18 +05:00: [WARNING] WhatsApp session expired
2026-02-10 22:06:48 +05:00: [WARNING] WhatsApp session expired
2026-02-10 22:07:19 +05:00: [WARNING] WhatsApp session expired
2026-02-10 22:07:59 +05:00: [WARNING] WhatsApp session expired
2026-02-10 22:08:40 +05:00: [WARNING] WhatsApp session expired
2026-02-10 22:09:11 +05:00: [WARNING] WhatsApp session expired
2026-02-10 22:09:41 +05:00: [WARNING] WhatsApp session expired
2026-02-10 22:10:13 +05:00: [WARNING] WhatsApp session expired
2026-02-10 22:10:44 +05:00: [WARNING] WhatsApp session expired
2026-02-10 22:11:14 +05:00: [WARNING] WhatsApp session expired
2026-02-10 22:11:45 +05:00: [WARNING] WhatsApp session expired
2026-02-10 22:12:18 +05:00: [WARNING] WhatsApp session expired
2026-02-10 22:12:48 +05:00: [WARNING] WhatsApp session expired
2026-02-10 22:13:18 +05:00: [WARNING] WhatsApp session expired
2026-02-10 22:13:49 +05:00: [WARNING] WhatsApp session expired
2026-02-10 22:14:21 +05:00: [WARNING] WhatsApp session expired
2026-02-10 22:14:57 +05:00: [WARNING] WhatsApp session expired
2026-02-10 22:15:30 +05:00: [WARNING] WhatsApp session expired
2026-02-10 22:16:01 +05:00: [WARNING] WhatsApp session expired
2026-02-10 22:16:32 +05:00: [WARNING] WhatsApp session expired
2026-02-10 22:17:03 +05:00: [WARNING] WhatsApp session expired
2026-02-10 22:17:33 +05:00: [WARNING] WhatsApp session expired
2026-02-10 22:18:04 +05:00: [WARNING] WhatsApp session expired
2026-02-10 22:18:40 +05:00: [WARNING] WhatsApp session expired
2026-02-10 22:19:38 +05:00: [WARNING] WhatsApp session expired
2026-02-10 22:20:16 +05:00: [WARNING] WhatsApp session expired
2026-02-10 22:20:47 +05:00: [WARNING] WhatsApp session expired
2026-02-10 22:21:17 +05:00: [WARNING] WhatsApp session expired
2026-02-10 22:21:47 +05:00: [WARNING] WhatsApp session expired
2026-02-10 22:22:19 +05:00: [WARNING] WhatsApp session expired
2026-02-10 22:22:49 +05:00: [WARNING] WhatsApp session expired
2026-02-10 22:23:20 +05:00: [WARNING] WhatsApp session expired
2026-02-10 22:23:50 +05:00: [WARNING] WhatsApp session expired
2026-02-10 22:24:21 +05:00: [WARNING] WhatsApp session expired
2026-02-10 22:24:51 +05:00: [WARNING] WhatsApp session expired
2026-02-10 22:25:22 +05:00: [WARNING] WhatsApp session expired
2026-02-10 22:25:52 +05:00: [WARNING] WhatsApp session expired
2026-02-10 22:26:22 +05:00: [WARNING] WhatsApp session expired
2026-02-10 22:26:52 +05:00: [WARNING] WhatsApp session expired
2026-02-10 22:27:23 +05:00: [WARNING] WhatsApp session expired
2026-02-10 22:27:53 +05:00: [WARNING] WhatsApp session expired
2026-02-10 22:28:24 +05:00: [WARNING] WhatsApp session expired
2026-02-10 22:28:54 +05:00: [WARNING] WhatsApp session expired
2026-02-10 22:29:25 +05:00: [WARNING] WhatsApp session expired
2026-02-10 22:29:55 +05:00: [WARNING] WhatsApp session expired
2026-02-10 22:30:26 +05:00: [WARNING] WhatsApp session expired
2026-02-10 22:30:57 +05:00: [WARNING] WhatsApp session expired
2026-02-10 22:31:27 +05:00: [WARNING] WhatsApp session expired
2026-02-10 22:31:58 +05:00: [WARNING] WhatsApp session expired
2026-02-10 22:32:28 +05:00: [WARNING] WhatsApp session expired
2026-02-10 22:33:03 +05:00: [WARNING] WhatsApp session expired
2026-02-10 23:56:22 +05:00: [WARNING] WhatsApp session expired
2026-02-10 23:56:53 +05:00: [WARNING] WhatsApp session expired
2026-02-10 23:57:23 +05:00: [WARNING] WhatsApp session expired
2026-02-10 23:57:59 +05:00: [WARNING] WhatsApp session expired
2026-02-10 23:58:30 +05:00: [WARNING] WhatsApp session expired
2026-02-10 23:59:00 +05:00: [WARNING] WhatsApp session expired
2026-02-10 23:59:31 +05:00: [WARNING] WhatsApp session expired
2026-02-11 00:00:02 +05:00: [WARNING] WhatsApp session expired
2026-02-11 00:00:32 +05:00: [WARNING] WhatsApp session expired
2026-02-11 00:01:02 +05:00: [WARNING] WhatsApp session expired
2026-02-11 00:01:32 +05:00: [WARNING] WhatsApp session expired
2026-02-11 00:02:02 +05:00: [WARNING] WhatsApp session expired
2026-02-11 00:02:32 +05:00: [WARNING] WhatsApp session expired
2026-02-11 00:03:03 +05:00: [WARNING] WhatsApp session expired
2026-02-11 00:03:33 +05:00: [WARNING] WhatsApp session expired
2026-02-11 00:04:03 +05:00: [WARNING] WhatsApp session expired
2026-02-11 00:04:33 +05:00: [WARNING] WhatsApp session expired
2026-02-11 00:05:03 +05:00: [WARNING] WhatsApp session expired
2026-02-11 00:05:33 +05:00: [WARNING] WhatsApp session expired
2026-02-11 00:06:03 +05:00: [WARNING] WhatsApp session expired
2026-02-11 00:06:34 +05:00: [WARNING] WhatsApp session expired
2026-02-11 00:07:04 +05:00: [WARNING] WhatsApp session expired
2026-02-11 00:07:34 +05:00: [WARNING] WhatsApp session expired
2026-02-11 00:08:04 +05:00: [WARNING] WhatsApp session expired
2026-02-11 00:08:34 +05:00: [WARNING] WhatsApp session expired
2026-02-11 00:09:04 +05:00: [WARNING] WhatsApp session expired
2026-02-11 00:09:34 +05:00: [WARNING] WhatsApp session expired
2026-02-11 00:10:05 +05:00: [WARNING] WhatsApp session expired
2026-02-11 00:10:35 +05:00: [WARNING] WhatsApp session expired
2026-02-11 00:11:05 +05:00: [WARNING] WhatsApp session expired
2026-02-11 00:11:35 +05:00: [WARNING] WhatsApp session expired
2026-02-11 00:12:05 +05:00: [WARNING] WhatsApp session expired
2026-02-11 00:12:36 +05:00: [WARNING] WhatsApp session expired
2026-02-11 00:13:06 +05:00: [WARNING] WhatsApp session expired
2026-02-11 00:13:36 +05:00: [WARNING] WhatsApp session expired
2026-02-11 00:14:07 +05:00: [WARNING] WhatsApp session expired
2026-02-11 00:14:37 +05:00: [WARNING] WhatsApp session expired
2026-02-11 00:15:07 +05:00: [WARNING] WhatsApp session expired
2026-02-11 00:15:37 +05:00: [WARNING] WhatsApp session expired
2026-02-11 00:16:07 +05:00: [WARNING] WhatsApp session expired
2026-02-11 00:16:38 +05:00: [WARNING] WhatsApp session expired
2026-02-11 00:17:08 +05:00: [WARNING] WhatsApp session expired
2026-02-11 00:17:39 +05:00: [WARNING] WhatsApp session expired
2026-02-11 00:18:09 +05:00: [WARNING] WhatsApp session expired
2026-02-11 00:18:41 +05:00: [WARNING] WhatsApp session expired
2026-02-11 00:19:11 +05:00: [WARNING] WhatsApp session expired
2026-02-11 00:19:42 +05:00: [WARNING] WhatsApp session expired
2026-02-11 00:20:12 +05:00: [WARNING] WhatsApp session expired
2026-02-11 00:20:42 +05:00: [WARNING] WhatsApp session expired
2026-02-11 00:21:13 +05:00: [WARNING] WhatsApp session expired
2026-02-11 00:21:52 +05:00: [WARNING] WhatsApp session expired
2026-02-11 00:22:22 +05:00: [WARNING] WhatsApp session expired
2026-02-11 00:22:58 +05:00: [WARNING] WhatsApp session expired
2026-02-11 00:23:30 +05:00: [WARNING] WhatsApp session expired
2026-02-11 00:24:00 +05:00: [WARNING] WhatsApp session expired
2026-02-11 00:24:32 +05:00: [WARNING] WhatsApp session expired
2026-02-11 00:25:03 +05:00: [WARNING] WhatsApp session expired
2026-02-11 00:25:34 +05:00: [WARNING] WhatsApp session expired
2026-02-11 00:26:04 +05:00: [WARNING] WhatsApp session expired
2026-02-11 00:26:34 +05:00: [WARNING] WhatsApp session expired
2026-02-11 00:27:05 +05:00: [WARNING] WhatsApp session expired
2026-02-11 00:27:35 +05:00: [WARNING] WhatsApp session expired
2026-02-11 00:28:05 +05:00: [WARNING] WhatsApp session expired
2026-02-11 00:28:35 +05:00: [WARNING] WhatsApp session expired
2026-02-11 00:29:06 +05:00: [WARNING] WhatsApp session expired
2026-02-11 00:29:36 +05:00: [WARNING] WhatsApp session expired
2026-02-11 00:30:06 +05:00: [WARNING] WhatsApp session expired
2026-02-11 00:30:40 +05:00: [WARNING] WhatsApp session expired
2026-02-11 00:31:10 +05:00: [WARNING] WhatsApp session expired
2026-02-11 00:31:44 +05:00: [WARNING] WhatsApp session expired
2026-02-11 00:32:14 +05:00: [WARNING] WhatsApp session expired
2026-02-11 00:32:44 +05:00: [WARNING] WhatsApp session expired
2026-02-11 00:33:14 +05:00: [WARNING] WhatsApp session expired
2026-02-11 00:33:44 +05:00: [WARNING] WhatsApp session expired
2026-02-11 00:34:15 +05:00: [WARNING] WhatsApp session expired
2026-02-11 00:34:45 +05:00: [WARNING] WhatsApp session expired
2026-02-11 00:35:15 +05:00: [WARNING] WhatsApp session expired
2026-02-11 00:35:45 +05:00: [WARNING] WhatsApp session expired
2026-02-11 00:36:15 +05:00: [WARNING] WhatsApp session expired
2026-02-11 00:36:47 +05:00: [WARNING] WhatsApp session expired
2026-02-11 00:37:17 +05:00: [WARNING] WhatsApp session expired
2026-02-11 00:37:48 +05:00: [WARNING] WhatsApp session expired
2026-02-11 00:38:18 +05:00: [WARNING] WhatsApp session expired
2026-02-11 00:38:48 +05:00: [WARNING] WhatsApp session expired
2026-02-11 00:39:18 +05:00: [WARNING] WhatsApp session expired
2026-02-11 00:39:48 +05:00: [WARNING] WhatsApp session expired
2026-02-11 00:40:19 +05:00: [WARNING] WhatsApp session expired
2026-02-11 00:40:49 +05:00: [WARNING] WhatsApp session expired
2026-02-11 00:41:19 +05:00: [WARNING] WhatsApp session expired
2026-02-11 00:41:49 +05:00: [WARNING] WhatsApp session expired
2026-02-11 00:42:20 +05:00: [WARNING] WhatsApp session expired
2026-02-11 00:42:50 +05:00: [WARNING] WhatsApp session expired
2026-02-11 00:43:20 +05:00: [WARNING] WhatsApp session expired
2026-02-11 00:43:50 +05:00: [WARNING] WhatsApp session expired
2026-02-11 00:44:21 +05:00: [WARNING] WhatsApp session expired
2026-02-11 00:44:51 +05:00: [WARNING] WhatsApp session expired
2026-02-11 00:45:23 +05:00: [WARNING] WhatsApp session expired
2026-02-11 00:45:53 +05:00: [WARNING] WhatsApp session expired
2026-02-11 00:46:26 +05:00: [WARNING] WhatsApp session expired
2026-02-11 00:46:58 +05:00: [WARNING] WhatsApp session expired
2026-02-11 00:47:37 +05:00: [WARNING] WhatsApp session expired
2026-02-11 13:42:18 +05:00: [INFO] Starting WhatsAppWatcher
2026-02-11 13:42:18 +05:00: [INFO] Initializing WhatsApp Web session
2026-02-11 13:43:15 +05:00: [ERROR] Error loading WhatsApp Web: Timeout 30000ms exceeded.
2026-02-11 13:43:15 +05:00: [WARNING] WhatsApp session expired
2026-02-11 13:43:46 +05:00: [WARNING] WhatsApp session expired
2026-02-11 13:44:16 +05:00: [WARNING] WhatsApp session expired
2026-02-11 13:44:46 +05:00: [WARNING] WhatsApp session expired
2026-02-11 13:45:17 +05:00: [WARNING] WhatsApp session expired
2026-02-11 13:45:47 +05:00: [WARNING] WhatsApp session expired
2026-02-11 13:46:17 +05:00: [WARNING] WhatsApp session expired
2026-02-11 13:46:48 +05:00: [WARNING] WhatsApp session expired
2026-02-11 13:47:19 +05:00: [WARNING] WhatsApp session expired
2026-02-11 13:47:49 +05:00: [WARNING] WhatsApp session expired
2026-02-11 13:48:20 +05:00: [WARNING] WhatsApp session expired
2026-02-11 13:48:50 +05:00: [WARNING] WhatsApp session expired
2026-02-11 13:49:21 +05:00: [WARNING] WhatsApp session expired
2026-02-11 13:49:55 +05:00: [WARNING] WhatsApp session expired
2026-02-11 13:50:26 +05:00: [WARNING] WhatsApp session expired
2026-02-11 13:50:56 +05:00: [WARNING] WhatsApp session expired
2026-02-11 13:51:27 +05:00: [WARNING] WhatsApp session expired
2026-02-11 13:51:58 +05:00: [WARNING] WhatsApp session expired
2026-02-11 13:52:29 +05:00: [WARNING] WhatsApp session expired
2026-02-11 13:53:03 +05:00: [WARNING] WhatsApp session expired
2026-02-11 13:53:33 +05:00: [WARNING] WhatsApp session expired
2026-02-11 13:54:03 +05:00: [WARNING] WhatsApp session expired
2026-02-11 13:54:33 +05:00: [WARNING] WhatsApp session expired
2026-02-11 13:55:04 +05:00: [WARNING] WhatsApp session expired
2026-02-11 13:55:34 +05:00: [WARNING] WhatsApp session expired
2026-02-11 13:56:05 +05:00: [WARNING] WhatsApp session expired
2026-02-11 13:56:35 +05:00: [WARNING] WhatsApp session expired
2026-02-11 13:57:06 +05:00: [WARNING] WhatsApp session expired
2026-02-11 13:57:36 +05:00: [WARNING] WhatsApp session expired
2026-02-11 13:58:06 +05:00: [WARNING] WhatsApp session expired
2026-02-11 13:58:36 +05:00: [WARNING] WhatsApp session expired
2026-02-11 13:59:06 +05:00: [WARNING] WhatsApp session expired
2026-02-11 13:59:36 +05:00: [WARNING] WhatsApp session expired
2026-02-11 14:00:07 +05:00: [WARNING] WhatsApp session expired
2026-02-11 14:00:37 +05:00: [WARNING] WhatsApp session expired
2026-02-11 14:01:08 +05:00: [WARNING] WhatsApp session expired
2026-02-11 14:01:38 +05:00: [WARNING] WhatsApp session expired
2026-02-11 14:02:08 +05:00: [WARNING] WhatsApp session expired
2026-02-11 14:02:38 +05:00: [WARNING] WhatsApp session expired
2026-02-11 14:03:08 +05:00: [WARNING] WhatsApp session expired
2026-02-11 14:03:39 +05:00: [WARNING] WhatsApp session expired
2026-02-11 14:04:09 +05:00: [WARNING] WhatsApp session expired
2026-02-11 14:04:40 +05:00: [WARNING] WhatsApp session expired
2026-02-11 14:05:10 +05:00: [WARNING] WhatsApp session expired
2026-02-11 14:05:40 +05:00: [WARNING] WhatsApp session expired
2026-02-11 14:06:10 +05:00: [WARNING] WhatsApp session expired
2026-02-11 14:06:41 +05:00: [WARNING] WhatsApp session expired
2026-02-11 14:07:11 +05:00: [WARNING] WhatsApp session expired
2026-02-11 14:07:41 +05:00: [WARNING] WhatsApp session expired
2026-02-11 14:08:12 +05:00: [WARNING] WhatsApp session expired
2026-02-11 14:08:42 +05:00: [WARNING] WhatsApp session expired
2026-02-11 14:09:12 +05:00: [WARNING] WhatsApp session expired
2026-02-11 14:09:42 +05:00: [WARNING] WhatsApp session expired
2026-02-11 14:10:13 +05:00: [WARNING] WhatsApp session expired
2026-02-11 14:10:43 +05:00: [WARNING] WhatsApp session expired
2026-02-11 14:11:13 +05:00: [WARNING] WhatsApp session expired
2026-02-11 14:11:45 +05:00: [WARNING] WhatsApp session expired
2026-02-11 14:12:17 +05:00: [WARNING] WhatsApp session expired
2026-02-11 14:12:47 +05:00: [WARNING] WhatsApp session expired
2026-02-11 14:13:17 +05:00: [WARNING] WhatsApp session expired
2026-02-11 14:13:48 +05:00: [WARNING] WhatsApp session expired
2026-02-11 14:14:18 +05:00: [WARNING] WhatsApp session expired
2026-02-11 14:14:49 +05:00: [WARNING] WhatsApp session expired
2026-02-11 14:15:19 +05:00: [WARNING] WhatsApp session expired
2026-02-11 14:15:50 +05:00: [WARNING] WhatsApp session expired
2026-02-11 14:16:20 +05:00: [WARNING] WhatsApp session expired
2026-02-11 14:16:50 +05:00: [WARNING] WhatsApp session expired
2026-02-11 14:17:21 +05:00: [WARNING] WhatsApp session expired
2026-02-11 14:17:51 +05:00: [WARNING] WhatsApp session expired
2026-02-11 14:18:21 +05:00: [WARNING] WhatsApp session expired
2026-02-11 14:18:52 +05:00: [WARNING] WhatsApp session expired
2026-02-11 14:19:22 +05:00: [WARNING] WhatsApp session expired
2026-02-11 14:19:53 +05:00: [WARNING] WhatsApp session expired
2026-02-11 14:20:24 +05:00: [WARNING] WhatsApp session expired
2026-02-11 14:20:54 +05:00: [WARNING] WhatsApp session expired
2026-02-11 14:21:24 +05:00: [WARNING] WhatsApp session expired
2026-02-11 14:21:56 +05:00: [WARNING] WhatsApp session expired
2026-02-11 14:22:29 +05:00: [WARNING] WhatsApp session expired
2026-02-11 14:22:59 +05:00: [WARNING] WhatsApp session expired
2026-02-11 14:23:30 +05:00: [WARNING] WhatsApp session expired
2026-02-11 14:24:00 +05:00: [WARNING] WhatsApp session expired
2026-02-11 14:24:31 +05:00: [WARNING] WhatsApp session expired
2026-02-11 14:25:01 +05:00: [WARNING] WhatsApp session expired
2026-02-11 14:25:32 +05:00: [WARNING] WhatsApp session expired
2026-02-11 14:26:03 +05:00: [WARNING] WhatsApp session expired
2026-02-11 14:26:33 +05:00: [WARNING] WhatsApp session expired
2026-02-11 14:27:03 +05:00: [WARNING] WhatsApp session expired
2026-02-11 14:27:35 +05:00: [WARNING] WhatsApp session expired
2026-02-11 14:28:06 +05:00: [WARNING] WhatsApp session expired
2026-02-11 14:28:36 +05:00: [WARNING] WhatsApp session expired
2026-02-11 14:29:06 +05:00: [WARNING] WhatsApp session expired
2026-02-11 14:29:37 +05:00: [WARNING] WhatsApp session expired
2026-02-11 14:30:07 +05:00: [WARNING] WhatsApp session expired
2026-02-11 14:30:38 +05:00: [WARNING] WhatsApp session expired
2026-02-11 14:31:08 +05:00: [WARNING] WhatsApp session expired
2026-02-11 14:31:39 +05:00: [WARNING] WhatsApp session expired
2026-02-11 14:32:09 +05:00: [WARNING] WhatsApp session expired
2026-02-11 14:32:40 +05:00: [WARNING] WhatsApp session expired
2026-02-11 14:33:11 +05:00: [WARNING] WhatsApp session expired
2026-02-11 14:33:41 +05:00: [WARNING] WhatsApp session expired
2026-02-11 14:34:12 +05:00: [WARNING] WhatsApp session expired
2026-02-11 14:34:42 +05:00: [WARNING] WhatsApp session expired
2026-02-11 14:35:12 +05:00: [WARNING] WhatsApp session expired
2026-02-11 14:35:43 +05:00: [WARNING] WhatsApp session expired
2026-02-11 14:36:28 +05:00: [WARNING] WhatsApp session expired
2026-02-11 14:37:02 +05:00: [WARNING] WhatsApp session expired
2026-02-11 14:37:38 +05:00: [WARNING] WhatsApp session expired
2026-02-11 14:39:24 +05:00: [WARNING] WhatsApp session expired
2026-02-11 14:39:59 +05:00: [WARNING] WhatsApp session expired
2026-02-11 14:40:43 +05:00: [WARNING] WhatsApp session expired
2026-02-11 14:43:11 +05:00: [WARNING] WhatsApp session expired
2026-02-11 14:45:21 +05:00: [WARNING] WhatsApp session expired
2026-02-11 14:46:06 +05:00: [WARNING] WhatsApp session expired
2026-02-11 14:48:52 +05:00: [WARNING] WhatsApp session expired
2026-02-11 14:49:31 +05:00: [WARNING] WhatsApp session expired
2026-02-11 14:50:52 +05:00: [WARNING] WhatsApp session expired
2026-02-11 14:51:28 +05:00: [WARNING] WhatsApp session expired
2026-02-11 14:51:59 +05:00: [WARNING] WhatsApp session expired
2026-02-11 14:52:29 +05:00: [WARNING] WhatsApp session expired
2026-02-11 14:53:05 +05:00: [WARNING] WhatsApp session expired
2026-02-11 14:53:35 +05:00: [WARNING] WhatsApp session expired
2026-02-11 14:54:06 +05:00: [WARNING] WhatsApp session expired
2026-02-11 14:54:36 +05:00: [WARNING] WhatsApp session expired
2026-02-11 14:55:06 +05:00: [WARNING] WhatsApp session expired
2026-02-11 14:55:37 +05:00: [WARNING] WhatsApp session expired
2026-02-11 14:56:07 +05:00: [WARNING] WhatsApp session expired
2026-02-11 14:56:38 +05:00: [WARNING] WhatsApp session expired
2026-02-11 14:57:08 +05:00: [WARNING] WhatsApp session expired
2026-02-11 14:57:38 +05:00: [WARNING] WhatsApp session expired
2026-02-11 14:58:09 +05:00: [WARNING] WhatsApp session expired
2026-02-11 14:58:39 +05:00: [WARNING] WhatsApp session expired
2026-02-11 14:59:09 +05:00: [WARNING] WhatsApp session expired
2026-02-11 14:59:39 +05:00: [WARNING] WhatsApp session expired
2026-02-11 15:00:09 +05:00: [WARNING] WhatsApp session expired
2026-02-11 15:00:39 +05:00: [WARNING] WhatsApp session expired
2026-02-11 15:01:10 +05:00: [WARNING] WhatsApp session expired
2026-02-11 15:01:40 +05:00: [WARNING] WhatsApp session expired
2026-02-11 15:02:10 +05:00: [WARNING] WhatsApp session expired
2026-02-11 15:02:40 +05:00: [WARNING] WhatsApp session expired
2026-02-11 15:03:10 +05:00: [WARNING] WhatsApp session expired
2026-02-11 15:03:41 +05:00: [WARNING] WhatsApp session expired
2026-02-11 15:04:11 +05:00: [WARNING] WhatsApp session expired
2026-02-11 15:04:41 +05:00: [WARNING] WhatsApp session expired
2026-02-11 15:05:12 +05:00: [WARNING] WhatsApp session expired
2026-02-11 15:05:42 +05:00: [WARNING] WhatsApp session expired
2026-02-11 15:06:12 +05:00: [WARNING] WhatsApp session expired
2026-02-11 15:06:42 +05:00: [WARNING] WhatsApp session expired
2026-02-11 15:07:13 +05:00: [WARNING] WhatsApp session expired
2026-02-11 15:07:43 +05:00: [WARNING] WhatsApp session expired
2026-02-11 15:08:13 +05:00: [WARNING] WhatsApp session expired
2026-02-11 15:08:54 +05:00: [WARNING] WhatsApp session expired
2026-02-11 15:09:24 +05:00: [WARNING] WhatsApp session expired
2026-02-11 15:09:54 +05:00: [WARNING] WhatsApp session expired
2026-02-11 15:10:24 +05:00: [WARNING] WhatsApp session expired
2026-02-11 15:10:55 +05:00: [WARNING] WhatsApp session expired
2026-02-11 15:11:25 +05:00: [WARNING] WhatsApp session expired
2026-02-11 15:11:55 +05:00: [WARNING] WhatsApp session expired
2026-02-11 15:12:25 +05:00: [WARNING] WhatsApp session expired
2026-02-11 15:12:55 +05:00: [WARNING] WhatsApp session expired
2026-02-11 15:13:26 +05:00: [WARNING] WhatsApp session expired
2026-02-11 15:13:56 +05:00: [WARNING] WhatsApp session expired
2026-02-11 15:14:26 +05:00: [WARNING] WhatsApp session expired
2026-02-11 15:14:56 +05:00: [WARNING] WhatsApp session expired
2026-02-11 15:15:26 +05:00: [WARNING] WhatsApp session expired
2026-02-11 15:15:56 +05:00: [WARNING] WhatsApp session expired
2026-02-11 15:16:26 +05:00: [WARNING] WhatsApp session expired
2026-02-11 15:16:56 +05:00: [WARNING] WhatsApp session expired
2026-02-11 15:17:27 +05:00: [WARNING] WhatsApp session expired
2026-02-11 15:17:57 +05:00: [WARNING] WhatsApp session expired
2026-02-11 15:18:27 +05:00: [WARNING] WhatsApp session expired
2026-02-11 15:18:57 +05:00: [WARNING] WhatsApp session expired
2026-02-11 15:19:27 +05:00: [WARNING] WhatsApp session expired
2026-02-11 15:19:58 +05:00: [WARNING] WhatsApp session expired
2026-02-11 15:20:28 +05:00: [WARNING] WhatsApp session expired
2026-02-11 15:20:58 +05:00: [WARNING] WhatsApp session expired
2026-02-11 15:21:28 +05:00: [WARNING] WhatsApp session expired
2026-02-11 15:21:58 +05:00: [WARNING] WhatsApp session expired
2026-02-11 15:22:28 +05:00: [WARNING] WhatsApp session expired
2026-02-11 15:22:59 +05:00: [WARNING] WhatsApp session expired
2026-02-11 15:23:29 +05:00: [WARNING] WhatsApp session expired
2026-02-11 15:23:59 +05:00: [WARNING] WhatsApp session expired
2026-02-11 15:24:29 +05:00: [WARNING] WhatsApp session expired
2026-02-11 15:24:59 +05:00: [WARNING] WhatsApp session expired
2026-02-11 15:25:30 +05:00: [WARNING] WhatsApp session expired
2026-02-11 15:26:00 +05:00: [WARNING] WhatsApp session expired
2026-02-11 15:26:30 +05:00: [WARNING] WhatsApp session expired
2026-02-11 15:27:00 +05:00: [WARNING] WhatsApp session expired
2026-02-11 15:27:30 +05:00: [WARNING] WhatsApp session expired
2026-02-11 15:28:01 +05:00: [WARNING] WhatsApp session expired
2026-02-11 15:28:31 +05:00: [WARNING] WhatsApp session expired
2026-02-11 15:29:01 +05:00: [WARNING] WhatsApp session expired
2026-02-11 15:29:31 +05:00: [WARNING] WhatsApp session expired
2026-02-11 15:30:02 +05:00: [WARNING] WhatsApp session expired
2026-02-11 15:30:32 +05:00: [WARNING] WhatsApp session expired
2026-02-11 15:31:02 +05:00: [WARNING] WhatsApp session expired
2026-02-11 15:31:32 +05:00: [WARNING] WhatsApp session expired
2026-02-11 15:32:02 +05:00: [WARNING] WhatsApp session expired
2026-02-11 15:32:33 +05:00: [WARNING] WhatsApp session expired
2026-02-11 15:33:03 +05:00: [WARNING] WhatsApp session expired
2026-02-11 15:33:33 +05:00: [WARNING] WhatsApp session expired
2026-02-11 15:34:03 +05:00: [WARNING] WhatsApp session expired
2026-02-11 15:34:34 +05:00: [WARNING] WhatsApp session expired
2026-02-11 15:35:04 +05:00: [WARNING] WhatsApp session expired
2026-02-11 15:35:38 +05:00: [WARNING] WhatsApp session expired
2026-02-11 15:36:15 +05:00: [WARNING] WhatsApp session expired
2026-02-11 15:36:46 +05:00: [WARNING] WhatsApp session expired
2026-02-11 19:13:00 +05:00: [WARNING] WhatsApp session expired
2026-02-11 19:13:31 +05:00: [WARNING] WhatsApp session expired
2026-02-11 19:14:17 +05:00: [WARNING] WhatsApp session expired
2026-02-11 19:15:00 +05:00: [WARNING] WhatsApp session expired
2026-02-11 19:16:09 +05:00: [WARNING] WhatsApp session expired
2026-02-11 19:16:42 +05:00: [WARNING] WhatsApp session expired
2026-02-11 19:17:15 +05:00: [WARNING] WhatsApp session expired
2026-02-11 19:17:46 +05:00: [WARNING] WhatsApp session expired
2026-02-11 19:18:17 +05:00: [WARNING] WhatsApp session expired
2026-02-11 19:18:47 +05:00: [WARNING] WhatsApp session expired
2026-02-11 19:19:17 +05:00: [WARNING] WhatsApp session expired
2026-02-11 19:19:47 +05:00: [WARNING] WhatsApp session expired
2026-02-11 19:20:18 +05:00: [WARNING] WhatsApp session expired
2026-02-11 19:20:53 +05:00: [WARNING] WhatsApp session expired
2026-02-11 19:21:29 +05:00: [WARNING] WhatsApp session expired
2026-02-11 19:22:04 +05:00: [WARNING] WhatsApp session expired
2026-02-11 19:22:42 +05:00: [WARNING] WhatsApp session expired
2026-02-11 19:23:13 +05:00: [WARNING] WhatsApp session expired
2026-02-11 19:23:43 +05:00: [WARNING] WhatsApp session expired
2026-02-11 19:24:13 +05:00: [WARNING] WhatsApp session expired
2026-02-11 19:24:44 +05:00: [WARNING] WhatsApp session expired
2026-02-11 19:25:14 +05:00: [WARNING] WhatsApp session expired
2026-02-11 19:25:44 +05:00: [WARNING] WhatsApp session expired
2026-02-11 19:26:15 +05:00: [WARNING] WhatsApp session expired
2026-02-11 19:26:46 +05:00: [WARNING] WhatsApp session expired
2026-02-11 19:27:16 +05:00: [WARNING] WhatsApp session expired
2026-02-11 19:27:46 +05:00: [WARNING] WhatsApp session expired
2026-02-11 19:28:18 +05:00: [WARNING] WhatsApp session expired
2026-02-11 19:29:00 +05:00: [WARNING] WhatsApp session expired
2026-02-11 19:29:30 +05:00: [WARNING] WhatsApp session expired
2026-02-11 19:30:01 +05:00: [WARNING] WhatsApp session expired
2026-02-11 19:30:31 +05:00: [WARNING] WhatsApp session expired
2026-02-11 19:31:01 +05:00: [WARNING] WhatsApp session expired
2026-02-11 19:31:32 +05:00: [WARNING] WhatsApp session expired
2026-02-11 19:32:03 +05:00: [WARNING] WhatsApp session expired
2026-02-11 19:32:33 +05:00: [WARNING] WhatsApp session expired
2026-02-11 19:33:03 +05:00: [WARNING] WhatsApp session expired
2026-02-11 19:33:34 +05:00: [WARNING] WhatsApp session expired
2026-02-11 19:34:04 +05:00: [WARNING] WhatsApp session expired
2026-02-11 19:34:34 +05:00: [WARNING] WhatsApp session expired
2026-02-11 19:35:05 +05:00: [WARNING] WhatsApp session expired
2026-02-11 19:35:35 +05:00: [WARNING] WhatsApp session expired
2026-02-11 19:36:06 +05:00: [WARNING] WhatsApp session expired
2026-02-11 19:36:36 +05:00: [WARNING] WhatsApp session expired
2026-02-11 19:37:06 +05:00: [WARNING] WhatsApp session expired
2026-02-11 19:37:36 +05:00: [WARNING] WhatsApp session expired
2026-02-11 19:38:07 +05:00: [WARNING] WhatsApp session expired
2026-02-11 19:38:37 +05:00: [WARNING] WhatsApp session expired
2026-02-11 19:39:08 +05:00: [WARNING] WhatsApp session expired
2026-02-11 19:39:39 +05:00: [WARNING] WhatsApp session expired
2026-02-11 19:40:10 +05:00: [WARNING] WhatsApp session expired
2026-02-11 19:40:40 +05:00: [WARNING] WhatsApp session expired
2026-02-11 19:41:10 +05:00: [WARNING] WhatsApp session expired
2026-02-11 19:41:41 +05:00: [WARNING] WhatsApp session expired
2026-02-11 19:42:14 +05:00: [WARNING] WhatsApp session expired
2026-02-11 19:42:44 +05:00: [WARNING] WhatsApp session expired
2026-02-11 19:43:14 +05:00: [WARNING] WhatsApp session expired
2026-02-11 19:43:44 +05:00: [WARNING] WhatsApp session expired
2026-02-11 19:44:14 +05:00: [WARNING] WhatsApp session expired
2026-02-11 19:44:45 +05:00: [WARNING] WhatsApp session expired
2026-02-11 19:45:15 +05:00: [WARNING] WhatsApp session expired
2026-02-11 19:45:45 +05:00: [WARNING] WhatsApp session expired
2026-02-11 19:46:16 +05:00: [WARNING] WhatsApp session expired
2026-02-11 19:46:46 +05:00: [WARNING] WhatsApp session expired
2026-02-11 19:47:16 +05:00: [WARNING] WhatsApp session expired
2026-02-11 19:47:47 +05:00: [WARNING] WhatsApp session expired
2026-02-11 19:48:17 +05:00: [WARNING] WhatsApp session expired
2026-02-11 19:48:47 +05:00: [WARNING] WhatsApp session expired
2026-02-11 19:49:20 +05:00: [WARNING] WhatsApp session expired
2026-02-11 19:49:50 +05:00: [WARNING] WhatsApp session expired
2026-02-11 19:50:22 +05:00: [WARNING] WhatsApp session expired
2026-02-11 19:50:52 +05:00: [WARNING] WhatsApp session expired
2026-02-11 19:51:22 +05:00: [WARNING] WhatsApp session expired
2026-02-11 19:51:53 +05:00: [WARNING] WhatsApp session expired
2026-02-11 19:52:23 +05:00: [WARNING] WhatsApp session expired
2026-02-11 19:52:53 +05:00: [WARNING] WhatsApp session expired
2026-02-11 19:53:24 +05:00: [WARNING] WhatsApp session expired
2026-02-11 19:53:54 +05:00: [WARNING] WhatsApp session expired
2026-02-11 19:54:24 +05:00: [WARNING] WhatsApp session expired
2026-02-11 19:54:54 +05:00: [WARNING] WhatsApp session expired
2026-02-11 19:55:25 +05:00: [WARNING] WhatsApp session expired
2026-02-11 19:55:55 +05:00: [WARNING] WhatsApp session expired
2026-02-11 19:56:26 +05:00: [WARNING] WhatsApp session expired
2026-02-11 19:56:56 +05:00: [WARNING] WhatsApp session expired
2026-02-11 19:57:27 +05:00: [WARNING] WhatsApp session expired
2026-02-11 19:57:57 +05:00: [WARNING] WhatsApp session expired
2026-02-11 19:58:28 +05:00: [WARNING] WhatsApp session expired
2026-02-11 19:58:58 +05:00: [WARNING] WhatsApp session expired
2026-02-11 19:59:28 +05:00: [WARNING] WhatsApp session expired
2026-02-11 19:59:59 +05:00: [WARNING] WhatsApp session expired
2026-02-11 20:00:29 +05:00: [WARNING] WhatsApp session expired
2026-02-11 20:01:00 +05:00: [WARNING] WhatsApp session expired
2026-02-11 20:01:30 +05:00: [WARNING] WhatsApp session expired
2026-02-11 20:02:01 +05:00: [WARNING] WhatsApp session expired
2026-02-11 20:02:31 +05:00: [WARNING] WhatsApp session expired
2026-02-11 20:03:01 +05:00: [WARNING] WhatsApp session expired
2026-02-11 20:03:31 +05:00: [WARNING] WhatsApp session expired
2026-02-11 20:04:02 +05:00: [WARNING] WhatsApp session expired
2026-02-11 20:04:32 +05:00: [WARNING] WhatsApp session expired
2026-02-11 20:05:02 +05:00: [WARNING] WhatsApp session expired
2026-02-11 20:05:33 +05:00: [WARNING] WhatsApp session expired
2026-02-11 20:06:03 +05:00: [WARNING] WhatsApp session expired
2026-02-11 20:06:33 +05:00: [WARNING] WhatsApp session expired
2026-02-11 20:07:03 +05:00: [WARNING] WhatsApp session expired
2026-02-11 20:07:34 +05:00: [WARNING] WhatsApp session expired
2026-02-11 20:08:05 +05:00: [WARNING] WhatsApp session expired
2026-02-11 20:08:35 +05:00: [WARNING] WhatsApp session expired
2026-02-11 20:09:06 +05:00: [WARNING] WhatsApp session expired
2026-02-11 20:09:36 +05:00: [WARNING] WhatsApp session expired
2026-02-11 20:10:06 +05:00: [WARNING] WhatsApp session expired
2026-02-11 20:10:36 +05:00: [WARNING] WhatsApp session expired
2026-02-11 20:11:07 +05:00: [WARNING] WhatsApp session expired
2026-02-11 20:11:38 +05:00: [WARNING] WhatsApp session expired
2026-02-11 20:12:08 +05:00: [WARNING] WhatsApp session expired
2026-02-11 20:12:38 +05:00: [WARNING] WhatsApp session expired
2026-02-11 20:13:09 +05:00: [WARNING] WhatsApp session expired
2026-02-11 21:06:42 +05:00: [WARNING] WhatsApp session expired
2026-02-11 21:07:21 +05:00: [WARNING] WhatsApp session expired
2026-02-11 21:07:51 +05:00: [WARNING] WhatsApp session expired
2026-02-11 21:08:23 +05:00: [WARNING] WhatsApp session expired
2026-02-11 21:08:54 +05:00: [WARNING] WhatsApp session expired
2026-02-11 21:09:24 +05:00: [WARNING] WhatsApp session expired
2026-02-11 21:09:55 +05:00: [WARNING] WhatsApp session expired
2026-02-11 21:10:36 +05:00: [WARNING] WhatsApp session expired
2026-02-11 21:11:06 +05:00: [WARNING] WhatsApp session expired
2026-02-11 21:11:36 +05:00: [WARNING] WhatsApp session expired
2026-02-11 21:12:07 +05:00: [WARNING] WhatsApp session expired
2026-02-11 21:12:37 +05:00: [WARNING] WhatsApp session expired
2026-02-11 21:13:08 +05:00: [WARNING] WhatsApp session expired
2026-02-11 21:13:38 +05:00: [WARNING] WhatsApp session expired
2026-02-11 21:14:08 +05:00: [WARNING] WhatsApp session expired
2026-02-11 21:14:38 +05:00: [WARNING] WhatsApp session expired
2026-02-11 21:15:09 +05:00: [WARNING] WhatsApp session expired
2026-02-11 21:15:39 +05:00: [WARNING] WhatsApp session expired
2026-02-11 21:16:09 +05:00: [WARNING] WhatsApp session expired
2026-02-11 21:16:39 +05:00: [WARNING] WhatsApp session expired
2026-02-11 21:17:09 +05:00: [WARNING] WhatsApp session expired
2026-02-11 21:17:40 +05:00: [WARNING] WhatsApp session expired
2026-02-11 21:18:10 +05:00: [WARNING] WhatsApp session expired
2026-02-11 21:18:41 +05:00: [WARNING] WhatsApp session expired
2026-02-11 21:19:11 +05:00: [WARNING] WhatsApp session expired
2026-02-11 21:19:41 +05:00: [WARNING] WhatsApp session expired
2026-02-11 21:20:12 +05:00: [WARNING] WhatsApp session expired
2026-02-11 21:20:43 +05:00: [WARNING] WhatsApp session expired
2026-02-11 21:21:13 +05:00: [WARNING] WhatsApp session expired
2026-02-11 21:21:44 +05:00: [WARNING] WhatsApp session expired
2026-02-11 21:22:14 +05:00: [WARNING] WhatsApp session expired
2026-02-11 21:22:44 +05:00: [WARNING] WhatsApp session expired
2026-02-11 21:23:01 +05:00: [INFO] Received SIGINT, initiating graceful shutdown
2026-02-11 21:23:01 +05:00: [INFO] Cleaning up WhatsAppWatcher
2026-02-11 21:23:01 +05:00: [INFO] Closing browser context
2026-02-11 21:24:55 +05:00: [INFO] Starting WhatsAppWatcher
2026-02-11 21:25:40 +05:00: [ERROR] Error in watcher loop: Chromium distribution 'chrome' is not found at /opt/google/chrome/chrome
2026-02-11 21:25:40 +05:00: Run "playwright install chrome"
2026-02-11 21:26:10 +05:00: [ERROR] Error in watcher loop: It looks like you are using Playwright Sync API inside the asyncio loop.
2026-02-11 21:26:10 +05:00: Please use the Async API instead.
2026-02-11 21:26:40 +05:00: [ERROR] Error in watcher loop: It looks like you are using Playwright Sync API inside the asyncio loop.
2026-02-11 21:26:40 +05:00: Please use the Async API instead.
2026-02-11 21:27:10 +05:00: [ERROR] Error in watcher loop: It looks like you are using Playwright Sync API inside the asyncio loop.
2026-02-11 21:27:10 +05:00: Please use the Async API instead.
2026-02-11 21:27:40 +05:00: [ERROR] Error in watcher loop: It looks like you are using Playwright Sync API inside the asyncio loop.
2026-02-11 21:27:40 +05:00: Please use the Async API instead.
2026-02-11 21:28:10 +05:00: [ERROR] Error in watcher loop: It looks like you are using Playwright Sync API inside the asyncio loop.
2026-02-11 21:28:10 +05:00: Please use the Async API instead.
2026-02-11 21:28:40 +05:00: [ERROR] Error in watcher loop: It looks like you are using Playwright Sync API inside the asyncio loop.
2026-02-11 21:28:40 +05:00: Please use the Async API instead.
2026-02-11 21:29:10 +05:00: [ERROR] Error in watcher loop: It looks like you are using Playwright Sync API inside the asyncio loop.
2026-02-11 21:29:10 +05:00: Please use the Async API instead.
2026-02-11 21:29:40 +05:00: [ERROR] Error in watcher loop: It looks like you are using Playwright Sync API inside the asyncio loop.
2026-02-11 21:29:40 +05:00: Please use the Async API instead.
2026-02-11 21:30:10 +05:00: [ERROR] Error in watcher loop: It looks like you are using Playwright Sync API inside the asyncio loop.
2026-02-11 21:30:10 +05:00: Please use the Async API instead.
2026-02-11 21:30:40 +05:00: [ERROR] Error in watcher loop: It looks like you are using Playwright Sync API inside the asyncio loop.
2026-02-11 21:30:40 +05:00: Please use the Async API instead.
2026-02-11 21:31:10 +05:00: [ERROR] Error in watcher loop: It looks like you are using Playwright Sync API inside the asyncio loop.
2026-02-11 21:31:10 +05:00: Please use the Async API instead.
2026-02-11 21:31:40 +05:00: [ERROR] Error in watcher loop: It looks like you are using Playwright Sync API inside the asyncio loop.
2026-02-11 21:31:40 +05:00: Please use the Async API instead.
2026-02-11 21:32:10 +05:00: [ERROR] Error in watcher loop: It looks like you are using Playwright Sync API inside the asyncio loop.
2026-02-11 21:32:10 +05:00: Please use the Async API instead.
2026-02-11 21:32:40 +05:00: [ERROR] Error in watcher loop: It looks like you are using Playwright Sync API inside the asyncio loop.
2026-02-11 21:32:40 +05:00: Please use the Async API instead.
2026-02-11 21:33:10 +05:00: [ERROR] Error in watcher loop: It looks like you are using Playwright Sync API inside the asyncio loop.
2026-02-11 21:33:10 +05:00: Please use the Async API instead.
2026-02-11 21:33:40 +05:00: [ERROR] Error in watcher loop: It looks like you are using Playwright Sync API inside the asyncio loop.
2026-02-11 21:33:40 +05:00: Please use the Async API instead.
2026-02-11 21:34:10 +05:00: [ERROR] Error in watcher loop: It looks like you are using Playwright Sync API inside the asyncio loop.
2026-02-11 21:34:10 +05:00: Please use the Async API instead.
2026-02-11 21:34:40 +05:00: [ERROR] Error in watcher loop: It looks like you are using Playwright Sync API inside the asyncio loop.
2026-02-11 21:34:40 +05:00: Please use the Async API instead.
2026-02-11 21:35:10 +05:00: [ERROR] Error in watcher loop: It looks like you are using Playwright Sync API inside the asyncio loop.
2026-02-11 21:35:10 +05:00: Please use the Async API instead.
2026-02-11 21:35:40 +05:00: [ERROR] Error in watcher loop: It looks like you are using Playwright Sync API inside the asyncio loop.
2026-02-11 21:35:40 +05:00: Please use the Async API instead.
2026-02-11 21:36:10 +05:00: [ERROR] Error in watcher loop: It looks like you are using Playwright Sync API inside the asyncio loop.
2026-02-11 21:36:10 +05:00: Please use the Async API instead.
2026-02-11 21:36:40 +05:00: [ERROR] Error in watcher loop: It looks like you are using Playwright Sync API inside the asyncio loop.
2026-02-11 21:36:40 +05:00: Please use the Async API instead.
2026-02-11 21:37:10 +05:00: [ERROR] Error in watcher loop: It looks like you are using Playwright Sync API inside the asyncio loop.
2026-02-11 21:37:10 +05:00: Please use the Async API instead.
2026-02-11 21:37:40 +05:00: [ERROR] Error in watcher loop: It looks like you are using Playwright Sync API inside the asyncio loop.
2026-02-11 21:37:40 +05:00: Please use the Async API instead.
2026-02-11 21:38:10 +05:00: [ERROR] Error in watcher loop: It looks like you are using Playwright Sync API inside the asyncio loop.
2026-02-11 21:38:10 +05:00: Please use the Async API instead.
2026-02-11 21:38:40 +05:00: [ERROR] Error in watcher loop: It looks like you are using Playwright Sync API inside the asyncio loop.
2026-02-11 21:38:40 +05:00: Please use the Async API instead.
2026-02-11 21:39:11 +05:00: [ERROR] Error in watcher loop: It looks like you are using Playwright Sync API inside the asyncio loop.
2026-02-11 21:39:11 +05:00: Please use the Async API instead.
2026-02-11 21:39:41 +05:00: [ERROR] Error in watcher loop: It looks like you are using Playwright Sync API inside the asyncio loop.
2026-02-11 21:39:41 +05:00: Please use the Async API instead.
2026-02-11 21:40:11 +05:00: [ERROR] Error in watcher loop: It looks like you are using Playwright Sync API inside the asyncio loop.
2026-02-11 21:40:11 +05:00: Please use the Async API instead.
2026-02-11 21:40:41 +05:00: [ERROR] Error in watcher loop: It looks like you are using Playwright Sync API inside the asyncio loop.
2026-02-11 21:40:41 +05:00: Please use the Async API instead.
2026-02-11 21:41:11 +05:00: [ERROR] Error in watcher loop: It looks like you are using Playwright Sync API inside the asyncio loop.
2026-02-11 21:41:11 +05:00: Please use the Async API instead.
2026-02-11 21:41:41 +05:00: [ERROR] Error in watcher loop: It looks like you are using Playwright Sync API inside the asyncio loop.
2026-02-11 21:41:41 +05:00: Please use the Async API instead.
2026-02-11 21:42:11 +05:00: [ERROR] Error in watcher loop: It looks like you are using Playwright Sync API inside the asyncio loop.
2026-02-11 21:42:11 +05:00: Please use the Async API instead.
2026-02-11 21:42:41 +05:00: [ERROR] Error in watcher loop: It looks like you are using Playwright Sync API inside the asyncio loop.
2026-02-11 21:42:41 +05:00: Please use the Async API instead.
2026-02-11 21:43:11 +05:00: [ERROR] Error in watcher loop: It looks like you are using Playwright Sync API inside the asyncio loop.
2026-02-11 21:43:11 +05:00: Please use the Async API instead.
2026-02-11 21:43:41 +05:00: [ERROR] Error in watcher loop: It looks like you are using Playwright Sync API inside the asyncio loop.
2026-02-11 21:43:41 +05:00: Please use the Async API instead.
2026-02-11 21:44:11 +05:00: [ERROR] Error in watcher loop: It looks like you are using Playwright Sync API inside the asyncio loop.
2026-02-11 21:44:11 +05:00: Please use the Async API instead.
2026-02-11 21:44:41 +05:00: [ERROR] Error in watcher loop: It looks like you are using Playwright Sync API inside the asyncio loop.
2026-02-11 21:44:41 +05:00: Please use the Async API instead.
2026-02-11 21:45:11 +05:00: [ERROR] Error in watcher loop: It looks like you are using Playwright Sync API inside the asyncio loop.
2026-02-11 21:45:11 +05:00: Please use the Async API instead.
2026-02-11 21:45:41 +05:00: [ERROR] Error in watcher loop: It looks like you are using Playwright Sync API inside the asyncio loop.
2026-02-11 21:45:41 +05:00: Please use the Async API instead.
2026-02-11 21:46:11 +05:00: [ERROR] Error in watcher loop: It looks like you are using Playwright Sync API inside the asyncio loop.
2026-02-11 21:46:11 +05:00: Please use the Async API instead.
2026-02-11 21:46:41 +05:00: [ERROR] Error in watcher loop: It looks like you are using Playwright Sync API inside the asyncio loop.
2026-02-11 21:46:41 +05:00: Please use the Async API instead.
2026-02-11 21:47:12 +05:00: [ERROR] Error in watcher loop: It looks like you are using Playwright Sync API inside the asyncio loop.
2026-02-11 21:47:12 +05:00: Please use the Async API instead.
2026-02-11 21:47:42 +05:00: [ERROR] Error in watcher loop: It looks like you are using Playwright Sync API inside the asyncio loop.
2026-02-11 21:47:42 +05:00: Please use the Async API instead.
2026-02-11 21:48:12 +05:00: [ERROR] Error in watcher loop: It looks like you are using Playwright Sync API inside the asyncio loop.
2026-02-11 21:48:12 +05:00: Please use the Async API instead.
2026-02-11 21:48:42 +05:00: [ERROR] Error in watcher loop: It looks like you are using Playwright Sync API inside the asyncio loop.
2026-02-11 21:48:42 +05:00: Please use the Async API instead.
2026-02-11 21:49:12 +05:00: [ERROR] Error in watcher loop: It looks like you are using Playwright Sync API inside the asyncio loop.
2026-02-11 21:49:12 +05:00: Please use the Async API instead.
2026-02-11 21:49:42 +05:00: [ERROR] Error in watcher loop: It looks like you are using Playwright Sync API inside the asyncio loop.
2026-02-11 21:49:42 +05:00: Please use the Async API instead.
2026-02-11 21:50:12 +05:00: [ERROR] Error in watcher loop: It looks like you are using Playwright Sync API inside the asyncio loop.
2026-02-11 21:50:12 +05:00: Please use the Async API instead.
2026-02-11 21:50:42 +05:00: [ERROR] Error in watcher loop: It looks like you are using Playwright Sync API inside the asyncio loop.
2026-02-11 21:50:42 +05:00: Please use the Async API instead.
2026-02-11 21:51:12 +05:00: [ERROR] Error in watcher loop: It looks like you are using Playwright Sync API inside the asyncio loop.
2026-02-11 21:51:12 +05:00: Please use the Async API instead.
2026-02-11 21:51:42 +05:00: [ERROR] Error in watcher loop: It looks like you are using Playwright Sync API inside the asyncio loop.
2026-02-11 21:51:42 +05:00: Please use the Async API instead.
2026-02-11 21:52:12 +05:00: [ERROR] Error in watcher loop: It looks like you are using Playwright Sync API inside the asyncio loop.
2026-02-11 21:52:12 +05:00: Please use the Async API instead.
2026-02-11 21:52:42 +05:00: [ERROR] Error in watcher loop: It looks like you are using Playwright Sync API inside the asyncio loop.
2026-02-11 21:52:42 +05:00: Please use the Async API instead.
2026-02-11 21:53:12 +05:00: [ERROR] Error in watcher loop: It looks like you are using Playwright Sync API inside the asyncio loop.
2026-02-11 21:53:12 +05:00: Please use the Async API instead.
2026-02-11 21:53:42 +05:00: [ERROR] Error in watcher loop: It looks like you are using Playwright Sync API inside the asyncio loop.
2026-02-11 21:53:42 +05:00: Please use the Async API instead.
2026-02-11 21:54:12 +05:00: [ERROR] Error in watcher loop: It looks like you are using Playwright Sync API inside the asyncio loop.
2026-02-11 21:54:12 +05:00: Please use the Async API instead.
2026-02-11 21:54:42 +05:00: [ERROR] Error in watcher loop: It looks like you are using Playwright Sync API inside the asyncio loop.
2026-02-11 21:54:42 +05:00: Please use the Async API instead.
2026-02-11 21:55:12 +05:00: [ERROR] Error in watcher loop: It looks like you are using Playwright Sync API inside the asyncio loop.
2026-02-11 21:55:12 +05:00: Please use the Async API instead.
2026-02-11 21:55:42 +05:00: [ERROR] Error in watcher loop: It looks like you are using Playwright Sync API inside the asyncio loop.
2026-02-11 21:55:42 +05:00: Please use the Async API instead.
2026-02-11 21:56:12 +05:00: [ERROR] Error in watcher loop: It looks like you are using Playwright Sync API inside the asyncio loop.
2026-02-11 21:56:12 +05:00: Please use the Async API instead.
2026-02-11 21:56:42 +05:00: [ERROR] Error in watcher loop: It looks like you are using Playwright Sync API inside the asyncio loop.
2026-02-11 21:56:42 +05:00: Please use the Async API instead.
2026-02-11 21:57:12 +05:00: [ERROR] Error in watcher loop: It looks like you are using Playwright Sync API inside the asyncio loop.
2026-02-11 21:57:12 +05:00: Please use the Async API instead.
2026-02-11 21:57:42 +05:00: [ERROR] Error in watcher loop: It looks like you are using Playwright Sync API inside the asyncio loop.
2026-02-11 21:57:42 +05:00: Please use the Async API instead.
2026-02-11 21:58:12 +05:00: [ERROR] Error in watcher loop: It looks like you are using Playwright Sync API inside the asyncio loop.
2026-02-11 21:58:12 +05:00: Please use the Async API instead.
2026-02-11 21:58:42 +05:00: [ERROR] Error in watcher loop: It looks like you are using Playwright Sync API inside the asyncio loop.
2026-02-11 21:58:42 +05:00: Please use the Async API instead.
2026-02-11 21:59:12 +05:00: [ERROR] Error in watcher loop: It looks like you are using Playwright Sync API inside the asyncio loop.
2026-02-11 21:59:12 +05:00: Please use the Async API instead.
2026-02-11 21:59:42 +05:00: [ERROR] Error in watcher loop: It looks like you are using Playwright Sync API inside the asyncio loop.
2026-02-11 21:59:42 +05:00: Please use the Async API instead.
2026-02-11 22:00:12 +05:00: [ERROR] Error in watcher loop: It looks like you are using Playwright Sync API inside the asyncio loop.
2026-02-11 22:00:12 +05:00: Please use the Async API instead.
2026-02-11 22:00:42 +05:00: [ERROR] Error in watcher loop: It looks like you are using Playwright Sync API inside the asyncio loop.
2026-02-11 22:00:42 +05:00: Please use the Async API instead.
2026-02-11 22:01:12 +05:00: [ERROR] Error in watcher loop: It looks like you are using Playwright Sync API inside the asyncio loop.
2026-02-11 22:01:12 +05:00: Please use the Async API instead.
2026-02-11 22:01:42 +05:00: [ERROR] Error in watcher loop: It looks like you are using Playwright Sync API inside the asyncio loop.
2026-02-11 22:01:42 +05:00: Please use the Async API instead.
2026-02-11 22:02:12 +05:00: [ERROR] Error in watcher loop: It looks like you are using Playwright Sync API inside the asyncio loop.
2026-02-11 22:02:12 +05:00: Please use the Async API instead.
2026-02-11 22:02:42 +05:00: [ERROR] Error in watcher loop: It looks like you are using Playwright Sync API inside the asyncio loop.
2026-02-11 22:02:42 +05:00: Please use the Async API instead.
2026-02-11 22:03:12 +05:00: [ERROR] Error in watcher loop: It looks like you are using Playwright Sync API inside the asyncio loop.
2026-02-11 22:03:12 +05:00: Please use the Async API instead.
2026-02-11 22:03:42 +05:00: [ERROR] Error in watcher loop: It looks like you are using Playwright Sync API inside the asyncio loop.
2026-02-11 22:03:42 +05:00: Please use the Async API instead.
2026-02-11 22:04:12 +05:00: [ERROR] Error in watcher loop: It looks like you are using Playwright Sync API inside the asyncio loop.
2026-02-11 22:04:12 +05:00: Please use the Async API instead.
2026-02-11 22:04:42 +05:00: [ERROR] Error in watcher loop: It looks like you are using Playwright Sync API inside the asyncio loop.
2026-02-11 22:04:42 +05:00: Please use the Async API instead.
2026-02-11 22:05:12 +05:00: [ERROR] Error in watcher loop: It looks like you are using Playwright Sync API inside the asyncio loop.
2026-02-11 22:05:12 +05:00: Please use the Async API instead.
2026-02-11 22:05:42 +05:00: [ERROR] Error in watcher loop: It looks like you are using Playwright Sync API inside the asyncio loop.
2026-02-11 22:05:42 +05:00: Please use the Async API instead.
2026-02-11 22:06:12 +05:00: [ERROR] Error in watcher loop: It looks like you are using Playwright Sync API inside the asyncio loop.
2026-02-11 22:06:12 +05:00: Please use the Async API instead.
2026-02-11 22:06:42 +05:00: [ERROR] Error in watcher loop: It looks like you are using Playwright Sync API inside the asyncio loop.
2026-02-11 22:06:42 +05:00: Please use the Async API instead.
2026-02-11 22:07:12 +05:00: [ERROR] Error in watcher loop: It looks like you are using Playwright Sync API inside the asyncio loop.
2026-02-11 22:07:12 +05:00: Please use the Async API instead.
2026-02-11 22:07:42 +05:00: [ERROR] Error in watcher loop: It looks like you are using Playwright Sync API inside the asyncio loop.
2026-02-11 22:07:42 +05:00: Please use the Async API instead.
2026-02-11 22:08:12 +05:00: [ERROR] Error in watcher loop: It looks like you are using Playwright Sync API inside the asyncio loop.
2026-02-11 22:08:12 +05:00: Please use the Async API instead.
2026-02-11 22:08:42 +05:00: [ERROR] Error in watcher loop: It looks like you are using Playwright Sync API inside the asyncio loop.
2026-02-11 22:08:42 +05:00: Please use the Async API instead.
2026-02-11 22:09:13 +05:00: [ERROR] Error in watcher loop: It looks like you are using Playwright Sync API inside the asyncio loop.
2026-02-11 22:09:13 +05:00: Please use the Async API instead.
2026-02-11 22:09:43 +05:00: [ERROR] Error in watcher loop: It looks like you are using Playwright Sync API inside the asyncio loop.
2026-02-11 22:09:43 +05:00: Please use the Async API instead.
2026-02-11 22:10:13 +05:00: [ERROR] Error in watcher loop: It looks like you are using Playwright Sync API inside the asyncio loop.
2026-02-11 22:10:13 +05:00: Please use the Async API instead.
2026-02-11 22:10:43 +05:00: [ERROR] Error in watcher loop: It looks like you are using Playwright Sync API inside the asyncio loop.
2026-02-11 22:10:43 +05:00: Please use the Async API instead.
2026-02-11 22:11:13 +05:00: [ERROR] Error in watcher loop: It looks like you are using Playwright Sync API inside the asyncio loop.
2026-02-11 22:11:13 +05:00: Please use the Async API instead.
2026-02-11 22:11:43 +05:00: [ERROR] Error in watcher loop: It looks like you are using Playwright Sync API inside the asyncio loop.
2026-02-11 22:11:43 +05:00: Please use the Async API instead.
2026-02-11 22:12:13 +05:00: [ERROR] Error in watcher loop: It looks like you are using Playwright Sync API inside the asyncio loop.
2026-02-11 22:12:13 +05:00: Please use the Async API instead.
2026-02-11 22:12:43 +05:00: [ERROR] Error in watcher loop: It looks like you are using Playwright Sync API inside the asyncio loop.
2026-02-11 22:12:43 +05:00: Please use the Async API instead.
2026-02-11 22:13:13 +05:00: [ERROR] Error in watcher loop: It looks like you are using Playwright Sync API inside the asyncio loop.
2026-02-11 22:13:13 +05:00: Please use the Async API instead.
2026-02-11 22:13:43 +05:00: [ERROR] Error in watcher loop: It looks like you are using Playwright Sync API inside the asyncio loop.
2026-02-11 22:13:43 +05:00: Please use the Async API instead.
2026-02-11 22:14:13 +05:00: [ERROR] Error in watcher loop: It looks like you are using Playwright Sync API inside the asyncio loop.
2026-02-11 22:14:13 +05:00: Please use the Async API instead.
2026-02-11 22:14:43 +05:00: [ERROR] Error in watcher loop: It looks like you are using Playwright Sync API inside the asyncio loop.
2026-02-11 22:14:43 +05:00: Please use the Async API instead.
2026-02-11 22:15:13 +05:00: [ERROR] Error in watcher loop: It looks like you are using Playwright Sync API inside the asyncio loop.
2026-02-11 22:15:13 +05:00: Please use the Async API instead.
2026-02-11 22:15:43 +05:00: [ERROR] Error in watcher loop: It looks like you are using Playwright Sync API inside the asyncio loop.
2026-02-11 22:15:43 +05:00: Please use the Async API instead.
2026-02-11 22:16:13 +05:00: [ERROR] Error in watcher loop: It looks like you are using Playwright Sync API inside the asyncio loop.
2026-02-11 22:16:13 +05:00: Please use the Async API instead.
2026-02-11 22:16:43 +05:00: [ERROR] Error in watcher loop: It looks like you are using Playwright Sync API inside the asyncio loop.
2026-02-11 22:16:43 +05:00: Please use the Async API instead.
2026-02-11 22:17:13 +05:00: [ERROR] Error in watcher loop: It looks like you are using Playwright Sync API inside the asyncio loop.
2026-02-11 22:17:13 +05:00: Please use the Async API instead.
2026-02-11 22:17:43 +05:00: [ERROR] Error in watcher loop: It looks like you are using Playwright Sync API inside the asyncio loop.
2026-02-11 22:17:43 +05:00: Please use the Async API instead.
2026-02-11 22:18:13 +05:00: [ERROR] Error in watcher loop: It looks like you are using Playwright Sync API inside the asyncio loop.
2026-02-11 22:18:13 +05:00: Please use the Async API instead.
2026-02-11 22:18:43 +05:00: [ERROR] Error in watcher loop: It looks like you are using Playwright Sync API inside the asyncio loop.
2026-02-11 22:18:43 +05:00: Please use the Async API instead.
2026-02-11 22:19:13 +05:00: [ERROR] Error in watcher loop: It looks like you are using Playwright Sync API inside the asyncio loop.
2026-02-11 22:19:13 +05:00: Please use the Async API instead.
2026-02-11 22:19:43 +05:00: [ERROR] Error in watcher loop: It looks like you are using Playwright Sync API inside the asyncio loop.
2026-02-11 22:19:43 +05:00: Please use the Async API instead.
2026-02-11 22:20:13 +05:00: [ERROR] Error in watcher loop: It looks like you are using Playwright Sync API inside the asyncio loop.
2026-02-11 22:20:13 +05:00: Please use the Async API instead.
2026-02-11 22:20:43 +05:00: [ERROR] Error in watcher loop: It looks like you are using Playwright Sync API inside the asyncio loop.
2026-02-11 22:20:43 +05:00: Please use the Async API instead.
2026-02-11 22:21:13 +05:00: [ERROR] Error in watcher loop: It looks like you are using Playwright Sync API inside the asyncio loop.
2026-02-11 22:21:13 +05:00: Please use the Async API instead.
2026-02-11 22:21:43 +05:00: [ERROR] Error in watcher loop: It looks like you are using Playwright Sync API inside the asyncio loop.
2026-02-11 22:21:43 +05:00: Please use the Async API instead.
2026-02-11 22:22:13 +05:00: [ERROR] Error in watcher loop: It looks like you are using Playwright Sync API inside the asyncio loop.
2026-02-11 22:22:13 +05:00: Please use the Async API instead.
2026-02-11 22:22:43 +05:00: [ERROR] Error in watcher loop: It looks like you are using Playwright Sync API inside the asyncio loop.
2026-02-11 22:22:43 +05:00: Please use the Async API instead.
2026-02-11 22:23:13 +05:00: [ERROR] Error in watcher loop: It looks like you are using Playwright Sync API inside the asyncio loop.
2026-02-11 22:23:13 +05:00: Please use the Async API instead.
2026-02-11 22:23:43 +05:00: [ERROR] Error in watcher loop: It looks like you are using Playwright Sync API inside the asyncio loop.
2026-02-11 22:23:43 +05:00: Please use the Async API instead.
2026-02-11 22:24:13 +05:00: [ERROR] Error in watcher loop: It looks like you are using Playwright Sync API inside the asyncio loop.
2026-02-11 22:24:13 +05:00: Please use the Async API instead.
2026-02-11 22:24:43 +05:00: [ERROR] Error in watcher loop: It looks like you are using Playwright Sync API inside the asyncio loop.
2026-02-11 22:24:43 +05:00: Please use the Async API instead.
2026-02-11 22:25:13 +05:00: [ERROR] Error in watcher loop: It looks like you are using Playwright Sync API inside the asyncio loop.
2026-02-11 22:25:13 +05:00: Please use the Async API instead.
2026-02-11 22:25:43 +05:00: [ERROR] Error in watcher loop: It looks like you are using Playwright Sync API inside the asyncio loop.
2026-02-11 22:25:43 +05:00: Please use the Async API instead.
2026-02-11 22:26:13 +05:00: [ERROR] Error in watcher loop: It looks like you are using Playwright Sync API inside the asyncio loop.
2026-02-11 22:26:13 +05:00: Please use the Async API instead.
2026-02-11 22:26:43 +05:00: [ERROR] Error in watcher loop: It looks like you are using Playwright Sync API inside the asyncio loop.
2026-02-11 22:26:43 +05:00: Please use the Async API instead.
2026-02-11 22:27:13 +05:00: [ERROR] Error in watcher loop: It looks like you are using Playwright Sync API inside the asyncio loop.
2026-02-11 22:27:13 +05:00: Please use the Async API instead.
2026-02-11 22:27:43 +05:00: [ERROR] Error in watcher loop: It looks like you are using Playwright Sync API inside the asyncio loop.
2026-02-11 22:27:43 +05:00: Please use the Async API instead.
2026-02-11 22:28:13 +05:00: [ERROR] Error in watcher loop: It looks like you are using Playwright Sync API inside the asyncio loop.
2026-02-11 22:28:13 +05:00: Please use the Async API instead.
2026-02-11 22:28:43 +05:00: [ERROR] Error in watcher loop: It looks like you are using Playwright Sync API inside the asyncio loop.
2026-02-11 22:28:43 +05:00: Please use the Async API instead.
2026-02-11 22:29:13 +05:00: [ERROR] Error in watcher loop: It looks like you are using Playwright Sync API inside the asyncio loop.
2026-02-11 22:29:13 +05:00: Please use the Async API instead.
2026-02-11 22:29:43 +05:00: [ERROR] Error in watcher loop: It looks like you are using Playwright Sync API inside the asyncio loop.
2026-02-11 22:29:43 +05:00: Please use the Async API instead.
2026-02-11 22:30:13 +05:00: [ERROR] Error in watcher loop: It looks like you are using Playwright Sync API inside the asyncio loop.
2026-02-11 22:30:13 +05:00: Please use the Async API instead.
2026-02-11 22:30:43 +05:00: [ERROR] Error in watcher loop: It looks like you are using Playwright Sync API inside the asyncio loop.
2026-02-11 22:30:43 +05:00: Please use the Async API instead.
2026-02-11 22:31:13 +05:00: [ERROR] Error in watcher loop: It looks like you are using Playwright Sync API inside the asyncio loop.
2026-02-11 22:31:13 +05:00: Please use the Async API instead.
2026-02-11 22:31:43 +05:00: [ERROR] Error in watcher loop: It looks like you are using Playwright Sync API inside the asyncio loop.
2026-02-11 22:31:43 +05:00: Please use the Async API instead.
2026-02-11 22:32:13 +05:00: [ERROR] Error in watcher loop: It looks like you are using Playwright Sync API inside the asyncio loop.
2026-02-11 22:32:13 +05:00: Please use the Async API instead.
2026-02-11 22:32:43 +05:00: [ERROR] Error in watcher loop: It looks like you are using Playwright Sync API inside the asyncio loop.
2026-02-11 22:32:43 +05:00: Please use the Async API instead.
2026-02-11 22:33:13 +05:00: [ERROR] Error in watcher loop: It looks like you are using Playwright Sync API inside the asyncio loop.
2026-02-11 22:33:13 +05:00: Please use the Async API instead.
2026-02-11 22:33:43 +05:00: [ERROR] Error in watcher loop: It looks like you are using Playwright Sync API inside the asyncio loop.
2026-02-11 22:33:43 +05:00: Please use the Async API instead.
2026-02-11 22:34:13 +05:00: [ERROR] Error in watcher loop: It looks like you are using Playwright Sync API inside the asyncio loop.
2026-02-11 22:34:13 +05:00: Please use the Async API instead.
2026-02-11 22:34:43 +05:00: [ERROR] Error in watcher loop: It looks like you are using Playwright Sync API inside the asyncio loop.
2026-02-11 22:34:43 +05:00: Please use the Async API instead.
2026-02-11 22:35:13 +05:00: [ERROR] Error in watcher loop: It looks like you are using Playwright Sync API inside the asyncio loop.
2026-02-11 22:35:13 +05:00: Please use the Async API instead.
2026-02-11 23:21:57 +05:00: [ERROR] Error in watcher loop: It looks like you are using Playwright Sync API inside the asyncio loop.
2026-02-11 23:21:57 +05:00: Please use the Async API instead.
2026-02-11 23:22:27 +05:00: [ERROR] Error in watcher loop: It looks like you are using Playwright Sync API inside the asyncio loop.
2026-02-11 23:22:27 +05:00: Please use the Async API instead.
2026-02-11 23:22:57 +05:00: [ERROR] Error in watcher loop: It looks like you are using Playwright Sync API inside the asyncio loop.
2026-02-11 23:22:57 +05:00: Please use the Async API instead.
2026-02-11 23:23:27 +05:00: [ERROR] Error in watcher loop: It looks like you are using Playwright Sync API inside the asyncio loop.
2026-02-11 23:23:27 +05:00: Please use the Async API instead.
2026-02-11 23:23:57 +05:00: [ERROR] Error in watcher loop: It looks like you are using Playwright Sync API inside the asyncio loop.
2026-02-11 23:23:57 +05:00: Please use the Async API instead.
2026-02-11 23:24:27 +05:00: [ERROR] Error in watcher loop: It looks like you are using Playwright Sync API inside the asyncio loop.
2026-02-11 23:24:27 +05:00: Please use the Async API instead.
2026-02-11 23:24:57 +05:00: [ERROR] Error in watcher loop: It looks like you are using Playwright Sync API inside the asyncio loop.
2026-02-11 23:24:57 +05:00: Please use the Async API instead.
2026-02-11 23:25:27 +05:00: [ERROR] Error in watcher loop: It looks like you are using Playwright Sync API inside the asyncio loop.
2026-02-11 23:25:27 +05:00: Please use the Async API instead.
2026-02-11 23:25:57 +05:00: [ERROR] Error in watcher loop: It looks like you are using Playwright Sync API inside the asyncio loop.
2026-02-11 23:25:57 +05:00: Please use the Async API instead.
2026-02-11 23:26:27 +05:00: [ERROR] Error in watcher loop: It looks like you are using Playwright Sync API inside the asyncio loop.
2026-02-11 23:26:27 +05:00: Please use the Async API instead.
2026-02-11 23:26:57 +05:00: [ERROR] Error in watcher loop: It looks like you are using Playwright Sync API inside the asyncio loop.
2026-02-11 23:26:57 +05:00: Please use the Async API instead.
2026-02-11 23:27:27 +05:00: [ERROR] Error in watcher loop: It looks like you are using Playwright Sync API inside the asyncio loop.
2026-02-11 23:27:27 +05:00: Please use the Async API instead.
2026-02-11 23:27:57 +05:00: [ERROR] Error in watcher loop: It looks like you are using Playwright Sync API inside the asyncio loop.
2026-02-11 23:27:57 +05:00: Please use the Async API instead.
2026-02-11 23:28:27 +05:00: [ERROR] Error in watcher loop: It looks like you are using Playwright Sync API inside the asyncio loop.
2026-02-11 23:28:27 +05:00: Please use the Async API instead.
2026-02-11 23:28:57 +05:00: [ERROR] Error in watcher loop: It looks like you are using Playwright Sync API inside the asyncio loop.
2026-02-11 23:28:57 +05:00: Please use the Async API instead.
2026-02-11 23:29:27 +05:00: [ERROR] Error in watcher loop: It looks like you are using Playwright Sync API inside the asyncio loop.
2026-02-11 23:29:27 +05:00: Please use the Async API instead.
2026-02-11 23:29:57 +05:00: [ERROR] Error in watcher loop: It looks like you are using Playwright Sync API inside the asyncio loop.
2026-02-11 23:29:57 +05:00: Please use the Async API instead.
2026-02-11 23:30:27 +05:00: [ERROR] Error in watcher loop: It looks like you are using Playwright Sync API inside the asyncio loop.
2026-02-11 23:30:27 +05:00: Please use the Async API instead.
2026-02-11 23:30:57 +05:00: [ERROR] Error in watcher loop: It looks like you are using Playwright Sync API inside the asyncio loop.
2026-02-11 23:30:57 +05:00: Please use the Async API instead.
2026-02-11 23:31:27 +05:00: [ERROR] Error in watcher loop: It looks like you are using Playwright Sync API inside the asyncio loop.
2026-02-11 23:31:27 +05:00: Please use the Async API instead.
2026-02-11 23:31:57 +05:00: [ERROR] Error in watcher loop: It looks like you are using Playwright Sync API inside the asyncio loop.
2026-02-11 23:31:57 +05:00: Please use the Async API instead.
2026-02-11 23:32:27 +05:00: [ERROR] Error in watcher loop: It looks like you are using Playwright Sync API inside the asyncio loop.
2026-02-11 23:32:27 +05:00: Please use the Async API instead.
2026-02-11 23:32:57 +05:00: [ERROR] Error in watcher loop: It looks like you are using Playwright Sync API inside the asyncio loop.
2026-02-11 23:32:57 +05:00: Please use the Async API instead.
2026-02-11 23:33:28 +05:00: [ERROR] Error in watcher loop: It looks like you are using Playwright Sync API inside the asyncio loop.
2026-02-11 23:33:28 +05:00: Please use the Async API instead.
2026-02-11 23:33:58 +05:00: [ERROR] Error in watcher loop: It looks like you are using Playwright Sync API inside the asyncio loop.
2026-02-11 23:33:58 +05:00: Please use the Async API instead.
2026-02-11 23:34:28 +05:00: [ERROR] Error in watcher loop: It looks like you are using Playwright Sync API inside the asyncio loop.
2026-02-11 23:34:28 +05:00: Please use the Async API instead.
2026-02-11 23:34:58 +05:00: [ERROR] Error in watcher loop: It looks like you are using Playwright Sync API inside the asyncio loop.
2026-02-11 23:34:58 +05:00: Please use the Async API instead.
2026-02-11 23:35:28 +05:00: [ERROR] Error in watcher loop: It looks like you are using Playwright Sync API inside the asyncio loop.
2026-02-11 23:35:28 +05:00: Please use the Async API instead.
2026-02-11 23:35:58 +05:00: [ERROR] Error in watcher loop: It looks like you are using Playwright Sync API inside the asyncio loop.
2026-02-11 23:35:58 +05:00: Please use the Async API instead.
2026-02-11 23:36:28 +05:00: [ERROR] Error in watcher loop: It looks like you are using Playwright Sync API inside the asyncio loop.
2026-02-11 23:36:28 +05:00: Please use the Async API instead.
2026-02-11 23:36:58 +05:00: [ERROR] Error in watcher loop: It looks like you are using Playwright Sync API inside the asyncio loop.
2026-02-11 23:36:58 +05:00: Please use the Async API instead.
2026-02-12 01:19:04 +05:00: [INFO] Starting WhatsAppWatcher
2026-02-12 01:19:04 +05:00: [INFO] Initializing Real Chrome for WhatsApp Watcher...
2026-02-12 01:19:11 +05:00: [ERROR] Error in watcher loop: Chromium distribution 'chrome' is not found at /opt/google/chrome/chrome
2026-02-12 01:19:11 +05:00: Run "playwright install chrome"
2026-02-12 01:19:41 +05:00: [INFO] Initializing Real Chrome for WhatsApp Watcher...
2026-02-12 01:19:41 +05:00: [ERROR] Error in watcher loop: It looks like you are using Playwright Sync API inside the asyncio loop.
2026-02-12 01:19:41 +05:00: Please use the Async API instead.
2026-02-12 01:20:11 +05:00: [INFO] Initializing Real Chrome for WhatsApp Watcher...
2026-02-12 01:20:11 +05:00: [ERROR] Error in watcher loop: It looks like you are using Playwright Sync API inside the asyncio loop.
2026-02-12 01:20:11 +05:00: Please use the Async API instead.
2026-02-12 01:20:41 +05:00: [INFO] Initializing Real Chrome for WhatsApp Watcher...
2026-02-12 01:20:41 +05:00: [ERROR] Error in watcher loop: It looks like you are using Playwright Sync API inside the asyncio loop.
2026-02-12 01:20:41 +05:00: Please use the Async API instead.
2026-02-12 01:21:11 +05:00: [INFO] Initializing Real Chrome for WhatsApp Watcher...
2026-02-12 01:21:11 +05:00: [ERROR] Error in watcher loop: It looks like you are using Playwright Sync API inside the asyncio loop.
2026-02-12 01:21:11 +05:00: Please use the Async API instead.
2026-02-12 01:21:41 +05:00: [INFO] Initializing Real Chrome for WhatsApp Watcher...
2026-02-12 01:21:41 +05:00: [ERROR] Error in watcher loop: It looks like you are using Playwright Sync API inside the asyncio loop.
2026-02-12 01:21:41 +05:00: Please use the Async API instead.
2026-02-12 01:22:11 +05:00: [INFO] Initializing Real Chrome for WhatsApp Watcher...
2026-02-12 01:22:11 +05:00: [ERROR] Error in watcher loop: It looks like you are using Playwright Sync API inside the asyncio loop.
2026-02-12 01:22:11 +05:00: Please use the Async API instead.
2026-02-12 01:22:41 +05:00: [INFO] Initializing Real Chrome for WhatsApp Watcher...
2026-02-12 01:22:41 +05:00: [ERROR] Error in watcher loop: It looks like you are using Playwright Sync API inside the asyncio loop.
2026-02-12 01:22:41 +05:00: Please use the Async API instead.
2026-02-12 01:23:11 +05:00: [INFO] Initializing Real Chrome for WhatsApp Watcher...
2026-02-12 01:23:11 +05:00: [ERROR] Error in watcher loop: It looks like you are using Playwright Sync API inside the asyncio loop.
2026-02-12 01:23:11 +05:00: Please use the Async API instead.
2026-02-12 01:23:41 +05:00: [INFO] Initializing Real Chrome for WhatsApp Watcher...
2026-02-12 01:23:41 +05:00: [ERROR] Error in watcher loop: It looks like you are using Playwright Sync API inside the asyncio loop.
2026-02-12 01:23:41 +05:00: Please use the Async API instead.
2026-02-12 01:24:11 +05:00: [INFO] Initializing Real Chrome for WhatsApp Watcher...
2026-02-12 01:24:11 +05:00: [ERROR] Error in watcher loop: It looks like you are using Playwright Sync API inside the asyncio loop.
2026-02-12 01:24:11 +05:00: Please use the Async API instead.
2026-02-12 01:24:33 +05:00: [INFO] Received SIGINT, initiating graceful shutdown
2026-02-12 01:24:34 +05:00: [INFO] Cleaning up WhatsAppWatcher
2026-02-12 01:24:34 +05:00: [INFO] WhatsAppWatcher stopped
2026-02-12 01:26:11 +05:00: [INFO] Starting WhatsAppWatcher
2026-02-12 01:26:11 +05:00: [INFO] Initializing Real Chrome for WhatsApp Watcher...
2026-02-12 01:26:19 +05:00: [ERROR] Error in watcher loop: Chromium distribution 'chrome' is not found at /opt/google/chrome/chrome
2026-02-12 01:26:19 +05:00: Run "playwright install chrome"
2026-02-12 01:26:49 +05:00: [INFO] Initializing Real Chrome for WhatsApp Watcher...
2026-02-12 01:26:49 +05:00: [ERROR] Error in watcher loop: It looks like you are using Playwright Sync API inside the asyncio loop.
2026-02-12 01:26:49 +05:00: Please use the Async API instead.
2026-02-12 01:27:10 +05:00: [INFO] Received SIGINT, initiating graceful shutdown
2026-02-12 01:27:11 +05:00: [INFO] Cleaning up WhatsAppWatcher
2026-02-12 01:27:11 +05:00: [INFO] WhatsAppWatcher stopped
