2026-02-06 01:27:19 +05:00: Traceback (most recent call last):
2026-02-06 01:27:19 +05:00:   File "/mnt/d/Hackathons/hackathon-0/silver/src/watchers/gmail_watcher.py", line 19, in <module>
2026-02-06 01:27:19 +05:00:     from .base_watcher import BaseWatcher, TaskCreationError
2026-02-06 01:27:19 +05:00: ImportError: attempted relative import with no known parent package
2026-02-06 01:27:59 +05:00: Traceback (most recent call last):
2026-02-06 01:27:59 +05:00:   File "/mnt/d/Hackathons/hackathon-0/silver/src/watchers/gmail_watcher.py", line 19, in <module>
2026-02-06 01:27:59 +05:00:     from .base_watcher import BaseWatcher, TaskCreationError
2026-02-06 01:27:59 +05:00: ImportError: attempted relative import with no known parent package
2026-02-06 01:29:46 +05:00: Traceback (most recent call last):
2026-02-06 01:29:46 +05:00:   File "/mnt/d/Hackathons/hackathon-0/silver/src/watchers/gmail_watcher.py", line 19, in <module>
2026-02-06 01:29:46 +05:00:     from .base_watcher import BaseWatcher, TaskCreationError
2026-02-06 01:29:46 +05:00: ImportError: attempted relative import with no known parent package
2026-02-06 01:30:49 +05:00: Traceback (most recent call last):
2026-02-06 01:30:49 +05:00:   File "/mnt/d/Hackathons/hackathon-0/silver/src/watchers/gmail_watcher.py", line 19, in <module>
2026-02-06 01:30:49 +05:00:     from .base_watcher import BaseWatcher, TaskCreationError
2026-02-06 01:30:49 +05:00: ImportError: attempted relative import with no known parent package
2026-02-06 01:32:08 +05:00: Traceback (most recent call last):
2026-02-06 01:32:08 +05:00:   File "/mnt/d/Hackathons/hackathon-0/silver/src/watchers/gmail_watcher.py", line 19, in <module>
2026-02-06 01:32:08 +05:00:     from .base_watcher import BaseWatcher, TaskCreationError
2026-02-06 01:32:08 +05:00: ImportError: attempted relative import with no known parent package
2026-02-06 01:33:18 +05:00: Traceback (most recent call last):
2026-02-06 01:33:18 +05:00:   File "/mnt/d/Hackathons/hackathon-0/silver/src/watchers/gmail_watcher.py", line 19, in <module>
2026-02-06 01:33:18 +05:00:     from .base_watcher import BaseWatcher, TaskCreationError
2026-02-06 01:33:18 +05:00: ImportError: attempted relative import with no known parent package
2026-02-06 01:34:25 +05:00: Traceback (most recent call last):
2026-02-06 01:34:25 +05:00:   File "/mnt/d/Hackathons/hackathon-0/silver/src/watchers/gmail_watcher.py", line 19, in <module>
2026-02-06 01:34:25 +05:00:     from .base_watcher import BaseWatcher, TaskCreationError
2026-02-06 01:34:25 +05:00: ImportError: attempted relative import with no known parent package
2026-02-06 01:36:23 +05:00: Traceback (most recent call last):
2026-02-06 01:36:23 +05:00:   File "/mnt/d/Hackathons/hackathon-0/silver/src/watchers/gmail_watcher.py", line 19, in <module>
2026-02-06 01:36:23 +05:00:     from .base_watcher import BaseWatcher, TaskCreationError
2026-02-06 01:36:23 +05:00: ImportError: attempted relative import with no known parent package
2026-02-06 01:39:35 +05:00: Traceback (most recent call last):
2026-02-06 01:39:35 +05:00:   File "/mnt/d/Hackathons/hackathon-0/silver/src/watchers/gmail_watcher.py", line 19, in <module>
2026-02-06 01:39:35 +05:00:     from .base_watcher import BaseWatcher, TaskCreationError
2026-02-06 01:39:35 +05:00: ImportError: attempted relative import with no known parent package
2026-02-06 01:40:08 +05:00: Traceback (most recent call last):
2026-02-06 01:40:08 +05:00:   File "/mnt/d/Hackathons/hackathon-0/silver/src/watchers/gmail_watcher.py", line 19, in <module>
2026-02-06 01:40:08 +05:00:     from .base_watcher import BaseWatcher, TaskCreationError
2026-02-06 01:40:08 +05:00: ImportError: attempted relative import with no known parent package
2026-02-06 01:41:15 +05:00: Traceback (most recent call last):
2026-02-06 01:41:15 +05:00:   File "/mnt/d/Hackathons/hackathon-0/silver/src/watchers/gmail_watcher.py", line 19, in <module>
2026-02-06 01:41:15 +05:00:     from .base_watcher import BaseWatcher, TaskCreationError
2026-02-06 01:41:15 +05:00: ImportError: attempted relative import with no known parent package
2026-02-06 01:41:47 +05:00: Traceback (most recent call last):
2026-02-06 01:41:47 +05:00:   File "<frozen importlib._bootstrap_external>", line 1485, in _path_importer_cache
2026-02-06 01:41:47 +05:00: KeyError: '/mnt/d/Hackathons/hackathon-0/silver/venv/lib/python3.12/site-packages/oauthlib/oauth2'
2026-02-06 01:41:47 +05:00: 
2026-02-06 01:41:47 +05:00: During handling of the above exception, another exception occurred:
2026-02-06 01:41:47 +05:00: 
2026-02-06 01:41:47 +05:00: Traceback (most recent call last):
2026-02-06 01:41:47 +05:00:   File "/mnt/d/Hackathons/hackathon-0/silver/src/watchers/gmail_watcher.py", line 14, in <module>
2026-02-06 01:41:48 +05:00:     from google_auth_oauthlib.flow import InstalledAppFlow
2026-02-06 01:41:48 +05:00:   File "/mnt/d/Hackathons/hackathon-0/silver/venv/lib/python3.12/site-packages/google_auth_oauthlib/__init__.py", line 21, in <module>
2026-02-06 01:43:13 +05:00: Traceback (most recent call last):
2026-02-06 01:43:13 +05:00:   File "/mnt/d/Hackathons/hackathon-0/silver/src/watchers/gmail_watcher.py", line 19, in <module>
2026-02-06 01:43:13 +05:00:     from .base_watcher import BaseWatcher, TaskCreationError
2026-02-06 01:43:13 +05:00: ImportError: attempted relative import with no known parent package
2026-02-06 01:44:19 +05:00: Traceback (most recent call last):
2026-02-06 01:44:19 +05:00:   File "/mnt/d/Hackathons/hackathon-0/silver/src/watchers/gmail_watcher.py", line 19, in <module>
2026-02-06 01:44:19 +05:00:     from .base_watcher import BaseWatcher, TaskCreationError
2026-02-06 01:44:19 +05:00: ImportError: attempted relative import with no known parent package
2026-02-06 01:47:30 +05:00: Traceback (most recent call last):
2026-02-06 01:47:30 +05:00:   File "/mnt/d/Hackathons/hackathon-0/silver/src/watchers/gmail_watcher.py", line 19, in <module>
2026-02-06 01:47:30 +05:00:     from .base_watcher import BaseWatcher, TaskCreationError
2026-02-06 01:47:30 +05:00: ImportError: attempted relative import with no known parent package
2026-02-06 01:48:36 +05:00: Traceback (most recent call last):
2026-02-06 01:48:36 +05:00:   File "/mnt/d/Hackathons/hackathon-0/silver/src/watchers/gmail_watcher.py", line 19, in <module>
2026-02-06 01:48:36 +05:00:     from .base_watcher import BaseWatcher, TaskCreationError
2026-02-06 01:48:36 +05:00: ImportError: attempted relative import with no known parent package
2026-02-06 01:49:53 +05:00: Traceback (most recent call last):
2026-02-06 01:49:53 +05:00:   File "/mnt/d/Hackathons/hackathon-0/silver/src/watchers/gmail_watcher.py", line 19, in <module>
2026-02-06 01:49:53 +05:00:     from .base_watcher import BaseWatcher, TaskCreationError
2026-02-06 01:49:53 +05:00: ImportError: attempted relative import with no known parent package
2026-02-06 01:50:18 +05:00: Traceback (most recent call last):
2026-02-06 01:50:18 +05:00:   File "/mnt/d/Hackathons/hackathon-0/silver/src/watchers/gmail_watcher.py", line 19, in <module>
2026-02-06 01:50:18 +05:00:     from .base_watcher import BaseWatcher, TaskCreationError
2026-02-06 01:50:18 +05:00: ImportError: attempted relative import with no known parent package
2026-02-06 01:50:43 +05:00: Traceback (most recent call last):
2026-02-06 01:50:43 +05:00:   File "/mnt/d/Hackathons/hackathon-0/silver/src/watchers/gmail_watcher.py", line 19, in <module>
2026-02-06 01:50:43 +05:00:     from .base_watcher import BaseWatcher, TaskCreationError
2026-02-06 01:50:43 +05:00: ImportError: attempted relative import with no known parent package
2026-02-06 01:51:17 +05:00: Traceback (most recent call last):
2026-02-06 01:51:17 +05:00:   File "/mnt/d/Hackathons/hackathon-0/silver/src/watchers/gmail_watcher.py", line 19, in <module>
2026-02-06 01:51:17 +05:00:     from .base_watcher import BaseWatcher, TaskCreationError
2026-02-06 01:51:17 +05:00: ImportError: attempted relative import with no known parent package
2026-02-06 01:51:44 +05:00: Traceback (most recent call last):
2026-02-06 01:51:44 +05:00:   File "/mnt/d/Hackathons/hackathon-0/silver/src/watchers/gmail_watcher.py", line 19, in <module>
2026-02-06 01:51:44 +05:00:     from .base_watcher import BaseWatcher, TaskCreationError
2026-02-06 01:51:44 +05:00: ImportError: attempted relative import with no known parent package
2026-02-06 01:52:08 +05:00: Traceback (most recent call last):
2026-02-06 01:52:08 +05:00:   File "/mnt/d/Hackathons/hackathon-0/silver/src/watchers/gmail_watcher.py", line 19, in <module>
2026-02-06 01:52:08 +05:00:     from .base_watcher import BaseWatcher, TaskCreationError
2026-02-06 01:52:08 +05:00: ImportError: attempted relative import with no known parent package
2026-02-06 01:52:32 +05:00: Traceback (most recent call last):
2026-02-06 01:52:32 +05:00:   File "/mnt/d/Hackathons/hackathon-0/silver/src/watchers/gmail_watcher.py", line 19, in <module>
2026-02-06 01:52:32 +05:00:     from .base_watcher import BaseWatcher, TaskCreationError
2026-02-06 01:52:32 +05:00: ImportError: attempted relative import with no known parent package
2026-02-06 01:52:53 +05:00: Traceback (most recent call last):
2026-02-06 01:52:53 +05:00:   File "/mnt/d/Hackathons/hackathon-0/silver/src/watchers/gmail_watcher.py", line 19, in <module>
2026-02-06 01:52:53 +05:00:     from .base_watcher import BaseWatcher, TaskCreationError
2026-02-06 01:52:53 +05:00: ImportError: attempted relative import with no known parent package
2026-02-06 01:53:14 +05:00: Traceback (most recent call last):
2026-02-06 01:53:14 +05:00:   File "/mnt/d/Hackathons/hackathon-0/silver/src/watchers/gmail_watcher.py", line 19, in <module>
2026-02-06 01:53:14 +05:00:     from .base_watcher import BaseWatcher, TaskCreationError
2026-02-06 01:53:14 +05:00: 
2026-02-06 01:53:14 +05:00: ImportError: attempted relative import with no known parent package
2026-02-06 01:53:40 +05:00: Traceback (most recent call last):
2026-02-06 01:53:40 +05:00:   File "/mnt/d/Hackathons/hackathon-0/silver/src/watchers/gmail_watcher.py", line 19, in <module>
2026-02-06 01:53:40 +05:00:     from .base_watcher import BaseWatcher, TaskCreationError
2026-02-06 01:53:40 +05:00: ImportError: attempted relative import with no known parent package
2026-02-06 01:54:03 +05:00: Traceback (most recent call last):
2026-02-06 01:54:03 +05:00:   File "/mnt/d/Hackathons/hackathon-0/silver/src/watchers/gmail_watcher.py", line 19, in <module>
2026-02-06 01:54:03 +05:00:     from .base_watcher import BaseWatcher, TaskCreationError
2026-02-06 01:54:03 +05:00: ImportError: attempted relative import with no known parent package
2026-02-06 01:54:22 +05:00: Traceback (most recent call last):
2026-02-06 01:54:22 +05:00:   File "/mnt/d/Hackathons/hackathon-0/silver/src/watchers/gmail_watcher.py", line 19, in <module>
2026-02-06 01:54:22 +05:00:     from .base_watcher import BaseWatcher, TaskCreationError
2026-02-06 01:54:22 +05:00: ImportError
2026-02-06 01:54:22 +05:00: : attempted relative import with no known parent package
2026-02-06 01:54:48 +05:00: Traceback (most recent call last):
2026-02-06 01:54:48 +05:00:   File "/mnt/d/Hackathons/hackathon-0/silver/src/watchers/gmail_watcher.py", line 19, in <module>
2026-02-06 01:54:48 +05:00:     from .base_watcher import BaseWatcher, TaskCreationError
2026-02-06 01:54:48 +05:00: ImportError: attempted relative import with no known parent package
2026-02-06 01:55:08 +05:00: Traceback (most recent call last):
2026-02-06 01:55:08 +05:00:   File "/mnt/d/Hackathons/hackathon-0/silver/src/watchers/gmail_watcher.py", line 19, in <module>
2026-02-06 01:55:08 +05:00:     from .base_watcher import BaseWatcher, TaskCreationError
2026-02-06 01:55:08 +05:00: ImportError: attempted relative import with no known parent package
2026-02-06 01:55:27 +05:00: Traceback (most recent call last):
2026-02-06 01:55:27 +05:00:   File "/mnt/d/Hackathons/hackathon-0/silver/src/watchers/gmail_watcher.py", line 19, in <module>
2026-02-06 01:55:27 +05:00:     from .base_watcher import BaseWatcher, TaskCreationError
2026-02-06 01:55:27 +05:00: ImportError: attempted relative import with no known parent package
2026-02-06 01:55:45 +05:00: Traceback (most recent call last):
2026-02-06 01:55:45 +05:00:   File "/mnt/d/Hackathons/hackathon-0/silver/src/watchers/gmail_watcher.py", line 19, in <module>
2026-02-06 01:55:45 +05:00:     from .base_watcher import BaseWatcher, TaskCreationError
2026-02-06 01:55:45 +05:00: ImportError: attempted relative import with no known parent package
2026-02-06 01:56:08 +05:00: Traceback (most recent call last):
2026-02-06 01:56:08 +05:00:   File "/mnt/d/Hackathons/hackathon-0/silver/src/watchers/gmail_watcher.py", line 19, in <module>
2026-02-06 01:56:08 +05:00:     from .base_watcher import BaseWatcher, TaskCreationError
2026-02-06 01:56:08 +05:00: ImportError: attempted relative import with no known parent package
2026-02-06 01:56:26 +05:00: Traceback (most recent call last):
2026-02-06 01:56:26 +05:00:   File "/mnt/d/Hackathons/hackathon-0/silver/src/watchers/gmail_watcher.py", line 19, in <module>
2026-02-06 01:56:26 +05:00:     from .base_watcher import BaseWatcher, TaskCreationError
2026-02-06 01:56:26 +05:00: ImportError: attempted relative import with no known parent package
2026-02-06 01:56:44 +05:00: Traceback (most recent call last):
2026-02-06 01:56:44 +05:00:   File "/mnt/d/Hackathons/hackathon-0/silver/src/watchers/gmail_watcher.py", line 19, in <module>
2026-02-06 01:56:44 +05:00:     from .base_watcher import BaseWatcher, TaskCreationError
2026-02-06 01:56:44 +05:00: ImportError: attempted relative import with no known parent package
2026-02-06 01:57:07 +05:00: Traceback (most recent call last):
2026-02-06 01:57:07 +05:00:   File "/mnt/d/Hackathons/hackathon-0/silver/src/watchers/gmail_watcher.py", line 19, in <module>
2026-02-06 01:57:07 +05:00:     from .base_watcher import BaseWatcher, TaskCreationError
2026-02-06 01:57:07 +05:00: ImportError: attempted relative import with no known parent package
2026-02-06 01:57:26 +05:00: Traceback (most recent call last):
2026-02-06 01:57:26 +05:00:   File "/mnt/d/Hackathons/hackathon-0/silver/src/watchers/gmail_watcher.py", line 19, in <module>
2026-02-06 01:57:26 +05:00:     from .base_watcher import BaseWatcher, TaskCreationError
2026-02-06 01:57:26 +05:00: 
2026-02-06 01:57:44 +05:00: Traceback (most recent call last):
2026-02-06 01:57:44 +05:00:   File "/mnt/d/Hackathons/hackathon-0/silver/src/watchers/gmail_watcher.py", line 19, in <module>
2026-02-06 01:57:44 +05:00:     from .base_watcher import BaseWatcher, TaskCreationError
2026-02-06 01:57:44 +05:00: ImportError: attempted relative import with no known parent package
2026-02-06 01:58:02 +05:00: Traceback (most recent call last):
2026-02-06 01:58:02 +05:00:   File "/mnt/d/Hackathons/hackathon-0/silver/src/watchers/gmail_watcher.py", line 19, in <module>
2026-02-06 01:58:02 +05:00:     from .base_watcher import BaseWatcher, TaskCreationError
2026-02-06 01:58:02 +05:00: ImportError: attempted relative import with no known parent package
2026-02-06 01:58:27 +05:00: Traceback (most recent call last):
2026-02-06 01:58:27 +05:00:   File "/mnt/d/Hackathons/hackathon-0/silver/src/watchers/gmail_watcher.py", line 19, in <module>
2026-02-06 01:58:27 +05:00:     from .base_watcher import BaseWatcher, TaskCreationError
2026-02-06 01:58:27 +05:00: ImportError: attempted relative import with no known parent package
2026-02-06 01:58:49 +05:00: Traceback (most recent call last):
2026-02-06 01:58:49 +05:00:   File "/mnt/d/Hackathons/hackathon-0/silver/src/watchers/gmail_watcher.py", line 19, in <module>
2026-02-06 01:58:49 +05:00:     from .base_watcher import BaseWatcher, TaskCreationError
2026-02-06 01:58:49 +05:00: ImportError: attempted relative import with no known parent package
2026-02-06 01:59:12 +05:00: Traceback (most recent call last):
2026-02-06 01:59:12 +05:00:   File "/mnt/d/Hackathons/hackathon-0/silver/src/watchers/gmail_watcher.py", line 19, in <module>
2026-02-06 01:59:12 +05:00:     from .base_watcher import BaseWatcher, TaskCreationError
2026-02-06 01:59:12 +05:00: ImportError: attempted relative import with no known parent package
2026-02-06 01:59:37 +05:00: Traceback (most recent call last):
2026-02-06 01:59:37 +05:00:   File "/mnt/d/Hackathons/hackathon-0/silver/src/watchers/gmail_watcher.py", line 19, in <module>
2026-02-06 01:59:37 +05:00:     from .base_watcher import BaseWatcher, TaskCreationError
2026-02-06 01:59:37 +05:00: ImportError: attempted relative import with no known parent package
2026-02-06 01:59:57 +05:00: Traceback (most recent call last):
2026-02-06 01:59:57 +05:00:   File "/mnt/d/Hackathons/hackathon-0/silver/src/watchers/gmail_watcher.py", line 19, in <module>
2026-02-06 01:59:57 +05:00:     from .base_watcher import BaseWatcher, TaskCreationError
2026-02-06 01:59:57 +05:00: ImportError: attempted relative import with no known parent package
2026-02-06 02:00:22 +05:00: Traceback (most recent call last):
2026-02-06 02:00:22 +05:00:   File "/mnt/d/Hackathons/hackathon-0/silver/src/watchers/gmail_watcher.py", line 19, in <module>
2026-02-06 02:00:22 +05:00:     from .base_watcher import BaseWatcher, TaskCreationError
2026-02-06 02:00:22 +05:00: ImportError: attempted relative import with no known parent package
2026-02-06 02:00:43 +05:00: Traceback (most recent call last):
2026-02-06 02:00:43 +05:00:   File "/mnt/d/Hackathons/hackathon-0/silver/src/watchers/gmail_watcher.py", line 19, in <module>
2026-02-06 02:00:43 +05:00:     from .base_watcher import BaseWatcher, TaskCreationError
2026-02-06 02:00:43 +05:00: ImportError: attempted relative import with no known parent package
2026-02-06 02:01:05 +05:00: Traceback (most recent call last):
2026-02-06 02:01:05 +05:00:   File "/mnt/d/Hackathons/hackathon-0/silver/src/watchers/gmail_watcher.py", line 19, in <module>
2026-02-06 02:01:05 +05:00:     from .base_watcher import BaseWatcher, TaskCreationError
2026-02-06 02:01:05 +05:00: ImportError: attempted relative import with no known parent package
2026-02-06 02:01:25 +05:00: Traceback (most recent call last):
2026-02-06 02:01:25 +05:00:   File "/mnt/d/Hackathons/hackathon-0/silver/src/watchers/gmail_watcher.py", line 19, in <module>
2026-02-06 02:01:25 +05:00:     from .base_watcher import BaseWatcher, TaskCreationError
2026-02-06 02:01:25 +05:00: : attempted relative import with no known parent package
2026-02-06 02:01:44 +05:00: Traceback (most recent call last):
2026-02-06 02:01:44 +05:00:   File "/mnt/d/Hackathons/hackathon-0/silver/src/watchers/gmail_watcher.py", line 19, in <module>
2026-02-06 02:01:44 +05:00:     from .base_watcher import BaseWatcher, TaskCreationError
2026-02-06 02:01:44 +05:00: ImportError: attempted relative import with no known parent package
2026-02-06 02:02:11 +05:00: Traceback (most recent call last):
2026-02-06 02:02:11 +05:00:   File "/mnt/d/Hackathons/hackathon-0/silver/src/watchers/gmail_watcher.py", line 19, in <module>
2026-02-06 02:02:11 +05:00:     from .base_watcher import BaseWatcher, TaskCreationError
2026-02-06 02:02:11 +05:00: ImportError: attempted relative import with no known parent package
2026-02-06 02:02:34 +05:00: Traceback (most recent call last):
2026-02-06 02:02:34 +05:00:   File "/mnt/d/Hackathons/hackathon-0/silver/src/watchers/gmail_watcher.py", line 19, in <module>
2026-02-06 02:02:34 +05:00:     from .base_watcher import BaseWatcher, TaskCreationError
2026-02-06 02:02:34 +05:00: ImportError: attempted relative import with no known parent package
2026-02-06 02:03:06 +05:00: Traceback (most recent call last):
2026-02-06 02:03:06 +05:00:   File "/mnt/d/Hackathons/hackathon-0/silver/src/watchers/gmail_watcher.py", line 19, in <module>
2026-02-06 02:03:06 +05:00:     from .base_watcher import BaseWatcher, TaskCreationError
2026-02-06 02:03:06 +05:00: ImportError: attempted relative import with no known parent package
2026-02-06 02:03:27 +05:00: Traceback (most recent call last):
2026-02-06 02:03:27 +05:00:   File "/mnt/d/Hackathons/hackathon-0/silver/src/watchers/gmail_watcher.py", line 19, in <module>
2026-02-06 02:03:27 +05:00:     from .base_watcher import BaseWatcher, TaskCreationError
2026-02-06 02:03:27 +05:00: ImportError: attempted relative import with no known parent package
2026-02-06 02:03:43 +05:00: Traceback (most recent call last):
2026-02-06 02:03:43 +05:00:   File "/mnt/d/Hackathons/hackathon-0/silver/src/watchers/gmail_watcher.py", line 19, in <module>
2026-02-06 02:03:43 +05:00:     from .base_watcher import BaseWatcher, TaskCreationError
2026-02-06 02:03:43 +05:00: ImportError: attempted relative import with no known parent package
2026-02-06 02:04:00 +05:00: Traceback (most recent call last):
2026-02-06 02:04:00 +05:00:   File "/mnt/d/Hackathons/hackathon-0/silver/src/watchers/gmail_watcher.py", line 19, in <module>
2026-02-06 02:04:00 +05:00:     from .base_watcher import BaseWatcher, TaskCreationError
2026-02-06 02:04:00 +05:00: : attempted relative import with no known parent package
2026-02-06 02:04:46 +05:00: Traceback (most recent call last):
2026-02-06 02:04:46 +05:00:   File "/mnt/d/Hackathons/hackathon-0/silver/src/watchers/gmail_watcher.py", line 19, in <module>
2026-02-06 02:04:46 +05:00:     from .base_watcher import BaseWatcher, TaskCreationError
2026-02-06 02:04:46 +05:00: ImportError: attempted relative import with no known parent package
2026-02-06 02:05:43 +05:00: Traceback (most recent call last):
2026-02-06 02:05:43 +05:00:   File "/mnt/d/Hackathons/hackathon-0/silver/src/watchers/gmail_watcher.py", line 19, in <module>
2026-02-06 02:05:43 +05:00:     from .base_watcher import BaseWatcher, TaskCreationError
2026-02-06 02:05:43 +05:00: ImportError: attempted relative import with no known parent package
2026-02-06 02:06:07 +05:00: Traceback (most recent call last):
2026-02-06 02:06:07 +05:00:   File "/mnt/d/Hackathons/hackathon-0/silver/src/watchers/gmail_watcher.py", line 19, in <module>
2026-02-06 02:06:07 +05:00:     from .base_watcher import BaseWatcher, TaskCreationError
2026-02-06 02:06:07 +05:00: ImportError: attempted relative import with no known parent package
2026-02-06 02:06:24 +05:00: Traceback (most recent call last):
2026-02-06 02:06:24 +05:00:   File "/mnt/d/Hackathons/hackathon-0/silver/src/watchers/gmail_watcher.py", line 19, in <module>
2026-02-06 02:06:24 +05:00:     from .base_watcher import BaseWatcher, TaskCreationError
2026-02-06 02:06:24 +05:00: ImportError: attempted relative import with no known parent package
2026-02-06 02:06:51 +05:00: Traceback (most recent call last):
2026-02-06 02:06:51 +05:00:   File "/mnt/d/Hackathons/hackathon-0/silver/src/watchers/gmail_watcher.py", line 19, in <module>
2026-02-06 02:06:51 +05:00:     from .base_watcher import BaseWatcher, TaskCreationError
2026-02-06 02:06:51 +05:00: ImportError: attempted relative import with no known parent package
2026-02-06 02:07:14 +05:00: Traceback (most recent call last):
2026-02-06 02:07:14 +05:00:   File "/mnt/d/Hackathons/hackathon-0/silver/src/watchers/gmail_watcher.py", line 19, in <module>
2026-02-06 02:07:14 +05:00:     from .base_watcher import BaseWatcher, TaskCreationError
2026-02-06 02:07:14 +05:00: 
2026-02-06 02:07:36 +05:00: Traceback (most recent call last):
2026-02-06 02:07:36 +05:00:   File "/mnt/d/Hackathons/hackathon-0/silver/src/watchers/gmail_watcher.py", line 19, in <module>
2026-02-06 02:07:36 +05:00:     from .base_watcher import BaseWatcher, TaskCreationError
2026-02-06 02:07:36 +05:00: ImportError: attempted relative import with no known parent package
2026-02-06 02:07:55 +05:00: Traceback (most recent call last):
2026-02-06 02:07:55 +05:00:   File "/mnt/d/Hackathons/hackathon-0/silver/src/watchers/gmail_watcher.py", line 19, in <module>
2026-02-06 02:07:55 +05:00:     from .base_watcher import BaseWatcher, TaskCreationError
2026-02-06 02:07:55 +05:00: ImportError: attempted relative import with no known parent package
2026-02-06 02:08:18 +05:00: Traceback (most recent call last):
2026-02-06 02:08:18 +05:00:   File "/mnt/d/Hackathons/hackathon-0/silver/src/watchers/gmail_watcher.py", line 19, in <module>
2026-02-06 02:08:18 +05:00:     from .base_watcher import BaseWatcher, TaskCreationError
2026-02-06 02:08:18 +05:00: ImportError: attempted relative import with no known parent package
2026-02-06 02:08:35 +05:00: Traceback (most recent call last):
2026-02-06 02:08:35 +05:00:   File "/mnt/d/Hackathons/hackathon-0/silver/src/watchers/gmail_watcher.py", line 19, in <module>
2026-02-06 02:08:35 +05:00:     from .base_watcher import BaseWatcher, TaskCreationError
2026-02-06 02:08:35 +05:00: ImportError: attempted relative import with no known parent package
2026-02-06 02:08:53 +05:00: Traceback (most recent call last):
2026-02-06 02:08:53 +05:00:   File "/mnt/d/Hackathons/hackathon-0/silver/src/watchers/gmail_watcher.py", line 19, in <module>
2026-02-06 02:08:53 +05:00:     from .base_watcher import BaseWatcher, TaskCreationError
2026-02-06 02:08:53 +05:00: ImportError: attempted relative import with no known parent package
2026-02-06 02:09:10 +05:00: Traceback (most recent call last):
2026-02-06 02:09:10 +05:00:   File "/mnt/d/Hackathons/hackathon-0/silver/src/watchers/gmail_watcher.py", line 19, in <module>
2026-02-06 02:09:10 +05:00:     from .base_watcher import BaseWatcher, TaskCreationError
2026-02-06 02:09:10 +05:00: 
2026-02-06 02:09:10 +05:00: ImportError: attempted relative import with no known parent package
2026-02-06 02:09:33 +05:00: Traceback (most recent call last):
2026-02-06 02:09:33 +05:00:   File "/mnt/d/Hackathons/hackathon-0/silver/src/watchers/gmail_watcher.py", line 19, in <module>
2026-02-06 02:09:33 +05:00:     from .base_watcher import BaseWatcher, TaskCreationError
2026-02-06 02:09:33 +05:00: ImportError: attempted relative import with no known parent package
2026-02-06 02:10:02 +05:00: Traceback (most recent call last):
2026-02-06 02:10:02 +05:00:   File "/mnt/d/Hackathons/hackathon-0/silver/src/watchers/gmail_watcher.py", line 19, in <module>
2026-02-06 02:10:02 +05:00:     from .base_watcher import BaseWatcher, TaskCreationError
2026-02-06 02:10:02 +05:00: ImportError: attempted relative import with no known parent package
2026-02-06 02:10:18 +05:00: Traceback (most recent call last):
2026-02-06 02:10:18 +05:00:   File "/mnt/d/Hackathons/hackathon-0/silver/src/watchers/gmail_watcher.py", line 19, in <module>
2026-02-06 02:10:18 +05:00:     from .base_watcher import BaseWatcher, TaskCreationError
2026-02-06 02:10:18 +05:00: ImportError: attempted relative import with no known parent package
2026-02-06 02:10:43 +05:00: Traceback (most recent call last):
2026-02-06 02:10:43 +05:00:   File "/mnt/d/Hackathons/hackathon-0/silver/src/watchers/gmail_watcher.py", line 19, in <module>
2026-02-06 02:10:43 +05:00:     from .base_watcher import BaseWatcher, TaskCreationError
2026-02-06 02:10:43 +05:00: ImportError: attempted relative import with no known parent package
2026-02-06 02:11:03 +05:00: Traceback (most recent call last):
2026-02-06 02:11:03 +05:00:   File "/mnt/d/Hackathons/hackathon-0/silver/src/watchers/gmail_watcher.py", line 19, in <module>
2026-02-06 02:11:03 +05:00:     from .base_watcher import BaseWatcher, TaskCreationError
2026-02-06 02:11:03 +05:00: ImportError: attempted relative import with no known parent package
2026-02-06 02:11:20 +05:00: Traceback (most recent call last):
2026-02-06 02:11:20 +05:00:   File "/mnt/d/Hackathons/hackathon-0/silver/src/watchers/gmail_watcher.py", line 19, in <module>
2026-02-06 02:11:20 +05:00:     from .base_watcher import BaseWatcher, TaskCreationError
2026-02-06 02:11:20 +05:00: ImportError: attempted relative import with no known parent package
2026-02-06 02:11:38 +05:00: Traceback (most recent call last):
2026-02-06 02:11:38 +05:00:   File "/mnt/d/Hackathons/hackathon-0/silver/src/watchers/gmail_watcher.py", line 19, in <module>
2026-02-06 02:11:38 +05:00:     from .base_watcher import BaseWatcher, TaskCreationError
2026-02-06 02:11:38 +05:00: ImportError: attempted relative import with no known parent package
2026-02-06 02:11:58 +05:00: Traceback (most recent call last):
2026-02-06 02:11:58 +05:00:   File "/mnt/d/Hackathons/hackathon-0/silver/src/watchers/gmail_watcher.py", line 19, in <module>
2026-02-06 02:11:58 +05:00:     from .base_watcher import BaseWatcher, TaskCreationError
2026-02-06 02:11:58 +05:00: ImportError: attempted relative import with no known parent package
2026-02-06 02:12:17 +05:00: Traceback (most recent call last):
2026-02-06 02:12:17 +05:00:   File "/mnt/d/Hackathons/hackathon-0/silver/src/watchers/gmail_watcher.py", line 19, in <module>
2026-02-06 02:12:17 +05:00:     from .base_watcher import BaseWatcher, TaskCreationError
2026-02-06 02:12:17 +05:00: : attempted relative import with no known parent package
2026-02-06 02:12:45 +05:00: Traceback (most recent call last):
2026-02-06 02:12:45 +05:00:   File "/mnt/d/Hackathons/hackathon-0/silver/src/watchers/gmail_watcher.py", line 19, in <module>
2026-02-06 02:12:45 +05:00:     from .base_watcher import BaseWatcher, TaskCreationError
2026-02-06 02:12:45 +05:00: ImportError: attempted relative import with no known parent package
2026-02-06 02:13:16 +05:00: Traceback (most recent call last):
2026-02-06 02:13:16 +05:00:   File "/mnt/d/Hackathons/hackathon-0/silver/src/watchers/gmail_watcher.py", line 19, in <module>
2026-02-06 02:13:16 +05:00:     from .base_watcher import BaseWatcher, TaskCreationError
2026-02-06 02:13:16 +05:00: ImportError: attempted relative import with no known parent package
2026-02-06 02:13:45 +05:00: Traceback (most recent call last):
2026-02-06 02:13:45 +05:00:   File "/mnt/d/Hackathons/hackathon-0/silver/src/watchers/gmail_watcher.py", line 19, in <module>
2026-02-06 02:13:45 +05:00:     from .base_watcher import BaseWatcher, TaskCreationError
2026-02-06 02:13:45 +05:00: ImportError: attempted relative import with no known parent package
2026-02-06 02:14:04 +05:00: Traceback (most recent call last):
2026-02-06 02:14:04 +05:00:   File "/mnt/d/Hackathons/hackathon-0/silver/src/watchers/gmail_watcher.py", line 19, in <module>
2026-02-06 02:14:04 +05:00:     from .base_watcher import BaseWatcher, TaskCreationError
2026-02-06 02:14:04 +05:00: ImportError: attempted relative import with no known parent package
2026-02-06 02:14:28 +05:00: Traceback (most recent call last):
2026-02-06 02:14:28 +05:00:   File "/mnt/d/Hackathons/hackathon-0/silver/src/watchers/gmail_watcher.py", line 19, in <module>
2026-02-06 02:14:28 +05:00:     from .base_watcher import BaseWatcher, TaskCreationError
2026-02-06 02:14:28 +05:00: ImportError: attempted relative import with no known parent package
2026-02-06 02:14:44 +05:00: Traceback (most recent call last):
2026-02-06 02:14:44 +05:00:   File "/mnt/d/Hackathons/hackathon-0/silver/src/watchers/gmail_watcher.py", line 19, in <module>
2026-02-06 02:14:44 +05:00:     from .base_watcher import BaseWatcher, TaskCreationError
2026-02-06 02:14:44 +05:00: ImportError: attempted relative import with no known parent package
2026-02-06 02:15:05 +05:00: Traceback (most recent call last):
2026-02-06 02:15:05 +05:00:   File "/mnt/d/Hackathons/hackathon-0/silver/src/watchers/gmail_watcher.py", line 19, in <module>
2026-02-06 02:15:05 +05:00:     from .base_watcher import BaseWatcher, TaskCreationError
2026-02-06 02:15:05 +05:00: ImportError: attempted relative import with no known parent package
2026-02-06 02:15:24 +05:00: Traceback (most recent call last):
2026-02-06 02:15:24 +05:00:   File "/mnt/d/Hackathons/hackathon-0/silver/src/watchers/gmail_watcher.py", line 19, in <module>
2026-02-06 02:15:24 +05:00:     from .base_watcher import BaseWatcher, TaskCreationError
2026-02-06 02:15:24 +05:00: ImportError
2026-02-06 02:15:24 +05:00: : attempted relative import with no known parent package
2026-02-06 02:15:40 +05:00: Traceback (most recent call last):
2026-02-06 02:15:40 +05:00:   File "/mnt/d/Hackathons/hackathon-0/silver/src/watchers/gmail_watcher.py", line 19, in <module>
2026-02-06 02:15:40 +05:00:     from .base_watcher import BaseWatcher, TaskCreationError
2026-02-06 02:15:40 +05:00: ImportError: attempted relative import with no known parent package
2026-02-06 02:15:53 +05:00: Traceback (most recent call last):
2026-02-06 02:15:53 +05:00:   File "/mnt/d/Hackathons/hackathon-0/silver/src/watchers/gmail_watcher.py", line 19, in <module>
2026-02-06 02:15:53 +05:00:     from .base_watcher import BaseWatcher, TaskCreationError
2026-02-06 02:15:53 +05:00: ImportError: attempted relative import with no known parent package
2026-02-06 02:16:08 +05:00: Traceback (most recent call last):
2026-02-06 02:16:08 +05:00:   File "/mnt/d/Hackathons/hackathon-0/silver/src/watchers/gmail_watcher.py", line 19, in <module>
2026-02-06 02:16:08 +05:00:     from .base_watcher import BaseWatcher, TaskCreationError
2026-02-06 02:16:08 +05:00: ImportError: attempted relative import with no known parent package
2026-02-06 02:16:21 +05:00: Traceback (most recent call last):
2026-02-06 02:16:21 +05:00:   File "/mnt/d/Hackathons/hackathon-0/silver/src/watchers/gmail_watcher.py", line 19, in <module>
2026-02-06 02:16:21 +05:00:     from .base_watcher import BaseWatcher, TaskCreationError
2026-02-06 02:16:21 +05:00: ImportError: attempted relative import with no known parent package
2026-02-06 02:16:35 +05:00: Traceback (most recent call last):
2026-02-06 02:16:35 +05:00:   File "/mnt/d/Hackathons/hackathon-0/silver/src/watchers/gmail_watcher.py", line 19, in <module>
2026-02-06 02:16:35 +05:00:     from .base_watcher import BaseWatcher, TaskCreationError
2026-02-06 02:16:35 +05:00: ImportError: attempted relative import with no known parent package
2026-02-06 02:16:47 +05:00: Traceback (most recent call last):
2026-02-06 02:16:47 +05:00:   File "/mnt/d/Hackathons/hackathon-0/silver/src/watchers/gmail_watcher.py", line 19, in <module>
2026-02-06 02:16:47 +05:00:     from .base_watcher import BaseWatcher, TaskCreationError
2026-02-06 02:16:47 +05:00: 
2026-02-06 02:17:03 +05:00: Traceback (most recent call last):
2026-02-06 02:17:03 +05:00:   File "/mnt/d/Hackathons/hackathon-0/silver/src/watchers/gmail_watcher.py", line 19, in <module>
2026-02-06 02:17:03 +05:00:     from .base_watcher import BaseWatcher, TaskCreationError
2026-02-06 02:17:03 +05:00: ImportError: attempted relative import with no known parent package
2026-02-06 02:17:16 +05:00: Traceback (most recent call last):
2026-02-06 02:17:16 +05:00:   File "/mnt/d/Hackathons/hackathon-0/silver/src/watchers/gmail_watcher.py", line 19, in <module>
2026-02-06 02:17:16 +05:00:     from .base_watcher import BaseWatcher, TaskCreationError
2026-02-06 02:17:16 +05:00: ImportError: attempted relative import with no known parent package
2026-02-06 02:17:29 +05:00: Traceback (most recent call last):
2026-02-06 02:17:29 +05:00:   File "/mnt/d/Hackathons/hackathon-0/silver/src/watchers/gmail_watcher.py", line 19, in <module>
2026-02-06 02:17:29 +05:00:     from .base_watcher import BaseWatcher, TaskCreationError
2026-02-06 02:17:29 +05:00: ImportError: attempted relative import with no known parent package
2026-02-06 02:17:43 +05:00: Traceback (most recent call last):
2026-02-06 02:17:43 +05:00:   File "/mnt/d/Hackathons/hackathon-0/silver/src/watchers/gmail_watcher.py", line 19, in <module>
2026-02-06 02:17:43 +05:00:     from .base_watcher import BaseWatcher, TaskCreationError
2026-02-06 02:17:43 +05:00: ImportError: attempted relative import with no known parent package
2026-02-06 02:17:56 +05:00: Traceback (most recent call last):
2026-02-06 02:17:56 +05:00:   File "/mnt/d/Hackathons/hackathon-0/silver/src/watchers/gmail_watcher.py", line 19, in <module>
2026-02-06 02:17:56 +05:00:     from .base_watcher import BaseWatcher, TaskCreationError
2026-02-06 02:17:56 +05:00: ImportError: attempted relative import with no known parent package
2026-02-06 02:18:10 +05:00: Traceback (most recent call last):
2026-02-06 02:18:10 +05:00:   File "/mnt/d/Hackathons/hackathon-0/silver/src/watchers/gmail_watcher.py", line 19, in <module>
2026-02-06 02:18:10 +05:00:     from .base_watcher import BaseWatcher, TaskCreationError
2026-02-06 02:18:10 +05:00: ImportError: attempted relative import with no known parent package
2026-02-06 02:18:26 +05:00: Traceback (most recent call last):
2026-02-06 02:18:26 +05:00:   File "/mnt/d/Hackathons/hackathon-0/silver/src/watchers/gmail_watcher.py", line 19, in <module>
2026-02-06 02:18:26 +05:00:     from .base_watcher import BaseWatcher, TaskCreationError
2026-02-06 02:18:26 +05:00: ImportError: attempted relative import with no known parent package
2026-02-06 02:18:42 +05:00: Traceback (most recent call last):
2026-02-06 02:18:42 +05:00:   File "/mnt/d/Hackathons/hackathon-0/silver/src/watchers/gmail_watcher.py", line 19, in <module>
2026-02-06 02:18:42 +05:00:     from .base_watcher import BaseWatcher, TaskCreationError
2026-02-06 02:18:42 +05:00: ImportError: attempted relative import with no known parent package
2026-02-06 02:18:59 +05:00: Traceback (most recent call last):
2026-02-06 02:18:59 +05:00:   File "/mnt/d/Hackathons/hackathon-0/silver/src/watchers/gmail_watcher.py", line 19, in <module>
2026-02-06 02:18:59 +05:00:     from .base_watcher import BaseWatcher, TaskCreationError
2026-02-06 02:18:59 +05:00: 
2026-02-06 02:19:14 +05:00: Traceback (most recent call last):
2026-02-06 02:19:14 +05:00:   File "/mnt/d/Hackathons/hackathon-0/silver/src/watchers/gmail_watcher.py", line 19, in <module>
2026-02-06 02:19:14 +05:00:     from .base_watcher import BaseWatcher, TaskCreationError
2026-02-06 02:19:14 +05:00: ImportError: attempted relative import with no known parent package
2026-02-06 02:19:28 +05:00: Traceback (most recent call last):
2026-02-06 02:19:28 +05:00:   File "/mnt/d/Hackathons/hackathon-0/silver/src/watchers/gmail_watcher.py", line 19, in <module>
2026-02-06 02:19:28 +05:00:     from .base_watcher import BaseWatcher, TaskCreationError
2026-02-06 02:19:28 +05:00: ImportError: attempted relative import with no known parent package
2026-02-06 02:19:41 +05:00: Traceback (most recent call last):
2026-02-06 02:19:41 +05:00:   File "/mnt/d/Hackathons/hackathon-0/silver/src/watchers/gmail_watcher.py", line 19, in <module>
2026-02-06 02:19:41 +05:00:     from .base_watcher import BaseWatcher, TaskCreationError
2026-02-06 02:19:41 +05:00: ImportError: attempted relative import with no known parent package
2026-02-06 02:19:54 +05:00: Traceback (most recent call last):
2026-02-06 02:19:54 +05:00:   File "/mnt/d/Hackathons/hackathon-0/silver/src/watchers/gmail_watcher.py", line 19, in <module>
2026-02-06 02:19:54 +05:00:     from .base_watcher import BaseWatcher, TaskCreationError
2026-02-06 02:19:54 +05:00: ImportError: attempted relative import with no known parent package
2026-02-06 02:20:08 +05:00: Traceback (most recent call last):
2026-02-06 02:20:08 +05:00:   File "/mnt/d/Hackathons/hackathon-0/silver/src/watchers/gmail_watcher.py", line 19, in <module>
2026-02-06 02:20:08 +05:00:     from .base_watcher import BaseWatcher, TaskCreationError
2026-02-06 02:20:08 +05:00: ImportError: attempted relative import with no known parent package
2026-02-06 02:20:22 +05:00: Traceback (most recent call last):
2026-02-06 02:20:22 +05:00:   File "/mnt/d/Hackathons/hackathon-0/silver/src/watchers/gmail_watcher.py", line 19, in <module>
2026-02-06 02:20:22 +05:00:     from .base_watcher import BaseWatcher, TaskCreationError
2026-02-06 02:20:22 +05:00: ImportError: attempted relative import with no known parent package
2026-02-06 02:20:36 +05:00: Traceback (most recent call last):
2026-02-06 02:20:36 +05:00:   File "/mnt/d/Hackathons/hackathon-0/silver/src/watchers/gmail_watcher.py", line 19, in <module>
2026-02-06 02:20:36 +05:00:     from .base_watcher import BaseWatcher, TaskCreationError
2026-02-06 02:20:36 +05:00: ImportError: attempted relative import with no known parent package
2026-02-06 02:20:49 +05:00: Traceback (most recent call last):
2026-02-06 02:20:49 +05:00:   File "/mnt/d/Hackathons/hackathon-0/silver/src/watchers/gmail_watcher.py", line 19, in <module>
2026-02-06 02:20:49 +05:00:     from .base_watcher import BaseWatcher, TaskCreationError
2026-02-06 02:20:49 +05:00: ImportError: attempted relative import with no known parent package
2026-02-06 02:21:02 +05:00: Traceback (most recent call last):
2026-02-06 02:21:02 +05:00:   File "/mnt/d/Hackathons/hackathon-0/silver/src/watchers/gmail_watcher.py", line 19, in <module>
2026-02-06 02:21:02 +05:00:     from .base_watcher import BaseWatcher, TaskCreationError
2026-02-06 02:21:02 +05:00: ImportError: attempted relative import with no known parent package
2026-02-06 02:21:16 +05:00: Traceback (most recent call last):
2026-02-06 02:21:16 +05:00:   File "/mnt/d/Hackathons/hackathon-0/silver/src/watchers/gmail_watcher.py", line 19, in <module>
2026-02-06 02:21:16 +05:00:     from .base_watcher import BaseWatcher, TaskCreationError
2026-02-06 02:21:16 +05:00: ImportError: attempted relative import with no known parent package
2026-02-06 02:21:29 +05:00: Traceback (most recent call last):
2026-02-06 02:21:29 +05:00:   File "/mnt/d/Hackathons/hackathon-0/silver/src/watchers/gmail_watcher.py", line 19, in <module>
2026-02-06 02:21:29 +05:00:     from .base_watcher import BaseWatcher, TaskCreationError
2026-02-06 02:21:29 +05:00: ImportError: attempted relative import with no known parent package
2026-02-06 02:21:42 +05:00: Traceback (most recent call last):
2026-02-06 02:21:42 +05:00:   File "/mnt/d/Hackathons/hackathon-0/silver/src/watchers/gmail_watcher.py", line 19, in <module>
2026-02-06 02:21:42 +05:00:     from .base_watcher import BaseWatcher, TaskCreationError
2026-02-06 02:21:42 +05:00: ImportError: attempted relative import with no known parent package
2026-02-06 02:21:55 +05:00: Traceback (most recent call last):
2026-02-06 02:21:55 +05:00:   File "/mnt/d/Hackathons/hackathon-0/silver/src/watchers/gmail_watcher.py", line 19, in <module>
2026-02-06 02:21:55 +05:00:     from .base_watcher import BaseWatcher, TaskCreationError
2026-02-06 02:21:55 +05:00: ImportError: attempted relative import with no known parent package
2026-02-06 02:22:07 +05:00: Traceback (most recent call last):
2026-02-06 02:22:07 +05:00:   File "/mnt/d/Hackathons/hackathon-0/silver/src/watchers/gmail_watcher.py", line 19, in <module>
2026-02-06 02:22:07 +05:00:     from .base_watcher import BaseWatcher, TaskCreationError
2026-02-06 02:22:07 +05:00: ImportError: attempted relative import with no known parent package
2026-02-06 02:22:22 +05:00: Traceback (most recent call last):
2026-02-06 02:22:22 +05:00:   File "/mnt/d/Hackathons/hackathon-0/silver/src/watchers/gmail_watcher.py", line 19, in <module>
2026-02-06 02:22:22 +05:00:     from .base_watcher import BaseWatcher, TaskCreationError
2026-02-06 02:22:22 +05:00: ImportError: attempted relative import with no known parent package
2026-02-06 02:22:37 +05:00: Traceback (most recent call last):
2026-02-06 02:22:37 +05:00:   File "/mnt/d/Hackathons/hackathon-0/silver/src/watchers/gmail_watcher.py", line 19, in <module>
2026-02-06 02:22:37 +05:00:     from .base_watcher import BaseWatcher, TaskCreationError
2026-02-06 02:22:37 +05:00: ImportError: attempted relative import with no known parent package
2026-02-06 02:22:52 +05:00: Traceback (most recent call last):
2026-02-06 02:22:52 +05:00:   File "/mnt/d/Hackathons/hackathon-0/silver/src/watchers/gmail_watcher.py", line 19, in <module>
2026-02-06 02:22:52 +05:00:     from .base_watcher import BaseWatcher, TaskCreationError
2026-02-06 02:22:52 +05:00: ImportError: attempted relative import with no known parent package
2026-02-06 02:23:07 +05:00: Traceback (most recent call last):
2026-02-06 02:23:07 +05:00:   File "/mnt/d/Hackathons/hackathon-0/silver/src/watchers/gmail_watcher.py", line 19, in <module>
2026-02-06 02:23:07 +05:00:     from .base_watcher import BaseWatcher, TaskCreationError
2026-02-06 02:23:07 +05:00: ImportError: attempted relative import with no known parent package
2026-02-06 02:23:23 +05:00: Traceback (most recent call last):
2026-02-06 02:23:23 +05:00:   File "/mnt/d/Hackathons/hackathon-0/silver/src/watchers/gmail_watcher.py", line 19, in <module>
2026-02-06 02:23:23 +05:00:     from .base_watcher import BaseWatcher, TaskCreationError
2026-02-06 02:23:23 +05:00: ImportError: attempted relative import with no known parent package
2026-02-06 02:23:37 +05:00: Traceback (most recent call last):
2026-02-06 02:23:37 +05:00:   File "/mnt/d/Hackathons/hackathon-0/silver/src/watchers/gmail_watcher.py", line 19, in <module>
2026-02-06 02:23:37 +05:00:     from .base_watcher import BaseWatcher, TaskCreationError
2026-02-06 02:23:37 +05:00: ImportError: attempted relative import with no known parent package
2026-02-06 02:23:51 +05:00: Traceback (most recent call last):
2026-02-06 02:23:51 +05:00:   File "/mnt/d/Hackathons/hackathon-0/silver/src/watchers/gmail_watcher.py", line 19, in <module>
2026-02-06 02:23:51 +05:00:     from .base_watcher import BaseWatcher, TaskCreationError
2026-02-06 02:23:51 +05:00: attempted relative import with no known parent package
2026-02-06 02:24:04 +05:00: Traceback (most recent call last):
2026-02-06 02:24:04 +05:00:   File "/mnt/d/Hackathons/hackathon-0/silver/src/watchers/gmail_watcher.py", line 19, in <module>
2026-02-06 02:24:04 +05:00:     from .base_watcher import BaseWatcher, TaskCreationError
2026-02-06 02:24:04 +05:00: : attempted relative import with no known parent package
2026-02-06 02:24:17 +05:00: Traceback (most recent call last):
2026-02-06 02:24:17 +05:00:   File "/mnt/d/Hackathons/hackathon-0/silver/src/watchers/gmail_watcher.py", line 19, in <module>
2026-02-06 02:24:17 +05:00:     from .base_watcher import BaseWatcher, TaskCreationError
2026-02-06 02:24:17 +05:00: ImportError: attempted relative import with no known parent package
2026-02-06 02:24:31 +05:00: Traceback (most recent call last):
2026-02-06 02:24:31 +05:00:   File "/mnt/d/Hackathons/hackathon-0/silver/src/watchers/gmail_watcher.py", line 19, in <module>
2026-02-06 02:24:31 +05:00:     from .base_watcher import BaseWatcher, TaskCreationError
2026-02-06 02:24:31 +05:00: ImportError: attempted relative import with no known parent package
2026-02-06 02:24:44 +05:00: Traceback (most recent call last):
2026-02-06 02:24:44 +05:00:   File "/mnt/d/Hackathons/hackathon-0/silver/src/watchers/gmail_watcher.py", line 19, in <module>
2026-02-06 02:24:44 +05:00:     
2026-02-06 02:24:44 +05:00: from .base_watcher import BaseWatcher, TaskCreationError
2026-02-06 02:24:44 +05:00: ImportError: attempted relative import with no known parent package
2026-02-06 02:24:57 +05:00: Traceback (most recent call last):
2026-02-06 02:24:57 +05:00:   File "/mnt/d/Hackathons/hackathon-0/silver/src/watchers/gmail_watcher.py", line 19, in <module>
2026-02-06 02:24:57 +05:00:     from .base_watcher import BaseWatcher, TaskCreationError
2026-02-06 02:24:57 +05:00: ImportError: attempted relative import with no known parent package
2026-02-06 02:25:11 +05:00: Traceback (most recent call last):
2026-02-06 02:25:11 +05:00:   File "/mnt/d/Hackathons/hackathon-0/silver/src/watchers/gmail_watcher.py", line 19, in <module>
2026-02-06 02:25:11 +05:00:     from .base_watcher import BaseWatcher, TaskCreationError
2026-02-06 02:25:11 +05:00: ImportError: attempted relative import with no known parent package
2026-02-06 02:25:24 +05:00: Traceback (most recent call last):
2026-02-06 02:25:24 +05:00:   File "/mnt/d/Hackathons/hackathon-0/silver/src/watchers/gmail_watcher.py", line 19, in <module>
2026-02-06 02:25:24 +05:00:     from .base_watcher import BaseWatcher, TaskCreationError
2026-02-06 02:25:24 +05:00: ImportError: attempted relative import with no known parent package
2026-02-06 02:25:38 +05:00: Traceback (most recent call last):
2026-02-06 02:25:38 +05:00:   File "/mnt/d/Hackathons/hackathon-0/silver/src/watchers/gmail_watcher.py", line 19, in <module>
2026-02-06 02:25:38 +05:00:     from .base_watcher import BaseWatcher, TaskCreationError
2026-02-06 02:25:38 +05:00: ImportError: attempted relative import with no known parent package
2026-02-06 02:25:51 +05:00: Traceback (most recent call last):
2026-02-06 02:25:51 +05:00:   File "/mnt/d/Hackathons/hackathon-0/silver/src/watchers/gmail_watcher.py", line 19, in <module>
2026-02-06 02:25:51 +05:00:     from .base_watcher import BaseWatcher, TaskCreationError
2026-02-06 02:25:51 +05:00: ImportError: attempted relative import with no known parent package
2026-02-06 02:26:11 +05:00: Traceback (most recent call last):
2026-02-06 02:26:11 +05:00:   File "/mnt/d/Hackathons/hackathon-0/silver/src/watchers/gmail_watcher.py", line 19, in <module>
2026-02-06 02:26:11 +05:00:     from .base_watcher import BaseWatcher, TaskCreationError
2026-02-06 02:26:11 +05:00: ImportError: attempted relative import with no known parent package
2026-02-06 02:26:27 +05:00: Traceback (most recent call last):
2026-02-06 02:26:27 +05:00:   File "/mnt/d/Hackathons/hackathon-0/silver/src/watchers/gmail_watcher.py", line 19, in <module>
2026-02-06 02:26:27 +05:00:     from .base_watcher import BaseWatcher, TaskCreationError
2026-02-06 02:26:27 +05:00: ImportError: attempted relative import with no known parent package
2026-02-06 02:26:40 +05:00: Traceback (most recent call last):
2026-02-06 02:26:40 +05:00:   File "/mnt/d/Hackathons/hackathon-0/silver/src/watchers/gmail_watcher.py", line 19, in <module>
2026-02-06 02:26:40 +05:00:     from .base_watcher import BaseWatcher, TaskCreationError
2026-02-06 02:26:40 +05:00: ImportError: attempted relative import with no known parent package
2026-02-06 02:26:54 +05:00: Traceback (most recent call last):
2026-02-06 02:26:54 +05:00:   File "/mnt/d/Hackathons/hackathon-0/silver/src/watchers/gmail_watcher.py", line 19, in <module>
2026-02-06 02:26:54 +05:00:     from .base_watcher import BaseWatcher, TaskCreationError
2026-02-06 02:26:54 +05:00: ImportError: attempted relative import with no known parent package
2026-02-06 02:27:07 +05:00: Traceback (most recent call last):
2026-02-06 02:27:07 +05:00:   File "/mnt/d/Hackathons/hackathon-0/silver/src/watchers/gmail_watcher.py", line 19, in <module>
2026-02-06 02:27:07 +05:00:     from .base_watcher import BaseWatcher, TaskCreationError
2026-02-06 02:27:07 +05:00: ImportError: attempted relative import with no known parent package
2026-02-06 02:27:20 +05:00: Traceback (most recent call last):
2026-02-06 02:27:20 +05:00:   File "/mnt/d/Hackathons/hackathon-0/silver/src/watchers/gmail_watcher.py", line 19, in <module>
2026-02-06 02:27:20 +05:00:     from .base_watcher import BaseWatcher, TaskCreationError
2026-02-06 02:27:20 +05:00: ImportError: attempted relative import with no known parent package
2026-02-06 02:27:33 +05:00: Traceback (most recent call last):
2026-02-06 02:27:33 +05:00:   File "/mnt/d/Hackathons/hackathon-0/silver/src/watchers/gmail_watcher.py", line 19, in <module>
2026-02-06 02:27:33 +05:00:     from .base_watcher import BaseWatcher, TaskCreationError
2026-02-06 02:27:33 +05:00: ImportError: attempted relative import with no known parent package
2026-02-06 02:27:47 +05:00: Traceback (most recent call last):
2026-02-06 02:27:47 +05:00:   File "/mnt/d/Hackathons/hackathon-0/silver/src/watchers/gmail_watcher.py", line 19, in <module>
2026-02-06 02:27:47 +05:00:     from .base_watcher import BaseWatcher, TaskCreationError
2026-02-06 02:27:47 +05:00: ImportError: attempted relative import with no known parent package
2026-02-06 02:28:03 +05:00: Traceback (most recent call last):
2026-02-06 02:28:03 +05:00:   File "/mnt/d/Hackathons/hackathon-0/silver/src/watchers/gmail_watcher.py", line 19, in <module>
2026-02-06 02:28:03 +05:00:     from .base_watcher import BaseWatcher, TaskCreationError
2026-02-06 02:28:03 +05:00: ImportError: attempted relative import with no known parent package
2026-02-06 02:28:17 +05:00: Traceback (most recent call last):
2026-02-06 02:28:17 +05:00:   File "/mnt/d/Hackathons/hackathon-0/silver/src/watchers/gmail_watcher.py", line 19, in <module>
2026-02-06 02:28:17 +05:00:     from .base_watcher import BaseWatcher, TaskCreationError
2026-02-06 02:28:17 +05:00: ImportError: attempted relative import with no known parent package
2026-02-06 02:28:32 +05:00: Traceback (most recent call last):
2026-02-06 02:28:32 +05:00:   File "/mnt/d/Hackathons/hackathon-0/silver/src/watchers/gmail_watcher.py", line 19, in <module>
2026-02-06 02:28:32 +05:00:     from .base_watcher import BaseWatcher, TaskCreationError
2026-02-06 02:28:32 +05:00: attempted relative import with no known parent package
2026-02-06 02:28:46 +05:00: Traceback (most recent call last):
2026-02-06 02:28:46 +05:00:   File "/mnt/d/Hackathons/hackathon-0/silver/src/watchers/gmail_watcher.py", line 19, in <module>
2026-02-06 02:28:46 +05:00:     from .base_watcher import BaseWatcher, TaskCreationError
2026-02-06 02:28:46 +05:00: ImportError: attempted relative import with no known parent package
2026-02-06 02:29:06 +05:00: Traceback (most recent call last):
2026-02-06 02:29:06 +05:00:   File "/mnt/d/Hackathons/hackathon-0/silver/src/watchers/gmail_watcher.py", line 19, in <module>
2026-02-06 02:29:06 +05:00:     from .base_watcher import BaseWatcher, TaskCreationError
2026-02-06 02:29:06 +05:00: ImportError: attempted relative import with no known parent package
2026-02-06 02:29:19 +05:00: Traceback (most recent call last):
2026-02-06 02:29:19 +05:00:   File "/mnt/d/Hackathons/hackathon-0/silver/src/watchers/gmail_watcher.py", line 19, in <module>
2026-02-06 02:29:19 +05:00:     from .base_watcher import BaseWatcher, TaskCreationError
2026-02-06 02:29:19 +05:00: ImportError: attempted relative import with no known parent package
2026-02-06 02:29:35 +05:00: Traceback (most recent call last):
2026-02-06 02:29:35 +05:00:   File "/mnt/d/Hackathons/hackathon-0/silver/src/watchers/gmail_watcher.py", line 19, in <module>
2026-02-06 02:29:35 +05:00:     from .base_watcher import BaseWatcher, TaskCreationError
2026-02-06 02:29:35 +05:00: ImportError: attempted relative import with no known parent package
2026-02-06 02:29:52 +05:00: Traceback (most recent call last):
2026-02-06 02:29:52 +05:00:   File "/mnt/d/Hackathons/hackathon-0/silver/src/watchers/gmail_watcher.py", line 19, in <module>
2026-02-06 02:29:52 +05:00:     from .base_watcher import BaseWatcher, TaskCreationError
2026-02-06 02:29:52 +05:00: ImportError: attempted relative import with no known parent package
2026-02-06 02:30:07 +05:00: Traceback (most recent call last):
2026-02-06 02:30:07 +05:00:   File "/mnt/d/Hackathons/hackathon-0/silver/src/watchers/gmail_watcher.py", line 19, in <module>
2026-02-06 02:30:07 +05:00:     from .base_watcher import BaseWatcher, TaskCreationError
2026-02-06 02:30:07 +05:00: ImportError: attempted relative import with no known parent package
2026-02-06 02:30:21 +05:00: Traceback (most recent call last):
2026-02-06 02:30:21 +05:00:   File "/mnt/d/Hackathons/hackathon-0/silver/src/watchers/gmail_watcher.py", line 19, in <module>
2026-02-06 02:30:21 +05:00:     from .base_watcher import BaseWatcher, TaskCreationError
2026-02-06 02:30:21 +05:00: ImportError: attempted relative import with no known parent package
2026-02-06 02:30:34 +05:00: Traceback (most recent call last):
2026-02-06 02:30:34 +05:00:   File "/mnt/d/Hackathons/hackathon-0/silver/src/watchers/gmail_watcher.py", line 19, in <module>
2026-02-06 02:30:34 +05:00:     from .base_watcher import BaseWatcher, TaskCreationError
2026-02-06 02:30:34 +05:00: ImportError: attempted relative import with no known parent package
2026-02-06 02:30:47 +05:00: Traceback (most recent call last):
2026-02-06 02:30:47 +05:00:   File "/mnt/d/Hackathons/hackathon-0/silver/src/watchers/gmail_watcher.py", line 19, in <module>
2026-02-06 02:30:47 +05:00:     
2026-02-06 02:30:47 +05:00: from .base_watcher import BaseWatcher, TaskCreationError
2026-02-06 02:30:47 +05:00: ImportError: attempted relative import with no known parent package
2026-02-06 02:31:01 +05:00: Traceback (most recent call last):
2026-02-06 02:31:01 +05:00:   File "/mnt/d/Hackathons/hackathon-0/silver/src/watchers/gmail_watcher.py", line 19, in <module>
2026-02-06 02:31:01 +05:00:     from .base_watcher import BaseWatcher, TaskCreationError
2026-02-06 02:31:01 +05:00: ImportError: attempted relative import with no known parent package
2026-02-06 02:31:15 +05:00: Traceback (most recent call last):
2026-02-06 02:31:15 +05:00:   File "/mnt/d/Hackathons/hackathon-0/silver/src/watchers/gmail_watcher.py", line 19, in <module>
2026-02-06 02:31:15 +05:00:     from .base_watcher import BaseWatcher, TaskCreationError
2026-02-06 02:31:15 +05:00: ImportError: attempted relative import with no known parent package
2026-02-06 02:31:28 +05:00: Traceback (most recent call last):
2026-02-06 02:31:28 +05:00:   File "/mnt/d/Hackathons/hackathon-0/silver/src/watchers/gmail_watcher.py", line 19, in <module>
2026-02-06 02:31:28 +05:00:     from .base_watcher import BaseWatcher, TaskCreationError
2026-02-06 02:31:28 +05:00: ImportError: attempted relative import with no known parent package
2026-02-06 02:31:41 +05:00: Traceback (most recent call last):
2026-02-06 02:31:41 +05:00:   File "/mnt/d/Hackathons/hackathon-0/silver/src/watchers/gmail_watcher.py", line 19, in <module>
2026-02-06 02:31:41 +05:00:     from .base_watcher import BaseWatcher, TaskCreationError
2026-02-06 02:31:41 +05:00: : attempted relative import with no known parent package
2026-02-06 02:31:55 +05:00: Traceback (most recent call last):
2026-02-06 02:31:55 +05:00:   File "/mnt/d/Hackathons/hackathon-0/silver/src/watchers/gmail_watcher.py", line 19, in <module>
2026-02-06 02:31:55 +05:00:     from .base_watcher import BaseWatcher, TaskCreationError
2026-02-06 02:31:55 +05:00: ImportError: attempted relative import with no known parent package
2026-02-06 02:32:08 +05:00: Traceback (most recent call last):
2026-02-06 02:32:08 +05:00:   File "/mnt/d/Hackathons/hackathon-0/silver/src/watchers/gmail_watcher.py", line 19, in <module>
2026-02-06 02:32:08 +05:00:     from .base_watcher import BaseWatcher, TaskCreationError
2026-02-06 02:32:08 +05:00: ImportError: attempted relative import with no known parent package
2026-02-06 02:32:21 +05:00: Traceback (most recent call last):
2026-02-06 02:32:21 +05:00:   File "/mnt/d/Hackathons/hackathon-0/silver/src/watchers/gmail_watcher.py", line 19, in <module>
2026-02-06 02:32:21 +05:00:     from .base_watcher import BaseWatcher, TaskCreationError
2026-02-06 02:32:21 +05:00: ImportError: attempted relative import with no known parent package
2026-02-06 02:32:35 +05:00: Traceback (most recent call last):
2026-02-06 02:32:35 +05:00:   File "/mnt/d/Hackathons/hackathon-0/silver/src/watchers/gmail_watcher.py", line 19, in <module>
2026-02-06 02:32:35 +05:00:     from .base_watcher import BaseWatcher, TaskCreationError
2026-02-06 02:32:35 +05:00: ImportError: attempted relative import with no known parent package
2026-02-06 02:32:48 +05:00: Traceback (most recent call last):
2026-02-06 02:32:48 +05:00:   File "/mnt/d/Hackathons/hackathon-0/silver/src/watchers/gmail_watcher.py", line 19, in <module>
2026-02-06 02:32:48 +05:00:     from .base_watcher import BaseWatcher, TaskCreationError
2026-02-06 02:32:48 +05:00: ImportError: attempted relative import with no known parent package
2026-02-06 02:33:02 +05:00: Traceback (most recent call last):
2026-02-06 02:33:02 +05:00:   File "/mnt/d/Hackathons/hackathon-0/silver/src/watchers/gmail_watcher.py", line 19, in <module>
2026-02-06 02:33:02 +05:00:     from .base_watcher import BaseWatcher, TaskCreationError
2026-02-06 02:33:02 +05:00: attempted relative import with no known parent package
2026-02-06 02:33:14 +05:00: Traceback (most recent call last):
2026-02-06 02:33:14 +05:00:   File "/mnt/d/Hackathons/hackathon-0/silver/src/watchers/gmail_watcher.py", line 19, in <module>
2026-02-06 02:33:14 +05:00:     from .base_watcher import BaseWatcher, TaskCreationError
2026-02-06 02:33:14 +05:00: ImportError: attempted relative import with no known parent package
2026-02-06 02:33:27 +05:00: Traceback (most recent call last):
2026-02-06 02:33:27 +05:00:   File "/mnt/d/Hackathons/hackathon-0/silver/src/watchers/gmail_watcher.py", line 19, in <module>
2026-02-06 02:33:27 +05:00:     from .base_watcher import BaseWatcher, TaskCreationError
2026-02-06 02:33:27 +05:00: ImportError: attempted relative import with no known parent package
2026-02-06 02:33:45 +05:00: Traceback (most recent call last):
2026-02-06 02:33:45 +05:00:   File "/mnt/d/Hackathons/hackathon-0/silver/src/watchers/gmail_watcher.py", line 19, in <module>
2026-02-06 02:33:45 +05:00:     from .base_watcher import BaseWatcher, TaskCreationError
2026-02-06 02:33:45 +05:00: ImportError: attempted relative import with no known parent package
2026-02-06 02:33:58 +05:00: Traceback (most recent call last):
2026-02-06 02:33:58 +05:00:   File "/mnt/d/Hackathons/hackathon-0/silver/src/watchers/gmail_watcher.py", line 19, in <module>
2026-02-06 02:33:58 +05:00:     from .base_watcher import BaseWatcher, TaskCreationError
2026-02-06 02:33:58 +05:00: ImportError: attempted relative import with no known parent package
2026-02-06 02:34:11 +05:00: Traceback (most recent call last):
2026-02-06 02:34:11 +05:00:   File "/mnt/d/Hackathons/hackathon-0/silver/src/watchers/gmail_watcher.py", line 19, in <module>
2026-02-06 02:34:11 +05:00:     from .base_watcher import BaseWatcher, TaskCreationError
2026-02-06 02:34:11 +05:00: ImportError: attempted relative import with no known parent package
2026-02-06 02:34:24 +05:00: Traceback (most recent call last):
2026-02-06 02:34:24 +05:00:   File "/mnt/d/Hackathons/hackathon-0/silver/src/watchers/gmail_watcher.py", line 19, in <module>
2026-02-06 02:34:24 +05:00:     from .base_watcher import BaseWatcher, TaskCreationError
2026-02-06 02:34:24 +05:00: attempted relative import with no known parent package
2026-02-06 02:34:37 +05:00: Traceback (most recent call last):
2026-02-06 02:34:37 +05:00:   File "/mnt/d/Hackathons/hackathon-0/silver/src/watchers/gmail_watcher.py", line 19, in <module>
2026-02-06 02:34:37 +05:00:     from .base_watcher import BaseWatcher, TaskCreationError
2026-02-06 02:34:37 +05:00: ImportError: attempted relative import with no known parent package
2026-02-06 02:34:51 +05:00: Traceback (most recent call last):
2026-02-06 02:34:51 +05:00:   File "/mnt/d/Hackathons/hackathon-0/silver/src/watchers/gmail_watcher.py", line 19, in <module>
2026-02-06 02:34:51 +05:00:     from .base_watcher import BaseWatcher, TaskCreationError
2026-02-06 02:34:51 +05:00: ImportError: attempted relative import with no known parent package
2026-02-06 02:35:04 +05:00: Traceback (most recent call last):
2026-02-06 02:35:04 +05:00:   File "/mnt/d/Hackathons/hackathon-0/silver/src/watchers/gmail_watcher.py", line 19, in <module>
2026-02-06 02:35:04 +05:00:     from .base_watcher import BaseWatcher, TaskCreationError
2026-02-06 02:35:04 +05:00: ImportError: attempted relative import with no known parent package
2026-02-06 02:35:18 +05:00: Traceback (most recent call last):
2026-02-06 02:35:18 +05:00:   File "/mnt/d/Hackathons/hackathon-0/silver/src/watchers/gmail_watcher.py", line 19, in <module>
2026-02-06 02:35:18 +05:00:     from .base_watcher import BaseWatcher, TaskCreationError
2026-02-06 02:35:18 +05:00: ImportError: attempted relative import with no known parent package
2026-02-06 02:35:32 +05:00: Traceback (most recent call last):
2026-02-06 02:35:32 +05:00:   File "/mnt/d/Hackathons/hackathon-0/silver/src/watchers/gmail_watcher.py", line 19, in <module>
2026-02-06 02:35:32 +05:00:     from .base_watcher import BaseWatcher, TaskCreationError
2026-02-06 02:35:32 +05:00: ImportError: attempted relative import with no known parent package
2026-02-06 02:35:45 +05:00: Traceback (most recent call last):
2026-02-06 02:35:45 +05:00:   File "/mnt/d/Hackathons/hackathon-0/silver/src/watchers/gmail_watcher.py", line 19, in <module>
2026-02-06 02:35:45 +05:00:     from .base_watcher import BaseWatcher, TaskCreationError
2026-02-06 02:35:45 +05:00: ImportError: attempted relative import with no known parent package
2026-02-06 02:36:00 +05:00: Traceback (most recent call last):
2026-02-06 02:36:00 +05:00:   File "/mnt/d/Hackathons/hackathon-0/silver/src/watchers/gmail_watcher.py", line 19, in <module>
2026-02-06 02:36:00 +05:00:     from .base_watcher import BaseWatcher, TaskCreationError
2026-02-06 02:36:00 +05:00: ImportError: attempted relative import with no known parent package
2026-02-06 02:36:13 +05:00: Traceback (most recent call last):
2026-02-06 02:36:13 +05:00:   File "/mnt/d/Hackathons/hackathon-0/silver/src/watchers/gmail_watcher.py", line 19, in <module>
2026-02-06 02:36:13 +05:00:     from .base_watcher import BaseWatcher, TaskCreationError
2026-02-06 02:36:13 +05:00: ImportError: attempted relative import with no known parent package
2026-02-06 02:36:26 +05:00: Traceback (most recent call last):
2026-02-06 02:36:26 +05:00:   File "/mnt/d/Hackathons/hackathon-0/silver/src/watchers/gmail_watcher.py", line 19, in <module>
2026-02-06 02:36:26 +05:00:     from .base_watcher import BaseWatcher, TaskCreationError
2026-02-06 02:36:26 +05:00: ImportError: attempted relative import with no known parent package
2026-02-06 02:36:39 +05:00: Traceback (most recent call last):
2026-02-06 02:36:39 +05:00:   File "/mnt/d/Hackathons/hackathon-0/silver/src/watchers/gmail_watcher.py", line 19, in <module>
2026-02-06 02:36:39 +05:00:     from .base_watcher import BaseWatcher, TaskCreationError
2026-02-06 02:36:39 +05:00: ImportError: attempted relative import with no known parent package
2026-02-06 02:36:53 +05:00: Traceback (most recent call last):
2026-02-06 02:36:53 +05:00:   File "/mnt/d/Hackathons/hackathon-0/silver/src/watchers/gmail_watcher.py", line 19, in <module>
2026-02-06 02:36:53 +05:00:     from .base_watcher import BaseWatcher, TaskCreationError
2026-02-06 02:36:53 +05:00: ImportError: attempted relative import with no known parent package
2026-02-06 02:37:07 +05:00: Traceback (most recent call last):
2026-02-06 02:37:07 +05:00:   File "/mnt/d/Hackathons/hackathon-0/silver/src/watchers/gmail_watcher.py", line 19, in <module>
2026-02-06 02:37:07 +05:00:     from .base_watcher import BaseWatcher, TaskCreationError
2026-02-06 02:37:07 +05:00: ImportError: attempted relative import with no known parent package
2026-02-06 02:37:21 +05:00: Traceback (most recent call last):
2026-02-06 02:37:21 +05:00:   File "/mnt/d/Hackathons/hackathon-0/silver/src/watchers/gmail_watcher.py", line 19, in <module>
2026-02-06 02:37:21 +05:00:     from .base_watcher import BaseWatcher, TaskCreationError
2026-02-06 02:37:21 +05:00: ImportError: attempted relative import with no known parent package
2026-02-06 02:37:35 +05:00: Traceback (most recent call last):
2026-02-06 02:37:35 +05:00:   File "/mnt/d/Hackathons/hackathon-0/silver/src/watchers/gmail_watcher.py", line 19, in <module>
2026-02-06 02:37:35 +05:00:     from .base_watcher import BaseWatcher, TaskCreationError
2026-02-06 02:37:35 +05:00: ImportError: attempted relative import with no known parent package
2026-02-06 02:37:50 +05:00: Traceback (most recent call last):
2026-02-06 02:37:50 +05:00:   File "/mnt/d/Hackathons/hackathon-0/silver/src/watchers/gmail_watcher.py", line 19, in <module>
2026-02-06 02:37:50 +05:00:     from .base_watcher import BaseWatcher, TaskCreationError
2026-02-06 02:37:50 +05:00: ImportError: attempted relative import with no known parent package
2026-02-06 02:38:07 +05:00: Traceback (most recent call last):
2026-02-06 02:38:07 +05:00:   File "/mnt/d/Hackathons/hackathon-0/silver/src/watchers/gmail_watcher.py", line 19, in <module>
2026-02-06 02:38:07 +05:00:     from .base_watcher import BaseWatcher, TaskCreationError
2026-02-06 02:38:07 +05:00: ImportError: attempted relative import with no known parent package
2026-02-06 02:38:20 +05:00: Traceback (most recent call last):
2026-02-06 02:38:20 +05:00:   File "/mnt/d/Hackathons/hackathon-0/silver/src/watchers/gmail_watcher.py", line 19, in <module>
2026-02-06 02:38:20 +05:00:     from .base_watcher import BaseWatcher, TaskCreationError
2026-02-06 02:38:20 +05:00: ImportError: attempted relative import with no known parent package
2026-02-06 02:38:34 +05:00: Traceback (most recent call last):
2026-02-06 02:38:34 +05:00:   File "/mnt/d/Hackathons/hackathon-0/silver/src/watchers/gmail_watcher.py", line 19, in <module>
2026-02-06 02:38:34 +05:00:     from .base_watcher import BaseWatcher, TaskCreationError
2026-02-06 02:38:34 +05:00: ImportError: attempted relative import with no known parent package
2026-02-06 02:38:48 +05:00: Traceback (most recent call last):
2026-02-06 02:38:48 +05:00:   File "/mnt/d/Hackathons/hackathon-0/silver/src/watchers/gmail_watcher.py", line 19, in <module>
2026-02-06 02:38:48 +05:00:     from .base_watcher import BaseWatcher, TaskCreationError
2026-02-06 02:38:48 +05:00: ImportError: attempted relative import with no known parent package
2026-02-06 02:39:04 +05:00: Traceback (most recent call last):
2026-02-06 02:39:04 +05:00:   File "/mnt/d/Hackathons/hackathon-0/silver/src/watchers/gmail_watcher.py", line 19, in <module>
2026-02-06 02:39:04 +05:00:     from .base_watcher import BaseWatcher, TaskCreationError
2026-02-06 02:39:04 +05:00: ImportError: attempted relative import with no known parent package
2026-02-06 02:39:19 +05:00: Traceback (most recent call last):
2026-02-06 02:39:19 +05:00:   File "/mnt/d/Hackathons/hackathon-0/silver/src/watchers/gmail_watcher.py", line 19, in <module>
2026-02-06 02:39:19 +05:00:     from .base_watcher import BaseWatcher, TaskCreationError
2026-02-06 02:39:19 +05:00: ImportError: attempted relative import with no known parent package
2026-02-06 02:39:32 +05:00: Traceback (most recent call last):
2026-02-06 02:39:32 +05:00:   File "/mnt/d/Hackathons/hackathon-0/silver/src/watchers/gmail_watcher.py", line 19, in <module>
2026-02-06 02:39:32 +05:00:     from .base_watcher import BaseWatcher, TaskCreationError
2026-02-06 02:39:32 +05:00: ImportError: attempted relative import with no known parent package
2026-02-06 02:39:46 +05:00: Traceback (most recent call last):
2026-02-06 02:39:46 +05:00:   File "/mnt/d/Hackathons/hackathon-0/silver/src/watchers/gmail_watcher.py", line 19, in <module>
2026-02-06 02:39:46 +05:00:     from .base_watcher import BaseWatcher, TaskCreationError
2026-02-06 02:39:46 +05:00: 
2026-02-06 02:40:00 +05:00: Traceback (most recent call last):
2026-02-06 02:40:00 +05:00:   File "/mnt/d/Hackathons/hackathon-0/silver/src/watchers/gmail_watcher.py", line 19, in <module>
2026-02-06 02:40:00 +05:00:     from .base_watcher import BaseWatcher, TaskCreationError
2026-02-06 02:40:00 +05:00: ImportError: attempted relative import with no known parent package
2026-02-06 02:40:14 +05:00: Traceback (most recent call last):
2026-02-06 02:40:14 +05:00:   File "/mnt/d/Hackathons/hackathon-0/silver/src/watchers/gmail_watcher.py", line 19, in <module>
2026-02-06 02:40:14 +05:00:     from .base_watcher import BaseWatcher, TaskCreationError
2026-02-06 02:40:14 +05:00: ImportError: attempted relative import with no known parent package
2026-02-06 02:40:32 +05:00: Traceback (most recent call last):
2026-02-06 02:40:32 +05:00:   File "/mnt/d/Hackathons/hackathon-0/silver/src/watchers/gmail_watcher.py", line 19, in <module>
2026-02-06 02:40:32 +05:00:     from .base_watcher import BaseWatcher, TaskCreationError
2026-02-06 02:40:32 +05:00: ImportError: attempted relative import with no known parent package
2026-02-06 02:40:46 +05:00: Traceback (most recent call last):
2026-02-06 02:40:46 +05:00:   File "/mnt/d/Hackathons/hackathon-0/silver/src/watchers/gmail_watcher.py", line 19, in <module>
2026-02-06 02:40:46 +05:00:     from .base_watcher import BaseWatcher, TaskCreationError
2026-02-06 02:40:46 +05:00: ImportError: attempted relative import with no known parent package
2026-02-06 02:41:01 +05:00: Traceback (most recent call last):
2026-02-06 02:41:01 +05:00:   File "/mnt/d/Hackathons/hackathon-0/silver/src/watchers/gmail_watcher.py", line 19, in <module>
2026-02-06 02:41:01 +05:00:     from .base_watcher import BaseWatcher, TaskCreationError
2026-02-06 02:41:01 +05:00: ImportError: attempted relative import with no known parent package
2026-02-06 02:41:14 +05:00: Traceback (most recent call last):
2026-02-06 02:41:14 +05:00:   File "/mnt/d/Hackathons/hackathon-0/silver/src/watchers/gmail_watcher.py", line 19, in <module>
2026-02-06 02:41:14 +05:00:     from .base_watcher import BaseWatcher, TaskCreationError
2026-02-06 02:41:14 +05:00: ImportError: attempted relative import with no known parent package
2026-02-06 02:41:31 +05:00: Traceback (most recent call last):
2026-02-06 02:41:31 +05:00:   File "/mnt/d/Hackathons/hackathon-0/silver/src/watchers/gmail_watcher.py", line 19, in <module>
2026-02-06 02:41:31 +05:00:     from .base_watcher import BaseWatcher, TaskCreationError
2026-02-06 02:41:31 +05:00: 
2026-02-06 02:41:45 +05:00: Traceback (most recent call last):
2026-02-06 02:41:45 +05:00:   File "/mnt/d/Hackathons/hackathon-0/silver/src/watchers/gmail_watcher.py", line 19, in <module>
2026-02-06 02:41:45 +05:00:     from .base_watcher import BaseWatcher, TaskCreationError
2026-02-06 02:41:45 +05:00: ImportError: attempted relative import with no known parent package
2026-02-06 02:42:00 +05:00: Traceback (most recent call last):
2026-02-06 02:42:00 +05:00:   File "/mnt/d/Hackathons/hackathon-0/silver/src/watchers/gmail_watcher.py", line 19, in <module>
2026-02-06 02:42:00 +05:00:     from .base_watcher import BaseWatcher, TaskCreationError
2026-02-06 02:42:00 +05:00: ImportError: attempted relative import with no known parent package
2026-02-06 02:42:14 +05:00: Traceback (most recent call last):
2026-02-06 02:42:14 +05:00:   File "/mnt/d/Hackathons/hackathon-0/silver/src/watchers/gmail_watcher.py", line 19, in <module>
2026-02-06 02:42:14 +05:00:     from .base_watcher import BaseWatcher, TaskCreationError
2026-02-06 02:42:14 +05:00: ImportError: attempted relative import with no known parent package
2026-02-06 02:42:27 +05:00: Traceback (most recent call last):
2026-02-06 02:42:27 +05:00:   File "/mnt/d/Hackathons/hackathon-0/silver/src/watchers/gmail_watcher.py", line 19, in <module>
2026-02-06 02:42:27 +05:00:     from .base_watcher import BaseWatcher, TaskCreationError
2026-02-06 02:42:27 +05:00: ImportError: attempted relative import with no known parent package
2026-02-06 02:42:42 +05:00: Traceback (most recent call last):
2026-02-06 02:42:42 +05:00:   File "/mnt/d/Hackathons/hackathon-0/silver/src/watchers/gmail_watcher.py", line 19, in <module>
2026-02-06 02:42:42 +05:00:     from .base_watcher import BaseWatcher, TaskCreationError
2026-02-06 02:42:42 +05:00: ImportError: attempted relative import with no known parent package
2026-02-06 02:42:55 +05:00: Traceback (most recent call last):
2026-02-06 02:42:55 +05:00:   File "/mnt/d/Hackathons/hackathon-0/silver/src/watchers/gmail_watcher.py", line 19, in <module>
2026-02-06 02:42:55 +05:00:     from .base_watcher import BaseWatcher, TaskCreationError
2026-02-06 02:42:55 +05:00: ImportError: attempted relative import with no known parent package
2026-02-06 02:43:08 +05:00: Traceback (most recent call last):
2026-02-06 02:43:08 +05:00:   File "/mnt/d/Hackathons/hackathon-0/silver/src/watchers/gmail_watcher.py", line 19, in <module>
2026-02-06 02:43:08 +05:00:     from .base_watcher import BaseWatcher, TaskCreationError
2026-02-06 02:43:08 +05:00: ImportError: attempted relative import with no known parent package
2026-02-06 02:43:24 +05:00: Traceback (most recent call last):
2026-02-06 02:43:24 +05:00:   File "/mnt/d/Hackathons/hackathon-0/silver/src/watchers/gmail_watcher.py", line 19, in <module>
2026-02-06 02:43:24 +05:00:     from .base_watcher import BaseWatcher, TaskCreationError
2026-02-06 02:43:24 +05:00: ImportError: attempted relative import with no known parent package
2026-02-06 02:43:39 +05:00: Traceback (most recent call last):
2026-02-06 02:43:39 +05:00:   File "/mnt/d/Hackathons/hackathon-0/silver/src/watchers/gmail_watcher.py", line 19, in <module>
2026-02-06 02:43:39 +05:00:     from .base_watcher import BaseWatcher, TaskCreationError
2026-02-06 02:43:39 +05:00: ImportError: attempted relative import with no known parent package
2026-02-06 02:43:56 +05:00: Traceback (most recent call last):
2026-02-06 02:43:56 +05:00:   File "/mnt/d/Hackathons/hackathon-0/silver/src/watchers/gmail_watcher.py", line 19, in <module>
2026-02-06 02:43:56 +05:00:     from .base_watcher import BaseWatcher, TaskCreationError
2026-02-06 02:43:56 +05:00: ImportError: attempted relative import with no known parent package
2026-02-06 02:44:12 +05:00: Traceback (most recent call last):
2026-02-06 02:44:12 +05:00:   File "/mnt/d/Hackathons/hackathon-0/silver/src/watchers/gmail_watcher.py", line 19, in <module>
2026-02-06 02:44:12 +05:00:     from .base_watcher import BaseWatcher, TaskCreationError
2026-02-06 02:44:12 +05:00: ImportError: attempted relative import with no known parent package
2026-02-06 02:44:26 +05:00: Traceback (most recent call last):
2026-02-06 02:44:26 +05:00:   File "/mnt/d/Hackathons/hackathon-0/silver/src/watchers/gmail_watcher.py", line 19, in <module>
2026-02-06 02:44:26 +05:00:     from .base_watcher import BaseWatcher, TaskCreationError
2026-02-06 02:44:26 +05:00: : attempted relative import with no known parent package
2026-02-06 02:44:39 +05:00: Traceback (most recent call last):
2026-02-06 02:44:39 +05:00:   File "/mnt/d/Hackathons/hackathon-0/silver/src/watchers/gmail_watcher.py", line 19, in <module>
2026-02-06 02:44:39 +05:00:     from .base_watcher import BaseWatcher, TaskCreationError
2026-02-06 02:44:39 +05:00: ImportError: attempted relative import with no known parent package
2026-02-06 02:44:52 +05:00: Traceback (most recent call last):
2026-02-06 02:44:52 +05:00:   File "/mnt/d/Hackathons/hackathon-0/silver/src/watchers/gmail_watcher.py", line 19, in <module>
2026-02-06 02:44:52 +05:00:     from .base_watcher import BaseWatcher, TaskCreationError
2026-02-06 02:44:52 +05:00: ImportError: attempted relative import with no known parent package
2026-02-06 02:45:07 +05:00: Traceback (most recent call last):
2026-02-06 02:45:07 +05:00:   File "/mnt/d/Hackathons/hackathon-0/silver/src/watchers/gmail_watcher.py", line 19, in <module>
2026-02-06 02:45:07 +05:00:     from .base_watcher import BaseWatcher, TaskCreationError
2026-02-06 02:45:07 +05:00: ImportError: attempted relative import with no known parent package
2026-02-06 02:45:21 +05:00: Traceback (most recent call last):
2026-02-06 02:45:21 +05:00:   File "/mnt/d/Hackathons/hackathon-0/silver/src/watchers/gmail_watcher.py", line 19, in <module>
2026-02-06 02:45:21 +05:00:     from .base_watcher import BaseWatcher, TaskCreationError
2026-02-06 02:45:21 +05:00: : attempted relative import with no known parent package
2026-02-06 02:45:35 +05:00: Traceback (most recent call last):
2026-02-06 02:45:35 +05:00:   File "/mnt/d/Hackathons/hackathon-0/silver/src/watchers/gmail_watcher.py", line 19, in <module>
2026-02-06 02:45:35 +05:00:     from .base_watcher import BaseWatcher, TaskCreationError
2026-02-06 02:45:35 +05:00: ImportError: attempted relative import with no known parent package
2026-02-06 02:45:49 +05:00: Traceback (most recent call last):
2026-02-06 02:45:49 +05:00:   File "/mnt/d/Hackathons/hackathon-0/silver/src/watchers/gmail_watcher.py", line 19, in <module>
2026-02-06 02:45:49 +05:00:     from .base_watcher import BaseWatcher, TaskCreationError
2026-02-06 02:45:49 +05:00: ImportError: attempted relative import with no known parent package
2026-02-06 02:46:05 +05:00: Traceback (most recent call last):
2026-02-06 02:46:05 +05:00:   File "/mnt/d/Hackathons/hackathon-0/silver/src/watchers/gmail_watcher.py", line 19, in <module>
2026-02-06 02:46:05 +05:00:     from .base_watcher import BaseWatcher, TaskCreationError
2026-02-06 02:46:05 +05:00: ImportError: attempted relative import with no known parent package
2026-02-06 02:46:18 +05:00: Traceback (most recent call last):
2026-02-06 02:46:18 +05:00:   File "/mnt/d/Hackathons/hackathon-0/silver/src/watchers/gmail_watcher.py", line 19, in <module>
2026-02-06 02:46:18 +05:00:     from .base_watcher import BaseWatcher, TaskCreationError
2026-02-06 02:46:18 +05:00: ImportError: attempted relative import with no known parent package
2026-02-06 02:46:30 +05:00: Traceback (most recent call last):
2026-02-06 02:46:30 +05:00:   File "/mnt/d/Hackathons/hackathon-0/silver/src/watchers/gmail_watcher.py", line 19, in <module>
2026-02-06 02:46:30 +05:00:     from .base_watcher import BaseWatcher, TaskCreationError
2026-02-06 02:46:30 +05:00: ImportError: attempted relative import with no known parent package
2026-02-06 02:46:44 +05:00: Traceback (most recent call last):
2026-02-06 02:46:44 +05:00:   File "/mnt/d/Hackathons/hackathon-0/silver/src/watchers/gmail_watcher.py", line 19, in <module>
2026-02-06 02:46:44 +05:00:     from .base_watcher import BaseWatcher, TaskCreationError
2026-02-06 02:46:44 +05:00: ImportError: attempted relative import with no known parent package
2026-02-06 02:46:58 +05:00: Traceback (most recent call last):
2026-02-06 02:46:58 +05:00:   File "/mnt/d/Hackathons/hackathon-0/silver/src/watchers/gmail_watcher.py", line 19, in <module>
2026-02-06 02:46:58 +05:00:     from .base_watcher import BaseWatcher, TaskCreationError
2026-02-06 02:46:58 +05:00: ImportError: attempted relative import with no known parent package
2026-02-06 02:47:12 +05:00: Traceback (most recent call last):
2026-02-06 02:47:12 +05:00:   File "/mnt/d/Hackathons/hackathon-0/silver/src/watchers/gmail_watcher.py", line 19, in <module>
2026-02-06 02:47:12 +05:00:     from .base_watcher import BaseWatcher, TaskCreationError
2026-02-06 02:47:12 +05:00: ImportError: attempted relative import with no known parent package
2026-02-06 02:47:27 +05:00: Traceback (most recent call last):
2026-02-06 02:47:27 +05:00:   File "/mnt/d/Hackathons/hackathon-0/silver/src/watchers/gmail_watcher.py", line 19, in <module>
2026-02-06 02:47:27 +05:00:     from .base_watcher import BaseWatcher, TaskCreationError
2026-02-06 02:47:27 +05:00: ImportError: attempted relative import with no known parent package
2026-02-06 02:47:40 +05:00: Traceback (most recent call last):
2026-02-06 02:47:40 +05:00:   File "/mnt/d/Hackathons/hackathon-0/silver/src/watchers/gmail_watcher.py", line 19, in <module>
2026-02-06 02:47:41 +05:00:     from .base_watcher import BaseWatcher, TaskCreationError
2026-02-06 02:47:41 +05:00: ImportError: attempted relative import with no known parent package
2026-02-06 02:47:54 +05:00: Traceback (most recent call last):
2026-02-06 02:47:54 +05:00:   File "/mnt/d/Hackathons/hackathon-0/silver/src/watchers/gmail_watcher.py", line 19, in <module>
2026-02-06 02:47:54 +05:00:     from .base_watcher import BaseWatcher, TaskCreationError
2026-02-06 02:47:54 +05:00: ImportError: attempted relative import with no known parent package
2026-02-06 02:48:09 +05:00: Traceback (most recent call last):
2026-02-06 02:48:09 +05:00:   File "/mnt/d/Hackathons/hackathon-0/silver/src/watchers/gmail_watcher.py", line 19, in <module>
2026-02-06 02:48:09 +05:00:     from .base_watcher import BaseWatcher, TaskCreationError
2026-02-06 02:48:09 +05:00: : attempted relative import with no known parent package
2026-02-06 02:48:23 +05:00: Traceback (most recent call last):
2026-02-06 02:48:23 +05:00:   File "/mnt/d/Hackathons/hackathon-0/silver/src/watchers/gmail_watcher.py", line 19, in <module>
2026-02-06 02:48:23 +05:00:     from .base_watcher import BaseWatcher, TaskCreationError
2026-02-06 02:48:23 +05:00: ImportError: attempted relative import with no known parent package
2026-02-06 02:48:37 +05:00: Traceback (most recent call last):
2026-02-06 02:48:37 +05:00:   File "/mnt/d/Hackathons/hackathon-0/silver/src/watchers/gmail_watcher.py", line 19, in <module>
2026-02-06 02:48:37 +05:00:     from .base_watcher import BaseWatcher, TaskCreationError
2026-02-06 02:48:37 +05:00: ImportError: attempted relative import with no known parent package
2026-02-06 02:48:50 +05:00: Traceback (most recent call last):
2026-02-06 02:48:50 +05:00:   File "/mnt/d/Hackathons/hackathon-0/silver/src/watchers/gmail_watcher.py", line 19, in <module>
2026-02-06 02:48:50 +05:00:     from .base_watcher import BaseWatcher, TaskCreationError
2026-02-06 02:48:50 +05:00: ImportError: attempted relative import with no known parent package
2026-02-06 02:49:19 +05:00: Traceback (most recent call last):
2026-02-06 02:49:19 +05:00:   File "/mnt/d/Hackathons/hackathon-0/silver/src/watchers/gmail_watcher.py", line 19, in <module>
2026-02-06 02:49:19 +05:00:     from .base_watcher import BaseWatcher, TaskCreationError
2026-02-06 02:49:19 +05:00: ImportError: attempted relative import with no known parent package
2026-02-06 02:49:41 +05:00: Traceback (most recent call last):
2026-02-06 02:49:41 +05:00:   File "/mnt/d/Hackathons/hackathon-0/silver/src/watchers/gmail_watcher.py", line 19, in <module>
2026-02-06 02:49:41 +05:00:     from .base_watcher import BaseWatcher, TaskCreationError
2026-02-06 02:49:41 +05:00: ImportError: attempted relative import with no known parent package
2026-02-06 02:49:54 +05:00: Traceback (most recent call last):
2026-02-06 02:49:54 +05:00:   File "/mnt/d/Hackathons/hackathon-0/silver/src/watchers/gmail_watcher.py", line 19, in <module>
2026-02-06 02:49:54 +05:00:     from .base_watcher import BaseWatcher, TaskCreationError
2026-02-06 02:49:54 +05:00: ImportError: attempted relative import with no known parent package
2026-02-06 02:50:08 +05:00: Traceback (most recent call last):
2026-02-06 02:50:08 +05:00:   File "/mnt/d/Hackathons/hackathon-0/silver/src/watchers/gmail_watcher.py", line 19, in <module>
2026-02-06 02:50:08 +05:00:     from .base_watcher import BaseWatcher, TaskCreationError
2026-02-06 02:50:08 +05:00: ImportError: attempted relative import with no known parent package
2026-02-06 02:50:21 +05:00: Traceback (most recent call last):
2026-02-06 02:50:21 +05:00:   File "/mnt/d/Hackathons/hackathon-0/silver/src/watchers/gmail_watcher.py", line 19, in <module>
2026-02-06 02:50:21 +05:00:     from .base_watcher import BaseWatcher, TaskCreationError
2026-02-06 02:50:21 +05:00: ImportError: attempted relative import with no known parent package
2026-02-06 02:50:36 +05:00: Traceback (most recent call last):
2026-02-06 02:50:36 +05:00:   File "/mnt/d/Hackathons/hackathon-0/silver/src/watchers/gmail_watcher.py", line 19, in <module>
2026-02-06 02:50:36 +05:00:     from .base_watcher import BaseWatcher, TaskCreationError
2026-02-06 02:50:36 +05:00: ImportError: attempted relative import with no known parent package
2026-02-06 02:50:49 +05:00: Traceback (most recent call last):
2026-02-06 02:50:49 +05:00:   File "/mnt/d/Hackathons/hackathon-0/silver/src/watchers/gmail_watcher.py", line 19, in <module>
2026-02-06 02:50:49 +05:00:     from .base_watcher import BaseWatcher, TaskCreationError
2026-02-06 02:50:49 +05:00: ImportError: attempted relative import with no known parent package
2026-02-06 02:51:03 +05:00: Traceback (most recent call last):
2026-02-06 02:51:03 +05:00:   File "/mnt/d/Hackathons/hackathon-0/silver/src/watchers/gmail_watcher.py", line 19, in <module>
2026-02-06 02:51:03 +05:00:     from .base_watcher import BaseWatcher, TaskCreationError
2026-02-06 02:51:03 +05:00: ImportError: attempted relative import with no known parent package
2026-02-06 02:51:17 +05:00: Traceback (most recent call last):
2026-02-06 02:51:17 +05:00:   File "/mnt/d/Hackathons/hackathon-0/silver/src/watchers/gmail_watcher.py", line 19, in <module>
2026-02-06 02:51:17 +05:00:     from .base_watcher import BaseWatcher, TaskCreationError
2026-02-06 02:51:17 +05:00: ImportError: attempted relative import with no known parent package
2026-02-06 02:51:30 +05:00: Traceback (most recent call last):
2026-02-06 02:51:30 +05:00:   File "/mnt/d/Hackathons/hackathon-0/silver/src/watchers/gmail_watcher.py", line 19, in <module>
2026-02-06 02:51:30 +05:00:     from .base_watcher import BaseWatcher, TaskCreationError
2026-02-06 02:51:30 +05:00: ImportError: attempted relative import with no known parent package
2026-02-06 02:51:43 +05:00: Traceback (most recent call last):
2026-02-06 02:51:43 +05:00:   File "/mnt/d/Hackathons/hackathon-0/silver/src/watchers/gmail_watcher.py", line 19, in <module>
2026-02-06 02:51:43 +05:00:     from .base_watcher import BaseWatcher, TaskCreationError
2026-02-06 02:51:43 +05:00: ImportError: attempted relative import with no known parent package
2026-02-06 02:52:00 +05:00: Traceback (most recent call last):
2026-02-06 02:52:00 +05:00:   File "/mnt/d/Hackathons/hackathon-0/silver/src/watchers/gmail_watcher.py", line 19, in <module>
2026-02-06 02:52:00 +05:00:     from .base_watcher import BaseWatcher, TaskCreationError
2026-02-06 02:52:00 +05:00: ImportError: attempted relative import with no known parent package
2026-02-06 02:52:14 +05:00: Traceback (most recent call last):
2026-02-06 02:52:14 +05:00:   File "/mnt/d/Hackathons/hackathon-0/silver/src/watchers/gmail_watcher.py", line 19, in <module>
2026-02-06 02:52:14 +05:00:     from .base_watcher import BaseWatcher, TaskCreationError
2026-02-06 02:52:14 +05:00: ImportError: attempted relative import with no known parent package
2026-02-06 02:52:28 +05:00: Traceback (most recent call last):
2026-02-06 02:52:28 +05:00:   File "/mnt/d/Hackathons/hackathon-0/silver/src/watchers/gmail_watcher.py", line 19, in <module>
2026-02-06 02:52:28 +05:00:     from .base_watcher import BaseWatcher, TaskCreationError
2026-02-06 02:52:28 +05:00: ImportError: attempted relative import with no known parent package
2026-02-06 02:52:41 +05:00: Traceback (most recent call last):
2026-02-06 02:52:41 +05:00:   File "/mnt/d/Hackathons/hackathon-0/silver/src/watchers/gmail_watcher.py", line 19, in <module>
2026-02-06 02:52:41 +05:00:     from .base_watcher import BaseWatcher, TaskCreationError
2026-02-06 02:52:41 +05:00: ImportError: attempted relative import with no known parent package
2026-02-06 02:52:55 +05:00: Traceback (most recent call last):
2026-02-06 02:52:55 +05:00:   File "/mnt/d/Hackathons/hackathon-0/silver/src/watchers/gmail_watcher.py", line 19, in <module>
2026-02-06 02:52:55 +05:00:     from .base_watcher import BaseWatcher, TaskCreationError
2026-02-06 02:52:55 +05:00: ImportError: attempted relative import with no known parent package
2026-02-06 02:53:10 +05:00: Traceback (most recent call last):
2026-02-06 02:53:10 +05:00:   File "/mnt/d/Hackathons/hackathon-0/silver/src/watchers/gmail_watcher.py", line 19, in <module>
2026-02-06 02:53:10 +05:00:     from .base_watcher import BaseWatcher, TaskCreationError
2026-02-06 02:53:10 +05:00: ImportError: attempted relative import with no known parent package
2026-02-06 02:53:23 +05:00: Traceback (most recent call last):
2026-02-06 02:53:23 +05:00:   File "/mnt/d/Hackathons/hackathon-0/silver/src/watchers/gmail_watcher.py", line 19, in <module>
2026-02-06 02:53:23 +05:00:     from .base_watcher import BaseWatcher, TaskCreationError
2026-02-06 02:53:23 +05:00: ImportError: attempted relative import with no known parent package
2026-02-06 02:53:36 +05:00: Traceback (most recent call last):
2026-02-06 02:53:36 +05:00:   File "/mnt/d/Hackathons/hackathon-0/silver/src/watchers/gmail_watcher.py", line 19, in <module>
2026-02-06 02:53:36 +05:00:     from .base_watcher import BaseWatcher, TaskCreationError
2026-02-06 02:53:36 +05:00: ImportError: attempted relative import with no known parent package
2026-02-06 02:53:50 +05:00: Traceback (most recent call last):
2026-02-06 02:53:50 +05:00:   File "/mnt/d/Hackathons/hackathon-0/silver/src/watchers/gmail_watcher.py", line 19, in <module>
2026-02-06 02:53:50 +05:00:     from .base_watcher import BaseWatcher, TaskCreationError
2026-02-06 02:53:50 +05:00: 
2026-02-06 02:53:50 +05:00: ImportError: attempted relative import with no known parent package
2026-02-06 02:54:06 +05:00: Traceback (most recent call last):
2026-02-06 02:54:06 +05:00:   File "/mnt/d/Hackathons/hackathon-0/silver/src/watchers/gmail_watcher.py", line 19, in <module>
2026-02-06 02:54:06 +05:00:     from .base_watcher import BaseWatcher, TaskCreationError
2026-02-06 02:54:06 +05:00: ImportError: attempted relative import with no known parent package
2026-02-06 02:54:20 +05:00: Traceback (most recent call last):
2026-02-06 02:54:20 +05:00:   File "/mnt/d/Hackathons/hackathon-0/silver/src/watchers/gmail_watcher.py", line 19, in <module>
2026-02-06 02:54:20 +05:00:     from .base_watcher import BaseWatcher, TaskCreationError
2026-02-06 02:54:20 +05:00: ImportError: attempted relative import with no known parent package
2026-02-06 02:54:34 +05:00: Traceback (most recent call last):
2026-02-06 02:54:34 +05:00:   File "/mnt/d/Hackathons/hackathon-0/silver/src/watchers/gmail_watcher.py", line 19, in <module>
2026-02-06 02:54:34 +05:00:     from .base_watcher import BaseWatcher, TaskCreationError
2026-02-06 02:54:34 +05:00: ImportError: attempted relative import with no known parent package
2026-02-06 02:54:48 +05:00: Traceback (most recent call last):
2026-02-06 02:54:48 +05:00:   File "/mnt/d/Hackathons/hackathon-0/silver/src/watchers/gmail_watcher.py", line 19, in <module>
2026-02-06 02:54:48 +05:00:     from .base_watcher import BaseWatcher, TaskCreationError
2026-02-06 02:54:48 +05:00: ImportError: attempted relative import with no known parent package
2026-02-06 02:55:03 +05:00: Traceback (most recent call last):
2026-02-06 02:55:03 +05:00:   File "/mnt/d/Hackathons/hackathon-0/silver/src/watchers/gmail_watcher.py", line 19, in <module>
2026-02-06 02:55:03 +05:00:     from .base_watcher import BaseWatcher, TaskCreationError
2026-02-06 02:55:03 +05:00: ImportError: attempted relative import with no known parent package
2026-02-06 02:55:19 +05:00: Traceback (most recent call last):
2026-02-06 02:55:19 +05:00:   File "/mnt/d/Hackathons/hackathon-0/silver/src/watchers/gmail_watcher.py", line 19, in <module>
2026-02-06 02:55:19 +05:00:     from .base_watcher import BaseWatcher, TaskCreationError
2026-02-06 02:55:19 +05:00: ImportError: attempted relative import with no known parent package
2026-02-06 02:55:32 +05:00: Traceback (most recent call last):
2026-02-06 02:55:32 +05:00:   File "/mnt/d/Hackathons/hackathon-0/silver/src/watchers/gmail_watcher.py", line 19, in <module>
2026-02-06 02:55:32 +05:00:     from .base_watcher import BaseWatcher, TaskCreationError
2026-02-06 02:55:32 +05:00: ImportError: attempted relative import with no known parent package
2026-02-06 02:55:46 +05:00: Traceback (most recent call last):
2026-02-06 02:55:46 +05:00:   File "/mnt/d/Hackathons/hackathon-0/silver/src/watchers/gmail_watcher.py", line 19, in <module>
2026-02-06 02:55:46 +05:00:     from .base_watcher import BaseWatcher, TaskCreationError
2026-02-06 02:55:46 +05:00: ImportError: attempted relative import with no known parent package
2026-02-06 02:55:59 +05:00: Traceback (most recent call last):
2026-02-06 02:55:59 +05:00:   File "/mnt/d/Hackathons/hackathon-0/silver/src/watchers/gmail_watcher.py", line 19, in <module>
2026-02-06 02:55:59 +05:00:     from .base_watcher import BaseWatcher, TaskCreationError
2026-02-06 02:55:59 +05:00: ImportError: attempted relative import with no known parent package
2026-02-06 02:56:12 +05:00: Traceback (most recent call last):
2026-02-06 02:56:12 +05:00:   File "/mnt/d/Hackathons/hackathon-0/silver/src/watchers/gmail_watcher.py", line 19, in <module>
2026-02-06 02:56:12 +05:00:     from .base_watcher import BaseWatcher, TaskCreationError
2026-02-06 02:56:12 +05:00: ImportError: attempted relative import with no known parent package
2026-02-06 02:56:27 +05:00: Traceback (most recent call last):
2026-02-06 02:56:27 +05:00:   File "/mnt/d/Hackathons/hackathon-0/silver/src/watchers/gmail_watcher.py", line 19, in <module>
2026-02-06 02:56:27 +05:00:     from .base_watcher import BaseWatcher, TaskCreationError
2026-02-06 02:56:27 +05:00: ImportError: attempted relative import with no known parent package
2026-02-06 02:56:40 +05:00: Traceback (most recent call last):
2026-02-06 02:56:40 +05:00:   File "/mnt/d/Hackathons/hackathon-0/silver/src/watchers/gmail_watcher.py", line 19, in <module>
2026-02-06 02:56:40 +05:00:     from .base_watcher import BaseWatcher, TaskCreationError
2026-02-06 02:56:40 +05:00: ImportError: attempted relative import with no known parent package
2026-02-06 02:56:53 +05:00: Traceback (most recent call last):
2026-02-06 02:56:53 +05:00:   File "/mnt/d/Hackathons/hackathon-0/silver/src/watchers/gmail_watcher.py", line 19, in <module>
2026-02-06 02:56:53 +05:00:     from .base_watcher import BaseWatcher, TaskCreationError
2026-02-06 02:56:53 +05:00: ImportError: attempted relative import with no known parent package
2026-02-06 02:57:06 +05:00: Traceback (most recent call last):
2026-02-06 02:57:06 +05:00:   File "/mnt/d/Hackathons/hackathon-0/silver/src/watchers/gmail_watcher.py", line 19, in <module>
2026-02-06 02:57:06 +05:00:     from .base_watcher import BaseWatcher, TaskCreationError
2026-02-06 02:57:06 +05:00: ImportError: attempted relative import with no known parent package
2026-02-06 02:57:20 +05:00: Traceback (most recent call last):
2026-02-06 02:57:20 +05:00:   File "/mnt/d/Hackathons/hackathon-0/silver/src/watchers/gmail_watcher.py", line 19, in <module>
2026-02-06 02:57:20 +05:00:     from .base_watcher import BaseWatcher, TaskCreationError
2026-02-06 02:57:20 +05:00: ImportError: attempted relative import with no known parent package
2026-02-06 02:57:36 +05:00: Traceback (most recent call last):
2026-02-06 02:57:36 +05:00:   File "/mnt/d/Hackathons/hackathon-0/silver/src/watchers/gmail_watcher.py", line 19, in <module>
2026-02-06 02:57:36 +05:00:     
2026-02-06 02:57:36 +05:00: from .base_watcher import BaseWatcher, TaskCreationError
2026-02-06 02:57:36 +05:00: ImportError: attempted relative import with no known parent package
2026-02-06 02:57:51 +05:00: Traceback (most recent call last):
2026-02-06 02:57:51 +05:00:   File "/mnt/d/Hackathons/hackathon-0/silver/src/watchers/gmail_watcher.py", line 19, in <module>
2026-02-06 02:57:51 +05:00:     from .base_watcher import BaseWatcher, TaskCreationError
2026-02-06 02:57:51 +05:00: ImportError: attempted relative import with no known parent package
2026-02-06 02:58:05 +05:00: Traceback (most recent call last):
2026-02-06 02:58:05 +05:00:   File "/mnt/d/Hackathons/hackathon-0/silver/src/watchers/gmail_watcher.py", line 19, in <module>
2026-02-06 02:58:05 +05:00:     from .base_watcher import BaseWatcher, TaskCreationError
2026-02-06 02:58:05 +05:00: ImportError: attempted relative import with no known parent package
2026-02-06 02:58:18 +05:00: Traceback (most recent call last):
2026-02-06 02:58:18 +05:00:   File "/mnt/d/Hackathons/hackathon-0/silver/src/watchers/gmail_watcher.py", line 19, in <module>
2026-02-06 02:58:18 +05:00:     from .base_watcher import BaseWatcher, TaskCreationError
2026-02-06 02:58:18 +05:00: ImportError: attempted relative import with no known parent package
2026-02-06 02:58:32 +05:00: Traceback (most recent call last):
2026-02-06 02:58:32 +05:00:   File "/mnt/d/Hackathons/hackathon-0/silver/src/watchers/gmail_watcher.py", line 19, in <module>
2026-02-06 02:58:32 +05:00:     from .base_watcher import BaseWatcher, TaskCreationError
2026-02-06 02:58:32 +05:00: ImportError: attempted relative import with no known parent package
2026-02-06 02:58:48 +05:00: Traceback (most recent call last):
2026-02-06 02:58:48 +05:00:   File "/mnt/d/Hackathons/hackathon-0/silver/src/watchers/gmail_watcher.py", line 19, in <module>
2026-02-06 02:58:48 +05:00:     from .base_watcher import BaseWatcher, TaskCreationError
2026-02-06 02:58:48 +05:00: ImportError: attempted relative import with no known parent package
2026-02-06 02:59:03 +05:00: Traceback (most recent call last):
2026-02-06 02:59:03 +05:00:   File "/mnt/d/Hackathons/hackathon-0/silver/src/watchers/gmail_watcher.py", line 19, in <module>
2026-02-06 02:59:03 +05:00:     from .base_watcher import BaseWatcher, TaskCreationError
2026-02-06 02:59:03 +05:00: ImportError: attempted relative import with no known parent package
2026-02-06 02:59:18 +05:00: Traceback (most recent call last):
2026-02-06 02:59:18 +05:00:   File "/mnt/d/Hackathons/hackathon-0/silver/src/watchers/gmail_watcher.py", line 19, in <module>
2026-02-06 02:59:18 +05:00:     from .base_watcher import BaseWatcher, TaskCreationError
2026-02-06 02:59:18 +05:00: ImportError: attempted relative import with no known parent package
2026-02-06 02:59:33 +05:00: Traceback (most recent call last):
2026-02-06 02:59:33 +05:00:   File "/mnt/d/Hackathons/hackathon-0/silver/src/watchers/gmail_watcher.py", line 19, in <module>
2026-02-06 02:59:33 +05:00:     from .base_watcher import BaseWatcher, TaskCreationError
2026-02-06 02:59:33 +05:00: ImportError: attempted relative import with no known parent package
2026-02-06 02:59:47 +05:00: Traceback (most recent call last):
2026-02-06 02:59:47 +05:00:   File "/mnt/d/Hackathons/hackathon-0/silver/src/watchers/gmail_watcher.py", line 19, in <module>
2026-02-06 02:59:47 +05:00:     from .base_watcher import BaseWatcher, TaskCreationError
2026-02-06 02:59:47 +05:00: ImportError: attempted relative import with no known parent package
2026-02-06 03:00:00 +05:00: Traceback (most recent call last):
2026-02-06 03:00:00 +05:00:   File "/mnt/d/Hackathons/hackathon-0/silver/src/watchers/gmail_watcher.py", line 19, in <module>
2026-02-06 03:00:00 +05:00:     from .base_watcher import BaseWatcher, TaskCreationError
2026-02-06 03:00:00 +05:00: ImportError: attempted relative import with no known parent package
2026-02-06 03:00:15 +05:00: Traceback (most recent call last):
2026-02-06 03:00:15 +05:00:   File "/mnt/d/Hackathons/hackathon-0/silver/src/watchers/gmail_watcher.py", line 19, in <module>
2026-02-06 03:00:15 +05:00:     from .base_watcher import BaseWatcher, TaskCreationError
2026-02-06 03:00:15 +05:00: attempted relative import with no known parent package
2026-02-06 03:00:28 +05:00: Traceback (most recent call last):
2026-02-06 03:00:28 +05:00:   File "/mnt/d/Hackathons/hackathon-0/silver/src/watchers/gmail_watcher.py", line 19, in <module>
2026-02-06 03:00:28 +05:00:     from .base_watcher import BaseWatcher, TaskCreationError
2026-02-06 03:00:28 +05:00: ImportError: attempted relative import with no known parent package
2026-02-06 03:00:41 +05:00: Traceback (most recent call last):
2026-02-06 03:00:41 +05:00:   File "/mnt/d/Hackathons/hackathon-0/silver/src/watchers/gmail_watcher.py", line 19, in <module>
2026-02-06 03:00:41 +05:00:     from .base_watcher import BaseWatcher, TaskCreationError
2026-02-06 03:00:41 +05:00: ImportError: attempted relative import with no known parent package
2026-02-06 03:00:55 +05:00: Traceback (most recent call last):
2026-02-06 03:00:55 +05:00:   File "/mnt/d/Hackathons/hackathon-0/silver/src/watchers/gmail_watcher.py", line 19, in <module>
2026-02-06 03:00:55 +05:00:     from .base_watcher import BaseWatcher, TaskCreationError
2026-02-06 03:00:55 +05:00: ImportError: attempted relative import with no known parent package
2026-02-06 03:01:08 +05:00: Traceback (most recent call last):
2026-02-06 03:01:08 +05:00:   File "/mnt/d/Hackathons/hackathon-0/silver/src/watchers/gmail_watcher.py", line 19, in <module>
2026-02-06 03:01:08 +05:00:     from .base_watcher import BaseWatcher, TaskCreationError
2026-02-06 03:01:08 +05:00: ImportError: attempted relative import with no known parent package
2026-02-06 03:01:20 +05:00: Traceback (most recent call last):
2026-02-06 03:01:20 +05:00:   File "/mnt/d/Hackathons/hackathon-0/silver/src/watchers/gmail_watcher.py", line 19, in <module>
2026-02-06 03:01:20 +05:00:     from .base_watcher import BaseWatcher, TaskCreationError
2026-02-06 03:01:20 +05:00: ImportError: attempted relative import with no known parent package
2026-02-06 03:01:33 +05:00: Traceback (most recent call last):
2026-02-06 03:01:33 +05:00:   File "/mnt/d/Hackathons/hackathon-0/silver/src/watchers/gmail_watcher.py", line 19, in <module>
2026-02-06 03:01:33 +05:00:     from .base_watcher import BaseWatcher, TaskCreationError
2026-02-06 03:01:33 +05:00: ImportError: attempted relative import with no known parent package
2026-02-06 03:01:46 +05:00: Traceback (most recent call last):
2026-02-06 03:01:46 +05:00:   File "/mnt/d/Hackathons/hackathon-0/silver/src/watchers/gmail_watcher.py", line 19, in <module>
2026-02-06 03:01:46 +05:00:     from .base_watcher import BaseWatcher, TaskCreationError
2026-02-06 03:01:46 +05:00: ImportError: attempted relative import with no known parent package
2026-02-06 03:01:59 +05:00: Traceback (most recent call last):
2026-02-06 03:01:59 +05:00:   File "/mnt/d/Hackathons/hackathon-0/silver/src/watchers/gmail_watcher.py", line 19, in <module>
2026-02-06 03:01:59 +05:00:     from .base_watcher import BaseWatcher, TaskCreationError
2026-02-06 03:01:59 +05:00: ImportError: attempted relative import with no known parent package
2026-02-06 03:02:11 +05:00: Traceback (most recent call last):
2026-02-06 03:02:11 +05:00:   File "/mnt/d/Hackathons/hackathon-0/silver/src/watchers/gmail_watcher.py", line 19, in <module>
2026-02-06 03:02:11 +05:00:     from .base_watcher import BaseWatcher, TaskCreationError
2026-02-06 03:02:11 +05:00: ImportError: attempted relative import with no known parent package
2026-02-06 03:02:25 +05:00: Traceback (most recent call last):
2026-02-06 03:02:25 +05:00:   File "/mnt/d/Hackathons/hackathon-0/silver/src/watchers/gmail_watcher.py", line 19, in <module>
2026-02-06 03:02:25 +05:00:     from .base_watcher import BaseWatcher, TaskCreationError
2026-02-06 03:02:25 +05:00: ImportError: attempted relative import with no known parent package
2026-02-06 03:02:38 +05:00: Traceback (most recent call last):
2026-02-06 03:02:38 +05:00:   File "/mnt/d/Hackathons/hackathon-0/silver/src/watchers/gmail_watcher.py", line 19, in <module>
2026-02-06 03:02:38 +05:00:     from .base_watcher import BaseWatcher, TaskCreationError
2026-02-06 03:02:38 +05:00: ImportError: attempted relative import with no known parent package
2026-02-06 03:02:51 +05:00: Traceback (most recent call last):
2026-02-06 03:02:51 +05:00:   File "/mnt/d/Hackathons/hackathon-0/silver/src/watchers/gmail_watcher.py", line 19, in <module>
2026-02-06 03:02:51 +05:00:     from .base_watcher import BaseWatcher, TaskCreationError
2026-02-06 03:02:51 +05:00: ImportError: attempted relative import with no known parent package
2026-02-06 03:03:05 +05:00: Traceback (most recent call last):
2026-02-06 03:03:05 +05:00:   File "/mnt/d/Hackathons/hackathon-0/silver/src/watchers/gmail_watcher.py", line 19, in <module>
2026-02-06 03:03:05 +05:00:     from .base_watcher import BaseWatcher, TaskCreationError
2026-02-06 03:03:05 +05:00: ImportError: attempted relative import with no known parent package
2026-02-06 03:03:18 +05:00: Traceback (most recent call last):
2026-02-06 03:03:18 +05:00:   File "/mnt/d/Hackathons/hackathon-0/silver/src/watchers/gmail_watcher.py", line 19, in <module>
2026-02-06 03:03:18 +05:00:     from .base_watcher import BaseWatcher, TaskCreationError
2026-02-06 03:03:18 +05:00: ImportError: attempted relative import with no known parent package
2026-02-06 03:03:32 +05:00: Traceback (most recent call last):
2026-02-06 03:03:32 +05:00:   File "/mnt/d/Hackathons/hackathon-0/silver/src/watchers/gmail_watcher.py", line 19, in <module>
2026-02-06 03:03:32 +05:00:     from .base_watcher import BaseWatcher, TaskCreationError
2026-02-06 03:03:32 +05:00: ImportError: attempted relative import with no known parent package
2026-02-06 03:03:47 +05:00: Traceback (most recent call last):
2026-02-06 03:03:47 +05:00:   File "/mnt/d/Hackathons/hackathon-0/silver/src/watchers/gmail_watcher.py", line 19, in <module>
2026-02-06 03:03:47 +05:00:     from .base_watcher import BaseWatcher, TaskCreationError
2026-02-06 03:03:47 +05:00: ImportError: attempted relative import with no known parent package
2026-02-06 03:04:01 +05:00: Traceback (most recent call last):
2026-02-06 03:04:01 +05:00:   File "/mnt/d/Hackathons/hackathon-0/silver/src/watchers/gmail_watcher.py", line 19, in <module>
2026-02-06 03:04:01 +05:00:     from .base_watcher import BaseWatcher, TaskCreationError
2026-02-06 03:04:01 +05:00: ImportError: attempted relative import with no known parent package
2026-02-06 03:04:14 +05:00: Traceback (most recent call last):
2026-02-06 03:04:14 +05:00:   File "/mnt/d/Hackathons/hackathon-0/silver/src/watchers/gmail_watcher.py", line 19, in <module>
2026-02-06 03:04:14 +05:00:     from .base_watcher import BaseWatcher, TaskCreationError
2026-02-06 03:04:14 +05:00: ImportError: attempted relative import with no known parent package
2026-02-06 03:04:27 +05:00: Traceback (most recent call last):
2026-02-06 03:04:27 +05:00:   File "/mnt/d/Hackathons/hackathon-0/silver/src/watchers/gmail_watcher.py", line 19, in <module>
2026-02-06 03:04:27 +05:00:     from .base_watcher import BaseWatcher, TaskCreationError
2026-02-06 03:04:27 +05:00: ImportError: attempted relative import with no known parent package
2026-02-06 03:04:40 +05:00: Traceback (most recent call last):
2026-02-06 03:04:40 +05:00:   File "/mnt/d/Hackathons/hackathon-0/silver/src/watchers/gmail_watcher.py", line 19, in <module>
2026-02-06 03:04:40 +05:00:     from .base_watcher import BaseWatcher, TaskCreationError
2026-02-06 03:04:40 +05:00: ImportError: attempted relative import with no known parent package
2026-02-06 03:04:53 +05:00: Traceback (most recent call last):
2026-02-06 03:04:53 +05:00:   File "/mnt/d/Hackathons/hackathon-0/silver/src/watchers/gmail_watcher.py", line 19, in <module>
2026-02-06 03:04:53 +05:00:     from .base_watcher import BaseWatcher, TaskCreationError
2026-02-06 03:04:53 +05:00: : attempted relative import with no known parent package
2026-02-06 03:05:07 +05:00: Traceback (most recent call last):
2026-02-06 03:05:07 +05:00:   File "/mnt/d/Hackathons/hackathon-0/silver/src/watchers/gmail_watcher.py", line 19, in <module>
2026-02-06 03:05:07 +05:00:     from .base_watcher import BaseWatcher, TaskCreationError
2026-02-06 03:05:07 +05:00: ImportError: attempted relative import with no known parent package
2026-02-06 03:05:19 +05:00: Traceback (most recent call last):
2026-02-06 03:05:19 +05:00:   File "/mnt/d/Hackathons/hackathon-0/silver/src/watchers/gmail_watcher.py", line 19, in <module>
2026-02-06 03:05:19 +05:00:     from .base_watcher import BaseWatcher, TaskCreationError
2026-02-06 03:05:19 +05:00: ImportError: attempted relative import with no known parent package
2026-02-06 03:05:33 +05:00: Traceback (most recent call last):
2026-02-06 03:05:33 +05:00:   File "/mnt/d/Hackathons/hackathon-0/silver/src/watchers/gmail_watcher.py", line 19, in <module>
2026-02-06 03:05:33 +05:00:     from .base_watcher import BaseWatcher, TaskCreationError
2026-02-06 03:05:33 +05:00: ImportError: attempted relative import with no known parent package
2026-02-06 03:05:45 +05:00: Traceback (most recent call last):
2026-02-06 03:05:45 +05:00:   File "/mnt/d/Hackathons/hackathon-0/silver/src/watchers/gmail_watcher.py", line 19, in <module>
2026-02-06 03:05:45 +05:00:     from .base_watcher import BaseWatcher, TaskCreationError
2026-02-06 03:05:45 +05:00: ImportError: attempted relative import with no known parent package
2026-02-06 03:05:58 +05:00: Traceback (most recent call last):
2026-02-06 03:05:58 +05:00:   File "/mnt/d/Hackathons/hackathon-0/silver/src/watchers/gmail_watcher.py", line 19, in <module>
2026-02-06 03:05:58 +05:00:     from .base_watcher import BaseWatcher, TaskCreationError
2026-02-06 03:05:58 +05:00: ImportError: attempted relative import with no known parent package
2026-02-06 03:06:11 +05:00: Traceback (most recent call last):
2026-02-06 03:06:11 +05:00:   File "/mnt/d/Hackathons/hackathon-0/silver/src/watchers/gmail_watcher.py", line 19, in <module>
2026-02-06 03:06:11 +05:00:     from .base_watcher import BaseWatcher, TaskCreationError
2026-02-06 03:06:11 +05:00: ImportError: attempted relative import with no known parent package
2026-02-06 03:06:25 +05:00: Traceback (most recent call last):
2026-02-06 03:06:25 +05:00:   File "/mnt/d/Hackathons/hackathon-0/silver/src/watchers/gmail_watcher.py", line 19, in <module>
2026-02-06 03:06:25 +05:00:     from .base_watcher import BaseWatcher, TaskCreationError
2026-02-06 03:06:25 +05:00: ImportError: attempted relative import with no known parent package
2026-02-06 03:06:39 +05:00: Traceback (most recent call last):
2026-02-06 03:06:39 +05:00:   File "/mnt/d/Hackathons/hackathon-0/silver/src/watchers/gmail_watcher.py", line 19, in <module>
2026-02-06 03:06:39 +05:00:     
2026-02-06 03:06:39 +05:00: from .base_watcher import BaseWatcher, TaskCreationError
2026-02-06 03:06:39 +05:00: ImportError: attempted relative import with no known parent package
2026-02-06 03:06:52 +05:00: Traceback (most recent call last):
2026-02-06 03:06:52 +05:00:   File "/mnt/d/Hackathons/hackathon-0/silver/src/watchers/gmail_watcher.py", line 19, in <module>
2026-02-06 03:06:52 +05:00:     from .base_watcher import BaseWatcher, TaskCreationError
2026-02-06 03:06:52 +05:00: ImportError: attempted relative import with no known parent package
2026-02-06 03:07:05 +05:00: Traceback (most recent call last):
2026-02-06 03:07:05 +05:00:   File "/mnt/d/Hackathons/hackathon-0/silver/src/watchers/gmail_watcher.py", line 19, in <module>
2026-02-06 03:07:05 +05:00:     from .base_watcher import BaseWatcher, TaskCreationError
2026-02-06 03:07:05 +05:00: ImportError: attempted relative import with no known parent package
2026-02-06 03:07:18 +05:00: Traceback (most recent call last):
2026-02-06 03:07:18 +05:00:   File "/mnt/d/Hackathons/hackathon-0/silver/src/watchers/gmail_watcher.py", line 19, in <module>
2026-02-06 03:07:18 +05:00:     from .base_watcher import BaseWatcher, TaskCreationError
2026-02-06 03:07:18 +05:00: ImportError: attempted relative import with no known parent package
2026-02-06 03:07:31 +05:00: Traceback (most recent call last):
2026-02-06 03:07:31 +05:00:   File "/mnt/d/Hackathons/hackathon-0/silver/src/watchers/gmail_watcher.py", line 19, in <module>
2026-02-06 03:07:31 +05:00:     from .base_watcher import BaseWatcher, TaskCreationError
2026-02-06 03:07:31 +05:00: ImportError: attempted relative import with no known parent package
2026-02-06 03:07:45 +05:00: Traceback (most recent call last):
2026-02-06 03:07:45 +05:00:   File "/mnt/d/Hackathons/hackathon-0/silver/src/watchers/gmail_watcher.py", line 19, in <module>
2026-02-06 03:07:45 +05:00:     from .base_watcher import BaseWatcher, TaskCreationError
2026-02-06 03:07:45 +05:00: ImportError: attempted relative import with no known parent package
2026-02-06 03:07:57 +05:00: Traceback (most recent call last):
2026-02-06 03:07:57 +05:00:   File "/mnt/d/Hackathons/hackathon-0/silver/src/watchers/gmail_watcher.py", line 19, in <module>
2026-02-06 03:07:57 +05:00:     from .base_watcher import BaseWatcher, TaskCreationError
2026-02-06 03:07:57 +05:00: ImportError: attempted relative import with no known parent package
2026-02-06 03:08:11 +05:00: Traceback (most recent call last):
2026-02-06 03:08:11 +05:00:   File "/mnt/d/Hackathons/hackathon-0/silver/src/watchers/gmail_watcher.py", line 19, in <module>
2026-02-06 03:08:11 +05:00:     from .base_watcher import BaseWatcher, TaskCreationError
2026-02-06 03:08:11 +05:00: ImportError: attempted relative import with no known parent package
2026-02-06 03:08:25 +05:00: Traceback (most recent call last):
2026-02-06 03:08:25 +05:00:   File "/mnt/d/Hackathons/hackathon-0/silver/src/watchers/gmail_watcher.py", line 19, in <module>
2026-02-06 03:08:25 +05:00:     from .base_watcher import BaseWatcher, TaskCreationError
2026-02-06 03:08:25 +05:00: ImportError: attempted relative import with no known parent package
2026-02-06 03:08:39 +05:00: Traceback (most recent call last):
2026-02-06 03:08:39 +05:00:   File "/mnt/d/Hackathons/hackathon-0/silver/src/watchers/gmail_watcher.py", line 19, in <module>
2026-02-06 03:08:39 +05:00:     from .base_watcher import BaseWatcher, TaskCreationError
2026-02-06 03:08:39 +05:00: ImportError: attempted relative import with no known parent package
2026-02-06 03:08:57 +05:00: Traceback (most recent call last):
2026-02-06 03:08:57 +05:00:   File "/mnt/d/Hackathons/hackathon-0/silver/src/watchers/gmail_watcher.py", line 19, in <module>
2026-02-06 03:08:57 +05:00:     from .base_watcher import BaseWatcher, TaskCreationError
2026-02-06 03:08:57 +05:00: ImportError: attempted relative import with no known parent package
2026-02-06 03:09:10 +05:00: Traceback (most recent call last):
2026-02-06 03:09:10 +05:00:   File "/mnt/d/Hackathons/hackathon-0/silver/src/watchers/gmail_watcher.py", line 19, in <module>
2026-02-06 03:09:10 +05:00:     
2026-02-06 03:09:10 +05:00: from .base_watcher import BaseWatcher, TaskCreationError
2026-02-06 03:09:10 +05:00: ImportError: attempted relative import with no known parent package
2026-02-06 03:09:24 +05:00: Traceback (most recent call last):
2026-02-06 03:09:24 +05:00:   File "/mnt/d/Hackathons/hackathon-0/silver/src/watchers/gmail_watcher.py", line 19, in <module>
2026-02-06 03:09:24 +05:00:     from .base_watcher import BaseWatcher, TaskCreationError
2026-02-06 03:09:24 +05:00: ImportError: attempted relative import with no known parent package
2026-02-06 03:09:37 +05:00: Traceback (most recent call last):
2026-02-06 03:09:37 +05:00:   File "/mnt/d/Hackathons/hackathon-0/silver/src/watchers/gmail_watcher.py", line 19, in <module>
2026-02-06 03:09:37 +05:00:     from .base_watcher import BaseWatcher, TaskCreationError
2026-02-06 03:09:37 +05:00: ImportError: attempted relative import with no known parent package
2026-02-06 03:09:50 +05:00: Traceback (most recent call last):
2026-02-06 03:09:50 +05:00:   File "/mnt/d/Hackathons/hackathon-0/silver/src/watchers/gmail_watcher.py", line 19, in <module>
2026-02-06 03:09:50 +05:00:     from .base_watcher import BaseWatcher, TaskCreationError
2026-02-06 03:09:50 +05:00: ImportError: attempted relative import with no known parent package
2026-02-06 03:10:04 +05:00: Traceback (most recent call last):
2026-02-06 03:10:04 +05:00:   File "/mnt/d/Hackathons/hackathon-0/silver/src/watchers/gmail_watcher.py", line 19, in <module>
2026-02-06 03:10:04 +05:00:     from .base_watcher import BaseWatcher, TaskCreationError
2026-02-06 03:10:04 +05:00: ImportError: attempted relative import with no known parent package
2026-02-06 03:10:17 +05:00: Traceback (most recent call last):
2026-02-06 03:10:17 +05:00:   File "/mnt/d/Hackathons/hackathon-0/silver/src/watchers/gmail_watcher.py", line 19, in <module>
2026-02-06 03:10:17 +05:00:     from .base_watcher import BaseWatcher, TaskCreationError
2026-02-06 03:10:17 +05:00: ImportError: attempted relative import with no known parent package
2026-02-06 03:10:45 +05:00: Traceback (most recent call last):
2026-02-06 03:10:45 +05:00:   File "/mnt/d/Hackathons/hackathon-0/silver/src/watchers/gmail_watcher.py", line 19, in <module>
2026-02-06 03:10:45 +05:00:     from .base_watcher import BaseWatcher, TaskCreationError
2026-02-06 03:10:45 +05:00: ImportError: attempted relative import with no known parent package
2026-02-06 03:11:13 +05:00: Traceback (most recent call last):
2026-02-06 03:11:13 +05:00:   File "/mnt/d/Hackathons/hackathon-0/silver/src/watchers/gmail_watcher.py", line 19, in <module>
2026-02-06 03:11:13 +05:00:     from .base_watcher import BaseWatcher, TaskCreationError
2026-02-06 03:11:13 +05:00: ImportError: attempted relative import with no known parent package
2026-02-06 03:11:31 +05:00: Traceback (most recent call last):
2026-02-06 03:11:31 +05:00:   File "/mnt/d/Hackathons/hackathon-0/silver/src/watchers/gmail_watcher.py", line 19, in <module>
2026-02-06 03:11:31 +05:00:     from .base_watcher import BaseWatcher, TaskCreationError
2026-02-06 03:11:31 +05:00: ImportError: attempted relative import with no known parent package
2026-02-06 03:11:48 +05:00: Traceback (most recent call last):
2026-02-06 03:11:48 +05:00:   File "/mnt/d/Hackathons/hackathon-0/silver/src/watchers/gmail_watcher.py", line 19, in <module>
2026-02-06 03:11:48 +05:00:     from .base_watcher import BaseWatcher, TaskCreationError
2026-02-06 03:11:48 +05:00: ImportError: attempted relative import with no known parent package
2026-02-06 03:12:06 +05:00: Traceback (most recent call last):
2026-02-06 03:12:06 +05:00:   File "/mnt/d/Hackathons/hackathon-0/silver/src/watchers/gmail_watcher.py", line 19, in <module>
2026-02-06 03:12:06 +05:00:     from .base_watcher import BaseWatcher, TaskCreationError
2026-02-06 03:12:06 +05:00: ImportError: attempted relative import with no known parent package
2026-02-06 03:12:32 +05:00: Traceback (most recent call last):
2026-02-06 03:12:32 +05:00:   File "/mnt/d/Hackathons/hackathon-0/silver/src/watchers/gmail_watcher.py", line 19, in <module>
2026-02-06 03:12:32 +05:00:     from .base_watcher import BaseWatcher, TaskCreationError
2026-02-06 03:12:32 +05:00: ImportError: attempted relative import with no known parent package
2026-02-06 03:12:52 +05:00: Traceback (most recent call last):
2026-02-06 03:12:52 +05:00:   File "/mnt/d/Hackathons/hackathon-0/silver/src/watchers/gmail_watcher.py", line 19, in <module>
2026-02-06 03:12:52 +05:00:     from .base_watcher import BaseWatcher, TaskCreationError
2026-02-06 03:12:52 +05:00: ImportError: attempted relative import with no known parent package
2026-02-06 03:13:09 +05:00: Traceback (most recent call last):
2026-02-06 03:13:09 +05:00:   File "/mnt/d/Hackathons/hackathon-0/silver/src/watchers/gmail_watcher.py", line 19, in <module>
2026-02-06 03:13:09 +05:00:     from .base_watcher import BaseWatcher, TaskCreationError
2026-02-06 03:13:09 +05:00: ImportError: attempted relative import with no known parent package
2026-02-06 03:13:29 +05:00: Traceback (most recent call last):
2026-02-06 03:13:29 +05:00:   File "/mnt/d/Hackathons/hackathon-0/silver/src/watchers/gmail_watcher.py", line 19, in <module>
2026-02-06 03:13:29 +05:00:     from .base_watcher import BaseWatcher, TaskCreationError
2026-02-06 03:13:29 +05:00: ImportError: attempted relative import with no known parent package
2026-02-06 03:13:46 +05:00: Traceback (most recent call last):
2026-02-06 03:13:46 +05:00:   File "/mnt/d/Hackathons/hackathon-0/silver/src/watchers/gmail_watcher.py", line 19, in <module>
2026-02-06 03:13:46 +05:00:     from .base_watcher import BaseWatcher, TaskCreationError
2026-02-06 03:13:46 +05:00: ImportError: attempted relative import with no known parent package
2026-02-06 03:14:03 +05:00: Traceback (most recent call last):
2026-02-06 03:14:03 +05:00:   File "/mnt/d/Hackathons/hackathon-0/silver/src/watchers/gmail_watcher.py", line 19, in <module>
2026-02-06 03:14:03 +05:00:     from .base_watcher import BaseWatcher, TaskCreationError
2026-02-06 03:14:03 +05:00: ImportError: attempted relative import with no known parent package
2026-02-06 03:14:25 +05:00: Traceback (most recent call last):
2026-02-06 03:14:25 +05:00:   File "/mnt/d/Hackathons/hackathon-0/silver/src/watchers/gmail_watcher.py", line 19, in <module>
2026-02-06 03:14:25 +05:00:     from .base_watcher import BaseWatcher, TaskCreationError
2026-02-06 03:14:25 +05:00: ImportError: attempted relative import with no known parent package
2026-02-06 03:14:46 +05:00: Traceback (most recent call last):
2026-02-06 03:14:46 +05:00:   File "/mnt/d/Hackathons/hackathon-0/silver/src/watchers/gmail_watcher.py", line 19, in <module>
2026-02-06 03:14:46 +05:00:     from .base_watcher import BaseWatcher, TaskCreationError
2026-02-06 03:14:46 +05:00: ImportError: attempted relative import with no known parent package
2026-02-06 03:15:04 +05:00: Traceback (most recent call last):
2026-02-06 03:15:04 +05:00:   File "/mnt/d/Hackathons/hackathon-0/silver/src/watchers/gmail_watcher.py", line 19, in <module>
2026-02-06 03:15:04 +05:00:     from .base_watcher import BaseWatcher, TaskCreationError
2026-02-06 03:15:04 +05:00: ImportError: attempted relative import with no known parent package
2026-02-06 03:15:21 +05:00: Traceback (most recent call last):
2026-02-06 03:15:21 +05:00:   File "/mnt/d/Hackathons/hackathon-0/silver/src/watchers/gmail_watcher.py", line 19, in <module>
2026-02-06 03:15:21 +05:00:     from .base_watcher import BaseWatcher, TaskCreationError
2026-02-06 03:15:21 +05:00: ImportError: attempted relative import with no known parent package
2026-02-06 03:15:39 +05:00: Traceback (most recent call last):
2026-02-06 03:15:39 +05:00:   File "/mnt/d/Hackathons/hackathon-0/silver/src/watchers/gmail_watcher.py", line 19, in <module>
2026-02-06 03:15:39 +05:00:     from .base_watcher import BaseWatcher, TaskCreationError
2026-02-06 03:15:39 +05:00: attempted relative import with no known parent package
2026-02-06 03:16:04 +05:00: Traceback (most recent call last):
2026-02-06 03:16:04 +05:00:   File "/mnt/d/Hackathons/hackathon-0/silver/src/watchers/gmail_watcher.py", line 19, in <module>
2026-02-06 03:16:05 +05:00:     from .base_watcher import BaseWatcher, TaskCreationError
2026-02-06 03:16:05 +05:00: ImportError: attempted relative import with no known parent package
2026-02-06 03:16:27 +05:00: Traceback (most recent call last):
2026-02-06 03:16:27 +05:00:   File "/mnt/d/Hackathons/hackathon-0/silver/src/watchers/gmail_watcher.py", line 19, in <module>
2026-02-06 03:16:27 +05:00:     from .base_watcher import BaseWatcher, TaskCreationError
2026-02-06 03:16:27 +05:00: ImportError: attempted relative import with no known parent package
2026-02-06 03:16:47 +05:00: Traceback (most recent call last):
2026-02-06 03:16:47 +05:00:   File "/mnt/d/Hackathons/hackathon-0/silver/src/watchers/gmail_watcher.py", line 19, in <module>
2026-02-06 03:16:47 +05:00:     from .base_watcher import BaseWatcher, TaskCreationError
2026-02-06 03:16:47 +05:00: ImportError: attempted relative import with no known parent package
2026-02-06 03:17:08 +05:00: Traceback (most recent call last):
2026-02-06 03:17:08 +05:00:   File "/mnt/d/Hackathons/hackathon-0/silver/src/watchers/gmail_watcher.py", line 19, in <module>
2026-02-06 03:17:08 +05:00:     from .base_watcher import BaseWatcher, TaskCreationError
2026-02-06 03:17:08 +05:00: ImportError: attempted relative import with no known parent package
2026-02-06 03:17:28 +05:00: Traceback (most recent call last):
2026-02-06 03:17:28 +05:00:   File "/mnt/d/Hackathons/hackathon-0/silver/src/watchers/gmail_watcher.py", line 19, in <module>
2026-02-06 03:17:28 +05:00:     from .base_watcher import BaseWatcher, TaskCreationError
2026-02-06 03:17:28 +05:00: ImportError: attempted relative import with no known parent package
2026-02-06 03:17:45 +05:00: Traceback (most recent call last):
2026-02-06 03:17:45 +05:00:   File "/mnt/d/Hackathons/hackathon-0/silver/src/watchers/gmail_watcher.py", line 19, in <module>
2026-02-06 03:17:45 +05:00:     from .base_watcher import BaseWatcher, TaskCreationError
2026-02-06 03:17:45 +05:00: ImportError: attempted relative import with no known parent package
2026-02-06 03:18:03 +05:00: Traceback (most recent call last):
2026-02-06 03:18:03 +05:00:   File "/mnt/d/Hackathons/hackathon-0/silver/src/watchers/gmail_watcher.py", line 19, in <module>
2026-02-06 03:18:03 +05:00:     from .base_watcher import BaseWatcher, TaskCreationError
2026-02-06 03:18:03 +05:00: ImportError: attempted relative import with no known parent package
2026-02-06 03:18:26 +05:00: Traceback (most recent call last):
2026-02-06 03:18:26 +05:00:   File "/mnt/d/Hackathons/hackathon-0/silver/src/watchers/gmail_watcher.py", line 19, in <module>
2026-02-06 03:18:26 +05:00:     from .base_watcher import BaseWatcher, TaskCreationError
2026-02-06 03:18:26 +05:00: ImportError: attempted relative import with no known parent package
2026-02-06 03:18:42 +05:00: Traceback (most recent call last):
2026-02-06 03:18:42 +05:00:   File "/mnt/d/Hackathons/hackathon-0/silver/src/watchers/gmail_watcher.py", line 19, in <module>
2026-02-06 03:18:42 +05:00:     from .base_watcher import BaseWatcher, TaskCreationError
2026-02-06 03:18:42 +05:00: ImportError: attempted relative import with no known parent package
2026-02-06 03:18:59 +05:00: Traceback (most recent call last):
2026-02-06 03:18:59 +05:00:   File "/mnt/d/Hackathons/hackathon-0/silver/src/watchers/gmail_watcher.py", line 19, in <module>
2026-02-06 03:18:59 +05:00:     from .base_watcher import BaseWatcher, TaskCreationError
2026-02-06 03:18:59 +05:00: ImportError: attempted relative import with no known parent package
2026-02-06 03:19:19 +05:00: Traceback (most recent call last):
2026-02-06 03:19:19 +05:00:   File "/mnt/d/Hackathons/hackathon-0/silver/src/watchers/gmail_watcher.py", line 19, in <module>
2026-02-06 03:19:19 +05:00:     from .base_watcher import BaseWatcher, TaskCreationError
2026-02-06 03:19:19 +05:00: ImportError: attempted relative import with no known parent package
2026-02-06 03:19:39 +05:00: Traceback (most recent call last):
2026-02-06 03:19:39 +05:00:   File "/mnt/d/Hackathons/hackathon-0/silver/src/watchers/gmail_watcher.py", line 19, in <module>
2026-02-06 03:19:39 +05:00:     from .base_watcher import BaseWatcher, TaskCreationError
2026-02-06 03:19:39 +05:00: ImportError: attempted relative import with no known parent package
2026-02-06 03:19:56 +05:00: Traceback (most recent call last):
2026-02-06 03:19:56 +05:00:   File "/mnt/d/Hackathons/hackathon-0/silver/src/watchers/gmail_watcher.py", line 19, in <module>
2026-02-06 03:19:56 +05:00:     from .base_watcher import BaseWatcher, TaskCreationError
2026-02-06 03:19:56 +05:00: ImportError: attempted relative import with no known parent package
2026-02-06 03:20:16 +05:00: Traceback (most recent call last):
2026-02-06 03:20:16 +05:00:   File "/mnt/d/Hackathons/hackathon-0/silver/src/watchers/gmail_watcher.py", line 19, in <module>
2026-02-06 03:20:16 +05:00:     from .base_watcher import BaseWatcher, TaskCreationError
2026-02-06 03:20:16 +05:00: ImportError: attempted relative import with no known parent package
2026-02-06 03:20:34 +05:00: Traceback (most recent call last):
2026-02-06 03:20:34 +05:00:   File "/mnt/d/Hackathons/hackathon-0/silver/src/watchers/gmail_watcher.py", line 19, in <module>
2026-02-06 03:20:34 +05:00:     from .base_watcher import BaseWatcher, TaskCreationError
2026-02-06 03:20:34 +05:00: ImportError: attempted relative import with no known parent package
2026-02-06 03:20:52 +05:00: Traceback (most recent call last):
2026-02-06 03:20:52 +05:00:   File "/mnt/d/Hackathons/hackathon-0/silver/src/watchers/gmail_watcher.py", line 19, in <module>
2026-02-06 03:20:52 +05:00:     from .base_watcher import BaseWatcher, TaskCreationError
2026-02-06 03:20:52 +05:00: ImportError: attempted relative import with no known parent package
2026-02-06 03:21:09 +05:00: Traceback (most recent call last):
2026-02-06 03:21:09 +05:00:   File "/mnt/d/Hackathons/hackathon-0/silver/src/watchers/gmail_watcher.py", line 19, in <module>
2026-02-06 03:21:09 +05:00:     from .base_watcher import BaseWatcher, TaskCreationError
2026-02-06 03:21:09 +05:00: ImportError: attempted relative import with no known parent package
2026-02-06 03:21:31 +05:00: Traceback (most recent call last):
2026-02-06 03:21:31 +05:00:   File "/mnt/d/Hackathons/hackathon-0/silver/src/watchers/gmail_watcher.py", line 19, in <module>
2026-02-06 03:21:31 +05:00:     from .base_watcher import BaseWatcher, TaskCreationError
2026-02-06 03:21:31 +05:00: ImportError: attempted relative import with no known parent package
2026-02-06 03:21:53 +05:00: Traceback (most recent call last):
2026-02-06 03:21:53 +05:00:   File "/mnt/d/Hackathons/hackathon-0/silver/src/watchers/gmail_watcher.py", line 19, in <module>
2026-02-06 03:21:53 +05:00:     from .base_watcher import BaseWatcher, TaskCreationError
2026-02-06 03:21:53 +05:00: ImportError: attempted relative import with no known parent package
2026-02-06 03:22:10 +05:00: Traceback (most recent call last):
2026-02-06 03:22:10 +05:00:   File "/mnt/d/Hackathons/hackathon-0/silver/src/watchers/gmail_watcher.py", line 19, in <module>
2026-02-06 03:22:11 +05:00:     from .base_watcher import BaseWatcher, TaskCreationError
2026-02-06 03:22:11 +05:00: : attempted relative import with no known parent package
2026-02-06 03:22:31 +05:00: Traceback (most recent call last):
2026-02-06 03:22:31 +05:00:   File "/mnt/d/Hackathons/hackathon-0/silver/src/watchers/gmail_watcher.py", line 19, in <module>
2026-02-06 03:22:31 +05:00:     from .base_watcher import BaseWatcher, TaskCreationError
2026-02-06 03:22:31 +05:00: ImportError: attempted relative import with no known parent package
2026-02-06 03:22:47 +05:00: Traceback (most recent call last):
2026-02-06 03:22:47 +05:00:   File "/mnt/d/Hackathons/hackathon-0/silver/src/watchers/gmail_watcher.py", line 19, in <module>
2026-02-06 03:22:47 +05:00:     from .base_watcher import BaseWatcher, TaskCreationError
2026-02-06 03:22:47 +05:00: ImportError: attempted relative import with no known parent package
2026-02-06 03:23:08 +05:00: Traceback (most recent call last):
2026-02-06 03:23:08 +05:00:   File "/mnt/d/Hackathons/hackathon-0/silver/src/watchers/gmail_watcher.py", line 19, in <module>
2026-02-06 03:23:08 +05:00:     from .base_watcher import BaseWatcher, TaskCreationError
2026-02-06 03:23:08 +05:00: ImportError: attempted relative import with no known parent package
2026-02-06 03:23:29 +05:00: Traceback (most recent call last):
2026-02-06 03:23:29 +05:00:   File "/mnt/d/Hackathons/hackathon-0/silver/src/watchers/gmail_watcher.py", line 19, in <module>
2026-02-06 03:23:29 +05:00:     from .base_watcher import BaseWatcher, TaskCreationError
2026-02-06 03:23:29 +05:00: ImportError: attempted relative import with no known parent package
2026-02-06 03:23:48 +05:00: Traceback (most recent call last):
2026-02-06 03:23:48 +05:00:   File "/mnt/d/Hackathons/hackathon-0/silver/src/watchers/gmail_watcher.py", line 19, in <module>
2026-02-06 03:23:48 +05:00:     from .base_watcher import BaseWatcher, TaskCreationError
2026-02-06 03:23:48 +05:00: ImportError: attempted relative import with no known parent package
2026-02-06 03:24:11 +05:00: Traceback (most recent call last):
2026-02-06 03:24:11 +05:00:   File "/mnt/d/Hackathons/hackathon-0/silver/src/watchers/gmail_watcher.py", line 19, in <module>
2026-02-06 03:24:11 +05:00:     from .base_watcher import BaseWatcher, TaskCreationError
2026-02-06 03:24:11 +05:00: ImportError: attempted relative import with no known parent package
2026-02-06 03:24:27 +05:00: Traceback (most recent call last):
2026-02-06 03:24:27 +05:00:   File "/mnt/d/Hackathons/hackathon-0/silver/src/watchers/gmail_watcher.py", line 19, in <module>
2026-02-06 03:24:27 +05:00:     from .base_watcher import BaseWatcher, TaskCreationError
2026-02-06 03:24:27 +05:00: : attempted relative import with no known parent package
2026-02-06 03:24:44 +05:00: Traceback (most recent call last):
2026-02-06 03:24:44 +05:00:   File "/mnt/d/Hackathons/hackathon-0/silver/src/watchers/gmail_watcher.py", line 19, in <module>
2026-02-06 03:24:44 +05:00:     from .base_watcher import BaseWatcher, TaskCreationError
2026-02-06 03:24:44 +05:00: ImportError: attempted relative import with no known parent package
2026-02-06 03:25:04 +05:00: Traceback (most recent call last):
2026-02-06 03:25:04 +05:00:   File "/mnt/d/Hackathons/hackathon-0/silver/src/watchers/gmail_watcher.py", line 19, in <module>
2026-02-06 03:25:04 +05:00:     from .base_watcher import BaseWatcher, TaskCreationError
2026-02-06 03:25:04 +05:00: ImportError: attempted relative import with no known parent package
2026-02-06 03:25:39 +05:00: Traceback (most recent call last):
2026-02-06 03:25:39 +05:00:   File "/mnt/d/Hackathons/hackathon-0/silver/src/watchers/gmail_watcher.py", line 19, in <module>
2026-02-06 03:25:39 +05:00:     from .base_watcher import BaseWatcher, TaskCreationError
2026-02-06 03:25:39 +05:00: ImportError: attempted relative import with no known parent package
2026-02-06 03:25:58 +05:00: Traceback (most recent call last):
2026-02-06 03:25:58 +05:00:   File "/mnt/d/Hackathons/hackathon-0/silver/src/watchers/gmail_watcher.py", line 19, in <module>
2026-02-06 03:25:58 +05:00:     from .base_watcher import BaseWatcher, TaskCreationError
2026-02-06 03:25:58 +05:00: ImportError: attempted relative import with no known parent package
2026-02-06 03:26:21 +05:00: Traceback (most recent call last):
2026-02-06 03:26:21 +05:00:   File "/mnt/d/Hackathons/hackathon-0/silver/src/watchers/gmail_watcher.py", line 19, in <module>
2026-02-06 03:26:21 +05:00:     from .base_watcher import BaseWatcher, TaskCreationError
2026-02-06 03:26:21 +05:00: ImportError: attempted relative import with no known parent package
2026-02-06 03:26:47 +05:00: Traceback (most recent call last):
2026-02-06 03:26:47 +05:00:   File "/mnt/d/Hackathons/hackathon-0/silver/src/watchers/gmail_watcher.py", line 19, in <module>
2026-02-06 03:26:47 +05:00:     from .base_watcher import BaseWatcher, TaskCreationError
2026-02-06 03:26:47 +05:00: ImportError: attempted relative import with no known parent package
2026-02-06 03:27:07 +05:00: Traceback (most recent call last):
2026-02-06 03:27:07 +05:00:   File "/mnt/d/Hackathons/hackathon-0/silver/src/watchers/gmail_watcher.py", line 19, in <module>
2026-02-06 03:27:07 +05:00:     from .base_watcher import BaseWatcher, TaskCreationError
2026-02-06 03:27:07 +05:00: ImportError: attempted relative import with no known parent package
2026-02-06 03:27:23 +05:00: Traceback (most recent call last):
2026-02-06 03:27:23 +05:00:   File "/mnt/d/Hackathons/hackathon-0/silver/src/watchers/gmail_watcher.py", line 19, in <module>
2026-02-06 03:27:23 +05:00:     from .base_watcher import BaseWatcher, TaskCreationError
2026-02-06 03:27:23 +05:00: ImportError: attempted relative import with no known parent package
2026-02-06 03:27:40 +05:00: Traceback (most recent call last):
2026-02-06 03:27:40 +05:00:   File "/mnt/d/Hackathons/hackathon-0/silver/src/watchers/gmail_watcher.py", line 19, in <module>
2026-02-06 03:27:40 +05:00:     from .base_watcher import BaseWatcher, TaskCreationError
2026-02-06 03:27:40 +05:00: ImportError: attempted relative import with no known parent package
2026-02-06 03:28:02 +05:00: Traceback (most recent call last):
2026-02-06 03:28:02 +05:00:   File "/mnt/d/Hackathons/hackathon-0/silver/src/watchers/gmail_watcher.py", line 19, in <module>
2026-02-06 03:28:02 +05:00:     from .base_watcher import BaseWatcher, TaskCreationError
2026-02-06 03:28:02 +05:00: ImportError: attempted relative import with no known parent package
2026-02-06 03:28:23 +05:00: Traceback (most recent call last):
2026-02-06 03:28:23 +05:00:   File "/mnt/d/Hackathons/hackathon-0/silver/src/watchers/gmail_watcher.py", line 19, in <module>
2026-02-06 03:28:23 +05:00:     from .base_watcher import BaseWatcher, TaskCreationError
2026-02-06 03:28:23 +05:00: ImportError: attempted relative import with no known parent package
2026-02-06 03:28:40 +05:00: Traceback (most recent call last):
2026-02-06 03:28:40 +05:00:   File "/mnt/d/Hackathons/hackathon-0/silver/src/watchers/gmail_watcher.py", line 19, in <module>
2026-02-06 03:28:40 +05:00:     from .base_watcher import BaseWatcher, TaskCreationError
2026-02-06 03:28:40 +05:00: ImportError: attempted relative import with no known parent package
2026-02-06 03:29:14 +05:00: Traceback (most recent call last):
2026-02-06 03:29:14 +05:00:   File "/mnt/d/Hackathons/hackathon-0/silver/src/watchers/gmail_watcher.py", line 19, in <module>
2026-02-06 03:29:14 +05:00:     from .base_watcher import BaseWatcher, TaskCreationError
2026-02-06 03:29:14 +05:00: ImportError: attempted relative import with no known parent package
2026-02-06 03:29:37 +05:00: Traceback (most recent call last):
2026-02-06 03:29:37 +05:00:   File "/mnt/d/Hackathons/hackathon-0/silver/src/watchers/gmail_watcher.py", line 19, in <module>
2026-02-06 03:29:37 +05:00:     from .base_watcher import BaseWatcher, TaskCreationError
2026-02-06 03:29:37 +05:00: ImportError: attempted relative import with no known parent package
2026-02-06 03:29:53 +05:00: Traceback (most recent call last):
2026-02-06 03:29:53 +05:00:   File "/mnt/d/Hackathons/hackathon-0/silver/src/watchers/gmail_watcher.py", line 19, in <module>
2026-02-06 03:29:53 +05:00:     from .base_watcher import BaseWatcher, TaskCreationError
2026-02-06 03:29:53 +05:00: ImportError: attempted relative import with no known parent package
2026-02-06 03:30:13 +05:00: Traceback (most recent call last):
2026-02-06 03:30:13 +05:00:   File "/mnt/d/Hackathons/hackathon-0/silver/src/watchers/gmail_watcher.py", line 19, in <module>
2026-02-06 03:30:13 +05:00:     from .base_watcher import BaseWatcher, TaskCreationError
2026-02-06 03:30:13 +05:00: : attempted relative import with no known parent package
2026-02-06 03:30:35 +05:00: Traceback (most recent call last):
2026-02-06 03:30:35 +05:00:   File "/mnt/d/Hackathons/hackathon-0/silver/src/watchers/gmail_watcher.py", line 19, in <module>
2026-02-06 03:30:35 +05:00:     from .base_watcher import BaseWatcher, TaskCreationError
2026-02-06 03:30:35 +05:00: ImportError: attempted relative import with no known parent package
2026-02-06 03:30:52 +05:00: Traceback (most recent call last):
2026-02-06 03:30:52 +05:00:   File "/mnt/d/Hackathons/hackathon-0/silver/src/watchers/gmail_watcher.py", line 19, in <module>
2026-02-06 03:30:52 +05:00:     from .base_watcher import BaseWatcher, TaskCreationError
2026-02-06 03:30:52 +05:00: ImportError: attempted relative import with no known parent package
2026-02-06 03:31:12 +05:00: Traceback (most recent call last):
2026-02-06 03:31:12 +05:00:   File "/mnt/d/Hackathons/hackathon-0/silver/src/watchers/gmail_watcher.py", line 19, in <module>
2026-02-06 03:31:12 +05:00:     from .base_watcher import BaseWatcher, TaskCreationError
2026-02-06 03:31:12 +05:00: : attempted relative import with no known parent package
2026-02-06 03:31:38 +05:00: Traceback (most recent call last):
2026-02-06 03:31:38 +05:00:   File "/mnt/d/Hackathons/hackathon-0/silver/src/watchers/gmail_watcher.py", line 19, in <module>
2026-02-06 03:31:38 +05:00:     from .base_watcher import BaseWatcher, TaskCreationError
2026-02-06 03:31:38 +05:00: ImportError: attempted relative import with no known parent package
2026-02-06 03:31:59 +05:00: Traceback (most recent call last):
2026-02-06 03:31:59 +05:00:   File "/mnt/d/Hackathons/hackathon-0/silver/src/watchers/gmail_watcher.py", line 19, in <module>
2026-02-06 03:31:59 +05:00:     from .base_watcher import BaseWatcher, TaskCreationError
2026-02-06 03:31:59 +05:00: ImportError: attempted relative import with no known parent package
2026-02-06 03:32:15 +05:00: Traceback (most recent call last):
2026-02-06 03:32:15 +05:00:   File "/mnt/d/Hackathons/hackathon-0/silver/src/watchers/gmail_watcher.py", line 19, in <module>
2026-02-06 03:32:15 +05:00:     from .base_watcher import BaseWatcher, TaskCreationError
2026-02-06 03:32:15 +05:00: ImportError: attempted relative import with no known parent package
2026-02-06 03:32:30 +05:00: Traceback (most recent call last):
2026-02-06 03:32:30 +05:00:   File "/mnt/d/Hackathons/hackathon-0/silver/src/watchers/gmail_watcher.py", line 19, in <module>
2026-02-06 03:32:30 +05:00:     from .base_watcher import BaseWatcher, TaskCreationError
2026-02-06 03:32:30 +05:00: ImportError: attempted relative import with no known parent package
2026-02-06 03:32:47 +05:00: Traceback (most recent call last):
2026-02-06 03:32:47 +05:00:   File "/mnt/d/Hackathons/hackathon-0/silver/src/watchers/gmail_watcher.py", line 19, in <module>
2026-02-06 03:32:47 +05:00:     from .base_watcher import BaseWatcher, TaskCreationError
2026-02-06 03:32:47 +05:00: ImportError: attempted relative import with no known parent package
2026-02-06 03:33:04 +05:00: Traceback (most recent call last):
2026-02-06 03:33:04 +05:00:   File "/mnt/d/Hackathons/hackathon-0/silver/src/watchers/gmail_watcher.py", line 19, in <module>
2026-02-06 03:33:05 +05:00:     from .base_watcher import BaseWatcher, TaskCreationError
2026-02-06 03:33:05 +05:00: ImportError: attempted relative import with no known parent package
2026-02-06 03:33:21 +05:00: Traceback (most recent call last):
2026-02-06 03:33:21 +05:00:   File "/mnt/d/Hackathons/hackathon-0/silver/src/watchers/gmail_watcher.py", line 19, in <module>
2026-02-06 03:33:21 +05:00:     from .base_watcher import BaseWatcher, TaskCreationError
2026-02-06 03:33:21 +05:00: ImportError: attempted relative import with no known parent package
2026-02-06 03:33:39 +05:00: Traceback (most recent call last):
2026-02-06 03:33:39 +05:00:   File "/mnt/d/Hackathons/hackathon-0/silver/src/watchers/gmail_watcher.py", line 19, in <module>
2026-02-06 03:33:39 +05:00:     from .base_watcher import BaseWatcher, TaskCreationError
2026-02-06 03:33:39 +05:00: ImportError: attempted relative import with no known parent package
2026-02-06 03:33:55 +05:00: Traceback (most recent call last):
2026-02-06 03:33:55 +05:00:   File "/mnt/d/Hackathons/hackathon-0/silver/src/watchers/gmail_watcher.py", line 19, in <module>
2026-02-06 03:33:55 +05:00:     from .base_watcher import BaseWatcher, TaskCreationError
2026-02-06 03:33:55 +05:00: ImportError: attempted relative import with no known parent package
2026-02-06 03:34:16 +05:00: Traceback (most recent call last):
2026-02-06 03:34:16 +05:00:   File "/mnt/d/Hackathons/hackathon-0/silver/src/watchers/gmail_watcher.py", line 19, in <module>
2026-02-06 03:34:16 +05:00:     from .base_watcher import BaseWatcher, TaskCreationError
2026-02-06 03:34:16 +05:00: ImportError: attempted relative import with no known parent package
2026-02-06 03:34:32 +05:00: Traceback (most recent call last):
2026-02-06 03:34:32 +05:00:   File "/mnt/d/Hackathons/hackathon-0/silver/src/watchers/gmail_watcher.py", line 19, in <module>
2026-02-06 03:34:32 +05:00:     from .base_watcher import BaseWatcher, TaskCreationError
2026-02-06 03:34:32 +05:00: ImportError: attempted relative import with no known parent package
2026-02-06 03:34:49 +05:00: Traceback (most recent call last):
2026-02-06 03:34:49 +05:00:   File "/mnt/d/Hackathons/hackathon-0/silver/src/watchers/gmail_watcher.py", line 19, in <module>
2026-02-06 03:34:49 +05:00:     from .base_watcher import BaseWatcher, TaskCreationError
2026-02-06 03:34:49 +05:00: ImportError: attempted relative import with no known parent package
2026-02-06 03:35:10 +05:00: Traceback (most recent call last):
2026-02-06 03:35:10 +05:00:   File "/mnt/d/Hackathons/hackathon-0/silver/src/watchers/gmail_watcher.py", line 19, in <module>
2026-02-06 03:35:10 +05:00:     from .base_watcher import BaseWatcher, TaskCreationError
2026-02-06 03:35:10 +05:00: ImportError: attempted relative import with no known parent package
2026-02-06 03:35:35 +05:00: Traceback (most recent call last):
2026-02-06 03:35:35 +05:00:   File "/mnt/d/Hackathons/hackathon-0/silver/src/watchers/gmail_watcher.py", line 19, in <module>
2026-02-06 03:35:35 +05:00:     from .base_watcher import BaseWatcher, TaskCreationError
2026-02-06 03:35:35 +05:00: ImportError: attempted relative import with no known parent package
2026-02-06 03:35:55 +05:00: Traceback (most recent call last):
2026-02-06 03:35:55 +05:00:   File "/mnt/d/Hackathons/hackathon-0/silver/src/watchers/gmail_watcher.py", line 19, in <module>
2026-02-06 03:35:55 +05:00:     from .base_watcher import BaseWatcher, TaskCreationError
2026-02-06 03:35:55 +05:00: ImportError: attempted relative import with no known parent package
2026-02-06 03:36:11 +05:00: Traceback (most recent call last):
2026-02-06 03:36:11 +05:00:   File "/mnt/d/Hackathons/hackathon-0/silver/src/watchers/gmail_watcher.py", line 19, in <module>
2026-02-06 03:36:11 +05:00:     from .base_watcher import BaseWatcher, TaskCreationError
2026-02-06 03:36:11 +05:00: ImportError: attempted relative import with no known parent package
2026-02-06 03:36:30 +05:00: Traceback (most recent call last):
2026-02-06 03:36:30 +05:00:   File "/mnt/d/Hackathons/hackathon-0/silver/src/watchers/gmail_watcher.py", line 19, in <module>
2026-02-06 03:36:30 +05:00:     from .base_watcher import BaseWatcher, TaskCreationError
2026-02-06 03:36:30 +05:00: ImportError: attempted relative import with no known parent package
2026-02-06 03:36:49 +05:00: Traceback (most recent call last):
2026-02-06 03:36:49 +05:00:   File "/mnt/d/Hackathons/hackathon-0/silver/src/watchers/gmail_watcher.py", line 19, in <module>
2026-02-06 03:36:49 +05:00:     from .base_watcher import BaseWatcher, TaskCreationError
2026-02-06 03:36:49 +05:00: ImportError: attempted relative import with no known parent package
2026-02-06 03:37:06 +05:00: Traceback (most recent call last):
2026-02-06 03:37:06 +05:00:   File "/mnt/d/Hackathons/hackathon-0/silver/src/watchers/gmail_watcher.py", line 19, in <module>
2026-02-06 03:37:06 +05:00:     from .base_watcher import BaseWatcher, TaskCreationError
2026-02-06 03:37:06 +05:00: 
2026-02-06 03:37:06 +05:00: ImportError: attempted relative import with no known parent package
2026-02-06 03:37:21 +05:00: Traceback (most recent call last):
2026-02-06 03:37:21 +05:00:   File "/mnt/d/Hackathons/hackathon-0/silver/src/watchers/gmail_watcher.py", line 19, in <module>
2026-02-06 03:37:21 +05:00:     from .base_watcher import BaseWatcher, TaskCreationError
2026-02-06 03:37:21 +05:00: ImportError: attempted relative import with no known parent package
2026-02-06 03:37:39 +05:00: Traceback (most recent call last):
2026-02-06 03:37:39 +05:00:   File "/mnt/d/Hackathons/hackathon-0/silver/src/watchers/gmail_watcher.py", line 19, in <module>
2026-02-06 03:37:39 +05:00:     from .base_watcher import BaseWatcher, TaskCreationError
2026-02-06 03:37:39 +05:00: ImportError: attempted relative import with no known parent package
2026-02-06 03:37:56 +05:00: Traceback (most recent call last):
2026-02-06 03:37:56 +05:00:   File "/mnt/d/Hackathons/hackathon-0/silver/src/watchers/gmail_watcher.py", line 19, in <module>
2026-02-06 03:37:56 +05:00:     from .base_watcher import BaseWatcher, TaskCreationError
2026-02-06 03:37:56 +05:00: ImportError: attempted relative import with no known parent package
2026-02-06 03:38:13 +05:00: Traceback (most recent call last):
2026-02-06 03:38:13 +05:00:   File "/mnt/d/Hackathons/hackathon-0/silver/src/watchers/gmail_watcher.py", line 19, in <module>
2026-02-06 03:38:13 +05:00:     from .base_watcher import BaseWatcher, TaskCreationError
2026-02-06 03:38:13 +05:00: ImportError: attempted relative import with no known parent package
2026-02-06 03:38:30 +05:00: Traceback (most recent call last):
2026-02-06 03:38:30 +05:00:   File "/mnt/d/Hackathons/hackathon-0/silver/src/watchers/gmail_watcher.py", line 19, in <module>
2026-02-06 03:38:30 +05:00:     from .base_watcher import BaseWatcher, TaskCreationError
2026-02-06 03:38:30 +05:00: ImportError: attempted relative import with no known parent package
2026-02-06 03:38:52 +05:00: Traceback (most recent call last):
2026-02-06 03:38:52 +05:00:   File "/mnt/d/Hackathons/hackathon-0/silver/src/watchers/gmail_watcher.py", line 19, in <module>
2026-02-06 03:38:52 +05:00:     from .base_watcher import BaseWatcher, TaskCreationError
2026-02-06 03:38:52 +05:00: ImportError: attempted relative import with no known parent package
2026-02-06 03:39:12 +05:00: Traceback (most recent call last):
2026-02-06 03:39:12 +05:00:   File "/mnt/d/Hackathons/hackathon-0/silver/src/watchers/gmail_watcher.py", line 19, in <module>
2026-02-06 03:39:12 +05:00:     from .base_watcher import BaseWatcher, TaskCreationError
2026-02-06 03:39:12 +05:00: ImportError: attempted relative import with no known parent package
2026-02-06 03:39:30 +05:00: Traceback (most recent call last):
2026-02-06 03:39:30 +05:00:   File "/mnt/d/Hackathons/hackathon-0/silver/src/watchers/gmail_watcher.py", line 19, in <module>
2026-02-06 03:39:30 +05:00:     from .base_watcher import BaseWatcher, TaskCreationError
2026-02-06 03:39:30 +05:00: ImportError: attempted relative import with no known parent package
2026-02-06 03:39:48 +05:00: Traceback (most recent call last):
2026-02-06 03:39:48 +05:00:   File "/mnt/d/Hackathons/hackathon-0/silver/src/watchers/gmail_watcher.py", line 19, in <module>
2026-02-06 03:39:48 +05:00:     from .base_watcher import BaseWatcher, TaskCreationError
2026-02-06 03:39:48 +05:00: ImportError: attempted relative import with no known parent package
2026-02-06 03:40:17 +05:00: Traceback (most recent call last):
2026-02-06 03:40:17 +05:00:   File "/mnt/d/Hackathons/hackathon-0/silver/src/watchers/gmail_watcher.py", line 19, in <module>
2026-02-06 03:40:17 +05:00:     from .base_watcher import BaseWatcher, TaskCreationError
2026-02-06 03:40:17 +05:00: ImportError: attempted relative import with no known parent package
2026-02-06 03:40:38 +05:00: Traceback (most recent call last):
2026-02-06 03:40:38 +05:00:   File "/mnt/d/Hackathons/hackathon-0/silver/src/watchers/gmail_watcher.py", line 19, in <module>
2026-02-06 03:40:38 +05:00:     from .base_watcher import BaseWatcher, TaskCreationError
2026-02-06 03:40:38 +05:00: ImportError: attempted relative import with no known parent package
2026-02-06 03:41:04 +05:00: Traceback (most recent call last):
2026-02-06 03:41:04 +05:00:   File "/mnt/d/Hackathons/hackathon-0/silver/src/watchers/gmail_watcher.py", line 19, in <module>
2026-02-06 03:41:04 +05:00:     from .base_watcher import BaseWatcher, TaskCreationError
2026-02-06 03:41:04 +05:00: ImportError: attempted relative import with no known parent package
2026-02-06 03:41:35 +05:00: Traceback (most recent call last):
2026-02-06 03:41:35 +05:00:   File "/mnt/d/Hackathons/hackathon-0/silver/src/watchers/gmail_watcher.py", line 19, in <module>
2026-02-06 03:41:35 +05:00:     from .base_watcher import BaseWatcher, TaskCreationError
2026-02-06 03:41:35 +05:00: ImportError: attempted relative import with no known parent package
2026-02-06 03:42:04 +05:00: Traceback (most recent call last):
2026-02-06 03:42:04 +05:00:   File "/mnt/d/Hackathons/hackathon-0/silver/src/watchers/gmail_watcher.py", line 19, in <module>
2026-02-06 03:42:04 +05:00:     from .base_watcher import BaseWatcher, TaskCreationError
2026-02-06 03:42:04 +05:00: ImportError: attempted relative import with no known parent package
2026-02-06 03:42:24 +05:00: Traceback (most recent call last):
2026-02-06 03:42:24 +05:00:   File "/mnt/d/Hackathons/hackathon-0/silver/src/watchers/gmail_watcher.py", line 19, in <module>
2026-02-06 03:42:24 +05:00:     from .base_watcher import BaseWatcher, TaskCreationError
2026-02-06 03:42:24 +05:00: ImportError: attempted relative import with no known parent package
2026-02-06 03:42:48 +05:00: Traceback (most recent call last):
2026-02-06 03:42:48 +05:00:   File "/mnt/d/Hackathons/hackathon-0/silver/src/watchers/gmail_watcher.py", line 19, in <module>
2026-02-06 03:42:48 +05:00:     from .base_watcher import BaseWatcher, TaskCreationError
2026-02-06 03:42:48 +05:00: ImportError: attempted relative import with no known parent package
2026-02-06 03:43:07 +05:00: Traceback (most recent call last):
2026-02-06 03:43:07 +05:00:   File "/mnt/d/Hackathons/hackathon-0/silver/src/watchers/gmail_watcher.py", line 19, in <module>
2026-02-06 03:43:07 +05:00:     from .base_watcher import BaseWatcher, TaskCreationError
2026-02-06 03:43:07 +05:00: ImportError: attempted relative import with no known parent package
2026-02-06 03:43:25 +05:00: Traceback (most recent call last):
2026-02-06 03:43:25 +05:00:   File "/mnt/d/Hackathons/hackathon-0/silver/src/watchers/gmail_watcher.py", line 19, in <module>
2026-02-06 03:43:25 +05:00:     from .base_watcher import BaseWatcher, TaskCreationError
2026-02-06 03:43:25 +05:00: ImportError: attempted relative import with no known parent package
2026-02-06 03:43:45 +05:00: Traceback (most recent call last):
2026-02-06 03:43:45 +05:00:   File "/mnt/d/Hackathons/hackathon-0/silver/src/watchers/gmail_watcher.py", line 19, in <module>
2026-02-06 03:43:45 +05:00:     from .base_watcher import BaseWatcher, TaskCreationError
2026-02-06 03:43:45 +05:00: ImportError: attempted relative import with no known parent package
2026-02-06 03:44:01 +05:00: Traceback (most recent call last):
2026-02-06 03:44:01 +05:00:   File "/mnt/d/Hackathons/hackathon-0/silver/src/watchers/gmail_watcher.py", line 19, in <module>
2026-02-06 03:44:01 +05:00:     from .base_watcher import BaseWatcher, TaskCreationError
2026-02-06 03:44:01 +05:00: ImportError: attempted relative import with no known parent package
2026-02-06 03:44:18 +05:00: Traceback (most recent call last):
2026-02-06 03:44:18 +05:00:   File "/mnt/d/Hackathons/hackathon-0/silver/src/watchers/gmail_watcher.py", line 19, in <module>
2026-02-06 03:44:18 +05:00:     from .base_watcher import BaseWatcher, TaskCreationError
2026-02-06 03:44:18 +05:00: ImportError: attempted relative import with no known parent package
2026-02-06 03:44:35 +05:00: Traceback (most recent call last):
2026-02-06 03:44:35 +05:00:   File "/mnt/d/Hackathons/hackathon-0/silver/src/watchers/gmail_watcher.py", line 19, in <module>
2026-02-06 03:44:35 +05:00:     from .base_watcher import BaseWatcher, TaskCreationError
2026-02-06 03:44:35 +05:00: ImportError: attempted relative import with no known parent package
2026-02-06 03:44:51 +05:00: Traceback (most recent call last):
2026-02-06 03:44:51 +05:00:   File "/mnt/d/Hackathons/hackathon-0/silver/src/watchers/gmail_watcher.py", line 19, in <module>
2026-02-06 03:44:51 +05:00:     from .base_watcher import BaseWatcher, TaskCreationError
2026-02-06 03:44:51 +05:00: ImportError: attempted relative import with no known parent package
2026-02-06 03:45:12 +05:00: Traceback (most recent call last):
2026-02-06 03:45:12 +05:00:   File "/mnt/d/Hackathons/hackathon-0/silver/src/watchers/gmail_watcher.py", line 19, in <module>
2026-02-06 03:45:12 +05:00:     from .base_watcher import BaseWatcher, TaskCreationError
2026-02-06 03:45:12 +05:00: ImportError: attempted relative import with no known parent package
2026-02-06 03:45:27 +05:00: Traceback (most recent call last):
2026-02-06 03:45:27 +05:00:   File "/mnt/d/Hackathons/hackathon-0/silver/src/watchers/gmail_watcher.py", line 19, in <module>
2026-02-06 03:45:27 +05:00:     from .base_watcher import BaseWatcher, TaskCreationError
2026-02-06 03:45:27 +05:00: ImportError: attempted relative import with no known parent package
2026-02-06 03:45:43 +05:00: Traceback (most recent call last):
2026-02-06 03:45:43 +05:00:   File "/mnt/d/Hackathons/hackathon-0/silver/src/watchers/gmail_watcher.py", line 19, in <module>
2026-02-06 03:45:43 +05:00:     from .base_watcher import BaseWatcher, TaskCreationError
2026-02-06 03:45:43 +05:00: ImportError: attempted relative import with no known parent package
2026-02-06 03:45:59 +05:00: Traceback (most recent call last):
2026-02-06 03:45:59 +05:00:   File "/mnt/d/Hackathons/hackathon-0/silver/src/watchers/gmail_watcher.py", line 19, in <module>
2026-02-06 03:45:59 +05:00:     from .base_watcher import BaseWatcher, TaskCreationError
2026-02-06 03:45:59 +05:00: ImportError: attempted relative import with no known parent package
2026-02-06 03:46:16 +05:00: Traceback (most recent call last):
2026-02-06 03:46:16 +05:00:   File "/mnt/d/Hackathons/hackathon-0/silver/src/watchers/gmail_watcher.py", line 19, in <module>
2026-02-06 03:46:16 +05:00:     from .base_watcher import BaseWatcher, TaskCreationError
2026-02-06 03:46:16 +05:00: ImportError: attempted relative import with no known parent package
2026-02-06 03:46:34 +05:00: Traceback (most recent call last):
2026-02-06 03:46:34 +05:00:   File "/mnt/d/Hackathons/hackathon-0/silver/src/watchers/gmail_watcher.py", line 19, in <module>
2026-02-06 03:46:34 +05:00:     from .base_watcher import BaseWatcher, TaskCreationError
2026-02-06 03:46:34 +05:00: ImportError: attempted relative import with no known parent package
2026-02-06 03:46:50 +05:00: Traceback (most recent call last):
2026-02-06 03:46:50 +05:00:   File "/mnt/d/Hackathons/hackathon-0/silver/src/watchers/gmail_watcher.py", line 19, in <module>
2026-02-06 03:46:50 +05:00:     from .base_watcher import BaseWatcher, TaskCreationError
2026-02-06 03:46:50 +05:00: ImportError: attempted relative import with no known parent package
2026-02-06 03:47:08 +05:00: Traceback (most recent call last):
2026-02-06 03:47:08 +05:00:   File "/mnt/d/Hackathons/hackathon-0/silver/src/watchers/gmail_watcher.py", line 19, in <module>
2026-02-06 03:47:08 +05:00:     from .base_watcher import BaseWatcher, TaskCreationError
2026-02-06 03:47:08 +05:00: ImportError: attempted relative import with no known parent package
2026-02-06 03:47:30 +05:00: Traceback (most recent call last):
2026-02-06 03:47:30 +05:00:   File "/mnt/d/Hackathons/hackathon-0/silver/src/watchers/gmail_watcher.py", line 19, in <module>
2026-02-06 03:47:30 +05:00:     from .base_watcher import BaseWatcher, TaskCreationError
2026-02-06 03:47:30 +05:00: ImportError: attempted relative import with no known parent package
2026-02-06 03:47:47 +05:00: Traceback (most recent call last):
2026-02-06 03:47:47 +05:00:   File "/mnt/d/Hackathons/hackathon-0/silver/src/watchers/gmail_watcher.py", line 19, in <module>
2026-02-06 03:47:47 +05:00:     from .base_watcher import BaseWatcher, TaskCreationError
2026-02-06 03:47:47 +05:00: ImportError: attempted relative import with no known parent package
2026-02-06 03:48:05 +05:00: Traceback (most recent call last):
2026-02-06 03:48:05 +05:00:   File "/mnt/d/Hackathons/hackathon-0/silver/src/watchers/gmail_watcher.py", line 19, in <module>
2026-02-06 03:48:05 +05:00:     from .base_watcher import BaseWatcher, TaskCreationError
2026-02-06 03:48:05 +05:00: ImportError: attempted relative import with no known parent package
2026-02-06 03:48:20 +05:00: Traceback (most recent call last):
2026-02-06 03:48:20 +05:00:   File "/mnt/d/Hackathons/hackathon-0/silver/src/watchers/gmail_watcher.py", line 19, in <module>
2026-02-06 03:48:20 +05:00:     from .base_watcher import BaseWatcher, TaskCreationError
2026-02-06 03:48:20 +05:00: ImportError: attempted relative import with no known parent package
2026-02-06 03:48:39 +05:00: Traceback (most recent call last):
2026-02-06 03:48:39 +05:00:   File "/mnt/d/Hackathons/hackathon-0/silver/src/watchers/gmail_watcher.py", line 19, in <module>
2026-02-06 03:48:39 +05:00:     from .base_watcher import BaseWatcher, TaskCreationError
2026-02-06 03:48:39 +05:00: ImportError: attempted relative import with no known parent package
2026-02-06 03:48:55 +05:00: Traceback (most recent call last):
2026-02-06 03:48:55 +05:00:   File "/mnt/d/Hackathons/hackathon-0/silver/src/watchers/gmail_watcher.py", line 19, in <module>
2026-02-06 03:48:55 +05:00:     from .base_watcher import BaseWatcher, TaskCreationError
2026-02-06 03:48:55 +05:00: ImportError: attempted relative import with no known parent package
2026-02-06 03:49:12 +05:00: Traceback (most recent call last):
2026-02-06 03:49:12 +05:00:   File "/mnt/d/Hackathons/hackathon-0/silver/src/watchers/gmail_watcher.py", line 19, in <module>
2026-02-06 03:49:12 +05:00:     from .base_watcher import BaseWatcher, TaskCreationError
2026-02-06 03:49:12 +05:00: ImportError: attempted relative import with no known parent package
2026-02-06 03:49:31 +05:00: Traceback (most recent call last):
2026-02-06 03:49:31 +05:00:   File "/mnt/d/Hackathons/hackathon-0/silver/src/watchers/gmail_watcher.py", line 19, in <module>
2026-02-06 03:49:31 +05:00:     from .base_watcher import BaseWatcher, TaskCreationError
2026-02-06 03:49:31 +05:00: ImportError: attempted relative import with no known parent package
2026-02-06 03:49:51 +05:00: Traceback (most recent call last):
2026-02-06 03:49:51 +05:00:   File "/mnt/d/Hackathons/hackathon-0/silver/src/watchers/gmail_watcher.py", line 19, in <module>
2026-02-06 03:49:51 +05:00:     from .base_watcher import BaseWatcher, TaskCreationError
2026-02-06 03:49:51 +05:00: attempted relative import with no known parent package
2026-02-06 03:50:08 +05:00: Traceback (most recent call last):
2026-02-06 03:50:08 +05:00:   File "/mnt/d/Hackathons/hackathon-0/silver/src/watchers/gmail_watcher.py", line 19, in <module>
2026-02-06 03:50:08 +05:00:     from .base_watcher import BaseWatcher, TaskCreationError
2026-02-06 03:50:08 +05:00: ImportError: attempted relative import with no known parent package
2026-02-06 03:50:24 +05:00: Traceback (most recent call last):
2026-02-06 03:50:24 +05:00:   File "/mnt/d/Hackathons/hackathon-0/silver/src/watchers/gmail_watcher.py", line 19, in <module>
2026-02-06 03:50:24 +05:00:     from .base_watcher import BaseWatcher, TaskCreationError
2026-02-06 03:50:24 +05:00: ImportError: attempted relative import with no known parent package
2026-02-06 03:50:41 +05:00: Traceback (most recent call last):
2026-02-06 03:50:41 +05:00:   File "/mnt/d/Hackathons/hackathon-0/silver/src/watchers/gmail_watcher.py", line 19, in <module>
2026-02-06 03:50:41 +05:00:     from .base_watcher import BaseWatcher, TaskCreationError
2026-02-06 03:50:41 +05:00: ImportError: attempted relative import with no known parent package
2026-02-06 03:51:03 +05:00: Traceback (most recent call last):
2026-02-06 03:51:03 +05:00:   File "/mnt/d/Hackathons/hackathon-0/silver/src/watchers/gmail_watcher.py", line 19, in <module>
2026-02-06 03:51:03 +05:00:     from .base_watcher import BaseWatcher, TaskCreationError
2026-02-06 03:51:03 +05:00: : attempted relative import with no known parent package
2026-02-06 03:51:19 +05:00: Traceback (most recent call last):
2026-02-06 03:51:19 +05:00:   File "/mnt/d/Hackathons/hackathon-0/silver/src/watchers/gmail_watcher.py", line 19, in <module>
2026-02-06 03:51:19 +05:00:     from .base_watcher import BaseWatcher, TaskCreationError
2026-02-06 03:51:19 +05:00: ImportError: attempted relative import with no known parent package
2026-02-06 03:51:35 +05:00: Traceback (most recent call last):
2026-02-06 03:51:35 +05:00:   File "/mnt/d/Hackathons/hackathon-0/silver/src/watchers/gmail_watcher.py", line 19, in <module>
2026-02-06 03:51:35 +05:00:     from .base_watcher import BaseWatcher, TaskCreationError
2026-02-06 03:51:35 +05:00: ImportError: attempted relative import with no known parent package
2026-02-06 03:51:51 +05:00: Traceback (most recent call last):
2026-02-06 03:51:51 +05:00:   File "/mnt/d/Hackathons/hackathon-0/silver/src/watchers/gmail_watcher.py", line 19, in <module>
2026-02-06 03:51:51 +05:00:     from .base_watcher import BaseWatcher, TaskCreationError
2026-02-06 03:51:51 +05:00: ImportError: attempted relative import with no known parent package
2026-02-06 03:52:13 +05:00: Traceback (most recent call last):
2026-02-06 03:52:13 +05:00:   File "/mnt/d/Hackathons/hackathon-0/silver/src/watchers/gmail_watcher.py", line 19, in <module>
2026-02-06 03:52:13 +05:00:     from .base_watcher import BaseWatcher, TaskCreationError
2026-02-06 03:52:13 +05:00: ImportError: attempted relative import with no known parent package
2026-02-06 03:52:31 +05:00: Traceback (most recent call last):
2026-02-06 03:52:31 +05:00:   File "/mnt/d/Hackathons/hackathon-0/silver/src/watchers/gmail_watcher.py", line 19, in <module>
2026-02-06 03:52:31 +05:00:     from .base_watcher import BaseWatcher, TaskCreationError
2026-02-06 03:52:31 +05:00: ImportError: attempted relative import with no known parent package
2026-02-06 03:52:48 +05:00: Traceback (most recent call last):
2026-02-06 03:52:48 +05:00:   File "/mnt/d/Hackathons/hackathon-0/silver/src/watchers/gmail_watcher.py", line 19, in <module>
2026-02-06 03:52:48 +05:00:     from .base_watcher import BaseWatcher, TaskCreationError
2026-02-06 03:52:48 +05:00: ImportError: attempted relative import with no known parent package
2026-02-06 03:53:05 +05:00: Traceback (most recent call last):
2026-02-06 03:53:05 +05:00:   File "/mnt/d/Hackathons/hackathon-0/silver/src/watchers/gmail_watcher.py", line 19, in <module>
2026-02-06 03:53:05 +05:00:     from .base_watcher import BaseWatcher, TaskCreationError
2026-02-06 03:53:05 +05:00: ImportError: attempted relative import with no known parent package
2026-02-06 03:53:26 +05:00: Traceback (most recent call last):
2026-02-06 03:53:26 +05:00:   File "/mnt/d/Hackathons/hackathon-0/silver/src/watchers/gmail_watcher.py", line 19, in <module>
2026-02-06 03:53:26 +05:00:     from .base_watcher import BaseWatcher, TaskCreationError
2026-02-06 03:53:26 +05:00: 
2026-02-06 03:53:26 +05:00: : attempted relative import with no known parent package
2026-02-06 03:53:44 +05:00: Traceback (most recent call last):
2026-02-06 03:53:44 +05:00:   File "/mnt/d/Hackathons/hackathon-0/silver/src/watchers/gmail_watcher.py", line 19, in <module>
2026-02-06 03:53:44 +05:00:     from .base_watcher import BaseWatcher, TaskCreationError
2026-02-06 03:53:44 +05:00: ImportError: attempted relative import with no known parent package
2026-02-06 03:54:01 +05:00: Traceback (most recent call last):
2026-02-06 03:54:01 +05:00:   File "/mnt/d/Hackathons/hackathon-0/silver/src/watchers/gmail_watcher.py", line 19, in <module>
2026-02-06 03:54:01 +05:00:     from .base_watcher import BaseWatcher, TaskCreationError
2026-02-06 03:54:01 +05:00: ImportError: attempted relative import with no known parent package
2026-02-06 03:54:18 +05:00: Traceback (most recent call last):
2026-02-06 03:54:18 +05:00:   File "/mnt/d/Hackathons/hackathon-0/silver/src/watchers/gmail_watcher.py", line 19, in <module>
2026-02-06 03:54:18 +05:00:     from .base_watcher import BaseWatcher, TaskCreationError
2026-02-06 03:54:18 +05:00: ImportError: attempted relative import with no known parent package
2026-02-06 03:54:39 +05:00: Traceback (most recent call last):
2026-02-06 03:54:39 +05:00:   File "/mnt/d/Hackathons/hackathon-0/silver/src/watchers/gmail_watcher.py", line 19, in <module>
2026-02-06 03:54:39 +05:00:     from .base_watcher import BaseWatcher, TaskCreationError
2026-02-06 03:54:39 +05:00: ImportError: attempted relative import with no known parent package
2026-02-06 03:54:56 +05:00: Traceback (most recent call last):
2026-02-06 03:54:56 +05:00:   File "/mnt/d/Hackathons/hackathon-0/silver/src/watchers/gmail_watcher.py", line 19, in <module>
2026-02-06 03:54:56 +05:00:     from .base_watcher import BaseWatcher, TaskCreationError
2026-02-06 03:54:56 +05:00: ImportError: attempted relative import with no known parent package
2026-02-06 03:55:13 +05:00: Traceback (most recent call last):
2026-02-06 03:55:13 +05:00:   File "/mnt/d/Hackathons/hackathon-0/silver/src/watchers/gmail_watcher.py", line 19, in <module>
2026-02-06 03:55:13 +05:00:     from .base_watcher import BaseWatcher, TaskCreationError
2026-02-06 03:55:13 +05:00: ImportError: attempted relative import with no known parent package
2026-02-06 03:55:30 +05:00: Traceback (most recent call last):
2026-02-06 03:55:30 +05:00:   File "/mnt/d/Hackathons/hackathon-0/silver/src/watchers/gmail_watcher.py", line 19, in <module>
2026-02-06 03:55:30 +05:00:     from .base_watcher import BaseWatcher, TaskCreationError
2026-02-06 03:55:30 +05:00: ImportError: attempted relative import with no known parent package
2026-02-06 03:55:54 +05:00: Traceback (most recent call last):
2026-02-06 03:55:54 +05:00:   File "/mnt/d/Hackathons/hackathon-0/silver/src/watchers/gmail_watcher.py", line 19, in <module>
2026-02-06 03:55:54 +05:00:     from .base_watcher import BaseWatcher, TaskCreationError
2026-02-06 03:55:54 +05:00: ImportError: attempted relative import with no known parent package
2026-02-06 03:56:11 +05:00: Traceback (most recent call last):
2026-02-06 03:56:11 +05:00:   File "/mnt/d/Hackathons/hackathon-0/silver/src/watchers/gmail_watcher.py", line 19, in <module>
2026-02-06 03:56:11 +05:00:     from .base_watcher import BaseWatcher, TaskCreationError
2026-02-06 03:56:11 +05:00: 
2026-02-06 03:56:27 +05:00: Traceback (most recent call last):
2026-02-06 03:56:27 +05:00:   File "/mnt/d/Hackathons/hackathon-0/silver/src/watchers/gmail_watcher.py", line 19, in <module>
2026-02-06 03:56:27 +05:00:     from .base_watcher import BaseWatcher, TaskCreationError
2026-02-06 03:56:27 +05:00: ImportError: attempted relative import with no known parent package
2026-02-06 03:56:43 +05:00: Traceback (most recent call last):
2026-02-06 03:56:43 +05:00:   File "/mnt/d/Hackathons/hackathon-0/silver/src/watchers/gmail_watcher.py", line 19, in <module>
2026-02-06 03:56:43 +05:00:     from .base_watcher import BaseWatcher, TaskCreationError
2026-02-06 03:56:43 +05:00: ImportError: attempted relative import with no known parent package
2026-02-06 03:57:03 +05:00: Traceback (most recent call last):
2026-02-06 03:57:03 +05:00:   File "/mnt/d/Hackathons/hackathon-0/silver/src/watchers/gmail_watcher.py", line 19, in <module>
2026-02-06 03:57:03 +05:00:     from .base_watcher import BaseWatcher, TaskCreationError
2026-02-06 03:57:03 +05:00: ImportError: attempted relative import with no known parent package
2026-02-06 03:57:21 +05:00: Traceback (most recent call last):
2026-02-06 03:57:21 +05:00:   File "/mnt/d/Hackathons/hackathon-0/silver/src/watchers/gmail_watcher.py", line 19, in <module>
2026-02-06 03:57:21 +05:00:     from .base_watcher import BaseWatcher, TaskCreationError
2026-02-06 03:57:21 +05:00: ImportError: attempted relative import with no known parent package
2026-02-06 03:57:38 +05:00: Traceback (most recent call last):
2026-02-06 03:57:38 +05:00:   File "/mnt/d/Hackathons/hackathon-0/silver/src/watchers/gmail_watcher.py", line 19, in <module>
2026-02-06 03:57:38 +05:00:     from .base_watcher import BaseWatcher, TaskCreationError
2026-02-06 03:57:38 +05:00: ImportError: attempted relative import with no known parent package
2026-02-06 03:57:54 +05:00: Traceback (most recent call last):
2026-02-06 03:57:54 +05:00:   File "/mnt/d/Hackathons/hackathon-0/silver/src/watchers/gmail_watcher.py", line 19, in <module>
2026-02-06 03:57:54 +05:00:     from .base_watcher import BaseWatcher, TaskCreationError
2026-02-06 03:57:54 +05:00: ImportError: attempted relative import with no known parent package
2026-02-06 03:58:15 +05:00: Traceback (most recent call last):
2026-02-06 03:58:15 +05:00:   File "/mnt/d/Hackathons/hackathon-0/silver/src/watchers/gmail_watcher.py", line 19, in <module>
2026-02-06 03:58:15 +05:00:     from .base_watcher import BaseWatcher, TaskCreationError
2026-02-06 03:58:15 +05:00: ImportError: attempted relative import with no known parent package
2026-02-06 03:58:30 +05:00: Traceback (most recent call last):
2026-02-06 03:58:30 +05:00:   File "/mnt/d/Hackathons/hackathon-0/silver/src/watchers/gmail_watcher.py", line 19, in <module>
2026-02-06 03:58:30 +05:00:     from .base_watcher import BaseWatcher, TaskCreationError
2026-02-06 03:58:30 +05:00: ImportError: attempted relative import with no known parent package
2026-02-06 03:58:46 +05:00: Traceback (most recent call last):
2026-02-06 03:58:46 +05:00:   File "/mnt/d/Hackathons/hackathon-0/silver/src/watchers/gmail_watcher.py", line 19, in <module>
2026-02-06 03:58:46 +05:00:     from .base_watcher import BaseWatcher, TaskCreationError
2026-02-06 03:58:46 +05:00: ImportError: attempted relative import with no known parent package
2026-02-06 03:59:05 +05:00: Traceback (most recent call last):
2026-02-06 03:59:05 +05:00:   File "/mnt/d/Hackathons/hackathon-0/silver/src/watchers/gmail_watcher.py", line 19, in <module>
2026-02-06 03:59:05 +05:00:     from .base_watcher import BaseWatcher, TaskCreationError
2026-02-06 03:59:05 +05:00: ImportError: attempted relative import with no known parent package
2026-02-06 03:59:26 +05:00: Traceback (most recent call last):
2026-02-06 03:59:26 +05:00:   File "/mnt/d/Hackathons/hackathon-0/silver/src/watchers/gmail_watcher.py", line 19, in <module>
2026-02-06 03:59:26 +05:00:     from .base_watcher import BaseWatcher, TaskCreationError
2026-02-06 03:59:26 +05:00: ImportError: attempted relative import with no known parent package
2026-02-06 03:59:44 +05:00: Traceback (most recent call last):
2026-02-06 03:59:44 +05:00:   File "/mnt/d/Hackathons/hackathon-0/silver/src/watchers/gmail_watcher.py", line 19, in <module>
2026-02-06 03:59:44 +05:00:     from .base_watcher import BaseWatcher, TaskCreationError
2026-02-06 03:59:44 +05:00: ImportError: attempted relative import with no known parent package
2026-02-06 04:00:02 +05:00: Traceback (most recent call last):
2026-02-06 04:00:02 +05:00:   File "/mnt/d/Hackathons/hackathon-0/silver/src/watchers/gmail_watcher.py", line 19, in <module>
2026-02-06 04:00:02 +05:00:     from .base_watcher import BaseWatcher, TaskCreationError
2026-02-06 04:00:02 +05:00: ImportError: attempted relative import with no known parent package
2026-02-06 04:00:18 +05:00: Traceback (most recent call last):
2026-02-06 04:00:18 +05:00:   File "/mnt/d/Hackathons/hackathon-0/silver/src/watchers/gmail_watcher.py", line 19, in <module>
2026-02-06 04:00:18 +05:00:     from .base_watcher import BaseWatcher, TaskCreationError
2026-02-06 04:00:18 +05:00: ImportError: attempted relative import with no known parent package
2026-02-06 04:00:37 +05:00: Traceback (most recent call last):
2026-02-06 04:00:37 +05:00:   File "/mnt/d/Hackathons/hackathon-0/silver/src/watchers/gmail_watcher.py", line 19, in <module>
2026-02-06 04:00:37 +05:00:     from .base_watcher import BaseWatcher, TaskCreationError
2026-02-06 04:00:37 +05:00: ImportError: attempted relative import with no known parent package
2026-02-06 04:00:54 +05:00: Traceback (most recent call last):
2026-02-06 04:00:54 +05:00:   File "/mnt/d/Hackathons/hackathon-0/silver/src/watchers/gmail_watcher.py", line 19, in <module>
2026-02-06 04:00:54 +05:00:     from .base_watcher import BaseWatcher, TaskCreationError
2026-02-06 04:00:54 +05:00: ImportError: attempted relative import with no known parent package
2026-02-06 04:01:12 +05:00: Traceback (most recent call last):
2026-02-06 04:01:12 +05:00:   File "/mnt/d/Hackathons/hackathon-0/silver/src/watchers/gmail_watcher.py", line 19, in <module>
2026-02-06 04:01:12 +05:00:     from .base_watcher import BaseWatcher, TaskCreationError
2026-02-06 04:01:12 +05:00: : attempted relative import with no known parent package
2026-02-06 04:01:28 +05:00: Traceback (most recent call last):
2026-02-06 04:01:28 +05:00:   File "/mnt/d/Hackathons/hackathon-0/silver/src/watchers/gmail_watcher.py", line 19, in <module>
2026-02-06 04:01:28 +05:00:     from .base_watcher import BaseWatcher, TaskCreationError
2026-02-06 04:01:28 +05:00: ImportError: attempted relative import with no known parent package
2026-02-06 04:01:49 +05:00: Traceback (most recent call last):
2026-02-06 04:01:49 +05:00:   File "/mnt/d/Hackathons/hackathon-0/silver/src/watchers/gmail_watcher.py", line 19, in <module>
2026-02-06 04:01:49 +05:00:     from .base_watcher import BaseWatcher, TaskCreationError
2026-02-06 04:01:49 +05:00: ImportError: attempted relative import with no known parent package
2026-02-06 04:02:06 +05:00: Traceback (most recent call last):
2026-02-06 04:02:06 +05:00:   File "/mnt/d/Hackathons/hackathon-0/silver/src/watchers/gmail_watcher.py", line 19, in <module>
2026-02-06 04:02:06 +05:00:     from .base_watcher import BaseWatcher, TaskCreationError
2026-02-06 04:02:06 +05:00: ImportError: attempted relative import with no known parent package
2026-02-06 04:02:23 +05:00: Traceback (most recent call last):
2026-02-06 04:02:23 +05:00:   File "/mnt/d/Hackathons/hackathon-0/silver/src/watchers/gmail_watcher.py", line 19, in <module>
2026-02-06 04:02:23 +05:00:     from .base_watcher import BaseWatcher, TaskCreationError
2026-02-06 04:02:23 +05:00: ImportError: attempted relative import with no known parent package
2026-02-06 04:02:41 +05:00: Traceback (most recent call last):
2026-02-06 04:02:41 +05:00:   File "/mnt/d/Hackathons/hackathon-0/silver/src/watchers/gmail_watcher.py", line 19, in <module>
2026-02-06 04:02:41 +05:00:     from .base_watcher import BaseWatcher, TaskCreationError
2026-02-06 04:02:41 +05:00: ImportError: attempted relative import with no known parent package
2026-02-06 04:03:02 +05:00: Traceback (most recent call last):
2026-02-06 04:03:02 +05:00:   File "/mnt/d/Hackathons/hackathon-0/silver/src/watchers/gmail_watcher.py", line 19, in <module>
2026-02-06 04:03:02 +05:00:     
2026-02-06 04:03:02 +05:00: from .base_watcher import BaseWatcher, TaskCreationError
2026-02-06 04:03:02 +05:00: ImportError: attempted relative import with no known parent package
2026-02-06 04:03:18 +05:00: Traceback (most recent call last):
2026-02-06 04:03:18 +05:00:   File "/mnt/d/Hackathons/hackathon-0/silver/src/watchers/gmail_watcher.py", line 19, in <module>
2026-02-06 04:03:18 +05:00:     from .base_watcher import BaseWatcher, TaskCreationError
2026-02-06 04:03:18 +05:00: ImportError: attempted relative import with no known parent package
2026-02-06 04:03:35 +05:00: Traceback (most recent call last):
2026-02-06 04:03:35 +05:00:   File "/mnt/d/Hackathons/hackathon-0/silver/src/watchers/gmail_watcher.py", line 19, in <module>
2026-02-06 04:03:35 +05:00:     from .base_watcher import BaseWatcher, TaskCreationError
2026-02-06 04:03:35 +05:00: ImportError: attempted relative import with no known parent package
2026-02-06 04:03:51 +05:00: Traceback (most recent call last):
2026-02-06 04:03:51 +05:00:   File "/mnt/d/Hackathons/hackathon-0/silver/src/watchers/gmail_watcher.py", line 19, in <module>
2026-02-06 04:03:51 +05:00:     from .base_watcher import BaseWatcher, TaskCreationError
2026-02-06 04:03:51 +05:00: ImportError: attempted relative import with no known parent package
2026-02-06 04:04:13 +05:00: Traceback (most recent call last):
2026-02-06 04:04:13 +05:00:   File "/mnt/d/Hackathons/hackathon-0/silver/src/watchers/gmail_watcher.py", line 19, in <module>
2026-02-06 04:04:13 +05:00:     from .base_watcher import BaseWatcher, TaskCreationError
2026-02-06 04:04:13 +05:00: ImportError: attempted relative import with no known parent package
2026-02-06 04:04:29 +05:00: Traceback (most recent call last):
2026-02-06 04:04:29 +05:00:   File "/mnt/d/Hackathons/hackathon-0/silver/src/watchers/gmail_watcher.py", line 19, in <module>
2026-02-06 04:04:29 +05:00:     from .base_watcher import BaseWatcher, TaskCreationError
2026-02-06 04:04:29 +05:00: ImportError: attempted relative import with no known parent package
2026-02-06 04:04:44 +05:00: Traceback (most recent call last):
2026-02-06 04:04:44 +05:00:   File "/mnt/d/Hackathons/hackathon-0/silver/src/watchers/gmail_watcher.py", line 19, in <module>
2026-02-06 04:04:44 +05:00:     from .base_watcher import BaseWatcher, TaskCreationError
2026-02-06 04:04:44 +05:00: ImportError: attempted relative import with no known parent package
2026-02-06 04:05:00 +05:00: Traceback (most recent call last):
2026-02-06 04:05:00 +05:00:   File "/mnt/d/Hackathons/hackathon-0/silver/src/watchers/gmail_watcher.py", line 19, in <module>
2026-02-06 04:05:00 +05:00:     from .base_watcher import BaseWatcher, TaskCreationError
2026-02-06 04:05:00 +05:00: ImportError: attempted relative import with no known parent package
2026-02-06 04:05:22 +05:00: Traceback (most recent call last):
2026-02-06 04:05:22 +05:00:   File "/mnt/d/Hackathons/hackathon-0/silver/src/watchers/gmail_watcher.py", line 19, in <module>
2026-02-06 04:05:22 +05:00:     from .base_watcher import BaseWatcher, TaskCreationError
2026-02-06 04:05:22 +05:00: : attempted relative import with no known parent package
2026-02-06 04:06:02 +05:00: Traceback (most recent call last):
2026-02-06 04:06:02 +05:00:   File "/mnt/d/Hackathons/hackathon-0/silver/src/watchers/gmail_watcher.py", line 19, in <module>
2026-02-06 04:06:02 +05:00:     from .base_watcher import BaseWatcher, TaskCreationError
2026-02-06 04:06:02 +05:00: ImportError: attempted relative import with no known parent package
2026-02-06 04:06:20 +05:00: Traceback (most recent call last):
2026-02-06 04:06:20 +05:00:   File "/mnt/d/Hackathons/hackathon-0/silver/src/watchers/gmail_watcher.py", line 19, in <module>
2026-02-06 04:06:20 +05:00:     from .base_watcher import BaseWatcher, TaskCreationError
2026-02-06 04:06:20 +05:00: ImportError: attempted relative import with no known parent package
2026-02-06 04:06:48 +05:00: Traceback (most recent call last):
2026-02-06 04:06:48 +05:00:   File "/mnt/d/Hackathons/hackathon-0/silver/src/watchers/gmail_watcher.py", line 19, in <module>
2026-02-06 04:06:48 +05:00:     from .base_watcher import BaseWatcher, TaskCreationError
2026-02-06 04:06:48 +05:00: ImportError: attempted relative import with no known parent package
2026-02-06 04:07:10 +05:00: Traceback (most recent call last):
2026-02-06 04:07:10 +05:00:   File "/mnt/d/Hackathons/hackathon-0/silver/src/watchers/gmail_watcher.py", line 19, in <module>
2026-02-06 04:07:10 +05:00:     from .base_watcher import BaseWatcher, TaskCreationError
2026-02-06 04:07:10 +05:00: ImportError: attempted relative import with no known parent package
2026-02-06 04:07:33 +05:00: Traceback (most recent call last):
2026-02-06 04:07:33 +05:00:   File "/mnt/d/Hackathons/hackathon-0/silver/src/watchers/gmail_watcher.py", line 19, in <module>
2026-02-06 04:07:33 +05:00:     from .base_watcher import BaseWatcher, TaskCreationError
2026-02-06 04:07:33 +05:00: ImportError: attempted relative import with no known parent package
2026-02-06 04:08:03 +05:00: Traceback (most recent call last):
2026-02-06 04:08:03 +05:00:   File "/mnt/d/Hackathons/hackathon-0/silver/src/watchers/gmail_watcher.py", line 19, in <module>
2026-02-06 04:08:03 +05:00:     from .base_watcher import BaseWatcher, TaskCreationError
2026-02-06 04:08:03 +05:00: ImportError: attempted relative import with no known parent package
2026-02-06 04:08:28 +05:00: Traceback (most recent call last):
2026-02-06 04:08:28 +05:00:   File "/mnt/d/Hackathons/hackathon-0/silver/src/watchers/gmail_watcher.py", line 19, in <module>
2026-02-06 04:08:28 +05:00:     from .base_watcher import BaseWatcher, TaskCreationError
2026-02-06 04:08:28 +05:00: ImportError: attempted relative import with no known parent package
2026-02-06 04:08:50 +05:00: Traceback (most recent call last):
2026-02-06 04:08:50 +05:00:   File "/mnt/d/Hackathons/hackathon-0/silver/src/watchers/gmail_watcher.py", line 19, in <module>
2026-02-06 04:08:50 +05:00:     from .base_watcher import BaseWatcher, TaskCreationError
2026-02-06 04:08:50 +05:00: ImportError: attempted relative import with no known parent package
2026-02-06 04:09:12 +05:00: Traceback (most recent call last):
2026-02-06 04:09:12 +05:00:   File "/mnt/d/Hackathons/hackathon-0/silver/src/watchers/gmail_watcher.py", line 19, in <module>
2026-02-06 04:09:12 +05:00:     from .base_watcher import BaseWatcher, TaskCreationError
2026-02-06 04:09:12 +05:00: ImportError: attempted relative import with no known parent package
2026-02-06 04:09:36 +05:00: Traceback (most recent call last):
2026-02-06 04:09:36 +05:00:   File "/mnt/d/Hackathons/hackathon-0/silver/src/watchers/gmail_watcher.py", line 19, in <module>
2026-02-06 04:09:36 +05:00:     from .base_watcher import BaseWatcher, TaskCreationError
2026-02-06 04:09:36 +05:00: ImportError: attempted relative import with no known parent package
2026-02-06 04:09:58 +05:00: Traceback (most recent call last):
2026-02-06 04:09:58 +05:00:   File "/mnt/d/Hackathons/hackathon-0/silver/src/watchers/gmail_watcher.py", line 19, in <module>
2026-02-06 04:09:58 +05:00:     from .base_watcher import BaseWatcher, TaskCreationError
2026-02-06 04:09:58 +05:00: ImportError: attempted relative import with no known parent package
2026-02-06 04:10:25 +05:00: Traceback (most recent call last):
2026-02-06 04:10:25 +05:00:   File "/mnt/d/Hackathons/hackathon-0/silver/src/watchers/gmail_watcher.py", line 19, in <module>
2026-02-06 04:10:25 +05:00:     from .base_watcher import BaseWatcher, TaskCreationError
2026-02-06 04:10:25 +05:00: ImportError: attempted relative import with no known parent package
2026-02-06 04:10:47 +05:00: Traceback (most recent call last):
2026-02-06 04:10:47 +05:00:   File "/mnt/d/Hackathons/hackathon-0/silver/src/watchers/gmail_watcher.py", line 19, in <module>
2026-02-06 04:10:47 +05:00:     from .base_watcher import BaseWatcher, TaskCreationError
2026-02-06 04:10:47 +05:00: ImportError: attempted relative import with no known parent package
2026-02-06 04:11:12 +05:00: Traceback (most recent call last):
2026-02-06 04:11:12 +05:00:   File "/mnt/d/Hackathons/hackathon-0/silver/src/watchers/gmail_watcher.py", line 19, in <module>
2026-02-06 04:11:12 +05:00:     from .base_watcher import BaseWatcher, TaskCreationError
2026-02-06 04:11:12 +05:00: ImportError: attempted relative import with no known parent package
2026-02-06 04:11:39 +05:00: Traceback (most recent call last):
2026-02-06 04:11:39 +05:00:   File "/mnt/d/Hackathons/hackathon-0/silver/src/watchers/gmail_watcher.py", line 19, in <module>
2026-02-06 04:11:39 +05:00:     from .base_watcher import BaseWatcher, TaskCreationError
2026-02-06 04:11:39 +05:00: ImportError: attempted relative import with no known parent package
2026-02-06 04:12:01 +05:00: Traceback (most recent call last):
2026-02-06 04:12:01 +05:00:   File "/mnt/d/Hackathons/hackathon-0/silver/src/watchers/gmail_watcher.py", line 19, in <module>
2026-02-06 04:12:01 +05:00:     from .base_watcher import BaseWatcher, TaskCreationError
2026-02-06 04:12:01 +05:00: ImportError: attempted relative import with no known parent package
2026-02-06 04:12:22 +05:00: Traceback (most recent call last):
2026-02-06 04:12:22 +05:00:   File "/mnt/d/Hackathons/hackathon-0/silver/src/watchers/gmail_watcher.py", line 19, in <module>
2026-02-06 04:12:22 +05:00:     from .base_watcher import BaseWatcher, TaskCreationError
2026-02-06 04:12:22 +05:00: ImportError: attempted relative import with no known parent package
2026-02-06 04:12:46 +05:00: Traceback (most recent call last):
2026-02-06 04:12:46 +05:00:   File "/mnt/d/Hackathons/hackathon-0/silver/src/watchers/gmail_watcher.py", line 19, in <module>
2026-02-06 04:12:46 +05:00:     from .base_watcher import BaseWatcher, TaskCreationError
2026-02-06 04:12:46 +05:00: ImportError: attempted relative import with no known parent package
2026-02-06 04:13:07 +05:00: Traceback (most recent call last):
2026-02-06 04:13:07 +05:00:   File "/mnt/d/Hackathons/hackathon-0/silver/src/watchers/gmail_watcher.py", line 19, in <module>
2026-02-06 04:13:07 +05:00:     from .base_watcher import BaseWatcher, TaskCreationError
2026-02-06 04:13:07 +05:00: 
2026-02-06 04:13:27 +05:00: Traceback (most recent call last):
2026-02-06 04:13:27 +05:00:   File "/mnt/d/Hackathons/hackathon-0/silver/src/watchers/gmail_watcher.py", line 19, in <module>
2026-02-06 04:13:27 +05:00:     from .base_watcher import BaseWatcher, TaskCreationError
2026-02-06 04:13:27 +05:00: ImportError: attempted relative import with no known parent package
2026-02-06 04:13:52 +05:00: Traceback (most recent call last):
2026-02-06 04:13:52 +05:00:   File "/mnt/d/Hackathons/hackathon-0/silver/src/watchers/gmail_watcher.py", line 19, in <module>
2026-02-06 04:13:52 +05:00:     from .base_watcher import BaseWatcher, TaskCreationError
2026-02-06 04:13:52 +05:00: 
2026-02-06 04:13:52 +05:00: ImportError: attempted relative import with no known parent package
2026-02-06 04:14:19 +05:00: Traceback (most recent call last):
2026-02-06 04:14:19 +05:00:   File "/mnt/d/Hackathons/hackathon-0/silver/src/watchers/gmail_watcher.py", line 19, in <module>
2026-02-06 04:14:19 +05:00:     from .base_watcher import BaseWatcher, TaskCreationError
2026-02-06 04:14:19 +05:00: ImportError: attempted relative import with no known parent package
2026-02-06 04:14:51 +05:00: Traceback (most recent call last):
2026-02-06 04:14:51 +05:00:   File "/mnt/d/Hackathons/hackathon-0/silver/src/watchers/gmail_watcher.py", line 19, in <module>
2026-02-06 04:14:51 +05:00:     from .base_watcher import BaseWatcher, TaskCreationError
2026-02-06 04:14:51 +05:00: ImportError: attempted relative import with no known parent package
2026-02-06 04:15:23 +05:00: Traceback (most recent call last):
2026-02-06 04:15:23 +05:00:   File "/mnt/d/Hackathons/hackathon-0/silver/src/watchers/gmail_watcher.py", line 19, in <module>
2026-02-06 04:15:23 +05:00:     from .base_watcher import BaseWatcher, TaskCreationError
2026-02-06 04:15:23 +05:00: ImportError: attempted relative import with no known parent package
2026-02-06 04:15:41 +05:00: Traceback (most recent call last):
2026-02-06 04:15:41 +05:00:   File "/mnt/d/Hackathons/hackathon-0/silver/src/watchers/gmail_watcher.py", line 19, in <module>
2026-02-06 04:15:41 +05:00:     from .base_watcher import BaseWatcher, TaskCreationError
2026-02-06 04:15:41 +05:00: 
2026-02-06 04:15:59 +05:00: Traceback (most recent call last):
2026-02-06 04:15:59 +05:00:   File "/mnt/d/Hackathons/hackathon-0/silver/src/watchers/gmail_watcher.py", line 19, in <module>
2026-02-06 04:15:59 +05:00:     from .base_watcher import BaseWatcher, TaskCreationError
2026-02-06 04:15:59 +05:00: ImportError: attempted relative import with no known parent package
2026-02-06 04:16:18 +05:00: Traceback (most recent call last):
2026-02-06 04:16:18 +05:00:   File "/mnt/d/Hackathons/hackathon-0/silver/src/watchers/gmail_watcher.py", line 19, in <module>
2026-02-06 04:16:18 +05:00:     from .base_watcher import BaseWatcher, TaskCreationError
2026-02-06 04:16:18 +05:00: ImportError: attempted relative import with no known parent package
2026-02-06 04:16:53 +05:00: Traceback (most recent call last):
2026-02-06 04:16:53 +05:00:   File "/mnt/d/Hackathons/hackathon-0/silver/src/watchers/gmail_watcher.py", line 19, in <module>
2026-02-06 04:16:53 +05:00:     from .base_watcher import BaseWatcher, TaskCreationError
2026-02-06 04:16:53 +05:00: ImportError: attempted relative import with no known parent package
2026-02-06 04:17:59 +05:00: Traceback (most recent call last):
2026-02-06 04:17:59 +05:00:   File "/mnt/d/Hackathons/hackathon-0/silver/src/watchers/gmail_watcher.py", line 19, in <module>
2026-02-06 04:17:59 +05:00:     from .base_watcher import BaseWatcher, TaskCreationError
2026-02-06 04:17:59 +05:00: ImportError: attempted relative import with no known parent package
2026-02-06 04:18:50 +05:00: Traceback (most recent call last):
2026-02-06 04:18:50 +05:00:   File "/mnt/d/Hackathons/hackathon-0/silver/src/watchers/gmail_watcher.py", line 19, in <module>
2026-02-06 04:18:50 +05:00:     from .base_watcher import BaseWatcher, TaskCreationError
2026-02-06 04:18:50 +05:00: ImportError: attempted relative import with no known parent package
2026-02-06 04:19:47 +05:00: Traceback (most recent call last):
2026-02-06 04:19:47 +05:00:   File "/mnt/d/Hackathons/hackathon-0/silver/src/watchers/gmail_watcher.py", line 19, in <module>
2026-02-06 04:19:47 +05:00:     from .base_watcher import BaseWatcher, TaskCreationError
2026-02-06 04:19:47 +05:00: ImportError: attempted relative import with no known parent package
2026-02-06 04:20:45 +05:00: Traceback (most recent call last):
2026-02-06 04:20:45 +05:00:   File "/mnt/d/Hackathons/hackathon-0/silver/src/watchers/gmail_watcher.py", line 19, in <module>
2026-02-06 04:20:45 +05:00:     from .base_watcher import BaseWatcher, TaskCreationError
2026-02-06 04:20:45 +05:00: ImportError: attempted relative import with no known parent package
2026-02-06 04:22:03 +05:00: Traceback (most recent call last):
2026-02-06 04:22:03 +05:00:   File "/mnt/d/Hackathons/hackathon-0/silver/src/watchers/gmail_watcher.py", line 19, in <module>
2026-02-06 04:22:03 +05:00:     from .base_watcher import BaseWatcher, TaskCreationError
2026-02-06 04:22:03 +05:00: ImportError: attempted relative import with no known parent package
2026-02-06 04:22:46 +05:00: Traceback (most recent call last):
2026-02-06 04:22:46 +05:00:   File "/mnt/d/Hackathons/hackathon-0/silver/src/watchers/gmail_watcher.py", line 19, in <module>
2026-02-06 04:22:46 +05:00:     from .base_watcher import BaseWatcher, TaskCreationError
2026-02-06 04:22:46 +05:00: : attempted relative import with no known parent package
2026-02-06 04:23:38 +05:00: Traceback (most recent call last):
2026-02-06 04:23:38 +05:00:   File "/mnt/d/Hackathons/hackathon-0/silver/src/watchers/gmail_watcher.py", line 19, in <module>
2026-02-06 04:23:38 +05:00:     from .base_watcher import BaseWatcher, TaskCreationError
2026-02-06 04:23:38 +05:00: : attempted relative import with no known parent package
2026-02-06 04:24:26 +05:00: Traceback (most recent call last):
2026-02-06 04:24:26 +05:00:   File "/mnt/d/Hackathons/hackathon-0/silver/src/watchers/gmail_watcher.py", line 19, in <module>
2026-02-06 04:24:26 +05:00:     from .base_watcher import BaseWatcher, TaskCreationError
2026-02-06 04:24:26 +05:00: ImportError: attempted relative import with no known parent package
2026-02-06 04:25:32 +05:00: Traceback (most recent call last):
2026-02-06 04:25:32 +05:00:   File "/mnt/d/Hackathons/hackathon-0/silver/src/watchers/gmail_watcher.py", line 19, in <module>
2026-02-06 04:25:32 +05:00:     from .base_watcher import BaseWatcher, TaskCreationError
2026-02-06 04:25:32 +05:00: ImportError: attempted relative import with no known parent package
2026-02-06 04:26:45 +05:00: Traceback (most recent call last):
2026-02-06 04:26:45 +05:00:   File "/mnt/d/Hackathons/hackathon-0/silver/src/watchers/gmail_watcher.py", line 19, in <module>
2026-02-06 04:26:45 +05:00:     from .base_watcher import BaseWatcher, TaskCreationError
2026-02-06 04:26:45 +05:00: ImportError: attempted relative import with no known parent package
2026-02-06 04:26:59 +05:00: Traceback (most recent call last):
2026-02-06 04:26:59 +05:00:   File "/mnt/d/Hackathons/hackathon-0/silver/src/watchers/gmail_watcher.py", line 19, in <module>
2026-02-06 04:26:59 +05:00:     from .base_watcher import BaseWatcher, TaskCreationError
2026-02-06 04:26:59 +05:00: ImportError: attempted relative import with no known parent package
2026-02-06 04:27:21 +05:00: Traceback (most recent call last):
2026-02-06 04:27:21 +05:00:   File "/mnt/d/Hackathons/hackathon-0/silver/src/watchers/gmail_watcher.py", line 19, in <module>
2026-02-06 04:27:21 +05:00:     from .base_watcher import BaseWatcher, TaskCreationError
2026-02-06 04:27:21 +05:00: ImportError: attempted relative import with no known parent package
2026-02-06 04:27:39 +05:00: Traceback (most recent call last):
2026-02-06 04:27:39 +05:00:   File "/mnt/d/Hackathons/hackathon-0/silver/src/watchers/gmail_watcher.py", line 19, in <module>
2026-02-06 04:27:39 +05:00:     from .base_watcher import BaseWatcher, TaskCreationError
2026-02-06 04:27:39 +05:00: ImportError: attempted relative import with no known parent package
2026-02-06 04:28:02 +05:00: Traceback (most recent call last):
2026-02-06 04:28:02 +05:00:   File "/mnt/d/Hackathons/hackathon-0/silver/src/watchers/gmail_watcher.py", line 19, in <module>
2026-02-06 04:28:02 +05:00:     from .base_watcher import BaseWatcher, TaskCreationError
2026-02-06 04:28:02 +05:00: ImportError: attempted relative import with no known parent package
2026-02-06 04:28:10 +05:00: Traceback (most recent call last):
2026-02-06 04:28:10 +05:00:   File "/mnt/d/Hackathons/hackathon-0/silver/src/watchers/gmail_watcher.py", line 13, in <module>
2026-02-06 04:28:10 +05:00:     from google.oauth2.credentials import Credentials
2026-02-06 04:28:10 +05:00:   File "<frozen importlib._bootstrap>", line 1360, in _find_and_load
2026-02-06 04:28:10 +05:00:   File "<frozen importlib._bootstrap>", line 1322, in _find_and_load_unlocked
2026-02-06 04:28:10 +05:00:   File "<frozen importlib._bootstrap>", line 1262, in _find_spec
2026-02-06 04:28:10 +05:00:   File "<frozen importlib._bootstrap_external>", line 1528, in find_spec
2026-02-06 04:28:10 +05:00:   File "<frozen importlib._bootstrap_external>", line 1502, in _get_spec
2026-02-06 04:28:10 +05:00:   File "<frozen importlib._bootstrap_external>", line 1625, in find_spec
2026-02-06 04:28:10 +05:00:   File "<frozen importlib._bootstrap_external>", line 168, in _path_isdir
2026-02-06 04:28:10 +05:00:   File "<frozen importlib._bootstrap_external>", line 153, in _path_is_mode_type
2026-02-06 04:28:10 +05:00:   File "<frozen importlib._bootstrap_external>", line 147, in _path_stat
2026-02-06 04:28:10 +05:00: KeyboardInterrupt
2026-02-06 04:28:39 +05:00: Traceback (most recent call last):
2026-02-06 04:28:39 +05:00:   File "/mnt/d/Hackathons/hackathon-0/silver/src/watchers/gmail_watcher.py", line 19, in <module>
2026-02-06 04:28:39 +05:00:     from .base_watcher import BaseWatcher, TaskCreationError
2026-02-06 04:28:39 +05:00: ImportError: attempted relative import with no known parent package
2026-02-06 04:29:12 +05:00: Traceback (most recent call last):
2026-02-06 04:29:12 +05:00:   File "/mnt/d/Hackathons/hackathon-0/silver/src/watchers/gmail_watcher.py", line 19, in <module>
2026-02-06 04:29:12 +05:00:     from .base_watcher import BaseWatcher, TaskCreationError
2026-02-06 04:29:12 +05:00: ImportError: attempted relative import with no known parent package
2026-02-06 04:29:38 +05:00: Traceback (most recent call last):
2026-02-06 04:29:38 +05:00:   File "/mnt/d/Hackathons/hackathon-0/silver/src/watchers/gmail_watcher.py", line 19, in <module>
2026-02-06 04:29:38 +05:00:     from .base_watcher import BaseWatcher, TaskCreationError
2026-02-06 04:29:38 +05:00: ImportError: attempted relative import with no known parent package
2026-02-06 04:30:10 +05:00: Traceback (most recent call last):
2026-02-06 04:30:10 +05:00:   File "/mnt/d/Hackathons/hackathon-0/silver/src/watchers/gmail_watcher.py", line 19, in <module>
2026-02-06 04:30:10 +05:00:     from .base_watcher import BaseWatcher, TaskCreationError
2026-02-06 04:30:10 +05:00: ImportError: attempted relative import with no known parent package
2026-02-06 04:30:21 +05:00: Traceback (most recent call last):
2026-02-06 04:30:21 +05:00:   File "/mnt/d/Hackathons/hackathon-0/silver/src/watchers/gmail_watcher.py", line 14, in <module>
2026-02-06 04:30:21 +05:00:     from google_auth_oauthlib.flow import InstalledAppFlow
2026-02-06 04:30:21 +05:00:   File "/mnt/d/Hackathons/hackathon-0/silver/venv/lib/python3.12/site-packages/google_auth_oauthlib/__init__.py", line 21, in <module>
2026-02-06 04:30:21 +05:00:     
2026-02-06 04:30:21 +05:00: from .interactive import get_user_credentials
2026-02-06 04:30:21 +05:00: 
2026-02-06 04:30:21 +05:00:   File "/mnt/d/Hackathons/hackathon-0/silver/venv/lib/python3.12/site-packages/google_auth_oauthlib/interactive.py", line 27, in <module>
2026-02-06 04:30:21 +05:00:     import google_auth_oauthlib.flow
2026-02-06 04:30:21 +05:00:   File "/mnt/d/Hackathons/hackathon-0/silver/venv/lib/python3.12/site-packages/google_auth_oauthlib/flow.py", line 68, in <module>
2026-02-06 04:30:21 +05:00:     import google_auth_oauthlib.helpers
2026-02-06 04:30:21 +05:00:   File "/mnt/d/Hackathons/hackathon-0/silver/venv/lib/python3.12/site-packages/google_auth_oauthlib/helpers.py", line 29, in <module>
2026-02-06 04:30:21 +05:00:     import requests_oauthlib
2026-02-06 04:30:21 +05:00:   File "/mnt/d/Hackathons/hackathon-0/silver/venv/lib/python3.12/site-packages/requests_oauthlib/__init__.py", line 4, in <module>
2026-02-06 04:30:21 +05:00:     from .oauth1_auth import OAuth1
2026-02-06 04:30:21 +05:00:   File "/mnt/d/Hackathons/hackathon-0/silver/venv/lib/python3.12/site-packages/requests_oauthlib/oauth1_auth.py", line 5, in <module>
2026-02-06 04:30:21 +05:00:     from oauthlib.oauth1 import Client, SIGNATURE_HMAC, SIGNATURE_TYPE_AUTH_HEADER
2026-02-06 04:30:21 +05:00:   File "/mnt/d/Hackathons/hackathon-0/silver/venv/lib/python3.12/site-packages/oauthlib/oauth1/__init__.py", line 8, in <module>
2026-02-06 04:30:21 +05:00:     from .rfc5849 import (
2026-02-06 04:30:21 +05:00:   File "/mnt/d/Hackathons/hackathon-0/silver/venv/lib/python3.12/site-packages/oauthlib/oauth1/rfc5849/__init__.py", line 30, in <module>
2026-02-06 04:30:21 +05:00:     from . import parameters, signature
2026-02-06 04:30:21 +05:00:   File "<frozen importlib._bootstrap>", line 1360, in _find_and_load
2026-02-06 04:30:21 +05:00:   File "<frozen importlib._bootstrap>", line 1331, in _find_and_load_unlocked
2026-02-06 04:30:21 +05:00:   File "<frozen importlib._bootstrap>", line 935, in _load_unlocked
2026-02-06 04:30:21 +05:00:   File "<frozen importlib._bootstrap_external>", line 991, in exec_module
2026-02-06 04:30:21 +05:00:   File "<frozen importlib._bootstrap_external>", line 1081, in get_code
2026-02-06 04:30:21 +05:00:   File "<frozen importlib._bootstrap_external>", line 1204, in path_stats
2026-02-06 04:30:21 +05:00:   File "<frozen importlib._bootstrap_external>", line 147, in _path_stat
2026-02-06 04:30:21 +05:00: KeyboardInterrupt
2026-02-06 04:35:56 +05:00: [ERROR] Gmail credentials not found at ./config/gmail_credentials.json
2026-02-06 04:35:56 +05:00: [ERROR] Please download credentials from Google Cloud Console
2026-02-06 04:35:56 +05:00: Traceback (most recent call last):
2026-02-06 04:35:56 +05:00:   File "/mnt/d/Hackathons/hackathon-0/silver/run_gmail_watcher.py", line 23, in <module>
2026-02-06 04:35:56 +05:00:     watcher = GmailWatcher(vault_path, credentials_path)
2026-02-06 04:35:56 +05:00:               ^^^^^^^^^^^^^^^^^^^^^^^^^^^^^^^^^^^^^^^^^^
2026-02-06 04:35:56 +05:00:   File "/mnt/d/Hackathons/hackathon-0/silver/src/watchers/gmail_watcher.py", line 71, in __init__
2026-02-06 04:35:56 +05:00:     self._init_gmail_service()
2026-02-06 04:35:56 +05:00:   File "/mnt/d/Hackathons/hackathon-0/silver/src/watchers/gmail_watcher.py", line 91, in _init_gmail_service
2026-02-06 04:35:56 +05:00:     raise FileNotFoundError(f"Gmail credentials not found: {self.credentials_path}")
2026-02-06 04:35:56 +05:00: FileNotFoundError: Gmail credentials not found: ./config/gmail_credentials.json
2026-02-06 04:37:26 +05:00: [ERROR] Gmail credentials not found at ./config/gmail_credentials.json
2026-02-06 04:37:26 +05:00: [ERROR] Please download credentials from Google Cloud Console
2026-02-06 04:37:26 +05:00: Traceback (most recent call last):
2026-02-06 04:37:26 +05:00:   File "/mnt/d/Hackathons/hackathon-0/silver/run_gmail_watcher.py", line 23, in <module>
2026-02-06 04:37:26 +05:00:     watcher = GmailWatcher(vault_path, credentials_path)
2026-02-06 04:37:26 +05:00: ^^^^^^^^^^
2026-02-06 04:37:26 +05:00:   File "/mnt/d/Hackathons/hackathon-0/silver/src/watchers/gmail_watcher.py", line 71, in __init__
2026-02-06 04:37:26 +05:00:     self._init_gmail_service()
2026-02-06 04:37:26 +05:00:   File "/mnt/d/Hackathons/hackathon-0/silver/src/watchers/gmail_watcher.py", line 91, in _init_gmail_service
2026-02-06 04:37:26 +05:00:     raise FileNotFoundError(f"Gmail credentials not found: {self.credentials_path}")
2026-02-06 04:37:26 +05:00: FileNotFoundError: Gmail credentials not found: ./config/gmail_credentials.json
2026-02-06 04:38:41 +05:00: [ERROR] Gmail credentials not found at ./config/gmail_credentials.json
2026-02-06 04:38:41 +05:00: [ERROR] Please download credentials from Google Cloud Console
2026-02-06 04:38:41 +05:00: Traceback (most recent call last):
2026-02-06 04:38:41 +05:00:   File "/mnt/d/Hackathons/hackathon-0/silver/run_gmail_watcher.py", line 23, in <module>
2026-02-06 04:38:41 +05:00:     watcher = GmailWatcher(vault_path, credentials_path)
2026-02-06 04:38:41 +05:00:               ^^^^^^^^^^^^^^^^^^^^^^^^^^^^^^^^^^^^^^^^^^
2026-02-06 04:38:41 +05:00:   File "/mnt/d/Hackathons/hackathon-0/silver/src/watchers/gmail_watcher.py", line 71, in __init__
2026-02-06 04:38:41 +05:00:     self._init_gmail_service()
2026-02-06 04:38:41 +05:00:   File "/mnt/d/Hackathons/hackathon-0/silver/src/watchers/gmail_watcher.py", line 91, in _init_gmail_service
2026-02-06 04:38:41 +05:00:     
2026-02-06 04:38:41 +05:00: raise FileNotFoundError(f"Gmail credentials not found: {self.credentials_path}")
2026-02-06 04:38:41 +05:00: FileNotFoundError: Gmail credentials not found: ./config/gmail_credentials.json
2026-02-06 04:39:18 +05:00: [ERROR] Gmail credentials not found at ./config/gmail_credentials.json
2026-02-06 04:39:18 +05:00: [ERROR] Please download credentials from Google Cloud Console
2026-02-06 04:39:18 +05:00: Traceback (most recent call last):
2026-02-06 04:39:18 +05:00:   File "/mnt/d/Hackathons/hackathon-0/silver/run_gmail_watcher.py", line 23, in <module>
2026-02-06 04:39:18 +05:00:     watcher = GmailWatcher(vault_path, credentials_path)
2026-02-06 04:39:18 +05:00:               ^^^^^^^^^^^^^^^^^^^^^^^^^^^^^^^^^^^^^^^^^^
2026-02-06 04:39:18 +05:00:   File "/mnt/d/Hackathons/hackathon-0/silver/src/watchers/gmail_watcher.py", line 71, in __init__
2026-02-06 04:39:18 +05:00:     
2026-02-06 04:39:18 +05:00: self._init_gmail_service()
2026-02-06 04:39:18 +05:00:   File "/mnt/d/Hackathons/hackathon-0/silver/src/watchers/gmail_watcher.py", line 91, in _init_gmail_service
2026-02-06 04:39:18 +05:00:     raise FileNotFoundError(f"Gmail credentials not found: {self.credentials_path}")
2026-02-06 04:39:18 +05:00: : Gmail credentials not found: ./config/gmail_credentials.json
2026-02-06 04:39:56 +05:00: [ERROR] Gmail credentials not found at ./config/gmail_credentials.json
2026-02-06 04:39:56 +05:00: [ERROR] Please download credentials from Google Cloud Console
2026-02-06 04:39:56 +05:00: Traceback (most recent call last):
2026-02-06 04:39:56 +05:00:   File "/mnt/d/Hackathons/hackathon-0/silver/run_gmail_watcher.py", line 23, in <module>
2026-02-06 04:39:56 +05:00:     
2026-02-06 04:39:56 +05:00: watcher = GmailWatcher(vault_path, credentials_path)
2026-02-06 04:39:56 +05:00: 
2026-02-06 04:39:56 +05:00:               ^^^^^^^^^^^^^^^^^^^^^^^^^^^^^^^^^^^^^^^^^^
2026-02-06 04:39:56 +05:00:   File "/mnt/d/Hackathons/hackathon-0/silver/src/watchers/gmail_watcher.py", line 71, in __init__
2026-02-06 04:39:56 +05:00:     self._init_gmail_service()
2026-02-06 04:39:56 +05:00:   File "/mnt/d/Hackathons/hackathon-0/silver/src/watchers/gmail_watcher.py", line 91, in _init_gmail_service
2026-02-06 04:39:56 +05:00:     raise FileNotFoundError(f"Gmail credentials not found: {self.credentials_path}")
2026-02-06 04:39:56 +05:00: FileNotFoundError: Gmail credentials not found: ./config/gmail_credentials.json
2026-02-06 04:40:28 +05:00: [ERROR] Gmail credentials not found at ./config/gmail_credentials.json
2026-02-06 04:40:28 +05:00: [ERROR] Please download credentials from Google Cloud Console
2026-02-06 04:40:28 +05:00: Traceback (most recent call last):
2026-02-06 04:40:28 +05:00:   File "/mnt/d/Hackathons/hackathon-0/silver/run_gmail_watcher.py", line 23, in <module>
2026-02-06 04:40:28 +05:00:     watcher = GmailWatcher(vault_path, credentials_path)
2026-02-06 04:40:28 +05:00:        ^^^^^^^^^^^^^^^^^^^^^^^^^^^^^^^^^^^^^^^^^^
2026-02-06 04:40:28 +05:00:   File "/mnt/d/Hackathons/hackathon-0/silver/src/watchers/gmail_watcher.py", line 71, in __init__
2026-02-06 04:40:28 +05:00:     self._init_gmail_service()
2026-02-06 04:40:28 +05:00:   File "/mnt/d/Hackathons/hackathon-0/silver/src/watchers/gmail_watcher.py", line 91, in _init_gmail_service
2026-02-06 04:40:28 +05:00:     raise FileNotFoundError(f"Gmail credentials not found: {self.credentials_path}")
2026-02-06 04:40:28 +05:00: 
2026-02-06 04:41:01 +05:00: [ERROR] Gmail credentials not found at ./config/gmail_credentials.json
2026-02-06 04:41:01 +05:00: [ERROR] Please download credentials from Google Cloud Console
2026-02-06 04:41:01 +05:00: Traceback (most recent call last):
2026-02-06 04:41:01 +05:00:   File "/mnt/d/Hackathons/hackathon-0/silver/run_gmail_watcher.py", line 23, in <module>
2026-02-06 04:41:01 +05:00:     watcher = GmailWatcher(vault_path, credentials_path)
2026-02-06 04:41:01 +05:00:               ^^^^^^^^^^^^^^^^^^^^^^^^^^^^^^^^^^^^^^^^^^
2026-02-06 04:41:01 +05:00:   File "/mnt/d/Hackathons/hackathon-0/silver/src/watchers/gmail_watcher.py", line 71, in __init__
2026-02-06 04:41:01 +05:00:     self._init_gmail_service()
2026-02-06 04:41:01 +05:00:   File "/mnt/d/Hackathons/hackathon-0/silver/src/watchers/gmail_watcher.py", line 91, in _init_gmail_service
2026-02-06 04:41:01 +05:00:     raise FileNotFoundError(f"Gmail credentials not found: {self.credentials_path}")
2026-02-06 04:41:01 +05:00: FileNotFoundError: Gmail credentials not found: ./config/gmail_credentials.json
2026-02-06 04:41:41 +05:00: [ERROR] Gmail credentials not found at ./config/gmail_credentials.json
2026-02-06 04:41:41 +05:00: [ERROR] Please download credentials from Google Cloud Console
2026-02-06 04:41:41 +05:00: Traceback (most recent call last):
2026-02-06 04:41:41 +05:00:   File "/mnt/d/Hackathons/hackathon-0/silver/run_gmail_watcher.py", line 23, in <module>
2026-02-06 04:41:41 +05:00:     watcher = GmailWatcher(vault_path, credentials_path)
2026-02-06 04:41:41 +05:00: ^^^^^^^^^^^^^^^^^^^^^^^^^^^^^^^^^^^^^
2026-02-06 04:41:41 +05:00:   File "/mnt/d/Hackathons/hackathon-0/silver/src/watchers/gmail_watcher.py", line 71, in __init__
2026-02-06 04:41:41 +05:00:     self._init_gmail_service()
2026-02-06 04:41:41 +05:00:   File "/mnt/d/Hackathons/hackathon-0/silver/src/watchers/gmail_watcher.py", line 91, in _init_gmail_service
2026-02-06 04:41:41 +05:00:     raise FileNotFoundError(f"Gmail credentials not found: {self.credentials_path}")
2026-02-06 04:41:41 +05:00: FileNotFoundError: Gmail credentials not found: ./config/gmail_credentials.json
2026-02-06 04:41:51 +05:00: Traceback (most recent call last):
2026-02-06 04:41:51 +05:00:   File "/mnt/d/Hackathons/hackathon-0/silver/run_gmail_watcher.py", line 15, in <module>
2026-02-06 04:41:51 +05:00:     
2026-02-06 04:41:51 +05:00: from src.watchers.gmail_watcher import GmailWatcher
2026-02-06 04:41:51 +05:00:   File "/mnt/d/Hackathons/hackathon-0/silver/src/watchers/gmail_watcher.py", line 13, in <module>
2026-02-06 04:41:51 +05:00:     from google.oauth2.credentials import Credentials
2026-02-06 04:41:51 +05:00:   File "/mnt/d/Hackathons/hackathon-0/silver/venv/lib/python3.12/site-packages/google/oauth2/credentials.py", line 45, in <module>
2026-02-06 04:41:51 +05:00:     from google.oauth2 import reauth
2026-02-06 04:41:51 +05:00:   File "/mnt/d/Hackathons/hackathon-0/silver/venv/lib/python3.12/site-packages/google/oauth2/reauth.py", line 39, in <module>
2026-02-06 04:41:51 +05:00:     from google.oauth2 import _client
2026-02-06 04:41:51 +05:00:   File "/mnt/d/Hackathons/hackathon-0/silver/venv/lib/python3.12/site-packages/google/oauth2/_client.py", line 34, in <module>
2026-02-06 04:41:51 +05:00:     from google.auth import jwt
2026-02-06 04:41:51 +05:00:   File "/mnt/d/Hackathons/hackathon-0/silver/venv/lib/python3.12/site-packages/google/auth/jwt.py", line 56, in <module>
2026-02-06 04:41:51 +05:00:     from google.auth import _service_account_info
2026-02-06 04:41:51 +05:00:   File "/mnt/d/Hackathons/hackathon-0/silver/venv/lib/python3.12/site-packages/google/auth/_service_account_info.py", line 20, in <module>
2026-02-06 04:41:51 +05:00:     from google.auth import crypt
2026-02-06 04:41:51 +05:00:   File "<frozen importlib._bootstrap>", line 1360, in _find_and_load
2026-02-06 04:41:51 +05:00:   File "<frozen importlib._bootstrap>", line 1322, in _find_and_load_unlocked
2026-02-06 04:41:51 +05:00:   File "<frozen importlib._bootstrap>", line 1262, in _find_spec
2026-02-06 04:41:51 +05:00:   File "<frozen importlib._bootstrap_external>", line 1528, in find_spec
2026-02-06 04:41:51 +05:00:   File "<frozen importlib._bootstrap_external>", line 1502, in _get_spec
2026-02-06 04:41:51 +05:00:   File "<frozen importlib._bootstrap_external>", line 1601, in find_spec
2026-02-06 04:41:51 +05:00:   File "<frozen importlib._bootstrap_external>", line 147, in _path_stat
2026-02-06 04:41:51 +05:00: KeyboardInterrupt
2026-02-06 04:42:32 +05:00: [ERROR] Gmail credentials not found at ./config/gmail_credentials.json
2026-02-06 04:42:32 +05:00: [ERROR] Please download credentials from Google Cloud Console
2026-02-06 04:42:32 +05:00: Traceback (most recent call last):
2026-02-06 04:42:32 +05:00:   File "/mnt/d/Hackathons/hackathon-0/silver/run_gmail_watcher.py", line 23, in <module>
2026-02-06 04:42:32 +05:00:     watcher = GmailWatcher(vault_path, credentials_path)
2026-02-06 04:42:32 +05:00:               ^^^^^^^^^^^^^^^^^^^^^^^^^^^^^^^^^^^^^^^^^^
2026-02-06 04:42:32 +05:00:   File "/mnt/d/Hackathons/hackathon-0/silver/src/watchers/gmail_watcher.py", line 71, in __init__
2026-02-06 04:42:32 +05:00:     
2026-02-06 04:42:32 +05:00: self._init_gmail_service()
2026-02-06 04:42:32 +05:00:   File "/mnt/d/Hackathons/hackathon-0/silver/src/watchers/gmail_watcher.py", line 91, in _init_gmail_service
2026-02-06 04:42:32 +05:00:     raise FileNotFoundError(f"Gmail credentials not found: {self.credentials_path}")
2026-02-06 04:42:32 +05:00: FileNotFoundError: Gmail credentials not found: ./config/gmail_credentials.json
2026-02-06 04:43:38 +05:00: [ERROR] Gmail credentials not found at ./config/gmail_credentials.json
2026-02-06 04:43:38 +05:00: [ERROR] Please download credentials from Google Cloud Console
2026-02-06 04:43:38 +05:00: Traceback (most recent call last):
2026-02-06 04:43:38 +05:00:   File "/mnt/d/Hackathons/hackathon-0/silver/run_gmail_watcher.py", line 23, in <module>
2026-02-06 04:43:38 +05:00:     watcher = GmailWatcher(vault_path, credentials_path)
2026-02-06 04:43:38 +05:00:               ^^^^^^^^^^^^^^^^^^^^^^^^^^^^^^^^^^^^^^^^^^
2026-02-06 04:43:38 +05:00:   File "/mnt/d/Hackathons/hackathon-0/silver/src/watchers/gmail_watcher.py", line 71, in __init__
2026-02-06 04:43:38 +05:00:     self._init_gmail_service()
2026-02-06 04:43:38 +05:00:   File "/mnt/d/Hackathons/hackathon-0/silver/src/watchers/gmail_watcher.py", line 91, in _init_gmail_service
2026-02-06 04:43:38 +05:00:     raise FileNotFoundError(f"Gmail credentials not found: {self.credentials_path}")
2026-02-06 04:43:38 +05:00: FileNotFoundError: Gmail credentials not found: ./config/gmail_credentials.json
2026-02-06 04:44:30 +05:00: [ERROR] Gmail credentials not found at ./config/gmail_credentials.json
2026-02-06 04:44:30 +05:00: [ERROR] Please download credentials from Google Cloud Console
2026-02-06 04:44:30 +05:00: Traceback (most recent call last):
2026-02-06 04:44:30 +05:00:   File "/mnt/d/Hackathons/hackathon-0/silver/run_gmail_watcher.py", line 23, in <module>
2026-02-06 04:44:30 +05:00:     watcher = GmailWatcher(vault_path, credentials_path)
2026-02-06 04:44:30 +05:00:               ^^^^^^^^^^^^^^^^^^^^^^^^^^^^^^^^^^^^^^^^^^
2026-02-06 04:44:30 +05:00:   File "/mnt/d/Hackathons/hackathon-0/silver/src/watchers/gmail_watcher.py", line 71, in __init__
2026-02-06 04:44:30 +05:00:     
2026-02-06 04:44:30 +05:00: self._init_gmail_service()
2026-02-06 04:44:30 +05:00:   File "/mnt/d/Hackathons/hackathon-0/silver/src/watchers/gmail_watcher.py", line 91, in _init_gmail_service
2026-02-06 04:44:30 +05:00:     raise FileNotFoundError(f"Gmail credentials not found: {self.credentials_path}")
2026-02-06 04:44:30 +05:00: FileNotFoundError: Gmail credentials not found: ./config/gmail_credentials.json
2026-02-06 04:44:59 +05:00: [ERROR] Gmail credentials not found at ./config/gmail_credentials.json
2026-02-06 04:44:59 +05:00: [ERROR] Please download credentials from Google Cloud Console
2026-02-06 04:44:59 +05:00: Traceback (most recent call last):
2026-02-06 04:44:59 +05:00:   File "/mnt/d/Hackathons/hackathon-0/silver/run_gmail_watcher.py", line 23, in <module>
2026-02-06 04:44:59 +05:00:     watcher = GmailWatcher(vault_path, credentials_path)
2026-02-06 04:44:59 +05:00:               ^^^^^^^^^^^^^^^^^^^^^^^^^^^^^^^^^^^^^^^^^^
2026-02-06 04:44:59 +05:00:   File "/mnt/d/Hackathons/hackathon-0/silver/src/watchers/gmail_watcher.py", line 71, in __init__
2026-02-06 04:44:59 +05:00:     self._init_gmail_service()
2026-02-06 04:44:59 +05:00:   File "/mnt/d/Hackathons/hackathon-0/silver/src/watchers/gmail_watcher.py", line 91, in _init_gmail_service
2026-02-06 04:44:59 +05:00:     raise FileNotFoundError(f"Gmail credentials not found: {self.credentials_path}")
2026-02-06 04:44:59 +05:00: FileNotFoundError: Gmail credentials not found: ./config/gmail_credentials.json
2026-02-06 04:45:29 +05:00: [ERROR] Gmail credentials not found at ./config/gmail_credentials.json
2026-02-06 04:45:29 +05:00: [ERROR] Please download credentials from Google Cloud Console
2026-02-06 04:45:29 +05:00: Traceback (most recent call last):
2026-02-06 04:45:29 +05:00:   File "/mnt/d/Hackathons/hackathon-0/silver/run_gmail_watcher.py", line 23, in <module>
2026-02-06 04:45:29 +05:00:     watcher = GmailWatcher(vault_path, credentials_path)
2026-02-06 04:45:29 +05:00:               ^^^^^^^^^^^^^^^^^^^^^^^^^^^^^^^^^
2026-02-06 04:45:29 +05:00: ^^^^^^^^^
2026-02-06 04:45:29 +05:00:   File "/mnt/d/Hackathons/hackathon-0/silver/src/watchers/gmail_watcher.py", line 71, in __init__
2026-02-06 04:45:29 +05:00:     self._init_gmail_service()
2026-02-06 04:45:29 +05:00:   File "/mnt/d/Hackathons/hackathon-0/silver/src/watchers/gmail_watcher.py", line 91, in _init_gmail_service
2026-02-06 04:45:29 +05:00:     raise FileNotFoundError(f"Gmail credentials not found: {self.credentials_path}")
2026-02-06 04:45:29 +05:00: FileNotFoundError: Gmail credentials not found: ./config/gmail_credentials.json
2026-02-06 04:45:53 +05:00: [ERROR] Gmail credentials not found at ./config/gmail_credentials.json
2026-02-06 04:45:53 +05:00: [ERROR] Please download credentials from Google Cloud Console
2026-02-06 04:45:53 +05:00: Traceback (most recent call last):
2026-02-06 04:45:53 +05:00:   File "/mnt/d/Hackathons/hackathon-0/silver/run_gmail_watcher.py", line 23, in <module>
2026-02-06 04:45:53 +05:00:     watcher = GmailWatcher(vault_path, credentials_path)
2026-02-06 04:45:53 +05:00:               ^^^^^^^^^^^^^^^^^^^^^^^^^^^^^^^^^^^^^^^^^^
2026-02-06 04:45:53 +05:00:   File "/mnt/d/Hackathons/hackathon-0/silver/src/watchers/gmail_watcher.py", line 71, in __init__
2026-02-06 04:45:53 +05:00:     self._init_gmail_service()
2026-02-06 04:45:53 +05:00:   File "/mnt/d/Hackathons/hackathon-0/silver/src/watchers/gmail_watcher.py", line 91, in _init_gmail_service
2026-02-06 04:45:53 +05:00:     raise FileNotFoundError(f"Gmail credentials not found: {self.credentials_path}")
2026-02-06 04:45:53 +05:00: 
2026-02-06 04:45:53 +05:00: FileNotFoundError: Gmail credentials not found: ./config/gmail_credentials.json
2026-02-06 04:46:19 +05:00: [ERROR] Gmail credentials not found at ./config/gmail_credentials.json
2026-02-06 04:46:19 +05:00: [ERROR] Please download credentials from Google Cloud Console
2026-02-06 04:46:19 +05:00: Traceback (most recent call last):
2026-02-06 04:46:19 +05:00:   File "/mnt/d/Hackathons/hackathon-0/silver/run_gmail_watcher.py", line 23, in <module>
2026-02-06 04:46:19 +05:00:     watcher = GmailWatcher(vault_path, credentials_path)
2026-02-06 04:46:19 +05:00:               ^^^^^^^^^^^^^^^^^^^^^^^^^^^^^^^^^^^^^^^^^^
2026-02-06 04:46:19 +05:00:   File "/mnt/d/Hackathons/hackathon-0/silver/src/watchers/gmail_watcher.py", line 71, in __init__
2026-02-06 04:46:19 +05:00:     self._init_gmail_service()
2026-02-06 04:46:19 +05:00:   File "/mnt/d/Hackathons/hackathon-0/silver/src/watchers/gmail_watcher.py", line 91, in _init_gmail_service
2026-02-06 04:46:19 +05:00:     raise FileNotFoundError(f"Gmail credentials not found: {self.credentials_path}")
2026-02-06 04:46:19 +05:00: FileNotFoundError: Gmail credentials not found: ./config/gmail_credentials.json
2026-02-06 04:46:41 +05:00: [ERROR] Gmail credentials not found at ./config/gmail_credentials.json
2026-02-06 04:46:41 +05:00: [ERROR] Please download credentials from Google Cloud Console
2026-02-06 04:46:41 +05:00: Traceback (most recent call last):
2026-02-06 04:46:41 +05:00:   File "/mnt/d/Hackathons/hackathon-0/silver/run_gmail_watcher.py", line 23, in <module>
2026-02-06 04:46:42 +05:00:     watcher = GmailWatcher(vault_path, credentials_path)
2026-02-06 04:46:42 +05:00:               ^^^^^^^^^^^^^^^^^^^^^^^^^^^^^^^^^^^^^^^^^^
2026-02-06 04:46:42 +05:00:   File "/mnt/d/Hackathons/hackathon-0/silver/src/watchers/gmail_watcher.py", line 71, in __init__
2026-02-06 04:46:42 +05:00:     self._init_gmail_service()
2026-02-06 04:46:42 +05:00:   File "/mnt/d/Hackathons/hackathon-0/silver/src/watchers/gmail_watcher.py", line 91, in _init_gmail_service
2026-02-06 04:46:42 +05:00:     raise FileNotFoundError(f"Gmail credentials not found: {self.credentials_path}")
2026-02-06 04:46:42 +05:00: FileNotFoundError: Gmail credentials not found: ./config/gmail_credentials.json
2026-02-06 04:47:19 +05:00: [ERROR] Gmail credentials not found at ./config/gmail_credentials.json
2026-02-06 04:47:19 +05:00: [ERROR] Please download credentials from Google Cloud Console
2026-02-06 04:47:19 +05:00: Traceback (most recent call last):
2026-02-06 04:47:19 +05:00:   File "/mnt/d/Hackathons/hackathon-0/silver/run_gmail_watcher.py", line 23, in <module>
2026-02-06 04:47:19 +05:00:     watcher = GmailWatcher(vault_path, credentials_path)
2026-02-06 04:47:19 +05:00:               ^^^^^^^^^^^^^^^^^^^^^^^^^^^^^^^^^^^^^^^^^^
2026-02-06 04:47:19 +05:00:   File "/mnt/d/Hackathons/hackathon-0/silver/src/watchers/gmail_watcher.py", line 71, in __init__
2026-02-06 04:47:19 +05:00:     self._init_gmail_service()
2026-02-06 04:47:19 +05:00:   File "/mnt/d/Hackathons/hackathon-0/silver/src/watchers/gmail_watcher.py", line 91, in _init_gmail_service
2026-02-06 04:47:19 +05:00:     
2026-02-06 04:47:19 +05:00: raise FileNotFoundError(f"Gmail credentials not found: {self.credentials_path}")
2026-02-06 04:47:19 +05:00: 
2026-02-06 04:47:19 +05:00: FileNotFoundError
2026-02-06 04:47:19 +05:00: : 
2026-02-06 04:47:19 +05:00: Gmail credentials not found: ./config/gmail_credentials.json
2026-02-06 04:47:19 +05:00: 
2026-02-06 04:47:31 +05:00: Traceback (most recent call last):
2026-02-06 04:47:31 +05:00:   File "/mnt/d/Hackathons/hackathon-0/silver/venv/lib/python3.12/site-packages/google/auth/crypt/rsa.py", line 20, in <module>
2026-02-06 04:47:31 +05:00:     from google.auth.crypt import _cryptography_rsa
2026-02-06 04:47:31 +05:00:   File "/mnt/d/Hackathons/hackathon-0/silver/venv/lib/python3.12/site-packages/google/auth/crypt/_cryptography_rsa.py", line 22, in <module>
2026-02-06 04:47:31 +05:00:     import cryptography.exceptions
2026-02-06 04:47:31 +05:00: ModuleNotFoundError: No module named 'cryptography'
2026-02-06 04:47:31 +05:00: 
2026-02-06 04:47:31 +05:00: During handling of the above exception, another exception occurred:
2026-02-06 04:47:31 +05:00: 
2026-02-06 04:47:31 +05:00: Traceback (most recent call last):
2026-02-06 04:47:31 +05:00:   File "/mnt/d/Hackathons/hackathon-0/silver/run_gmail_watcher.py", line 15, in <module>
2026-02-06 04:47:31 +05:00:     
2026-02-06 04:47:31 +05:00: from src.watchers.gmail_watcher import GmailWatcher
2026-02-06 04:47:31 +05:00:   File "/mnt/d/Hackathons/hackathon-0/silver/src/watchers/gmail_watcher.py", line 13, in <module>
2026-02-06 04:47:31 +05:00:     from google.oauth2.credentials import Credentials
2026-02-06 04:47:31 +05:00:   File "/mnt/d/Hackathons/hackathon-0/silver/venv/lib/python3.12/site-packages/google/oauth2/credentials.py", line 45, in <module>
2026-02-06 04:47:31 +05:00:     from google.oauth2 import reauth
2026-02-06 04:47:31 +05:00:   File "/mnt/d/Hackathons/hackathon-0/silver/venv/lib/python3.12/site-packages/google/oauth2/reauth.py", line 39, in <module>
2026-02-06 04:47:31 +05:00:     from google.oauth2 import _client
2026-02-06 04:47:31 +05:00:   File "/mnt/d/Hackathons/hackathon-0/silver/venv/lib/python3.12/site-packages/google/oauth2/_client.py", line 34, in <module>
2026-02-06 04:47:31 +05:00:     from google.auth import jwt
2026-02-06 04:47:31 +05:00:   File "/mnt/d/Hackathons/hackathon-0/silver/venv/lib/python3.12/site-packages/google/auth/jwt.py", line 56, in <module>
2026-02-06 04:47:32 +05:00:     from google.auth import _service_account_info
2026-02-06 04:47:32 +05:00:   File "/mnt/d/Hackathons/hackathon-0/silver/venv/lib/python3.12/site-packages/google/auth/_service_account_info.py", line 20, in <module>
2026-02-06 04:47:32 +05:00:     from google.auth import crypt
2026-02-06 04:47:32 +05:00:   File "/mnt/d/Hackathons/hackathon-0/silver/venv/lib/python3.12/site-packages/google/auth/crypt/__init__.py", line 41, in <module>
2026-02-06 04:47:32 +05:00:     from google.auth.crypt import rsa
2026-02-06 04:47:32 +05:00:   File "/mnt/d/Hackathons/hackathon-0/silver/venv/lib/python3.12/site-packages/google/auth/crypt/rsa.py", line 27, in <module>
2026-02-06 04:47:32 +05:00:     from google.auth.crypt import _python_rsa
2026-02-06 04:47:32 +05:00:   File "/mnt/d/Hackathons/hackathon-0/silver/venv/lib/python3.12/site-packages/google/auth/crypt/_python_rsa.py", line 26, in <module>
2026-02-06 04:47:32 +05:00:     from pyasn1.codec.der import decoder  # type: ignore
2026-02-06 04:47:32 +05:00:     ^^^^^^^^^^^^^^^^^^^^^^^^^^^^^^^^^^^^
2026-02-06 04:47:32 +05:00:   File "/mnt/d/Hackathons/hackathon-0/silver/venv/lib/python3.12/site-packages/pyasn1/codec/der/decoder.py", line 9, in <module>
2026-02-06 04:47:32 +05:00:     from pyasn1.codec.cer import decoder
2026-02-06 04:47:32 +05:00:   File "/mnt/d/Hackathons/hackathon-0/silver/venv/lib/python3.12/site-packages/pyasn1/codec/cer/decoder.py", line 10, in <module>
2026-02-06 04:47:32 +05:00:     from pyasn1.codec.streaming import readFromStream
2026-02-06 04:47:32 +05:00:   File "/mnt/d/Hackathons/hackathon-0/silver/venv/lib/python3.12/site-packages/pyasn1/codec/streaming.py", line 11, in <module>
2026-02-06 04:47:32 +05:00:     from pyasn1.type import univ
2026-02-06 04:47:32 +05:00:   File "/mnt/d/Hackathons/hackathon-0/silver/venv/lib/python3.12/site-packages/pyasn1/type/univ.py", line 12, in <module>
2026-02-06 04:47:32 +05:00:     from pyasn1.compat import integer
2026-02-06 04:47:32 +05:00:   File "<frozen importlib._bootstrap>", line 1360, in _find_and_load
2026-02-06 04:47:32 +05:00:   File "<frozen importlib._bootstrap>", line 1322, in _find_and_load_unlocked
2026-02-06 04:47:32 +05:00:   File "<frozen importlib._bootstrap>", line 1262, in _find_spec
2026-02-06 04:47:32 +05:00:   File "<frozen importlib._bootstrap_external>", line 1528, in find_spec
2026-02-06 04:47:32 +05:00:   File "<frozen importlib._bootstrap_external>", line 1502, in _get_spec
2026-02-06 04:47:32 +05:00:   File "<frozen importlib._bootstrap_external>", line 1620, in find_spec
2026-02-06 04:47:32 +05:00: KeyboardInterrupt
2026-02-06 04:48:34 +05:00: [INFO] Starting Gmail OAuth flow
2026-02-06 04:48:51 +05:00: gio: https://accounts.google.com/o/oauth2/auth?response_type=code&client_id=383664295042-jg42356dsocp5va1vshipvec0naulglk.apps.googleusercontent.com&redirect_uri=http%3A%2F%2Flocalhost%3A55301%2F&scope=https%3A%2F%2Fwww.googleapis.com%2Fauth%2Fgmail.readonly&state=u5Q9dbmaYVo9uLeOpywemvrkw9al7T&access_type=offline: Operation not supported
2026-02-06 21:22:58 +05:00: [INFO] Received SIGINT, initiating graceful shutdown
2026-02-06 21:27:37 +05:00: [INFO] Starting Gmail OAuth flow
2026-02-06 21:28:11 +05:00: gio: https://accounts.google.com/o/oauth2/auth?response_type=code&client_id=383664295042-jg42356dsocp5va1vshipvec0naulglk.apps.googleusercontent.com&redirect_uri=http%3A%2F%2Flocalhost%3A51879%2F&scope=https%3A%2F%2Fwww.googleapis.com%2Fauth%2Fgmail.readonly&state=8gtbhG0kUoCMyoI71ouRpFvBCxD5T1&access_type=offline: Operation not supported
2026-02-11 13:43:20 +05:00: [INFO] Starting Gmail OAuth flow
2026-02-11 13:43:30 +05:00: gio: https://accounts.google.com/o/oauth2/auth?response_type=code&client_id=383664295042-jg42356dsocp5va1vshipvec0naulglk.apps.googleusercontent.com&redirect_uri=http%3A%2F%2Flocalhost%3A57593%2F&scope=https%3A%2F%2Fwww.googleapis.com%2Fauth%2Fgmail.readonly&state=i9PZa0n9DEwgyMiLaeeS5h3FFk6ao0&access_type=offline: Operation not supported
2026-02-11 21:23:01 +05:00: [INFO] Received SIGINT, initiating graceful shutdown
2026-02-11 21:26:05 +05:00: [INFO] Starting Gmail OAuth flow
2026-02-11 21:26:11 +05:00: gio: https://accounts.google.com/o/oauth2/auth?response_type=code&client_id=383664295042-jg42356dsocp5va1vshipvec0naulglk.apps.googleusercontent.com&redirect_uri=http%3A%2F%2Flocalhost%3A41237%2F&scope=https%3A%2F%2Fwww.googleapis.com%2Fauth%2Fgmail.readonly&state=GQDaBV276JSnCgyGSvby2wUYeM1EJ1&access_type=offline: Operation not supported
2026-02-12 01:19:27 +05:00: [INFO] Starting Gmail OAuth flow
2026-02-12 01:19:30 +05:00: gio: https://accounts.google.com/o/oauth2/auth?response_type=code&client_id=383664295042-jg42356dsocp5va1vshipvec0naulglk.apps.googleusercontent.com&redirect_uri=http%3A%2F%2Flocalhost%3A56697%2F&scope=https%3A%2F%2Fwww.googleapis.com%2Fauth%2Fgmail.readonly&state=hKrOWUVIZrXQlGQR4bnk97BbwPveyS&access_type=offline: Operation not supported
2026-02-12 01:24:33 +05:00: [INFO] Received SIGINT, initiating graceful shutdown
2026-02-12 01:26:36 +05:00: [INFO] Starting Gmail OAuth flow
2026-02-12 01:26:40 +05:00: gio: https://accounts.google.com/o/oauth2/auth?response_type=code&client_id=383664295042-jg42356dsocp5va1vshipvec0naulglk.apps.googleusercontent.com&redirect_uri=http%3A%2F%2Flocalhost%3A57831%2F&scope=https%3A%2F%2Fwww.googleapis.com%2Fauth%2Fgmail.readonly&state=6XNURuLOzy8ADoQtt8llRJGuDmKFeL&access_type=offline: Operation not supported
2026-02-12 01:27:10 +05:00: [INFO] Received SIGINT, initiating graceful shutdown
