2026-02-22 23:51:48,335 - whatsapp-action - INFO - Preparing to send WhatsApp message to Ubaid Test...
2026-02-22 23:51:52,082 - whatsapp-action - INFO - Navigating to WhatsApp Web...
2026-02-22 23:53:25,116 - whatsapp-action - ERROR - Action failed on attempt 1: Page.wait_for_selector: Timeout 90000ms exceeded.
Call log:
  - waiting for locator("[data-testid=\"chat-list-search\"]") to be visible

2026-02-22 23:53:29,595 - whatsapp-action - INFO - Retrying after a short delay...
2026-02-22 23:53:43,124 - whatsapp-action - INFO - Navigating to WhatsApp Web...
2026-02-22 23:55:14,772 - whatsapp-action - ERROR - Action failed on attempt 2: Page.wait_for_selector: Timeout 90000ms exceeded.
Call log:
  - waiting for locator("[data-testid=\"chat-list-search\"]") to be visible

2026-02-22 23:55:15,557 - whatsapp-action - ERROR - A critical error occurred: Page.wait_for_selector: Timeout 90000ms exceeded.
Call log:
  - waiting for locator("[data-testid=\"chat-list-search\"]") to be visible

2026-02-23 00:07:56,120 - whatsapp-action - INFO - Preparing to send WhatsApp message to Ubaid Test...
2026-02-23 00:07:59,542 - whatsapp-action - INFO - Navigating to WhatsApp Web...
2026-02-23 00:17:51,365 - whatsapp-action - INFO - Preparing to send WhatsApp message to Test Contact...
2026-02-23 00:17:55,666 - whatsapp-action - INFO - Navigating to WhatsApp Web...
2026-02-23 00:19:27,576 - whatsapp-action - ERROR - Action failed on attempt 1: Page.wait_for_selector: Timeout 90000ms exceeded.
Call log:
  - waiting for locator("[data-testid=\"chat-list-search\"]") to be visible

2026-02-23 00:19:30,160 - whatsapp-action - INFO - Retrying after a short delay...
2026-02-23 00:19:43,731 - whatsapp-action - INFO - Navigating to WhatsApp Web...
2026-02-23 00:21:15,493 - whatsapp-action - ERROR - Action failed on attempt 2: Page.wait_for_selector: Timeout 90000ms exceeded.
Call log:
  - waiting for locator("[data-testid=\"chat-list-search\"]") to be visible

2026-02-23 00:21:16,293 - whatsapp-action - ERROR - A critical error occurred: Page.wait_for_selector: Timeout 90000ms exceeded.
Call log:
  - waiting for locator("[data-testid=\"chat-list-search\"]") to be visible

2026-02-23 00:36:46,626 - whatsapp-action - INFO - Preparing to send WhatsApp message to Test Contact...
2026-02-23 00:36:50,556 - whatsapp-action - INFO - Navigating to WhatsApp Web...
2026-02-23 00:38:22,087 - whatsapp-action - ERROR - Action failed on attempt 1: Page.wait_for_selector: Timeout 90000ms exceeded.
Call log:
  - waiting for locator("[data-testid=\"chat-list-search\"]") to be visible

2026-02-23 00:38:23,843 - whatsapp-action - INFO - Retrying after a short delay...
2026-02-23 00:38:37,122 - whatsapp-action - INFO - Navigating to WhatsApp Web...
2026-02-23 00:40:08,597 - whatsapp-action - ERROR - Action failed on attempt 2: Page.wait_for_selector: Timeout 90000ms exceeded.
Call log:
  - waiting for locator("[data-testid=\"chat-list-search\"]") to be visible

2026-02-23 00:40:09,375 - whatsapp-action - ERROR - A critical error occurred: Page.wait_for_selector: Timeout 90000ms exceeded.
Call log:
  - waiting for locator("[data-testid=\"chat-list-search\"]") to be visible

2026-02-23 15:51:58,413 - whatsapp-action - INFO - Preparing to send WhatsApp message to Cortex Agents (Agency)...
2026-02-23 15:52:02,368 - whatsapp-action - INFO - Navigating to WhatsApp Web...
2026-02-23 15:53:34,621 - whatsapp-action - ERROR - Action failed on attempt 1: Page.wait_for_selector: Timeout 90000ms exceeded.
Call log:
  - waiting for locator("[data-testid=\"chat-list-search\"]") to be visible

2026-02-23 15:53:35,494 - whatsapp-action - INFO - Retrying after a short delay...
2026-02-23 15:53:48,758 - whatsapp-action - INFO - Navigating to WhatsApp Web...
2026-02-23 15:55:21,173 - whatsapp-action - ERROR - Action failed on attempt 2: Page.wait_for_selector: Timeout 90000ms exceeded.
Call log:
  - waiting for locator("[data-testid=\"chat-list-search\"]") to be visible

2026-02-23 15:55:21,898 - whatsapp-action - ERROR - A critical error occurred: Page.wait_for_selector: Timeout 90000ms exceeded.
Call log:
  - waiting for locator("[data-testid=\"chat-list-search\"]") to be visible

2026-02-23 19:39:00,676 - whatsapp-action - INFO - Preparing to send WhatsApp message to +923212322687...
2026-02-23 19:39:04,946 - whatsapp-action - INFO - Navigating to WhatsApp Web...
2026-02-23 19:40:37,292 - whatsapp-action - ERROR - Action failed on attempt 1: Page.wait_for_selector: Timeout 90000ms exceeded.
Call log:
  - waiting for locator("[data-testid=\"chat-list-search\"]") to be visible

2026-02-23 19:40:37,902 - whatsapp-action - INFO - Retrying after a short delay...
2026-02-23 19:40:50,631 - whatsapp-action - INFO - Navigating to WhatsApp Web...
2026-02-23 22:14:19,879 - whatsapp-action - INFO - Preparing to send WhatsApp message to +923212322687...
2026-02-23 22:14:19,879 - whatsapp-action - INFO - Stopping WhatsApp watcher to release browser session...
2026-02-23 22:14:19,888 - whatsapp-action - WARNING - Could not stop watcher: [WinError 2] The system cannot find the file specified
2026-02-23 22:14:19,897 - whatsapp-action - INFO - Created lock file
2026-02-23 22:14:23,825 - whatsapp-action - ERROR - A critical error occurred: BrowserType.launch_persistent_context: Target page, context or browser has been closed
Browser logs:

<launching> C:\Program Files\Google\Chrome\Application\chrome.exe --disable-field-trial-config --disable-background-networking --disable-background-timer-throttling --disable-backgrounding-occluded-windows --disable-back-forward-cache --disable-breakpad --disable-client-side-phishing-detection --disable-component-extensions-with-background-pages --disable-component-update --no-default-browser-check --disable-default-apps --disable-dev-shm-usage --disable-extensions --disable-features=AvoidUnnecessaryBeforeUnloadCheckSync,BoundaryEventDispatchTracksNodeRemoval,DestroyProfileOnBrowserClose,DialMediaRouteProvider,GlobalMediaControls,HttpsUpgrades,LensOverlay,MediaRouter,PaintHolding,ThirdPartyStoragePartitioning,Translate,AutoDeElevate,RenderDocument,OptimizationHints --enable-features=CDPScreenshotNewSurface --allow-pre-commit-input --disable-hang-monitor --disable-ipc-flooding-protection --disable-popup-blocking --disable-prompt-on-repost --disable-renderer-backgrounding --force-color-profile=srgb --metrics-recording-only --no-first-run --password-store=basic --use-mock-keychain --no-service-autorun --export-tagged-pdf --disable-search-engine-choice-screen --unsafely-disable-devtools-self-xss-warnings --edge-skip-compat-layer-relaunch --enable-automation --disable-infobars --disable-search-engine-choice-screen --disable-sync --enable-unsafe-swiftshader --no-sandbox --disable-blink-features=AutomationControlled --no-sandbox --disable-gpu --user-data-dir=D:\Hackathons\hackathon-0\silver\sessions\wa_fresh --remote-debugging-pipe about:blank
<launched> pid=23928
Call log:
  - <launching> C:\Program Files\Google\Chrome\Application\chrome.exe --disable-field-trial-config --disable-background-networking --disable-background-timer-throttling --disable-backgrounding-occluded-windows --disable-back-forward-cache --disable-breakpad --disable-client-side-phishing-detection --disable-component-extensions-with-background-pages --disable-component-update --no-default-browser-check --disable-default-apps --disable-dev-shm-usage --disable-extensions --disable-features=AvoidUnnecessaryBeforeUnloadCheckSync,BoundaryEventDispatchTracksNodeRemoval,DestroyProfileOnBrowserClose,DialMediaRouteProvider,GlobalMediaControls,HttpsUpgrades,LensOverlay,MediaRouter,PaintHolding,ThirdPartyStoragePartitioning,Translate,AutoDeElevate,RenderDocument,OptimizationHints --enable-features=CDPScreenshotNewSurface --allow-pre-commit-input --disable-hang-monitor --disable-ipc-flooding-protection --disable-popup-blocking --disable-prompt-on-repost --disable-renderer-backgrounding --force-color-profile=srgb --metrics-recording-only --no-first-run --password-store=basic --use-mock-keychain --no-service-autorun --export-tagged-pdf --disable-search-engine-choice-screen --unsafely-disable-devtools-self-xss-warnings --edge-skip-compat-layer-relaunch --enable-automation --disable-infobars --disable-search-engine-choice-screen --disable-sync --enable-unsafe-swiftshader --no-sandbox --disable-blink-features=AutomationControlled --no-sandbox --disable-gpu --user-data-dir=D:\Hackathons\hackathon-0\silver\sessions\wa_fresh --remote-debugging-pipe about:blank
  - <launched> pid=23928
  - [pid=23928] <gracefully close start>
  - [pid=23928] <kill>
  - [pid=23928] <will force kill>
  - [pid=23928] taskkill stderr: ERROR: The process "23928" not found.
  - [pid=23928] <process did exit: exitCode=21, signal=null>
  - [pid=23928] starting temporary directories cleanup
  - [pid=23928] finished temporary directories cleanup
  - [pid=23928] <gracefully close end>

2026-02-23 22:14:23,825 - whatsapp-action - WARNING - Session may be locked by another process (watcher?). Waiting and retrying...
2026-02-23 22:14:41,930 - whatsapp-action - INFO - Navigating to WhatsApp Web...
2026-02-23 22:49:02,405 - whatsapp-action - INFO - Preparing to send WhatsApp message to +923212322687...
2026-02-23 22:49:06,164 - whatsapp-action - INFO - Navigating to WhatsApp Web...
2026-02-23 22:49:35,411 - whatsapp-action - ERROR - Action failed on attempt 1: Page.wait_for_selector: Page crashed
Call log:
  - waiting for locator("[data-testid=\"chat-list-search\"]") to be visible

2026-02-23 22:49:38,029 - whatsapp-action - ERROR - A critical error occurred: Page.screenshot: Target crashed 
Call log:
  - taking page screenshot
  - waiting for fonts to load...
  - fonts loaded

2026-02-23 23:11:37,542 - whatsapp-action - INFO - Preparing to send WhatsApp message to Cortex Agents (Agency)...
2026-02-23 23:11:40,282 - whatsapp-action - INFO - Navigating to WhatsApp Web...
2026-02-23 23:13:12,381 - whatsapp-action - ERROR - Action failed on attempt 1: Page.wait_for_selector: Timeout 90000ms exceeded.
Call log:
  - waiting for locator("[data-testid=\"chat-list-search\"]") to be visible

2026-02-23 23:13:13,086 - whatsapp-action - INFO - Retrying after a short delay...
2026-02-23 23:13:25,374 - whatsapp-action - INFO - Navigating to WhatsApp Web...
2026-02-23 23:14:56,439 - whatsapp-action - ERROR - Action failed on attempt 2: Page.wait_for_selector: Timeout 90000ms exceeded.
Call log:
  - waiting for locator("[data-testid=\"chat-list-search\"]") to be visible

2026-02-23 23:14:57,379 - whatsapp-action - ERROR - A critical error occurred: Page.wait_for_selector: Timeout 90000ms exceeded.
Call log:
  - waiting for locator("[data-testid=\"chat-list-search\"]") to be visible

2026-02-23 23:14:59,055 - whatsapp-action - INFO - Preparing to send WhatsApp message to Hamza Ali (GIAIC)...
2026-02-23 23:15:01,258 - whatsapp-action - INFO - Navigating to WhatsApp Web...
2026-02-23 23:16:32,702 - whatsapp-action - ERROR - Action failed on attempt 1: Page.wait_for_selector: Timeout 90000ms exceeded.
Call log:
  - waiting for locator("[data-testid=\"chat-list-search\"]") to be visible

2026-02-23 23:16:35,902 - whatsapp-action - INFO - Retrying after a short delay...
2026-02-23 23:16:48,284 - whatsapp-action - INFO - Navigating to WhatsApp Web...
2026-02-23 23:18:21,143 - whatsapp-action - ERROR - Action failed on attempt 2: Page.wait_for_selector: Timeout 90000ms exceeded.
Call log:
  - waiting for locator("[data-testid=\"chat-list-search\"]") to be visible

2026-02-23 23:18:21,625 - whatsapp-action - ERROR - A critical error occurred: Page.wait_for_selector: Timeout 90000ms exceeded.
Call log:
  - waiting for locator("[data-testid=\"chat-list-search\"]") to be visible

2026-02-23 23:23:22,950 - whatsapp-action - INFO - Preparing to send WhatsApp message to Cortex Agents (Agency)...
2026-02-23 23:23:26,001 - whatsapp-action - INFO - Navigating to WhatsApp Web...
2026-02-23 23:24:57,150 - whatsapp-action - ERROR - Action failed on attempt 1: Page.wait_for_selector: Timeout 90000ms exceeded.
Call log:
  - waiting for locator("[data-testid=\"chat-list-search\"]") to be visible

2026-02-23 23:24:58,315 - whatsapp-action - INFO - Retrying after a short delay...
2026-02-23 23:25:10,467 - whatsapp-action - INFO - Navigating to WhatsApp Web...
2026-02-23 23:26:41,627 - whatsapp-action - ERROR - Action failed on attempt 2: Page.wait_for_selector: Timeout 90000ms exceeded.
Call log:
  - waiting for locator("[data-testid=\"chat-list-search\"]") to be visible

2026-02-23 23:26:42,338 - whatsapp-action - ERROR - A critical error occurred: Page.wait_for_selector: Timeout 90000ms exceeded.
Call log:
  - waiting for locator("[data-testid=\"chat-list-search\"]") to be visible

2026-02-23 23:26:43,877 - whatsapp-action - INFO - Preparing to send WhatsApp message to Hamza Ali (GIAIC)...
2026-02-23 23:26:45,983 - whatsapp-action - INFO - Navigating to WhatsApp Web...
2026-02-23 23:28:17,673 - whatsapp-action - ERROR - Action failed on attempt 1: Page.wait_for_selector: Timeout 90000ms exceeded.
Call log:
  - waiting for locator("[data-testid=\"chat-list-search\"]") to be visible

2026-02-23 23:28:18,671 - whatsapp-action - INFO - Retrying after a short delay...
2026-02-23 23:28:30,829 - whatsapp-action - INFO - Navigating to WhatsApp Web...
2026-02-23 23:30:02,048 - whatsapp-action - ERROR - Action failed on attempt 2: Page.wait_for_selector: Timeout 90000ms exceeded.
Call log:
  - waiting for locator("[data-testid=\"chat-list-search\"]") to be visible

2026-02-23 23:30:02,950 - whatsapp-action - ERROR - A critical error occurred: Page.wait_for_selector: Timeout 90000ms exceeded.
Call log:
  - waiting for locator("[data-testid=\"chat-list-search\"]") to be visible

2026-02-23 23:35:04,509 - whatsapp-action - INFO - Preparing to send WhatsApp message to Cortex Agents (Agency)...
2026-02-23 23:35:07,279 - whatsapp-action - INFO - Navigating to WhatsApp Web...
2026-02-23 23:36:39,888 - whatsapp-action - ERROR - Action failed on attempt 1: Page.wait_for_selector: Timeout 90000ms exceeded.
Call log:
  - waiting for locator("[data-testid=\"chat-list-search\"]") to be visible

2026-02-23 23:36:44,212 - whatsapp-action - INFO - Retrying after a short delay...
2026-02-23 23:36:59,720 - whatsapp-action - INFO - Navigating to WhatsApp Web...
2026-02-23 23:38:53,715 - whatsapp-action - ERROR - Action failed on attempt 2: Page.wait_for_selector: Timeout 90000ms exceeded.
Call log:
  - waiting for locator("[data-testid=\"chat-list-search\"]") to be visible

2026-02-23 23:38:54,538 - whatsapp-action - ERROR - A critical error occurred: Page.wait_for_selector: Timeout 90000ms exceeded.
Call log:
  - waiting for locator("[data-testid=\"chat-list-search\"]") to be visible

2026-02-23 23:38:56,196 - whatsapp-action - INFO - Preparing to send WhatsApp message to Hamza Ali (GIAIC)...
2026-02-23 23:38:58,515 - whatsapp-action - INFO - Navigating to WhatsApp Web...
2026-02-23 23:40:30,346 - whatsapp-action - ERROR - Action failed on attempt 1: Page.wait_for_selector: Timeout 90000ms exceeded.
Call log:
  - waiting for locator("[data-testid=\"chat-list-search\"]") to be visible

2026-02-23 23:40:32,790 - whatsapp-action - INFO - Retrying after a short delay...
2026-02-23 23:40:45,105 - whatsapp-action - INFO - Navigating to WhatsApp Web...
2026-02-23 23:42:16,477 - whatsapp-action - ERROR - Action failed on attempt 2: Page.wait_for_selector: Timeout 90000ms exceeded.
Call log:
  - waiting for locator("[data-testid=\"chat-list-search\"]") to be visible

2026-02-23 23:42:17,956 - whatsapp-action - ERROR - A critical error occurred: Page.wait_for_selector: Timeout 90000ms exceeded.
Call log:
  - waiting for locator("[data-testid=\"chat-list-search\"]") to be visible

2026-02-23 23:47:19,720 - whatsapp-action - INFO - Preparing to send WhatsApp message to Cortex Agents (Agency)...
2026-02-23 23:47:22,668 - whatsapp-action - INFO - Navigating to WhatsApp Web...
2026-02-23 23:48:54,013 - whatsapp-action - ERROR - Action failed on attempt 1: Page.wait_for_selector: Timeout 90000ms exceeded.
Call log:
  - waiting for locator("[data-testid=\"chat-list-search\"]") to be visible

2026-02-23 23:48:55,061 - whatsapp-action - INFO - Retrying after a short delay...
2026-02-23 23:49:07,465 - whatsapp-action - INFO - Navigating to WhatsApp Web...
2026-02-23 23:50:39,442 - whatsapp-action - ERROR - Action failed on attempt 2: Page.wait_for_selector: Timeout 90000ms exceeded.
Call log:
  - waiting for locator("[data-testid=\"chat-list-search\"]") to be visible

2026-02-23 23:50:40,156 - whatsapp-action - ERROR - A critical error occurred: Page.wait_for_selector: Timeout 90000ms exceeded.
Call log:
  - waiting for locator("[data-testid=\"chat-list-search\"]") to be visible

2026-02-23 23:50:41,648 - whatsapp-action - INFO - Preparing to send WhatsApp message to Hamza Ali (GIAIC)...
2026-02-23 23:50:44,101 - whatsapp-action - INFO - Navigating to WhatsApp Web...
2026-02-23 23:52:15,786 - whatsapp-action - ERROR - Action failed on attempt 1: Page.wait_for_selector: Timeout 90000ms exceeded.
Call log:
  - waiting for locator("[data-testid=\"chat-list-search\"]") to be visible

2026-02-23 23:52:16,300 - whatsapp-action - INFO - Retrying after a short delay...
2026-02-23 23:52:29,149 - whatsapp-action - INFO - Navigating to WhatsApp Web...
2026-02-23 23:54:18,653 - whatsapp-action - ERROR - Action failed on attempt 2: Page.wait_for_selector: Timeout 90000ms exceeded.
Call log:
  - waiting for locator("[data-testid=\"chat-list-search\"]") to be visible

2026-02-23 23:54:19,312 - whatsapp-action - ERROR - A critical error occurred: Page.wait_for_selector: Timeout 90000ms exceeded.
Call log:
  - waiting for locator("[data-testid=\"chat-list-search\"]") to be visible

2026-02-23 23:59:21,198 - whatsapp-action - INFO - Preparing to send WhatsApp message to Cortex Agents (Agency)...
2026-02-23 23:59:24,309 - whatsapp-action - INFO - Navigating to WhatsApp Web...
2026-02-24 00:00:55,572 - whatsapp-action - ERROR - Action failed on attempt 1: Page.wait_for_selector: Timeout 90000ms exceeded.
Call log:
  - waiting for locator("[data-testid=\"chat-list-search\"]") to be visible

2026-02-24 00:00:56,559 - whatsapp-action - INFO - Retrying after a short delay...
2026-02-24 00:01:08,786 - whatsapp-action - INFO - Navigating to WhatsApp Web...
2026-02-24 00:02:40,289 - whatsapp-action - ERROR - Action failed on attempt 2: Page.wait_for_selector: Timeout 90000ms exceeded.
Call log:
  - waiting for locator("[data-testid=\"chat-list-search\"]") to be visible

2026-02-24 00:02:41,523 - whatsapp-action - ERROR - A critical error occurred: Page.wait_for_selector: Timeout 90000ms exceeded.
Call log:
  - waiting for locator("[data-testid=\"chat-list-search\"]") to be visible

2026-02-24 00:02:43,362 - whatsapp-action - INFO - Preparing to send WhatsApp message to Hamza Ali (GIAIC)...
2026-02-24 00:02:45,618 - whatsapp-action - INFO - Navigating to WhatsApp Web...
2026-02-24 00:04:17,948 - whatsapp-action - ERROR - Action failed on attempt 1: Page.wait_for_selector: Timeout 90000ms exceeded.
Call log:
  - waiting for locator("[data-testid=\"chat-list-search\"]") to be visible

2026-02-24 00:04:19,285 - whatsapp-action - INFO - Retrying after a short delay...
2026-02-24 00:04:31,591 - whatsapp-action - INFO - Navigating to WhatsApp Web...
2026-02-24 00:06:03,359 - whatsapp-action - ERROR - Action failed on attempt 2: Page.wait_for_selector: Timeout 90000ms exceeded.
Call log:
  - waiting for locator("[data-testid=\"chat-list-search\"]") to be visible

2026-02-24 00:06:04,287 - whatsapp-action - ERROR - A critical error occurred: Page.wait_for_selector: Timeout 90000ms exceeded.
Call log:
  - waiting for locator("[data-testid=\"chat-list-search\"]") to be visible

2026-02-24 00:10:18,150 - whatsapp-action - INFO - Preparing to send WhatsApp message to Cortex Agents (Agency)...
2026-02-24 00:10:21,645 - whatsapp-action - INFO - Navigating to WhatsApp Web...
2026-02-24 00:11:54,864 - whatsapp-action - ERROR - Action failed on attempt 1: Page.wait_for_selector: Timeout 90000ms exceeded.
Call log:
  - waiting for locator("[data-testid=\"chat-list-search\"]") to be visible

2026-02-24 00:11:55,653 - whatsapp-action - INFO - Retrying after a short delay...
2026-02-24 00:12:08,134 - whatsapp-action - INFO - Navigating to WhatsApp Web...
2026-02-24 00:13:39,811 - whatsapp-action - ERROR - Action failed on attempt 2: Page.wait_for_selector: Timeout 90000ms exceeded.
Call log:
  - waiting for locator("[data-testid=\"chat-list-search\"]") to be visible

2026-02-24 00:13:40,414 - whatsapp-action - ERROR - A critical error occurred: Page.wait_for_selector: Timeout 90000ms exceeded.
Call log:
  - waiting for locator("[data-testid=\"chat-list-search\"]") to be visible

2026-02-24 00:13:42,631 - whatsapp-action - INFO - Preparing to send WhatsApp message to Hamza Ali (GIAIC)...
2026-02-24 00:13:45,817 - whatsapp-action - INFO - Navigating to WhatsApp Web...
2026-02-24 00:15:23,763 - whatsapp-action - ERROR - Action failed on attempt 1: Page.wait_for_selector: Timeout 90000ms exceeded.
Call log:
  - waiting for locator("[data-testid=\"chat-list-search\"]") to be visible

2026-02-24 00:15:24,728 - whatsapp-action - INFO - Retrying after a short delay...
2026-02-24 00:15:37,696 - whatsapp-action - INFO - Navigating to WhatsApp Web...
2026-02-24 00:17:09,062 - whatsapp-action - ERROR - Action failed on attempt 2: Page.wait_for_selector: Timeout 90000ms exceeded.
Call log:
  - waiting for locator("[data-testid=\"chat-list-search\"]") to be visible

2026-02-24 00:17:10,355 - whatsapp-action - ERROR - A critical error occurred: Page.wait_for_selector: Timeout 90000ms exceeded.
Call log:
  - waiting for locator("[data-testid=\"chat-list-search\"]") to be visible

2026-02-24 00:19:25,856 - whatsapp-action - INFO - Preparing to send WhatsApp message to Cortex Agents (Agency)...
2026-02-24 00:19:25,858 - whatsapp-action - INFO - Created lock file for action
2026-02-24 00:19:28,726 - whatsapp-action - INFO - Navigating to WhatsApp Web...
2026-02-24 00:21:00,249 - whatsapp-action - ERROR - Action failed on attempt 1: Page.wait_for_selector: Timeout 90000ms exceeded.
Call log:
  - waiting for locator("[data-testid=\"chat-list-search\"]") to be visible

2026-02-24 00:21:01,668 - whatsapp-action - INFO - Retrying after a short delay...
2026-02-24 00:21:14,704 - whatsapp-action - INFO - Navigating to WhatsApp Web...
2026-02-24 00:22:46,288 - whatsapp-action - ERROR - Action failed on attempt 2: Page.wait_for_selector: Timeout 90000ms exceeded.
Call log:
  - waiting for locator("[data-testid=\"chat-list-search\"]") to be visible

2026-02-24 00:22:47,038 - whatsapp-action - ERROR - A critical error occurred: Page.wait_for_selector: Timeout 90000ms exceeded.
Call log:
  - waiting for locator("[data-testid=\"chat-list-search\"]") to be visible

2026-02-24 00:22:47,039 - whatsapp-action - INFO - Removed lock file
2026-02-24 00:22:48,616 - whatsapp-action - INFO - Preparing to send WhatsApp message to Hamza Ali (GIAIC)...
2026-02-24 00:22:48,620 - whatsapp-action - INFO - Created lock file for action
2026-02-24 00:22:51,476 - whatsapp-action - INFO - Navigating to WhatsApp Web...
2026-02-24 00:24:24,170 - whatsapp-action - ERROR - Action failed on attempt 1: Page.wait_for_selector: Timeout 90000ms exceeded.
Call log:
  - waiting for locator("[data-testid=\"chat-list-search\"]") to be visible

2026-02-24 00:24:24,879 - whatsapp-action - INFO - Retrying after a short delay...
2026-02-24 00:24:37,677 - whatsapp-action - INFO - Navigating to WhatsApp Web...
2026-02-24 00:26:09,103 - whatsapp-action - ERROR - Action failed on attempt 2: Page.wait_for_selector: Timeout 90000ms exceeded.
Call log:
  - waiting for locator("[data-testid=\"chat-list-search\"]") to be visible

2026-02-24 00:26:09,775 - whatsapp-action - ERROR - A critical error occurred: Page.wait_for_selector: Timeout 90000ms exceeded.
Call log:
  - waiting for locator("[data-testid=\"chat-list-search\"]") to be visible

2026-02-24 00:26:09,776 - whatsapp-action - INFO - Removed lock file
2026-02-24 00:29:00,131 - whatsapp-action - INFO - Preparing to send WhatsApp message to Cortex Agents (Agency)...
2026-02-24 00:29:00,179 - whatsapp-action - INFO - Created lock file for action
2026-02-24 00:29:04,708 - whatsapp-action - ERROR - A critical error occurred: BrowserType.launch_persistent_context: Target page, context or browser has been closed
Browser logs:

<launching> C:\Program Files\Google\Chrome\Application\chrome.exe --disable-field-trial-config --disable-background-networking --disable-background-timer-throttling --disable-backgrounding-occluded-windows --disable-back-forward-cache --disable-breakpad --disable-client-side-phishing-detection --disable-component-extensions-with-background-pages --disable-component-update --no-default-browser-check --disable-default-apps --disable-dev-shm-usage --disable-extensions --disable-features=AvoidUnnecessaryBeforeUnloadCheckSync,BoundaryEventDispatchTracksNodeRemoval,DestroyProfileOnBrowserClose,DialMediaRouteProvider,GlobalMediaControls,HttpsUpgrades,LensOverlay,MediaRouter,PaintHolding,ThirdPartyStoragePartitioning,Translate,AutoDeElevate,RenderDocument,OptimizationHints --enable-features=CDPScreenshotNewSurface --allow-pre-commit-input --disable-hang-monitor --disable-ipc-flooding-protection --disable-popup-blocking --disable-prompt-on-repost --disable-renderer-backgrounding --force-color-profile=srgb --metrics-recording-only --no-first-run --password-store=basic --use-mock-keychain --no-service-autorun --export-tagged-pdf --disable-search-engine-choice-screen --unsafely-disable-devtools-self-xss-warnings --edge-skip-compat-layer-relaunch --enable-automation --disable-infobars --disable-search-engine-choice-screen --disable-sync --enable-unsafe-swiftshader --no-sandbox --disable-blink-features=AutomationControlled --no-sandbox --disable-gpu --user-data-dir=D:\Hackathons\hackathon-0\silver\sessions\wa_fresh --remote-debugging-pipe about:blank
<launched> pid=12472
Call log:
  - <launching> C:\Program Files\Google\Chrome\Application\chrome.exe --disable-field-trial-config --disable-background-networking --disable-background-timer-throttling --disable-backgrounding-occluded-windows --disable-back-forward-cache --disable-breakpad --disable-client-side-phishing-detection --disable-component-extensions-with-background-pages --disable-component-update --no-default-browser-check --disable-default-apps --disable-dev-shm-usage --disable-extensions --disable-features=AvoidUnnecessaryBeforeUnloadCheckSync,BoundaryEventDispatchTracksNodeRemoval,DestroyProfileOnBrowserClose,DialMediaRouteProvider,GlobalMediaControls,HttpsUpgrades,LensOverlay,MediaRouter,PaintHolding,ThirdPartyStoragePartitioning,Translate,AutoDeElevate,RenderDocument,OptimizationHints --enable-features=CDPScreenshotNewSurface --allow-pre-commit-input --disable-hang-monitor --disable-ipc-flooding-protection --disable-popup-blocking --disable-prompt-on-repost --disable-renderer-backgrounding --force-color-profile=srgb --metrics-recording-only --no-first-run --password-store=basic --use-mock-keychain --no-service-autorun --export-tagged-pdf --disable-search-engine-choice-screen --unsafely-disable-devtools-self-xss-warnings --edge-skip-compat-layer-relaunch --enable-automation --disable-infobars --disable-search-engine-choice-screen --disable-sync --enable-unsafe-swiftshader --no-sandbox --disable-blink-features=AutomationControlled --no-sandbox --disable-gpu --user-data-dir=D:\Hackathons\hackathon-0\silver\sessions\wa_fresh --remote-debugging-pipe about:blank
  - <launched> pid=12472
  - [pid=12472] <gracefully close start>
  - [pid=12472] <kill>
  - [pid=12472] <will force kill>
  - [pid=12472] taskkill stderr: ERROR: The process "12472" not found.
  - [pid=12472] <process did exit: exitCode=21, signal=null>
  - [pid=12472] starting temporary directories cleanup
  - [pid=12472] finished temporary directories cleanup
  - [pid=12472] <gracefully close end>

2026-02-24 00:29:04,708 - whatsapp-action - WARNING - Session may be locked by another process (watcher?). Waiting and retrying...
2026-02-24 00:45:41,731 - whatsapp-action - INFO - Preparing to send WhatsApp message to Cortex Agents (Agency)...
2026-02-24 00:45:41,734 - whatsapp-action - INFO - Created lock file for action
2026-02-24 00:45:41,734 - whatsapp-action - INFO - Waiting 30 seconds for watcher to finish current cycle and close browser...
2026-02-24 00:46:15,505 - whatsapp-action - ERROR - A critical error occurred: BrowserType.launch_persistent_context: Target page, context or browser has been closed
Browser logs:

<launching> C:\Program Files\Google\Chrome\Application\chrome.exe --disable-field-trial-config --disable-background-networking --disable-background-timer-throttling --disable-backgrounding-occluded-windows --disable-back-forward-cache --disable-breakpad --disable-client-side-phishing-detection --disable-component-extensions-with-background-pages --disable-component-update --no-default-browser-check --disable-default-apps --disable-dev-shm-usage --disable-extensions --disable-features=AvoidUnnecessaryBeforeUnloadCheckSync,BoundaryEventDispatchTracksNodeRemoval,DestroyProfileOnBrowserClose,DialMediaRouteProvider,GlobalMediaControls,HttpsUpgrades,LensOverlay,MediaRouter,PaintHolding,ThirdPartyStoragePartitioning,Translate,AutoDeElevate,RenderDocument,OptimizationHints --enable-features=CDPScreenshotNewSurface --allow-pre-commit-input --disable-hang-monitor --disable-ipc-flooding-protection --disable-popup-blocking --disable-prompt-on-repost --disable-renderer-backgrounding --force-color-profile=srgb --metrics-recording-only --no-first-run --password-store=basic --use-mock-keychain --no-service-autorun --export-tagged-pdf --disable-search-engine-choice-screen --unsafely-disable-devtools-self-xss-warnings --edge-skip-compat-layer-relaunch --enable-automation --disable-infobars --disable-search-engine-choice-screen --disable-sync --enable-unsafe-swiftshader --no-sandbox --disable-blink-features=AutomationControlled --no-sandbox --disable-gpu --user-data-dir=D:\Hackathons\hackathon-0\silver\sessions\wa_fresh --remote-debugging-pipe about:blank
<launched> pid=15112
Call log:
  - <launching> C:\Program Files\Google\Chrome\Application\chrome.exe --disable-field-trial-config --disable-background-networking --disable-background-timer-throttling --disable-backgrounding-occluded-windows --disable-back-forward-cache --disable-breakpad --disable-client-side-phishing-detection --disable-component-extensions-with-background-pages --disable-component-update --no-default-browser-check --disable-default-apps --disable-dev-shm-usage --disable-extensions --disable-features=AvoidUnnecessaryBeforeUnloadCheckSync,BoundaryEventDispatchTracksNodeRemoval,DestroyProfileOnBrowserClose,DialMediaRouteProvider,GlobalMediaControls,HttpsUpgrades,LensOverlay,MediaRouter,PaintHolding,ThirdPartyStoragePartitioning,Translate,AutoDeElevate,RenderDocument,OptimizationHints --enable-features=CDPScreenshotNewSurface --allow-pre-commit-input --disable-hang-monitor --disable-ipc-flooding-protection --disable-popup-blocking --disable-prompt-on-repost --disable-renderer-backgrounding --force-color-profile=srgb --metrics-recording-only --no-first-run --password-store=basic --use-mock-keychain --no-service-autorun --export-tagged-pdf --disable-search-engine-choice-screen --unsafely-disable-devtools-self-xss-warnings --edge-skip-compat-layer-relaunch --enable-automation --disable-infobars --disable-search-engine-choice-screen --disable-sync --enable-unsafe-swiftshader --no-sandbox --disable-blink-features=AutomationControlled --no-sandbox --disable-gpu --user-data-dir=D:\Hackathons\hackathon-0\silver\sessions\wa_fresh --remote-debugging-pipe about:blank
  - <launched> pid=15112
  - [pid=15112] <gracefully close start>
  - [pid=15112] <kill>
  - [pid=15112] <will force kill>
  - [pid=15112] taskkill stderr: ERROR: The process "15112" not found.
  - [pid=15112] <process did exit: exitCode=21, signal=null>
  - [pid=15112] starting temporary directories cleanup
  - [pid=15112] finished temporary directories cleanup
  - [pid=15112] <gracefully close end>

2026-02-24 00:46:15,505 - whatsapp-action - WARNING - Session may be locked by another process (watcher?). Waiting and retrying...
2026-02-24 00:46:33,921 - whatsapp-action - INFO - Navigating to WhatsApp Web...
2026-02-24 01:02:50,666 - whatsapp-action - INFO - Preparing to send WhatsApp message to Cortex Agents (Agency)...
2026-02-24 01:02:50,667 - whatsapp-action - INFO - Stopping WhatsApp watcher to release browser session...
2026-02-24 01:02:50,673 - whatsapp-action - WARNING - Could not stop watcher: [WinError 2] The system cannot find the file specified
2026-02-24 01:02:54,008 - whatsapp-action - INFO - Navigating to WhatsApp Web...
2026-02-24 01:04:25,864 - whatsapp-action - ERROR - Action failed on attempt 1: Page.wait_for_selector: Timeout 90000ms exceeded.
Call log:
  - waiting for locator("[data-testid=\"chat-list-search\"]") to be visible

2026-02-24 01:04:26,954 - whatsapp-action - INFO - Retrying after a short delay...
2026-02-24 01:26:54,547 - whatsapp-action - INFO - Preparing to send WhatsApp message to Cortex Agents (Agency)...
2026-02-24 01:26:54,549 - whatsapp-action - INFO - Stopping WhatsApp watcher to release browser session...
2026-02-24 01:26:58,111 - whatsapp-action - INFO - Watcher stop command executed: None
2026-02-24 01:27:06,645 - whatsapp-action - INFO - Navigating to WhatsApp Web...
2026-02-24 01:28:39,138 - whatsapp-action - ERROR - Action failed on attempt 1: Page.wait_for_selector: Timeout 90000ms exceeded.
Call log:
  - waiting for locator("[data-testid=\"chat-list-search\"]") to be visible

2026-02-24 01:28:40,115 - whatsapp-action - INFO - Retrying after a short delay...
2026-02-24 01:28:53,289 - whatsapp-action - INFO - Navigating to WhatsApp Web...
2026-02-24 01:30:25,649 - whatsapp-action - ERROR - Action failed on attempt 2: Page.wait_for_selector: Timeout 90000ms exceeded.
Call log:
  - waiting for locator("[data-testid=\"chat-list-search\"]") to be visible

2026-02-24 01:30:26,138 - whatsapp-action - ERROR - A critical error occurred: Page.wait_for_selector: Timeout 90000ms exceeded.
Call log:
  - waiting for locator("[data-testid=\"chat-list-search\"]") to be visible

2026-02-24 01:30:26,138 - whatsapp-action - INFO - Restarting WhatsApp watcher...
2026-02-24 01:30:30,669 - whatsapp-action - INFO - Watcher restart command executed: None
2026-02-24 01:30:33,763 - whatsapp-action - INFO - Preparing to send WhatsApp message to Hamza Ali (GIAIC)...
2026-02-24 01:30:33,764 - whatsapp-action - INFO - Stopping WhatsApp watcher to release browser session...
2026-02-24 01:30:39,680 - whatsapp-action - INFO - Watcher stop command executed: None
2026-02-24 01:30:48,520 - whatsapp-action - INFO - Navigating to WhatsApp Web...
2026-02-24 01:32:19,921 - whatsapp-action - ERROR - Action failed on attempt 1: Page.wait_for_selector: Timeout 90000ms exceeded.
Call log:
  - waiting for locator("[data-testid=\"chat-list-search\"]") to be visible

2026-02-24 01:32:24,436 - whatsapp-action - INFO - Retrying after a short delay...
2026-02-24 01:32:39,868 - whatsapp-action - INFO - Navigating to WhatsApp Web...
2026-02-24 01:34:23,256 - whatsapp-action - ERROR - Action failed on attempt 2: Page.wait_for_selector: Timeout 90000ms exceeded.
Call log:
  - waiting for locator("[data-testid=\"chat-list-search\"]") to be visible

2026-02-24 01:34:24,335 - whatsapp-action - ERROR - A critical error occurred: Page.wait_for_selector: Timeout 90000ms exceeded.
Call log:
  - waiting for locator("[data-testid=\"chat-list-search\"]") to be visible

2026-02-24 01:34:24,336 - whatsapp-action - INFO - Restarting WhatsApp watcher...
2026-02-24 01:34:27,656 - whatsapp-action - INFO - Watcher restart command executed: None
2026-02-24 01:39:31,165 - whatsapp-action - INFO - Preparing to send WhatsApp message to Cortex Agents (Agency)...
2026-02-24 01:39:31,167 - whatsapp-action - INFO - Stopping WhatsApp watcher to release browser session...
2026-02-24 01:39:35,304 - whatsapp-action - INFO - Watcher stop command executed: None
2026-02-24 01:39:42,793 - whatsapp-action - INFO - Navigating to WhatsApp Web...
2026-02-24 01:41:15,503 - whatsapp-action - ERROR - Action failed on attempt 1: Page.wait_for_selector: Timeout 90000ms exceeded.
Call log:
  - waiting for locator("[data-testid=\"chat-list-search\"]") to be visible

2026-02-24 01:41:16,223 - whatsapp-action - INFO - Retrying after a short delay...
2026-02-24 01:41:29,833 - whatsapp-action - INFO - Navigating to WhatsApp Web...
2026-02-24 01:43:01,804 - whatsapp-action - ERROR - Action failed on attempt 2: Page.wait_for_selector: Timeout 90000ms exceeded.
Call log:
  - waiting for locator("[data-testid=\"chat-list-search\"]") to be visible

2026-02-24 01:43:02,228 - whatsapp-action - ERROR - A critical error occurred: Page.wait_for_selector: Timeout 90000ms exceeded.
Call log:
  - waiting for locator("[data-testid=\"chat-list-search\"]") to be visible

2026-02-24 01:43:02,228 - whatsapp-action - INFO - Restarting WhatsApp watcher...
2026-02-24 01:43:04,552 - whatsapp-action - INFO - Watcher restart command executed: None
2026-02-24 01:43:06,519 - whatsapp-action - INFO - Preparing to send WhatsApp message to Hamza Ali (GIAIC)...
2026-02-24 01:43:06,520 - whatsapp-action - INFO - Stopping WhatsApp watcher to release browser session...
2026-02-24 01:43:10,338 - whatsapp-action - INFO - Watcher stop command executed: None
2026-02-24 01:43:20,485 - whatsapp-action - INFO - Navigating to WhatsApp Web...
2026-02-24 01:57:28,470 - whatsapp-action - INFO - Preparing to send WhatsApp message to Cortex Agents (Agency)...
2026-02-24 01:57:28,471 - whatsapp-action - INFO - Stopping WhatsApp watcher to release browser session...
2026-02-24 01:57:31,422 - whatsapp-action - INFO - Watcher stop command executed: None
2026-02-24 01:57:39,725 - whatsapp-action - INFO - Navigating to WhatsApp Web...
2026-02-24 01:57:55,327 - whatsapp-action - INFO - WhatsApp Web loaded - chat pane visible
2026-02-24 01:58:00,328 - whatsapp-action - INFO - WhatsApp Web fully loaded and ready
2026-02-24 01:58:30,410 - whatsapp-action - ERROR - Action failed on attempt 1: Locator.click: Timeout 30000ms exceeded.
Call log:
  - waiting for locator("[data-testid=\"chat-list-search\"]")

2026-02-24 01:58:31,187 - whatsapp-action - INFO - Retrying after a short delay...
2026-02-24 01:58:44,765 - whatsapp-action - INFO - Navigating to WhatsApp Web...
2026-02-24 01:59:00,317 - whatsapp-action - INFO - WhatsApp Web loaded - chat pane visible
2026-02-24 01:59:05,319 - whatsapp-action - INFO - WhatsApp Web fully loaded and ready
2026-02-24 01:59:35,431 - whatsapp-action - ERROR - Action failed on attempt 2: Locator.click: Timeout 30000ms exceeded.
Call log:
  - waiting for locator("[data-testid=\"chat-list-search\"]")

2026-02-24 01:59:36,218 - whatsapp-action - ERROR - A critical error occurred: Locator.click: Timeout 30000ms exceeded.
Call log:
  - waiting for locator("[data-testid=\"chat-list-search\"]")

2026-02-24 01:59:36,218 - whatsapp-action - INFO - Restarting WhatsApp watcher...
2026-02-24 01:59:39,660 - whatsapp-action - INFO - Watcher restart command executed: None
2026-02-24 01:59:44,075 - whatsapp-action - INFO - Preparing to send WhatsApp message to Hamza Ali (GIAIC)...
2026-02-24 01:59:44,077 - whatsapp-action - INFO - Stopping WhatsApp watcher to release browser session...
2026-02-24 01:59:50,935 - whatsapp-action - INFO - Watcher stop command executed: None
2026-02-24 01:59:58,889 - whatsapp-action - INFO - Navigating to WhatsApp Web...
2026-02-24 02:00:17,149 - whatsapp-action - INFO - WhatsApp Web loaded - chat pane visible
2026-02-24 02:00:22,150 - whatsapp-action - INFO - WhatsApp Web fully loaded and ready
2026-02-24 02:00:52,276 - whatsapp-action - ERROR - Action failed on attempt 1: Locator.click: Timeout 30000ms exceeded.
Call log:
  - waiting for locator("[data-testid=\"chat-list-search\"]")

2026-02-24 02:00:53,903 - whatsapp-action - INFO - Retrying after a short delay...
2026-02-24 02:01:07,092 - whatsapp-action - INFO - Navigating to WhatsApp Web...
2026-02-24 02:01:23,322 - whatsapp-action - INFO - WhatsApp Web loaded - chat pane visible
2026-02-24 02:01:28,325 - whatsapp-action - INFO - WhatsApp Web fully loaded and ready
2026-02-24 02:01:58,374 - whatsapp-action - ERROR - Action failed on attempt 2: Locator.click: Timeout 30000ms exceeded.
Call log:
  - waiting for locator("[data-testid=\"chat-list-search\"]")

2026-02-24 02:01:59,363 - whatsapp-action - ERROR - A critical error occurred: Locator.click: Timeout 30000ms exceeded.
Call log:
  - waiting for locator("[data-testid=\"chat-list-search\"]")

2026-02-24 02:01:59,364 - whatsapp-action - INFO - Restarting WhatsApp watcher...
2026-02-24 02:02:02,931 - whatsapp-action - INFO - Watcher restart command executed: None
2026-02-24 02:07:04,263 - whatsapp-action - INFO - Preparing to send WhatsApp message to Cortex Agents (Agency)...
2026-02-24 02:07:04,265 - whatsapp-action - INFO - Stopping WhatsApp watcher to release browser session...
2026-02-24 02:07:06,640 - whatsapp-action - INFO - Watcher stop command executed: None
2026-02-24 02:07:13,641 - whatsapp-action - INFO - Navigating to WhatsApp Web...
2026-02-24 02:07:26,129 - whatsapp-action - INFO - WhatsApp Web loaded - chat pane visible
2026-02-24 02:07:31,129 - whatsapp-action - INFO - WhatsApp Web fully loaded and ready
2026-02-24 02:08:01,147 - whatsapp-action - ERROR - Action failed on attempt 1: Locator.click: Timeout 30000ms exceeded.
Call log:
  - waiting for locator("[data-testid=\"chat-list-search\"]")

2026-02-24 02:08:01,761 - whatsapp-action - INFO - Retrying after a short delay...
2026-02-24 02:08:13,942 - whatsapp-action - INFO - Navigating to WhatsApp Web...
2026-02-24 02:08:26,892 - whatsapp-action - INFO - WhatsApp Web loaded - chat pane visible
2026-02-24 02:08:31,892 - whatsapp-action - INFO - WhatsApp Web fully loaded and ready
2026-02-24 02:09:01,903 - whatsapp-action - ERROR - Action failed on attempt 2: Locator.click: Timeout 30000ms exceeded.
Call log:
  - waiting for locator("[data-testid=\"chat-list-search\"]")

2026-02-24 02:09:02,397 - whatsapp-action - ERROR - A critical error occurred: Locator.click: Timeout 30000ms exceeded.
Call log:
  - waiting for locator("[data-testid=\"chat-list-search\"]")

2026-02-24 02:09:02,397 - whatsapp-action - INFO - Restarting WhatsApp watcher...
2026-02-24 02:09:05,382 - whatsapp-action - INFO - Watcher restart command executed: None
2026-02-24 02:09:07,465 - whatsapp-action - INFO - Preparing to send WhatsApp message to Hamza Ali (GIAIC)...
2026-02-24 02:09:07,466 - whatsapp-action - INFO - Stopping WhatsApp watcher to release browser session...
2026-02-24 02:09:10,792 - whatsapp-action - INFO - Watcher stop command executed: None
2026-02-24 02:09:18,234 - whatsapp-action - INFO - Navigating to WhatsApp Web...
2026-02-24 02:09:31,693 - whatsapp-action - INFO - WhatsApp Web loaded - chat pane visible
2026-02-24 02:09:36,694 - whatsapp-action - INFO - WhatsApp Web fully loaded and ready
2026-02-24 02:10:06,709 - whatsapp-action - ERROR - Action failed on attempt 1: Locator.click: Timeout 30000ms exceeded.
Call log:
  - waiting for locator("[data-testid=\"chat-list-search\"]")

2026-02-24 02:15:43,082 - whatsapp-action - INFO - Preparing to send WhatsApp message to +923212322687...
2026-02-24 02:15:43,084 - whatsapp-action - INFO - Stopping WhatsApp watcher to release browser session...
2026-02-24 02:15:45,110 - whatsapp-action - INFO - Watcher stop command executed: None
2026-02-24 02:15:53,293 - whatsapp-action - INFO - Navigating to WhatsApp Web...
2026-02-24 02:16:07,559 - whatsapp-action - INFO - WhatsApp Web loaded - chat pane visible
2026-02-24 02:16:12,560 - whatsapp-action - INFO - WhatsApp Web fully loaded and ready
2026-02-24 02:16:12,560 - whatsapp-action - INFO - Activating search with keyboard shortcut...
2026-02-24 02:16:14,999 - whatsapp-action - INFO - Typing contact name: +923212322687
2026-02-24 02:16:50,097 - whatsapp-action - ERROR - Action failed on attempt 1: Locator.click: Timeout 30000ms exceeded.
Call log:
  - waiting for locator("[data-testid=\"conversation-compose-box-input\"]")

2026-02-24 02:16:52,498 - whatsapp-action - INFO - Retrying after a short delay...
2026-02-24 02:17:05,642 - whatsapp-action - INFO - Navigating to WhatsApp Web...
2026-02-24 02:17:21,259 - whatsapp-action - INFO - WhatsApp Web loaded - chat pane visible
2026-02-24 02:17:26,261 - whatsapp-action - INFO - WhatsApp Web fully loaded and ready
2026-02-24 02:17:26,261 - whatsapp-action - INFO - Activating search with keyboard shortcut...
2026-02-24 02:17:28,445 - whatsapp-action - INFO - Typing contact name: +923212322687
2026-02-24 02:18:03,554 - whatsapp-action - ERROR - Action failed on attempt 2: Locator.click: Timeout 30000ms exceeded.
Call log:
  - waiting for locator("[data-testid=\"conversation-compose-box-input\"]")

2026-02-24 02:18:05,364 - whatsapp-action - ERROR - A critical error occurred: Locator.click: Timeout 30000ms exceeded.
Call log:
  - waiting for locator("[data-testid=\"conversation-compose-box-input\"]")

2026-02-24 02:18:05,364 - whatsapp-action - INFO - Restarting WhatsApp watcher...
2026-02-24 02:18:08,174 - whatsapp-action - INFO - Watcher restart command executed: None
2026-02-24 02:19:32,001 - whatsapp-action - INFO - Preparing to send WhatsApp message to +923212322687...
2026-02-24 02:19:32,002 - whatsapp-action - INFO - Stopping WhatsApp watcher to release browser session...
2026-02-24 02:19:34,592 - whatsapp-action - INFO - Watcher stop command executed: None
2026-02-24 02:19:43,406 - whatsapp-action - INFO - Navigating to WhatsApp Web...
2026-02-24 02:20:00,123 - whatsapp-action - INFO - WhatsApp Web loaded - chat pane visible
2026-02-24 02:20:05,125 - whatsapp-action - INFO - WhatsApp Web fully loaded and ready
2026-02-24 02:20:05,125 - whatsapp-action - INFO - Activating search with keyboard shortcut...
2026-02-24 02:20:07,184 - whatsapp-action - INFO - Typing contact name: +923212322687
2026-02-24 02:20:10,284 - whatsapp-action - INFO - Opening chat...
2026-02-24 02:20:10,291 - whatsapp-action - INFO - Waiting for message compose box...
2026-02-24 02:20:40,306 - whatsapp-action - ERROR - Action failed on attempt 1: Locator.wait_for: Timeout 30000ms exceeded.
Call log:
  - waiting for locator("[data-testid=\"conversation-compose-box-input\"]") to be visible

2026-02-24 02:20:41,727 - whatsapp-action - INFO - Retrying after a short delay...
2026-02-24 02:20:54,679 - whatsapp-action - INFO - Navigating to WhatsApp Web...
2026-02-24 02:21:09,435 - whatsapp-action - INFO - WhatsApp Web loaded - chat pane visible
2026-02-24 02:21:14,435 - whatsapp-action - INFO - WhatsApp Web fully loaded and ready
2026-02-24 02:21:14,436 - whatsapp-action - INFO - Activating search with keyboard shortcut...
2026-02-24 02:21:16,454 - whatsapp-action - INFO - Typing contact name: +923212322687
2026-02-24 02:21:19,521 - whatsapp-action - INFO - Opening chat...
2026-02-24 02:21:19,527 - whatsapp-action - INFO - Waiting for message compose box...
2026-02-24 02:21:49,549 - whatsapp-action - ERROR - Action failed on attempt 2: Locator.wait_for: Timeout 30000ms exceeded.
Call log:
  - waiting for locator("[data-testid=\"conversation-compose-box-input\"]") to be visible

2026-02-24 02:21:50,622 - whatsapp-action - ERROR - A critical error occurred: Locator.wait_for: Timeout 30000ms exceeded.
Call log:
  - waiting for locator("[data-testid=\"conversation-compose-box-input\"]") to be visible

2026-02-24 02:21:50,622 - whatsapp-action - INFO - Restarting WhatsApp watcher...
2026-02-24 02:21:53,459 - whatsapp-action - INFO - Watcher restart command executed: None
2026-02-24 02:22:58,486 - whatsapp-action - INFO - Preparing to send WhatsApp message to +923212322687...
2026-02-24 02:22:58,487 - whatsapp-action - INFO - Stopping WhatsApp watcher to release browser session...
2026-02-24 02:23:04,384 - whatsapp-action - INFO - Watcher stop command executed: None
2026-02-24 02:23:12,548 - whatsapp-action - INFO - Navigating directly to chat with +923212322687...
2026-02-24 02:23:15,876 - whatsapp-action - INFO - Waiting for message compose box...
2026-02-24 02:24:15,887 - whatsapp-action - ERROR - Action failed on attempt 1: Locator.wait_for: Timeout 60000ms exceeded.
Call log:
  - waiting for locator("[data-testid=\"conversation-compose-box-input\"]") to be visible

2026-02-24 02:24:16,789 - whatsapp-action - INFO - Retrying after a short delay...
2026-02-24 02:24:29,627 - whatsapp-action - INFO - Navigating directly to chat with +923212322687...
2026-02-24 02:24:33,295 - whatsapp-action - INFO - Waiting for message compose box...
2026-02-24 02:25:13,930 - whatsapp-action - INFO - Preparing to send WhatsApp message to Cortex Agents (Agency)...
2026-02-24 02:25:13,931 - whatsapp-action - INFO - Stopping WhatsApp watcher to release browser session...
2026-02-24 02:25:15,544 - whatsapp-action - INFO - Watcher stop command executed: None
2026-02-24 02:25:33,311 - whatsapp-action - ERROR - Action failed on attempt 2: Locator.wait_for: Timeout 60000ms exceeded.
Call log:
  - waiting for locator("[data-testid=\"conversation-compose-box-input\"]") to be visible

2026-02-24 02:25:34,408 - whatsapp-action - ERROR - A critical error occurred: Locator.wait_for: Timeout 60000ms exceeded.
Call log:
  - waiting for locator("[data-testid=\"conversation-compose-box-input\"]") to be visible

2026-02-24 02:25:34,409 - whatsapp-action - INFO - Restarting WhatsApp watcher...
2026-02-24 02:25:37,639 - whatsapp-action - INFO - Watcher restart command executed: None
2026-02-24 02:25:49,200 - whatsapp-action - INFO - Preparing to send WhatsApp message to +923212322687...
2026-02-24 02:25:49,201 - whatsapp-action - INFO - Stopping WhatsApp watcher to release browser session...
2026-02-24 02:25:55,573 - whatsapp-action - INFO - Watcher stop command executed: None
2026-02-24 02:26:03,862 - whatsapp-action - INFO - Navigating directly to chat with +923212322687...
2026-02-24 02:26:16,673 - whatsapp-action - INFO - Screenshot saved: D:\Hackathons\hackathon-0\silver\vault\Logs\whatsapp_before_compose_1.png
2026-02-24 02:26:16,674 - whatsapp-action - INFO - Checking for blocking elements...
2026-02-24 02:26:16,754 - whatsapp-action - INFO - Waiting for message compose box...
2026-02-24 02:26:46,781 - whatsapp-action - ERROR - Action failed on attempt 1: Locator.wait_for: Timeout 30000ms exceeded.
Call log:
  - waiting for locator("[data-testid=\"conversation-compose-box-input\"]") to be visible

2026-02-24 02:26:48,361 - whatsapp-action - INFO - Retrying after a short delay...
2026-02-24 02:27:01,369 - whatsapp-action - INFO - Navigating directly to chat with +923212322687...
2026-02-24 02:27:12,220 - whatsapp-action - INFO - Screenshot saved: D:\Hackathons\hackathon-0\silver\vault\Logs\whatsapp_before_compose_2.png
2026-02-24 02:27:12,220 - whatsapp-action - INFO - Checking for blocking elements...
2026-02-24 02:27:12,287 - whatsapp-action - INFO - Waiting for message compose box...
2026-02-24 02:27:42,345 - whatsapp-action - ERROR - Action failed on attempt 2: Locator.wait_for: Timeout 30000ms exceeded.
Call log:
  - waiting for locator("[data-testid=\"conversation-compose-box-input\"]") to be visible

2026-02-24 02:27:43,194 - whatsapp-action - ERROR - A critical error occurred: Locator.wait_for: Timeout 30000ms exceeded.
Call log:
  - waiting for locator("[data-testid=\"conversation-compose-box-input\"]") to be visible

2026-02-24 02:27:43,195 - whatsapp-action - INFO - Restarting WhatsApp watcher...
2026-02-24 02:27:46,834 - whatsapp-action - INFO - Watcher restart command executed: None
2026-02-24 02:29:07,960 - whatsapp-action - INFO - Preparing to send WhatsApp message to +923212322687...
2026-02-24 02:29:07,961 - whatsapp-action - INFO - Stopping WhatsApp watcher to release browser session...
2026-02-24 02:29:10,786 - whatsapp-action - INFO - Watcher stop command executed: None
2026-02-24 02:29:19,668 - whatsapp-action - INFO - Navigating directly to chat with +923212322687...
2026-02-24 02:29:27,505 - whatsapp-action - INFO - Checking for blocking popups...
2026-02-24 02:29:30,940 - whatsapp-action - INFO - No popup found or already closed
2026-02-24 02:29:31,896 - whatsapp-action - INFO - Screenshot saved: D:\Hackathons\hackathon-0\silver\vault\Logs\whatsapp_after_popup_1.png
2026-02-24 02:29:31,897 - whatsapp-action - INFO - Waiting for message compose box...
2026-02-24 02:30:01,910 - whatsapp-action - ERROR - Action failed on attempt 1: Locator.wait_for: Timeout 30000ms exceeded.
Call log:
  - waiting for locator("[data-testid=\"conversation-compose-box-input\"]") to be visible

2026-02-24 02:30:03,519 - whatsapp-action - INFO - Retrying after a short delay...
2026-02-24 02:30:16,946 - whatsapp-action - INFO - Navigating directly to chat with +923212322687...
2026-02-24 02:30:25,121 - whatsapp-action - INFO - Checking for blocking popups...
2026-02-24 02:30:28,601 - whatsapp-action - INFO - No popup found or already closed
2026-02-24 02:30:28,799 - whatsapp-action - INFO - Screenshot saved: D:\Hackathons\hackathon-0\silver\vault\Logs\whatsapp_after_popup_2.png
2026-02-24 02:30:28,799 - whatsapp-action - INFO - Waiting for message compose box...
2026-02-24 02:30:58,820 - whatsapp-action - ERROR - Action failed on attempt 2: Locator.wait_for: Timeout 30000ms exceeded.
Call log:
  - waiting for locator("[data-testid=\"conversation-compose-box-input\"]") to be visible

2026-02-24 02:31:00,544 - whatsapp-action - ERROR - A critical error occurred: Locator.wait_for: Timeout 30000ms exceeded.
Call log:
  - waiting for locator("[data-testid=\"conversation-compose-box-input\"]") to be visible

2026-02-24 02:31:00,545 - whatsapp-action - INFO - Restarting WhatsApp watcher...
2026-02-24 02:31:03,917 - whatsapp-action - INFO - Watcher restart command executed: None
2026-02-24 02:32:27,750 - whatsapp-action - INFO - Preparing to send WhatsApp message to +923212322687...
2026-02-24 02:32:27,751 - whatsapp-action - INFO - Stopping WhatsApp watcher to release browser session...
2026-02-24 02:32:30,540 - whatsapp-action - INFO - Watcher stop command executed: None
2026-02-24 02:32:39,375 - whatsapp-action - INFO - Navigating directly to chat with +923212322687...
2026-02-24 02:32:47,685 - whatsapp-action - INFO - Waiting for page to settle...
2026-02-24 02:32:50,696 - whatsapp-action - INFO - Dismissing any popups with Escape key...
2026-02-24 02:32:57,897 - whatsapp-action - INFO - Waiting for message compose box...
2026-02-24 02:33:27,918 - whatsapp-action - ERROR - Action failed on attempt 1: Locator.wait_for: Timeout 30000ms exceeded.
Call log:
  - waiting for locator("[data-testid=\"conversation-compose-box-input\"]") to be visible

2026-02-24 02:33:29,729 - whatsapp-action - INFO - Retrying after a short delay...
2026-02-24 02:35:50,605 - whatsapp-action - INFO - Preparing to send WhatsApp message to +923212322687...
2026-02-24 02:35:50,606 - whatsapp-action - INFO - Stopping WhatsApp watcher to release browser session...
2026-02-24 02:35:52,647 - whatsapp-action - INFO - Watcher stop command executed: None
2026-02-24 02:36:00,927 - whatsapp-action - INFO - Navigating directly to chat with +923212322687...
2026-02-24 02:36:09,081 - whatsapp-action - INFO - Waiting for page to settle...
2026-02-24 02:36:14,087 - whatsapp-action - INFO - Dismissing popups...
2026-02-24 02:36:19,738 - whatsapp-action - INFO - Typing message directly...
2026-02-24 02:36:31,262 - whatsapp-action - INFO - Message sent to +923212322687 successfully.
2026-02-24 02:36:35,131 - whatsapp-action - INFO - Restarting WhatsApp watcher...
2026-02-24 02:36:38,348 - whatsapp-action - INFO - Watcher restart command executed: None
2026-02-24 02:41:37,085 - whatsapp-action - INFO - Preparing to send WhatsApp message to Cortex Agents (Agency)...
2026-02-24 02:41:37,087 - whatsapp-action - INFO - Stopping WhatsApp watcher to release browser session...
2026-02-24 02:41:42,479 - whatsapp-action - INFO - Watcher stop command executed: None
2026-02-24 02:41:50,289 - whatsapp-action - INFO - Navigating directly to chat with Cortex Agents (Agency)...
2026-02-24 02:41:50,682 - whatsapp-action - ERROR - Action failed on attempt 1: Page.goto: net::ERR_ABORTED at https://web.whatsapp.com/send?phone=CortexAgents(Agency)
Call log:
  - navigating to "https://web.whatsapp.com/send?phone=CortexAgents(Agency)", waiting until "load"

2026-02-24 02:41:51,453 - whatsapp-action - INFO - Retrying after a short delay...
2026-02-24 02:42:04,206 - whatsapp-action - INFO - Navigating directly to chat with Cortex Agents (Agency)...
2026-02-24 02:42:12,900 - whatsapp-action - INFO - Waiting for page to settle...
2026-02-24 02:42:17,976 - whatsapp-action - INFO - Dismissing popups...
2026-02-24 02:42:23,888 - whatsapp-action - INFO - Typing message directly...
2026-02-24 02:42:31,750 - whatsapp-action - INFO - Message sent to Cortex Agents (Agency) successfully.
2026-02-24 02:42:33,115 - whatsapp-action - INFO - Restarting WhatsApp watcher...
2026-02-24 02:42:36,285 - whatsapp-action - INFO - Watcher restart command executed: None
2026-02-24 02:42:39,020 - whatsapp-action - INFO - Preparing to send WhatsApp message to Hamza Ali (GIAIC)...
2026-02-24 02:42:39,022 - whatsapp-action - INFO - Stopping WhatsApp watcher to release browser session...
2026-02-24 02:42:42,071 - whatsapp-action - INFO - Watcher stop command executed: None
2026-02-24 02:42:49,770 - whatsapp-action - INFO - Navigating directly to chat with Hamza Ali (GIAIC)...
2026-02-24 02:42:59,307 - whatsapp-action - INFO - Waiting for page to settle...
2026-02-24 02:43:04,343 - whatsapp-action - INFO - Dismissing popups...
2026-02-24 02:43:09,782 - whatsapp-action - INFO - Typing message directly...
2026-02-24 02:43:17,754 - whatsapp-action - INFO - Message sent to Hamza Ali (GIAIC) successfully.
2026-02-24 02:43:18,191 - whatsapp-action - INFO - Restarting WhatsApp watcher...
2026-02-24 02:43:23,379 - whatsapp-action - INFO - Watcher restart command executed: None
2026-02-24 02:48:24,683 - whatsapp-action - INFO - Preparing to send WhatsApp message to Cortex Agents (Agency)...
2026-02-24 02:48:24,684 - whatsapp-action - INFO - Stopping WhatsApp watcher to release browser session...
2026-02-24 02:48:27,090 - whatsapp-action - INFO - Watcher stop command executed: None
2026-02-24 02:48:34,217 - whatsapp-action - INFO - Navigating directly to chat with Cortex Agents (Agency)...
2026-02-24 02:48:41,299 - whatsapp-action - INFO - Waiting for page to settle...
2026-02-24 02:48:46,312 - whatsapp-action - INFO - Dismissing popups...
2026-02-24 02:48:51,874 - whatsapp-action - INFO - Typing message directly...
2026-02-24 02:49:01,322 - whatsapp-action - INFO - Message sent to Cortex Agents (Agency) successfully.
2026-02-24 02:49:01,823 - whatsapp-action - INFO - Restarting WhatsApp watcher...
2026-02-24 02:49:04,152 - whatsapp-action - INFO - Watcher restart command executed: None
2026-02-24 02:57:54,221 - whatsapp-action - INFO - Preparing to send WhatsApp message to Cortex Agents (Agency)...
2026-02-24 02:57:54,222 - whatsapp-action - INFO - Stopping WhatsApp watcher to release browser session...
2026-02-24 02:57:57,520 - whatsapp-action - INFO - Watcher stop command executed: None
2026-02-24 02:58:05,277 - whatsapp-action - INFO - Navigating to WhatsApp Web...
2026-02-24 02:58:17,972 - whatsapp-action - INFO - WhatsApp Web loaded - chat pane visible
2026-02-24 02:58:22,973 - whatsapp-action - INFO - Dismissing any popups...
2026-02-24 02:58:28,030 - whatsapp-action - INFO - Searching for contact: Cortex Agents (Agency)
2026-02-24 02:58:33,110 - whatsapp-action - INFO - Opening chat...
2026-02-24 02:58:36,115 - whatsapp-action - INFO - Typing message...
2026-02-24 02:58:46,365 - whatsapp-action - INFO - Message sent to Cortex Agents (Agency) successfully.
2026-02-24 02:58:46,841 - whatsapp-action - INFO - Restarting WhatsApp watcher...
2026-02-24 02:58:49,677 - whatsapp-action - INFO - Watcher restart command executed: None
2026-02-24 03:03:00,362 - whatsapp-action - INFO - Preparing to send WhatsApp message to Cortex Agents (Agency)...
2026-02-24 03:03:00,363 - whatsapp-action - INFO - Stopping WhatsApp watcher to release browser session...
2026-02-24 03:03:07,507 - whatsapp-action - INFO - Watcher stop command executed: None
2026-02-24 03:03:15,858 - whatsapp-action - INFO - Navigating to WhatsApp Web...
2026-02-24 03:03:29,644 - whatsapp-action - INFO - WhatsApp Web loaded - chat pane visible
2026-02-24 03:03:34,645 - whatsapp-action - INFO - Dismissing any popups...
2026-02-24 03:03:39,762 - whatsapp-action - INFO - Searching for contact: Cortex Agents (Agency)
2026-02-24 03:03:44,828 - whatsapp-action - INFO - Opening chat...
2026-02-24 03:03:47,835 - whatsapp-action - INFO - Typing message...
2026-02-24 03:03:53,980 - whatsapp-action - INFO - Message sent to Cortex Agents (Agency) successfully.
2026-02-24 03:03:55,389 - whatsapp-action - INFO - Restarting WhatsApp watcher...
2026-02-24 03:03:58,446 - whatsapp-action - INFO - Watcher restart command executed: None
2026-02-24 03:05:22,719 - whatsapp-action - INFO - Preparing to send WhatsApp message to Cortex Agents (Agency)...
2026-02-24 03:05:22,720 - whatsapp-action - INFO - Stopping WhatsApp watcher to release browser session...
2026-02-24 03:05:25,120 - whatsapp-action - INFO - Watcher stop command executed: None
2026-02-24 03:05:33,526 - whatsapp-action - INFO - Navigating to WhatsApp Web...
2026-02-24 03:05:45,823 - whatsapp-action - INFO - WhatsApp Web loaded - chat pane visible
2026-02-24 03:05:50,828 - whatsapp-action - INFO - Dismissing any popups...
2026-02-24 03:05:56,306 - whatsapp-action - INFO - Searching for contact: Cortex Agents (Agency)
2026-02-24 03:06:01,730 - whatsapp-action - INFO - Opening chat...
2026-02-24 03:06:06,057 - whatsapp-action - INFO - Typing message...
2026-02-24 03:06:12,186 - whatsapp-action - INFO - Message sent to Cortex Agents (Agency) successfully.
2026-02-24 03:06:12,644 - whatsapp-action - INFO - Restarting WhatsApp watcher...
2026-02-24 03:06:15,406 - whatsapp-action - INFO - Watcher restart command executed: None
2026-02-24 12:27:56,555 - whatsapp-action - INFO - Preparing to send WhatsApp message to Cortex Agents (Agency)...
2026-02-24 12:27:56,556 - whatsapp-action - INFO - Stopping WhatsApp watcher to release browser session...
2026-02-24 12:27:58,828 - whatsapp-action - INFO - Watcher stop command executed: None
2026-02-24 12:28:06,192 - whatsapp-action - INFO - Navigating to WhatsApp Web...
2026-02-24 12:28:21,662 - whatsapp-action - INFO - WhatsApp Web loaded - chat pane visible
2026-02-24 12:28:26,669 - whatsapp-action - INFO - Dismissing any popups...
2026-02-24 12:28:32,274 - whatsapp-action - INFO - Searching for contact: Cortex Agents (Agency)
2026-02-24 12:28:37,674 - whatsapp-action - INFO - Opening chat...
2026-02-24 12:28:42,098 - whatsapp-action - INFO - Typing message...
2026-02-24 12:28:48,853 - whatsapp-action - INFO - Message sent to Cortex Agents (Agency) successfully.
2026-02-24 12:28:49,282 - whatsapp-action - INFO - Restarting WhatsApp watcher...
2026-02-24 12:28:53,653 - whatsapp-action - INFO - Watcher restart command executed: None
2026-02-24 12:50:13,225 - whatsapp-action - INFO - Preparing to send WhatsApp message to Test Contact...
2026-02-24 12:50:13,226 - whatsapp-action - INFO - Stopping WhatsApp watcher to release browser session...
2026-02-24 12:50:14,360 - whatsapp-action - INFO - Preparing to send WhatsApp message to Test Contact...
2026-02-24 12:50:14,360 - whatsapp-action - INFO - Stopping WhatsApp watcher to release browser session...
2026-02-24 12:50:20,449 - whatsapp-action - INFO - Watcher stop command executed: None
2026-02-24 12:50:20,716 - whatsapp-action - INFO - Watcher stop command executed: None
2026-02-24 12:50:29,831 - whatsapp-action - INFO - Navigating to WhatsApp Web...
2026-02-24 12:50:30,580 - whatsapp-action - ERROR - A critical error occurred: BrowserType.launch_persistent_context: Target page, context or browser has been closed
Browser logs:

<launching> C:\Program Files\Google\Chrome\Application\chrome.exe --disable-field-trial-config --disable-background-networking --disable-background-timer-throttling --disable-backgrounding-occluded-windows --disable-back-forward-cache --disable-breakpad --disable-client-side-phishing-detection --disable-component-extensions-with-background-pages --disable-component-update --no-default-browser-check --disable-default-apps --disable-dev-shm-usage --disable-extensions --disable-features=AvoidUnnecessaryBeforeUnloadCheckSync,BoundaryEventDispatchTracksNodeRemoval,DestroyProfileOnBrowserClose,DialMediaRouteProvider,GlobalMediaControls,HttpsUpgrades,LensOverlay,MediaRouter,PaintHolding,ThirdPartyStoragePartitioning,Translate,AutoDeElevate,RenderDocument,OptimizationHints --enable-features=CDPScreenshotNewSurface --allow-pre-commit-input --disable-hang-monitor --disable-ipc-flooding-protection --disable-popup-blocking --disable-prompt-on-repost --disable-renderer-backgrounding --force-color-profile=srgb --metrics-recording-only --no-first-run --password-store=basic --use-mock-keychain --no-service-autorun --export-tagged-pdf --disable-search-engine-choice-screen --unsafely-disable-devtools-self-xss-warnings --edge-skip-compat-layer-relaunch --enable-automation --disable-infobars --disable-search-engine-choice-screen --disable-sync --enable-unsafe-swiftshader --no-sandbox --disable-blink-features=AutomationControlled --no-sandbox --disable-gpu --user-data-dir=D:\Hackathons\hackathon-0\silver\sessions\wa_fresh --remote-debugging-pipe about:blank
<launched> pid=23288
[pid=23288][out] Opening in existing browser session.
Call log:
  - <launching> C:\Program Files\Google\Chrome\Application\chrome.exe --disable-field-trial-config --disable-background-networking --disable-background-timer-throttling --disable-backgrounding-occluded-windows --disable-back-forward-cache --disable-breakpad --disable-client-side-phishing-detection --disable-component-extensions-with-background-pages --disable-component-update --no-default-browser-check --disable-default-apps --disable-dev-shm-usage --disable-extensions --disable-features=AvoidUnnecessaryBeforeUnloadCheckSync,BoundaryEventDispatchTracksNodeRemoval,DestroyProfileOnBrowserClose,DialMediaRouteProvider,GlobalMediaControls,HttpsUpgrades,LensOverlay,MediaRouter,PaintHolding,ThirdPartyStoragePartitioning,Translate,AutoDeElevate,RenderDocument,OptimizationHints --enable-features=CDPScreenshotNewSurface --allow-pre-commit-input --disable-hang-monitor --disable-ipc-flooding-protection --disable-popup-blocking --disable-prompt-on-repost --disable-renderer-backgrounding --force-color-profile=srgb --metrics-recording-only --no-first-run --password-store=basic --use-mock-keychain --no-service-autorun --export-tagged-pdf --disable-search-engine-choice-screen --unsafely-disable-devtools-self-xss-warnings --edge-skip-compat-layer-relaunch --enable-automation --disable-infobars --disable-search-engine-choice-screen --disable-sync --enable-unsafe-swiftshader --no-sandbox --disable-blink-features=AutomationControlled --no-sandbox --disable-gpu --user-data-dir=D:\Hackathons\hackathon-0\silver\sessions\wa_fresh --remote-debugging-pipe about:blank
  - <launched> pid=23288
  - [pid=23288][out] Opening in existing browser session.
  - [pid=23288] <gracefully close start>
  - [pid=23288] <kill>
  - [pid=23288] <will force kill>
  - [pid=23288] taskkill stderr: ERROR: The process "23288" not found.
  - [pid=23288] <process did exit: exitCode=0, signal=null>
  - [pid=23288] starting temporary directories cleanup
  - [pid=23288] finished temporary directories cleanup
  - [pid=23288] <gracefully close end>

2026-02-24 12:50:30,580 - whatsapp-action - WARNING - Session may be locked by another process (watcher?). Waiting and retrying...
2026-02-24 12:50:49,242 - whatsapp-action - INFO - WhatsApp Web loaded - chat pane visible
2026-02-24 12:50:54,250 - whatsapp-action - INFO - Dismissing any popups...
2026-02-24 12:50:55,076 - whatsapp-action - ERROR - A critical error occurred: BrowserType.launch_persistent_context: Target page, context or browser has been closed
Browser logs:

<launching> C:\Program Files\Google\Chrome\Application\chrome.exe --disable-field-trial-config --disable-background-networking --disable-background-timer-throttling --disable-backgrounding-occluded-windows --disable-back-forward-cache --disable-breakpad --disable-client-side-phishing-detection --disable-component-extensions-with-background-pages --disable-component-update --no-default-browser-check --disable-default-apps --disable-dev-shm-usage --disable-extensions --disable-features=AvoidUnnecessaryBeforeUnloadCheckSync,BoundaryEventDispatchTracksNodeRemoval,DestroyProfileOnBrowserClose,DialMediaRouteProvider,GlobalMediaControls,HttpsUpgrades,LensOverlay,MediaRouter,PaintHolding,ThirdPartyStoragePartitioning,Translate,AutoDeElevate,RenderDocument,OptimizationHints --enable-features=CDPScreenshotNewSurface --allow-pre-commit-input --disable-hang-monitor --disable-ipc-flooding-protection --disable-popup-blocking --disable-prompt-on-repost --disable-renderer-backgrounding --force-color-profile=srgb --metrics-recording-only --no-first-run --password-store=basic --use-mock-keychain --no-service-autorun --export-tagged-pdf --disable-search-engine-choice-screen --unsafely-disable-devtools-self-xss-warnings --edge-skip-compat-layer-relaunch --enable-automation --disable-infobars --disable-search-engine-choice-screen --disable-sync --enable-unsafe-swiftshader --no-sandbox --disable-blink-features=AutomationControlled --no-sandbox --disable-gpu --user-data-dir=D:\Hackathons\hackathon-0\silver\sessions\wa_fresh --remote-debugging-pipe about:blank
<launched> pid=2136
Call log:
  - <launching> C:\Program Files\Google\Chrome\Application\chrome.exe --disable-field-trial-config --disable-background-networking --disable-background-timer-throttling --disable-backgrounding-occluded-windows --disable-back-forward-cache --disable-breakpad --disable-client-side-phishing-detection --disable-component-extensions-with-background-pages --disable-component-update --no-default-browser-check --disable-default-apps --disable-dev-shm-usage --disable-extensions --disable-features=AvoidUnnecessaryBeforeUnloadCheckSync,BoundaryEventDispatchTracksNodeRemoval,DestroyProfileOnBrowserClose,DialMediaRouteProvider,GlobalMediaControls,HttpsUpgrades,LensOverlay,MediaRouter,PaintHolding,ThirdPartyStoragePartitioning,Translate,AutoDeElevate,RenderDocument,OptimizationHints --enable-features=CDPScreenshotNewSurface --allow-pre-commit-input --disable-hang-monitor --disable-ipc-flooding-protection --disable-popup-blocking --disable-prompt-on-repost --disable-renderer-backgrounding --force-color-profile=srgb --metrics-recording-only --no-first-run --password-store=basic --use-mock-keychain --no-service-autorun --export-tagged-pdf --disable-search-engine-choice-screen --unsafely-disable-devtools-self-xss-warnings --edge-skip-compat-layer-relaunch --enable-automation --disable-infobars --disable-search-engine-choice-screen --disable-sync --enable-unsafe-swiftshader --no-sandbox --disable-blink-features=AutomationControlled --no-sandbox --disable-gpu --user-data-dir=D:\Hackathons\hackathon-0\silver\sessions\wa_fresh --remote-debugging-pipe about:blank
  - <launched> pid=2136
  - [pid=2136] <gracefully close start>
  - [pid=2136] <kill>
  - [pid=2136] <will force kill>
  - [pid=2136] taskkill stderr: ERROR: The process "2136" not found.
  - [pid=2136] <process did exit: exitCode=21, signal=null>
  - [pid=2136] starting temporary directories cleanup
  - [pid=2136] finished temporary directories cleanup
  - [pid=2136] <gracefully close end>

2026-02-24 12:50:55,077 - whatsapp-action - WARNING - Session may be locked by another process (watcher?). Waiting and retrying...
2026-02-24 12:50:55,077 - whatsapp-action - INFO - Restarting WhatsApp watcher...
2026-02-24 12:51:00,269 - whatsapp-action - INFO - Searching for contact: Test Contact
2026-02-24 12:51:04,173 - whatsapp-action - INFO - Watcher restart command executed: None
2026-02-24 12:51:06,604 - whatsapp-action - INFO - Opening chat...
2026-02-24 12:51:11,050 - whatsapp-action - INFO - Clicking compose box to ensure focus...
2026-02-24 12:51:21,076 - whatsapp-action - INFO - Found compose box with selector: div[role="textbox"]
2026-02-24 12:51:22,278 - whatsapp-action - INFO - Typing message...
2026-02-24 12:51:49,087 - whatsapp-action - INFO - Pressing Enter to send message...
2026-02-24 12:51:52,333 - whatsapp-action - INFO - Verifying message was sent...
2026-02-24 12:52:07,900 - whatsapp-action - ERROR - ✗ Message NOT verified - may not have been sent
2026-02-24 12:52:09,043 - whatsapp-action - ERROR - Verification failed: Message sending could not be verified
2026-02-24 12:52:09,044 - whatsapp-action - ERROR - Action failed on attempt 1: Message sending could not be verified
2026-02-24 12:52:16,690 - whatsapp-action - INFO - Retrying after a short delay...
2026-02-24 13:08:54,805 - whatsapp-action - INFO - Preparing to send WhatsApp message to Test Contact...
2026-02-24 13:08:58,937 - whatsapp-action - INFO - Navigating to WhatsApp Web...
2026-02-24 13:09:16,905 - whatsapp-action - INFO - WhatsApp Web loaded - chat pane visible
2026-02-24 13:09:21,906 - whatsapp-action - INFO - Dismissing any popups...
2026-02-24 13:09:27,880 - whatsapp-action - INFO - Searching for contact: Test Contact
2026-02-24 13:09:33,570 - whatsapp-action - INFO - Opening chat...
2026-02-24 13:09:37,930 - whatsapp-action - INFO - Clicking compose box to ensure focus...
2026-02-24 13:09:47,961 - whatsapp-action - INFO - Found compose box with selector: div[role="textbox"]
2026-02-24 13:09:49,125 - whatsapp-action - INFO - Typing message...
2026-02-24 13:10:14,100 - whatsapp-action - INFO - Clicking send button...
2026-02-24 13:10:17,119 - whatsapp-action - WARNING - Could not find send button with button[aria-label="Send"]: Page.wait_for_selector: Timeout 3000ms exceeded.
Call log:
  - waiting for locator("button[aria-label=\"Send\"]") to be visible

2026-02-24 13:10:20,137 - whatsapp-action - WARNING - Could not find send button with span[data-icon="send"]: Page.wait_for_selector: Timeout 3000ms exceeded.
Call log:
  - waiting for locator("span[data-icon=\"send\"]") to be visible

2026-02-24 13:10:23,152 - whatsapp-action - WARNING - Could not find send button with button[data-testid="compose-btn-send"]: Page.wait_for_selector: Timeout 3000ms exceeded.
Call log:
  - waiting for locator("button[data-testid=\"compose-btn-send\"]") to be visible

2026-02-24 13:10:23,153 - whatsapp-action - ERROR - Could not find send button with any selector
2026-02-24 13:10:23,153 - whatsapp-action - ERROR - Action failed on attempt 1: Send button not found
2026-02-24 13:10:23,693 - whatsapp-action - INFO - Retrying after a short delay...
2026-02-24 13:10:36,634 - whatsapp-action - INFO - Navigating to WhatsApp Web...
2026-02-24 13:10:52,372 - whatsapp-action - INFO - WhatsApp Web loaded - chat pane visible
2026-02-24 13:10:57,373 - whatsapp-action - INFO - Dismissing any popups...
2026-02-24 13:11:02,607 - whatsapp-action - INFO - Searching for contact: Test Contact
2026-02-24 13:11:07,964 - whatsapp-action - INFO - Opening chat...
2026-02-24 13:11:12,230 - whatsapp-action - INFO - Clicking compose box to ensure focus...
2026-02-24 13:11:22,289 - whatsapp-action - INFO - Found compose box with selector: div[role="textbox"]
2026-02-24 13:11:23,443 - whatsapp-action - INFO - Typing message...
2026-02-24 13:11:46,128 - whatsapp-action - INFO - Clicking send button...
2026-02-24 13:11:49,153 - whatsapp-action - WARNING - Could not find send button with button[aria-label="Send"]: Page.wait_for_selector: Timeout 3000ms exceeded.
Call log:
  - waiting for locator("button[aria-label=\"Send\"]") to be visible

2026-02-24 13:11:52,167 - whatsapp-action - WARNING - Could not find send button with span[data-icon="send"]: Page.wait_for_selector: Timeout 3000ms exceeded.
Call log:
  - waiting for locator("span[data-icon=\"send\"]") to be visible

2026-02-24 13:11:55,202 - whatsapp-action - WARNING - Could not find send button with button[data-testid="compose-btn-send"]: Page.wait_for_selector: Timeout 3000ms exceeded.
Call log:
  - waiting for locator("button[data-testid=\"compose-btn-send\"]") to be visible

2026-02-24 13:11:55,202 - whatsapp-action - ERROR - Could not find send button with any selector
2026-02-24 13:11:55,203 - whatsapp-action - ERROR - Action failed on attempt 2: Send button not found
2026-02-24 13:11:56,081 - whatsapp-action - ERROR - A critical error occurred: Send button not found
2026-02-24 13:12:41,075 - whatsapp-action - INFO - Preparing to send WhatsApp message to Test Contact...
2026-02-24 13:12:43,523 - whatsapp-action - INFO - Navigating to WhatsApp Web...
2026-02-24 13:12:59,075 - whatsapp-action - INFO - WhatsApp Web loaded - chat pane visible
2026-02-24 13:13:04,076 - whatsapp-action - INFO - Dismissing any popups...
2026-02-24 13:13:09,507 - whatsapp-action - INFO - Searching for contact: Test Contact
2026-02-24 13:13:14,929 - whatsapp-action - INFO - Opening chat...
2026-02-24 13:13:19,314 - whatsapp-action - INFO - Clicking compose box to ensure focus...
2026-02-24 13:13:29,355 - whatsapp-action - INFO - Found compose box with selector: div[role="textbox"]
2026-02-24 13:13:30,602 - whatsapp-action - INFO - Typing message...
2026-02-24 13:13:58,373 - whatsapp-action - INFO - Looking for send button...
2026-02-24 13:13:58,388 - whatsapp-action - INFO - Fallback: Pressing Enter to send...
2026-02-24 13:14:01,580 - whatsapp-action - INFO - Verifying message was sent...
2026-02-24 13:14:16,644 - whatsapp-action - ERROR - ✗ Message NOT verified - may not have been sent
2026-02-24 13:14:16,813 - whatsapp-action - ERROR - Verification failed: Message sending could not be verified
2026-02-24 13:14:16,813 - whatsapp-action - ERROR - Action failed on attempt 1: Message sending could not be verified
2026-02-24 13:14:17,489 - whatsapp-action - INFO - Retrying after a short delay...
2026-02-24 13:14:30,409 - whatsapp-action - INFO - Navigating to WhatsApp Web...
2026-02-24 13:14:47,137 - whatsapp-action - INFO - WhatsApp Web loaded - chat pane visible
2026-02-24 13:14:52,138 - whatsapp-action - INFO - Dismissing any popups...
2026-02-24 13:14:57,556 - whatsapp-action - INFO - Searching for contact: Test Contact
2026-02-24 13:15:03,119 - whatsapp-action - INFO - Opening chat...
2026-02-24 13:15:07,818 - whatsapp-action - INFO - Clicking compose box to ensure focus...
2026-02-24 13:31:20,477 - whatsapp-action - INFO - Preparing to send WhatsApp message to Test Contact...
2026-02-24 13:31:23,634 - whatsapp-action - INFO - Navigating to WhatsApp Web...
2026-02-24 13:31:40,107 - whatsapp-action - INFO - WhatsApp Web loaded - chat pane visible
2026-02-24 13:31:45,107 - whatsapp-action - INFO - Dismissing any popups...
2026-02-24 13:31:50,832 - whatsapp-action - INFO - Searching for contact: Test Contact
2026-02-24 13:31:56,292 - whatsapp-action - INFO - Opening chat...
2026-02-24 13:31:59,470 - whatsapp-action - INFO - Closing search bar with Escape...
2026-02-24 13:32:02,678 - whatsapp-action - INFO - Waiting for chat to load...
2026-02-24 13:32:05,679 - whatsapp-action - INFO - Clicking compose box to ensure focus...
2026-02-24 13:32:10,688 - whatsapp-action - WARNING - Selector div[contenteditable="true"][data-tab="10"] failed: Page.wait_for_selector: Timeout 5000ms exceeded.
Call log:
  - waiting for locator("div[contenteditable=\"true\"][data-tab=\"10\"]") to be visible

2026-02-24 13:32:15,693 - whatsapp-action - WARNING - Selector div[contenteditable="true"]._ak1l failed: Page.wait_for_selector: Timeout 5000ms exceeded.
Call log:
  - waiting for locator("div[contenteditable=\"true\"]._ak1l") to be visible

2026-02-24 13:32:15,725 - whatsapp-action - INFO - Found compose box with selector: div[role="textbox"]
2026-02-24 13:32:16,755 - whatsapp-action - INFO - Compose box clicked and focused via JavaScript
2026-02-24 13:32:16,757 - whatsapp-action - INFO - Typing message...
2026-02-24 13:32:41,321 - whatsapp-action - INFO - Re-focusing compose box before sending...
2026-02-24 13:32:41,910 - whatsapp-action - INFO - Sending message with Enter key...
2026-02-24 13:32:46,139 - whatsapp-action - INFO - Verifying message was sent...
2026-02-24 13:33:01,208 - whatsapp-action - ERROR - ✗ Message NOT verified - may not have been sent
2026-02-24 13:33:01,404 - whatsapp-action - ERROR - Verification failed: Message sending could not be verified
2026-02-24 13:33:01,404 - whatsapp-action - ERROR - Action failed on attempt 1: Message sending could not be verified
2026-02-24 13:33:02,039 - whatsapp-action - INFO - Retrying after a short delay...
2026-02-24 13:33:14,903 - whatsapp-action - INFO - Navigating to WhatsApp Web...
2026-02-24 13:33:27,080 - whatsapp-action - INFO - WhatsApp Web loaded - chat pane visible
2026-02-24 13:33:32,080 - whatsapp-action - INFO - Dismissing any popups...
2026-02-24 13:33:37,705 - whatsapp-action - INFO - Searching for contact: Test Contact
2026-02-24 13:33:43,134 - whatsapp-action - INFO - Opening chat...
2026-02-24 13:33:46,327 - whatsapp-action - INFO - Closing search bar with Escape...
2026-02-24 13:33:49,513 - whatsapp-action - INFO - Waiting for chat to load...
2026-02-24 13:33:52,514 - whatsapp-action - INFO - Clicking compose box to ensure focus...
2026-02-24 13:33:57,530 - whatsapp-action - WARNING - Selector div[contenteditable="true"][data-tab="10"] failed: Page.wait_for_selector: Timeout 5000ms exceeded.
Call log:
  - waiting for locator("div[contenteditable=\"true\"][data-tab=\"10\"]") to be visible

2026-02-24 13:34:02,544 - whatsapp-action - WARNING - Selector div[contenteditable="true"]._ak1l failed: Page.wait_for_selector: Timeout 5000ms exceeded.
Call log:
  - waiting for locator("div[contenteditable=\"true\"]._ak1l") to be visible

2026-02-24 13:34:02,698 - whatsapp-action - INFO - Found compose box with selector: div[role="textbox"]
2026-02-24 13:34:03,723 - whatsapp-action - INFO - Compose box clicked and focused via JavaScript
2026-02-24 13:34:03,723 - whatsapp-action - INFO - Typing message...
2026-02-24 13:34:28,983 - whatsapp-action - INFO - Re-focusing compose box before sending...
2026-02-24 13:34:29,569 - whatsapp-action - INFO - Sending message with Enter key...
2026-02-24 13:34:34,060 - whatsapp-action - INFO - Verifying message was sent...
2026-02-24 13:34:49,317 - whatsapp-action - ERROR - ✗ Message NOT verified - may not have been sent
2026-02-24 13:34:50,125 - whatsapp-action - ERROR - Verification failed: Message sending could not be verified
2026-02-24 13:34:50,125 - whatsapp-action - ERROR - Action failed on attempt 2: Message sending could not be verified
2026-02-24 13:34:51,526 - whatsapp-action - ERROR - A critical error occurred: Message sending could not be verified
2026-02-24 13:38:19,586 - whatsapp-action - INFO - Preparing to send WhatsApp message to Test Contact...
2026-02-24 13:38:22,209 - whatsapp-action - INFO - Navigating to WhatsApp Web...
2026-02-24 13:38:38,642 - whatsapp-action - INFO - WhatsApp Web loaded - chat pane visible
2026-02-24 13:38:43,643 - whatsapp-action - INFO - Dismissing any popups...
2026-02-24 13:38:49,125 - whatsapp-action - INFO - Searching for contact: Test Contact
2026-02-24 13:38:54,579 - whatsapp-action - INFO - Opening chat...
2026-02-24 13:38:57,721 - whatsapp-action - INFO - Closing search bar with Escape...
2026-02-24 13:39:00,928 - whatsapp-action - INFO - Waiting for chat to load...
2026-02-24 13:39:03,929 - whatsapp-action - INFO - Clicking compose box to ensure focus...
2026-02-24 13:39:08,948 - whatsapp-action - WARNING - Selector div[contenteditable="true"][data-tab="10"] failed: Page.wait_for_selector: Timeout 5000ms exceeded.
Call log:
  - waiting for locator("div[contenteditable=\"true\"][data-tab=\"10\"]") to be visible

2026-02-24 13:39:13,966 - whatsapp-action - WARNING - Selector div[contenteditable="true"]._ak1l failed: Page.wait_for_selector: Timeout 5000ms exceeded.
Call log:
  - waiting for locator("div[contenteditable=\"true\"]._ak1l") to be visible

2026-02-24 13:39:14,001 - whatsapp-action - INFO - Found compose box with selector: div[role="textbox"]
2026-02-24 13:39:15,041 - whatsapp-action - INFO - Compose box clicked and focused via JavaScript
2026-02-24 13:39:15,042 - whatsapp-action - INFO - Typing message...
2026-02-24 13:39:41,639 - whatsapp-action - INFO - Finding and clicking send button...
2026-02-24 13:39:44,653 - whatsapp-action - WARNING - Send button selector button[aria-label="Send"] failed: Page.wait_for_selector: Timeout 3000ms exceeded.
Call log:
  - waiting for locator("button[aria-label=\"Send\"]") to be visible

2026-02-24 13:39:47,659 - whatsapp-action - WARNING - Send button selector button[data-tab="11"] failed: Page.wait_for_selector: Timeout 3000ms exceeded.
Call log:
  - waiting for locator("button[data-tab=\"11\"]") to be visible

2026-02-24 13:39:50,662 - whatsapp-action - WARNING - Send button selector span[data-icon="send"] failed: Page.wait_for_selector: Timeout 3000ms exceeded.
Call log:
  - waiting for locator("span[data-icon=\"send\"]") to be visible

2026-02-24 13:39:53,682 - whatsapp-action - WARNING - Send button selector button span[data-icon="send"] failed: Page.wait_for_selector: Timeout 3000ms exceeded.
Call log:
  - waiting for locator("button span[data-icon=\"send\"]") to be visible

2026-02-24 13:39:53,682 - whatsapp-action - WARNING - Could not find send button, trying Enter key as fallback...
2026-02-24 13:39:57,927 - whatsapp-action - INFO - Verifying message was sent...
2026-02-24 13:40:13,014 - whatsapp-action - ERROR - ✗ Message NOT verified - may not have been sent
2026-02-24 13:40:13,130 - whatsapp-action - ERROR - Verification failed: Message sending could not be verified
2026-02-24 13:40:13,131 - whatsapp-action - ERROR - Action failed on attempt 1: Message sending could not be verified
2026-02-24 13:40:13,630 - whatsapp-action - INFO - Retrying after a short delay...
2026-02-24 13:40:26,442 - whatsapp-action - INFO - Navigating to WhatsApp Web...
2026-02-24 13:40:43,356 - whatsapp-action - INFO - WhatsApp Web loaded - chat pane visible
2026-02-24 13:40:48,357 - whatsapp-action - INFO - Dismissing any popups...
2026-02-24 13:40:53,740 - whatsapp-action - INFO - Searching for contact: Test Contact
2026-02-24 13:40:59,051 - whatsapp-action - INFO - Opening chat...
2026-02-24 13:41:02,154 - whatsapp-action - INFO - Closing search bar with Escape...
2026-02-24 13:41:05,335 - whatsapp-action - INFO - Waiting for chat to load...
2026-02-24 13:41:08,336 - whatsapp-action - INFO - Clicking compose box to ensure focus...
2026-02-24 13:41:13,354 - whatsapp-action - WARNING - Selector div[contenteditable="true"][data-tab="10"] failed: Page.wait_for_selector: Timeout 5000ms exceeded.
Call log:
  - waiting for locator("div[contenteditable=\"true\"][data-tab=\"10\"]") to be visible

2026-02-24 13:41:18,368 - whatsapp-action - WARNING - Selector div[contenteditable="true"]._ak1l failed: Page.wait_for_selector: Timeout 5000ms exceeded.
Call log:
  - waiting for locator("div[contenteditable=\"true\"]._ak1l") to be visible

2026-02-24 13:41:18,391 - whatsapp-action - INFO - Found compose box with selector: div[role="textbox"]
2026-02-24 13:41:19,436 - whatsapp-action - INFO - Compose box clicked and focused via JavaScript
2026-02-24 13:41:19,436 - whatsapp-action - INFO - Typing message...
2026-02-24 13:56:47,652 - whatsapp-action - INFO - Preparing to send WhatsApp message to Test Contact...
2026-02-24 13:56:50,386 - whatsapp-action - INFO - Navigating to WhatsApp Web...
2026-02-24 13:57:02,980 - whatsapp-action - INFO - WhatsApp Web loaded - chat pane visible
2026-02-24 13:57:07,981 - whatsapp-action - INFO - Dismissing any popups...
2026-02-24 13:57:13,502 - whatsapp-action - INFO - Searching for contact: Test Contact
2026-02-24 13:57:18,890 - whatsapp-action - INFO - Opening chat...
2026-02-24 13:57:22,057 - whatsapp-action - INFO - Closing search bar with Escape...
2026-02-24 13:57:25,249 - whatsapp-action - INFO - Waiting for chat to load...
2026-02-24 13:57:28,250 - whatsapp-action - INFO - Clicking compose box to ensure focus...
2026-02-24 13:57:33,273 - whatsapp-action - WARNING - Selector div[contenteditable="true"][data-tab="10"] failed: Page.wait_for_selector: Timeout 5000ms exceeded.
Call log:
  - waiting for locator("div[contenteditable=\"true\"][data-tab=\"10\"]") to be visible

2026-02-24 13:57:38,281 - whatsapp-action - WARNING - Selector div[contenteditable="true"]._ak1l failed: Page.wait_for_selector: Timeout 5000ms exceeded.
Call log:
  - waiting for locator("div[contenteditable=\"true\"]._ak1l") to be visible

2026-02-24 13:57:38,310 - whatsapp-action - INFO - Found compose box with selector: div[role="textbox"]
2026-02-24 13:57:39,345 - whatsapp-action - INFO - Compose box clicked and focused via JavaScript
2026-02-24 13:57:39,345 - whatsapp-action - INFO - Typing message...
2026-02-24 13:58:03,446 - whatsapp-action - INFO - Attempting to send message...
2026-02-24 13:58:04,447 - whatsapp-action - INFO - Method 1: Trying direct button click...
2026-02-24 14:13:20,715 - whatsapp-action - INFO - Preparing to send WhatsApp message to Test Contact...
2026-02-24 14:13:23,261 - whatsapp-action - INFO - Navigating to WhatsApp Web...
2026-02-24 14:13:37,166 - whatsapp-action - INFO - WhatsApp Web loaded - chat pane visible
2026-02-24 14:13:42,167 - whatsapp-action - INFO - Dismissing any popups...
2026-02-24 14:13:47,680 - whatsapp-action - INFO - Searching for contact: Test Contact
2026-02-24 14:13:53,041 - whatsapp-action - INFO - Opening chat...
2026-02-24 14:13:56,191 - whatsapp-action - INFO - Closing search bar with Escape...
2026-02-24 14:13:59,401 - whatsapp-action - INFO - Waiting for chat to load...
2026-02-24 14:14:02,402 - whatsapp-action - INFO - Clicking compose box to ensure focus...
2026-02-24 14:14:07,423 - whatsapp-action - WARNING - Selector div[contenteditable="true"][data-tab="10"] failed: Page.wait_for_selector: Timeout 5000ms exceeded.
Call log:
  - waiting for locator("div[contenteditable=\"true\"][data-tab=\"10\"]") to be visible

2026-02-24 14:14:12,431 - whatsapp-action - WARNING - Selector div[contenteditable="true"]._ak1l failed: Page.wait_for_selector: Timeout 5000ms exceeded.
Call log:
  - waiting for locator("div[contenteditable=\"true\"]._ak1l") to be visible

2026-02-24 14:14:12,443 - whatsapp-action - INFO - Found compose box with selector: div[role="textbox"]
2026-02-24 14:14:13,464 - whatsapp-action - INFO - Compose box clicked and focused via JavaScript
2026-02-24 14:14:13,464 - whatsapp-action - INFO - Typing message...
2026-02-24 14:14:36,998 - whatsapp-action - INFO - Attempting to send message...
2026-02-24 14:14:37,999 - whatsapp-action - INFO - Method 1: Trying direct button click...
2026-02-24 14:14:48,023 - whatsapp-action - WARNING - Method 1 failed: Page.wait_for_selector: Timeout 10000ms exceeded.
Call log:
  - waiting for locator("[data-testid=\"send\"]") to be visible

2026-02-24 14:14:48,023 - whatsapp-action - INFO - Method 2: Trying JavaScript click...
2026-02-24 14:14:48,028 - whatsapp-action - WARNING - Method 2 failed: Page.evaluate: TypeError: Cannot read properties of null (reading 'click')
    at eval (eval at evaluate (:290:30), <anonymous>:1:45)
    at eval (<anonymous>)
    at UtilityScript.evaluate (<anonymous>:290:30)
    at UtilityScript.<anonymous> (<anonymous>:1:44)
2026-02-24 14:14:48,028 - whatsapp-action - INFO - Method 3: Trying Enter key...
2026-02-24 14:14:48,086 - whatsapp-action - INFO - ✓ Sent via Enter key
2026-02-24 14:14:53,179 - whatsapp-action - INFO - Verifying message was sent...
2026-02-24 14:15:08,227 - whatsapp-action - ERROR - ✗ Message NOT verified - may not have been sent
2026-02-24 14:15:08,382 - whatsapp-action - ERROR - Verification failed: Message sending could not be verified
2026-02-24 14:15:08,382 - whatsapp-action - ERROR - Action failed on attempt 1: Message sending could not be verified
2026-02-24 14:15:09,159 - whatsapp-action - INFO - Retrying after a short delay...
2026-02-24 14:15:21,596 - whatsapp-action - INFO - Navigating to WhatsApp Web...
2026-02-24 14:15:33,621 - whatsapp-action - INFO - WhatsApp Web loaded - chat pane visible
2026-02-24 14:15:38,622 - whatsapp-action - INFO - Dismissing any popups...
2026-02-24 14:15:43,852 - whatsapp-action - INFO - Searching for contact: Test Contact
2026-02-24 14:15:49,196 - whatsapp-action - INFO - Opening chat...
2026-02-24 14:15:52,395 - whatsapp-action - INFO - Closing search bar with Escape...
2026-02-24 14:15:55,592 - whatsapp-action - INFO - Waiting for chat to load...
2026-02-24 14:15:58,594 - whatsapp-action - INFO - Clicking compose box to ensure focus...
2026-02-24 14:16:03,624 - whatsapp-action - WARNING - Selector div[contenteditable="true"][data-tab="10"] failed: Page.wait_for_selector: Timeout 5000ms exceeded.
Call log:
  - waiting for locator("div[contenteditable=\"true\"][data-tab=\"10\"]") to be visible

2026-02-24 14:16:08,631 - whatsapp-action - WARNING - Selector div[contenteditable="true"]._ak1l failed: Page.wait_for_selector: Timeout 5000ms exceeded.
Call log:
  - waiting for locator("div[contenteditable=\"true\"]._ak1l") to be visible

2026-02-24 14:16:08,663 - whatsapp-action - INFO - Found compose box with selector: div[role="textbox"]
2026-02-24 14:16:09,706 - whatsapp-action - INFO - Compose box clicked and focused via JavaScript
2026-02-24 14:16:09,707 - whatsapp-action - INFO - Typing message...
2026-02-24 14:16:33,012 - whatsapp-action - INFO - Attempting to send message...
2026-02-24 14:16:34,013 - whatsapp-action - INFO - Method 1: Trying direct button click...
2026-02-24 14:16:44,021 - whatsapp-action - WARNING - Method 1 failed: Page.wait_for_selector: Timeout 10000ms exceeded.
Call log:
  - waiting for locator("[data-testid=\"send\"]") to be visible

2026-02-24 14:16:44,021 - whatsapp-action - INFO - Method 2: Trying JavaScript click...
2026-02-24 14:16:44,037 - whatsapp-action - WARNING - Method 2 failed: Page.evaluate: TypeError: Cannot read properties of null (reading 'click')
    at eval (eval at evaluate (:290:30), <anonymous>:1:45)
    at eval (<anonymous>)
    at UtilityScript.evaluate (<anonymous>:290:30)
    at UtilityScript.<anonymous> (<anonymous>:1:44)
2026-02-24 14:16:44,038 - whatsapp-action - INFO - Method 3: Trying Enter key...
2026-02-24 14:16:44,098 - whatsapp-action - INFO - ✓ Sent via Enter key
2026-02-24 14:16:49,213 - whatsapp-action - INFO - Verifying message was sent...
2026-02-24 14:17:04,264 - whatsapp-action - ERROR - ✗ Message NOT verified - may not have been sent
2026-02-24 14:17:04,407 - whatsapp-action - ERROR - Verification failed: Message sending could not be verified
2026-02-24 14:17:04,408 - whatsapp-action - ERROR - Action failed on attempt 2: Message sending could not be verified
2026-02-24 14:17:05,456 - whatsapp-action - ERROR - A critical error occurred: Message sending could not be verified
2026-02-24 14:22:15,722 - whatsapp-action - INFO - Preparing to send WhatsApp message to Test Contact...
2026-02-24 14:22:18,321 - whatsapp-action - INFO - Navigating to WhatsApp Web...
2026-02-24 14:22:32,078 - whatsapp-action - INFO - WhatsApp Web loaded - chat pane visible
2026-02-24 14:22:37,079 - whatsapp-action - INFO - Dismissing any popups...
2026-02-24 14:22:42,316 - whatsapp-action - INFO - Searching for contact: Test Contact
2026-02-24 14:22:47,655 - whatsapp-action - INFO - Opening chat...
2026-02-24 14:22:50,811 - whatsapp-action - INFO - Closing search bar with Escape...
2026-02-24 14:22:53,968 - whatsapp-action - INFO - Waiting for chat to load...
2026-02-24 14:22:56,969 - whatsapp-action - INFO - Clicking compose box to ensure focus...
2026-02-24 14:23:01,992 - whatsapp-action - WARNING - Selector div[contenteditable="true"][data-tab="10"] failed: Page.wait_for_selector: Timeout 5000ms exceeded.
Call log:
  - waiting for locator("div[contenteditable=\"true\"][data-tab=\"10\"]") to be visible

2026-02-24 14:23:06,998 - whatsapp-action - WARNING - Selector div[contenteditable="true"]._ak1l failed: Page.wait_for_selector: Timeout 5000ms exceeded.
Call log:
  - waiting for locator("div[contenteditable=\"true\"]._ak1l") to be visible

2026-02-24 14:23:07,010 - whatsapp-action - INFO - Found compose box with selector: div[role="textbox"]
2026-02-24 14:23:08,041 - whatsapp-action - INFO - Compose box clicked and focused via JavaScript
2026-02-24 14:23:08,041 - whatsapp-action - INFO - Typing message...
2026-02-24 14:23:31,825 - whatsapp-action - INFO - Attempting to send message...
2026-02-24 14:23:32,826 - whatsapp-action - INFO - Method 1: Trying direct button click...
2026-02-24 14:23:42,837 - whatsapp-action - WARNING - Method 1 failed: Page.wait_for_selector: Timeout 10000ms exceeded.
Call log:
  - waiting for locator("[data-testid=\"send\"]") to be visible

2026-02-24 14:23:42,838 - whatsapp-action - INFO - Method 2: Trying JavaScript click...
2026-02-24 14:23:42,849 - whatsapp-action - WARNING - Method 2 failed: Page.evaluate: TypeError: Cannot read properties of null (reading 'click')
    at eval (eval at evaluate (:290:30), <anonymous>:1:45)
    at eval (<anonymous>)
    at UtilityScript.evaluate (<anonymous>:290:30)
    at UtilityScript.<anonymous> (<anonymous>:1:44)
2026-02-24 14:23:42,850 - whatsapp-action - INFO - Method 3: Trying Enter key...
2026-02-24 14:23:42,903 - whatsapp-action - INFO - ✓ Sent via Enter key
2026-02-24 14:23:48,011 - whatsapp-action - INFO - Verifying message was sent...
2026-02-24 14:24:03,051 - whatsapp-action - ERROR - ✗ Message NOT verified - may not have been sent
2026-02-24 14:24:03,218 - whatsapp-action - ERROR - Verification failed: Message sending could not be verified
2026-02-24 14:24:03,218 - whatsapp-action - ERROR - Action failed on attempt 1: Message sending could not be verified
2026-02-24 14:24:03,565 - whatsapp-action - INFO - Retrying after a short delay...
2026-02-24 14:24:15,873 - whatsapp-action - INFO - Navigating to WhatsApp Web...
2026-02-24 14:24:27,571 - whatsapp-action - INFO - WhatsApp Web loaded - chat pane visible
2026-02-24 14:24:32,572 - whatsapp-action - INFO - Dismissing any popups...
2026-02-24 14:24:37,836 - whatsapp-action - INFO - Searching for contact: Test Contact
2026-02-24 14:24:43,187 - whatsapp-action - INFO - Opening chat...
2026-02-24 14:24:46,637 - whatsapp-action - INFO - Closing search bar with Escape...
2026-02-24 14:24:49,814 - whatsapp-action - INFO - Waiting for chat to load...
2026-02-24 14:24:52,815 - whatsapp-action - INFO - Clicking compose box to ensure focus...
2026-02-24 14:24:57,822 - whatsapp-action - WARNING - Selector div[contenteditable="true"][data-tab="10"] failed: Page.wait_for_selector: Timeout 5000ms exceeded.
Call log:
  - waiting for locator("div[contenteditable=\"true\"][data-tab=\"10\"]") to be visible

2026-02-24 14:25:02,837 - whatsapp-action - WARNING - Selector div[contenteditable="true"]._ak1l failed: Page.wait_for_selector: Timeout 5000ms exceeded.
Call log:
  - waiting for locator("div[contenteditable=\"true\"]._ak1l") to be visible

2026-02-24 14:25:02,850 - whatsapp-action - INFO - Found compose box with selector: div[role="textbox"]
2026-02-24 14:25:03,873 - whatsapp-action - INFO - Compose box clicked and focused via JavaScript
2026-02-24 14:25:03,873 - whatsapp-action - INFO - Typing message...
2026-02-24 14:25:26,813 - whatsapp-action - INFO - Attempting to send message...
2026-02-24 14:25:27,814 - whatsapp-action - INFO - Method 1: Trying direct button click...
2026-02-24 14:25:37,826 - whatsapp-action - WARNING - Method 1 failed: Page.wait_for_selector: Timeout 10000ms exceeded.
Call log:
  - waiting for locator("[data-testid=\"send\"]") to be visible

2026-02-24 14:25:37,826 - whatsapp-action - INFO - Method 2: Trying JavaScript click...
2026-02-24 14:25:37,833 - whatsapp-action - WARNING - Method 2 failed: Page.evaluate: TypeError: Cannot read properties of null (reading 'click')
    at eval (eval at evaluate (:290:30), <anonymous>:1:45)
    at eval (<anonymous>)
    at UtilityScript.evaluate (<anonymous>:290:30)
    at UtilityScript.<anonymous> (<anonymous>:1:44)
2026-02-24 14:25:37,833 - whatsapp-action - INFO - Method 3: Trying Enter key...
2026-02-24 14:25:37,897 - whatsapp-action - INFO - ✓ Sent via Enter key
2026-02-24 14:25:43,026 - whatsapp-action - INFO - Verifying message was sent...
2026-02-24 14:25:58,074 - whatsapp-action - ERROR - ✗ Message NOT verified - may not have been sent
2026-02-24 14:25:58,192 - whatsapp-action - ERROR - Verification failed: Message sending could not be verified
2026-02-24 14:25:58,192 - whatsapp-action - ERROR - Action failed on attempt 2: Message sending could not be verified
2026-02-24 14:25:59,376 - whatsapp-action - ERROR - A critical error occurred: Message sending could not be verified
2026-02-24 14:31:13,844 - whatsapp-action - INFO - Preparing to send WhatsApp message to Test Contact...
2026-02-24 14:31:17,134 - whatsapp-action - INFO - Navigating to WhatsApp Web...
2026-02-24 14:31:35,411 - whatsapp-action - INFO - WhatsApp Web loaded - chat pane visible
2026-02-24 14:31:40,411 - whatsapp-action - INFO - Dismissing any popups...
2026-02-24 14:31:45,705 - whatsapp-action - INFO - Searching for contact: Test Contact
2026-02-24 14:31:51,390 - whatsapp-action - INFO - Opening chat...
2026-02-24 14:31:54,578 - whatsapp-action - INFO - Closing search bar with Escape...
2026-02-24 14:31:57,782 - whatsapp-action - INFO - Waiting for chat to load...
2026-02-24 14:32:00,789 - whatsapp-action - INFO - Clicking compose box to ensure focus...
2026-02-24 14:32:05,826 - whatsapp-action - WARNING - Selector div[contenteditable="true"][data-tab="10"] failed: Page.wait_for_selector: Timeout 5000ms exceeded.
Call log:
  - waiting for locator("div[contenteditable=\"true\"][data-tab=\"10\"]") to be visible

2026-02-24 14:32:10,915 - whatsapp-action - WARNING - Selector div[contenteditable="true"]._ak1l failed: Page.wait_for_selector: Timeout 5000ms exceeded.
Call log:
  - waiting for locator("div[contenteditable=\"true\"]._ak1l") to be visible

2026-02-24 14:32:10,933 - whatsapp-action - INFO - Found compose box with selector: div[role="textbox"]
2026-02-24 14:32:11,979 - whatsapp-action - INFO - Compose box clicked and focused via JavaScript
2026-02-24 14:32:11,980 - whatsapp-action - INFO - Typing message...
2026-02-24 14:32:38,409 - whatsapp-action - INFO - Attempting to send message...
2026-02-24 14:32:39,417 - whatsapp-action - INFO - Method 1: Trying direct button click...
2026-02-24 14:32:49,435 - whatsapp-action - WARNING - Method 1 failed: Page.wait_for_selector: Timeout 10000ms exceeded.
Call log:
  - waiting for locator("[data-testid=\"send\"]") to be visible

2026-02-24 14:32:49,435 - whatsapp-action - INFO - Method 2: Trying JavaScript click...
2026-02-24 14:32:49,446 - whatsapp-action - WARNING - Method 2 failed: Page.evaluate: TypeError: Cannot read properties of null (reading 'click')
    at eval (eval at evaluate (:290:30), <anonymous>:1:45)
    at eval (<anonymous>)
    at UtilityScript.evaluate (<anonymous>:290:30)
    at UtilityScript.<anonymous> (<anonymous>:1:44)
2026-02-24 14:32:49,446 - whatsapp-action - INFO - Method 3: Trying Enter key...
2026-02-24 14:32:49,535 - whatsapp-action - INFO - ✓ Sent via Enter key
2026-02-24 14:32:54,722 - whatsapp-action - INFO - Verifying message was sent...
2026-02-24 14:33:09,831 - whatsapp-action - ERROR - ✗ Message NOT verified - may not have been sent
2026-02-24 14:33:09,996 - whatsapp-action - ERROR - Verification failed: Message sending could not be verified
2026-02-24 14:33:09,996 - whatsapp-action - ERROR - Action failed on attempt 1: Message sending could not be verified
2026-02-24 14:34:20,715 - whatsapp-action - INFO - Retrying after a short delay...
2026-02-24 14:34:33,753 - whatsapp-action - INFO - Navigating to WhatsApp Web...
2026-02-24 14:34:49,656 - whatsapp-action - INFO - WhatsApp Web loaded - chat pane visible
2026-02-24 14:34:54,660 - whatsapp-action - INFO - Dismissing any popups...
2026-02-24 14:34:59,956 - whatsapp-action - INFO - Searching for contact: Test Contact
2026-02-24 14:35:05,361 - whatsapp-action - INFO - Opening chat...
2026-02-24 14:35:08,540 - whatsapp-action - INFO - Closing search bar with Escape...
2026-02-24 14:35:11,726 - whatsapp-action - INFO - Waiting for chat to load...
2026-02-24 14:35:14,727 - whatsapp-action - INFO - Clicking compose box to ensure focus...
2026-02-24 14:35:19,800 - whatsapp-action - WARNING - Selector div[contenteditable="true"][data-tab="10"] failed: Page.wait_for_selector: Timeout 5000ms exceeded.
Call log:
  - waiting for locator("div[contenteditable=\"true\"][data-tab=\"10\"]") to be visible

2026-02-24 14:35:24,807 - whatsapp-action - WARNING - Selector div[contenteditable="true"]._ak1l failed: Page.wait_for_selector: Timeout 5000ms exceeded.
Call log:
  - waiting for locator("div[contenteditable=\"true\"]._ak1l") to be visible

2026-02-24 14:35:24,823 - whatsapp-action - INFO - Found compose box with selector: div[role="textbox"]
2026-02-24 14:35:25,844 - whatsapp-action - INFO - Compose box clicked and focused via JavaScript
2026-02-24 14:35:25,844 - whatsapp-action - INFO - Typing message...
2026-02-24 14:35:52,148 - whatsapp-action - INFO - Attempting to send message...
2026-02-24 14:35:53,151 - whatsapp-action - INFO - Method 1: Trying direct button click...
2026-02-24 14:36:03,160 - whatsapp-action - WARNING - Method 1 failed: Page.wait_for_selector: Timeout 10000ms exceeded.
Call log:
  - waiting for locator("[data-testid=\"send\"]") to be visible

2026-02-24 14:36:03,160 - whatsapp-action - INFO - Method 2: Trying JavaScript click...
2026-02-24 14:36:03,166 - whatsapp-action - WARNING - Method 2 failed: Page.evaluate: TypeError: Cannot read properties of null (reading 'click')
    at eval (eval at evaluate (:290:30), <anonymous>:1:45)
    at eval (<anonymous>)
    at UtilityScript.evaluate (<anonymous>:290:30)
    at UtilityScript.<anonymous> (<anonymous>:1:44)
2026-02-24 14:36:03,166 - whatsapp-action - INFO - Method 3: Trying Enter key...
2026-02-24 14:36:03,227 - whatsapp-action - INFO - ✓ Sent via Enter key
2026-02-24 14:36:08,398 - whatsapp-action - INFO - Verifying message was sent...
2026-02-24 14:36:23,475 - whatsapp-action - ERROR - ✗ Message NOT verified - may not have been sent
2026-02-24 14:36:23,644 - whatsapp-action - ERROR - Verification failed: Message sending could not be verified
2026-02-24 14:36:23,644 - whatsapp-action - ERROR - Action failed on attempt 2: Message sending could not be verified
2026-02-24 14:36:24,872 - whatsapp-action - ERROR - A critical error occurred: Message sending could not be verified
2026-02-24 14:41:39,375 - whatsapp-action - INFO - Preparing to send WhatsApp message to Test Contact...
2026-02-24 14:41:42,258 - whatsapp-action - INFO - Navigating to WhatsApp Web...
2026-02-24 14:41:57,174 - whatsapp-action - INFO - WhatsApp Web loaded - chat pane visible
2026-02-24 14:42:02,179 - whatsapp-action - INFO - Dismissing any popups...
2026-02-24 14:42:07,531 - whatsapp-action - INFO - Searching for contact: Test Contact
2026-02-24 14:42:12,905 - whatsapp-action - INFO - Opening chat...
2026-02-24 14:42:16,087 - whatsapp-action - INFO - Closing search bar with Escape...
2026-02-24 14:42:19,289 - whatsapp-action - INFO - Waiting for chat to load...
2026-02-24 14:42:22,293 - whatsapp-action - INFO - Clicking compose box to ensure focus...
2026-02-24 14:42:27,316 - whatsapp-action - WARNING - Selector div[contenteditable="true"][data-tab="10"] failed: Page.wait_for_selector: Timeout 5000ms exceeded.
Call log:
  - waiting for locator("div[contenteditable=\"true\"][data-tab=\"10\"]") to be visible

2026-02-24 14:42:32,330 - whatsapp-action - WARNING - Selector div[contenteditable="true"]._ak1l failed: Page.wait_for_selector: Timeout 5000ms exceeded.
Call log:
  - waiting for locator("div[contenteditable=\"true\"]._ak1l") to be visible

2026-02-24 14:42:32,361 - whatsapp-action - INFO - Found compose box with selector: div[role="textbox"]
2026-02-24 14:42:33,401 - whatsapp-action - INFO - Compose box clicked and focused via JavaScript
2026-02-24 14:42:33,402 - whatsapp-action - INFO - Typing message...
2026-02-24 14:42:58,027 - whatsapp-action - INFO - Attempting to send message...
2026-02-24 14:42:59,031 - whatsapp-action - INFO - Method 1: Trying direct button click...
2026-02-24 14:43:09,040 - whatsapp-action - WARNING - Method 1 failed: Page.wait_for_selector: Timeout 10000ms exceeded.
Call log:
  - waiting for locator("[data-testid=\"send\"]") to be visible

2026-02-24 14:43:09,040 - whatsapp-action - INFO - Method 2: Trying JavaScript click...
2026-02-24 14:43:09,050 - whatsapp-action - WARNING - Method 2 failed: Page.evaluate: TypeError: Cannot read properties of null (reading 'click')
    at eval (eval at evaluate (:290:30), <anonymous>:1:45)
    at eval (<anonymous>)
    at UtilityScript.evaluate (<anonymous>:290:30)
    at UtilityScript.<anonymous> (<anonymous>:1:44)
2026-02-24 14:43:09,050 - whatsapp-action - INFO - Method 3: Trying Enter key...
2026-02-24 14:43:09,139 - whatsapp-action - INFO - ✓ Sent via Enter key
2026-02-24 14:43:14,750 - whatsapp-action - INFO - Verifying message was sent...
2026-02-24 14:43:29,901 - whatsapp-action - ERROR - ✗ Message NOT verified - may not have been sent
2026-02-24 14:43:30,182 - whatsapp-action - ERROR - Verification failed: Message sending could not be verified
2026-02-24 14:43:30,182 - whatsapp-action - ERROR - Action failed on attempt 1: Message sending could not be verified
2026-02-24 14:43:31,775 - whatsapp-action - INFO - Retrying after a short delay...
2026-02-24 14:43:44,063 - whatsapp-action - INFO - Navigating to WhatsApp Web...
2026-02-24 14:43:58,357 - whatsapp-action - INFO - WhatsApp Web loaded - chat pane visible
2026-02-24 14:44:03,363 - whatsapp-action - INFO - Dismissing any popups...
2026-02-24 14:44:08,554 - whatsapp-action - INFO - Searching for contact: Test Contact
2026-02-24 14:44:13,936 - whatsapp-action - INFO - Opening chat...
2026-02-24 14:44:17,082 - whatsapp-action - INFO - Closing search bar with Escape...
2026-02-24 14:44:20,273 - whatsapp-action - INFO - Waiting for chat to load...
2026-02-24 14:44:23,282 - whatsapp-action - INFO - Clicking compose box to ensure focus...
2026-02-24 14:44:28,293 - whatsapp-action - WARNING - Selector div[contenteditable="true"][data-tab="10"] failed: Page.wait_for_selector: Timeout 5000ms exceeded.
Call log:
  - waiting for locator("div[contenteditable=\"true\"][data-tab=\"10\"]") to be visible

2026-02-24 14:44:33,305 - whatsapp-action - WARNING - Selector div[contenteditable="true"]._ak1l failed: Page.wait_for_selector: Timeout 5000ms exceeded.
Call log:
  - waiting for locator("div[contenteditable=\"true\"]._ak1l") to be visible

2026-02-24 14:44:33,319 - whatsapp-action - INFO - Found compose box with selector: div[role="textbox"]
2026-02-24 14:44:34,385 - whatsapp-action - INFO - Compose box clicked and focused via JavaScript
2026-02-24 14:44:34,385 - whatsapp-action - INFO - Typing message...
2026-02-24 14:45:00,544 - whatsapp-action - INFO - Attempting to send message...
2026-02-24 14:45:01,548 - whatsapp-action - INFO - Method 1: Trying direct button click...
2026-02-24 14:45:11,749 - whatsapp-action - WARNING - Method 1 failed: Page.wait_for_selector: Timeout 10000ms exceeded.
Call log:
  - waiting for locator("[data-testid=\"send\"]") to be visible

2026-02-24 14:45:11,749 - whatsapp-action - INFO - Method 2: Trying JavaScript click...
2026-02-24 14:45:12,072 - whatsapp-action - WARNING - Method 2 failed: Page.evaluate: TypeError: Cannot read properties of null (reading 'click')
    at eval (eval at evaluate (:290:30), <anonymous>:1:45)
    at eval (<anonymous>)
    at UtilityScript.evaluate (<anonymous>:290:30)
    at UtilityScript.<anonymous> (<anonymous>:1:44)
2026-02-24 14:45:12,072 - whatsapp-action - INFO - Method 3: Trying Enter key...
2026-02-24 14:45:13,582 - whatsapp-action - INFO - ✓ Sent via Enter key
2026-02-24 14:45:19,491 - whatsapp-action - INFO - Verifying message was sent...
2026-02-24 14:45:35,046 - whatsapp-action - ERROR - ✗ Message NOT verified - may not have been sent
2026-02-24 14:45:35,297 - whatsapp-action - ERROR - Verification failed: Message sending could not be verified
2026-02-24 14:45:35,297 - whatsapp-action - ERROR - Action failed on attempt 2: Message sending could not be verified
2026-02-24 14:45:37,917 - whatsapp-action - ERROR - A critical error occurred: Message sending could not be verified
2026-02-24 14:50:48,015 - whatsapp-action - INFO - Preparing to send WhatsApp message to Test Contact...
2026-02-24 14:50:50,426 - whatsapp-action - INFO - Navigating to WhatsApp Web...
2026-02-24 14:51:05,207 - whatsapp-action - INFO - WhatsApp Web loaded - chat pane visible
2026-02-24 14:51:10,214 - whatsapp-action - INFO - Dismissing any popups...
2026-02-24 14:51:15,729 - whatsapp-action - INFO - Searching for contact: Test Contact
2026-02-24 14:51:21,147 - whatsapp-action - INFO - Opening chat...
2026-02-24 14:51:24,449 - whatsapp-action - INFO - Closing search bar with Escape...
2026-02-24 14:51:27,668 - whatsapp-action - INFO - Waiting for chat to load...
2026-02-24 14:51:30,669 - whatsapp-action - INFO - Clicking compose box to ensure focus...
2026-02-24 14:51:35,701 - whatsapp-action - WARNING - Selector div[contenteditable="true"][data-tab="10"] failed: Page.wait_for_selector: Timeout 5000ms exceeded.
Call log:
  - waiting for locator("div[contenteditable=\"true\"][data-tab=\"10\"]") to be visible

2026-02-24 14:51:40,731 - whatsapp-action - WARNING - Selector div[contenteditable="true"]._ak1l failed: Page.wait_for_selector: Timeout 5000ms exceeded.
Call log:
  - waiting for locator("div[contenteditable=\"true\"]._ak1l") to be visible

2026-02-24 14:51:40,801 - whatsapp-action - INFO - Found compose box with selector: div[role="textbox"]
2026-02-24 14:51:41,857 - whatsapp-action - INFO - Compose box clicked and focused via JavaScript
2026-02-24 14:51:41,858 - whatsapp-action - INFO - Typing message...
2026-02-24 14:52:08,255 - whatsapp-action - INFO - Attempting to send message...
2026-02-24 14:52:09,259 - whatsapp-action - INFO - Method 1: Trying direct button click...
2026-02-24 14:52:19,280 - whatsapp-action - WARNING - Method 1 failed: Page.wait_for_selector: Timeout 10000ms exceeded.
Call log:
  - waiting for locator("[data-testid=\"send\"]") to be visible

2026-02-24 14:52:19,280 - whatsapp-action - INFO - Method 2: Trying JavaScript click...
2026-02-24 14:52:19,286 - whatsapp-action - WARNING - Method 2 failed: Page.evaluate: TypeError: Cannot read properties of null (reading 'click')
    at eval (eval at evaluate (:290:30), <anonymous>:1:45)
    at eval (<anonymous>)
    at UtilityScript.evaluate (<anonymous>:290:30)
    at UtilityScript.<anonymous> (<anonymous>:1:44)
2026-02-24 14:52:19,287 - whatsapp-action - INFO - Method 3: Trying Enter key...
2026-02-24 14:52:19,353 - whatsapp-action - INFO - ✓ Sent via Enter key
2026-02-24 14:52:24,537 - whatsapp-action - INFO - Verifying message was sent...
2026-02-24 14:52:39,572 - whatsapp-action - ERROR - ✗ Message NOT verified - may not have been sent
2026-02-24 14:52:39,717 - whatsapp-action - ERROR - Verification failed: Message sending could not be verified
2026-02-24 14:52:39,717 - whatsapp-action - ERROR - Action failed on attempt 1: Message sending could not be verified
2026-02-24 14:52:40,131 - whatsapp-action - INFO - Retrying after a short delay...
2026-02-24 14:52:52,674 - whatsapp-action - INFO - Navigating to WhatsApp Web...
2026-02-24 14:53:06,395 - whatsapp-action - INFO - WhatsApp Web loaded - chat pane visible
2026-02-24 14:53:11,402 - whatsapp-action - INFO - Dismissing any popups...
2026-02-24 14:53:16,709 - whatsapp-action - INFO - Searching for contact: Test Contact
2026-02-24 14:53:22,089 - whatsapp-action - INFO - Opening chat...
2026-02-24 14:53:25,290 - whatsapp-action - INFO - Closing search bar with Escape...
2026-02-24 14:53:26,590 - whatsapp-action - INFO - Preparing to send WhatsApp message to +923212322687...
2026-02-24 14:53:28,554 - whatsapp-action - INFO - Waiting for chat to load...
2026-02-24 14:53:29,918 - whatsapp-action - ERROR - A critical error occurred: BrowserType.launch_persistent_context: Target page, context or browser has been closed
Browser logs:

<launching> C:\Program Files\Google\Chrome\Application\chrome.exe --disable-field-trial-config --disable-background-networking --disable-background-timer-throttling --disable-backgrounding-occluded-windows --disable-back-forward-cache --disable-breakpad --disable-client-side-phishing-detection --disable-component-extensions-with-background-pages --disable-component-update --no-default-browser-check --disable-default-apps --disable-dev-shm-usage --disable-extensions --disable-features=AvoidUnnecessaryBeforeUnloadCheckSync,BoundaryEventDispatchTracksNodeRemoval,DestroyProfileOnBrowserClose,DialMediaRouteProvider,GlobalMediaControls,HttpsUpgrades,LensOverlay,MediaRouter,PaintHolding,ThirdPartyStoragePartitioning,Translate,AutoDeElevate,RenderDocument,OptimizationHints --enable-features=CDPScreenshotNewSurface --allow-pre-commit-input --disable-hang-monitor --disable-ipc-flooding-protection --disable-popup-blocking --disable-prompt-on-repost --disable-renderer-backgrounding --force-color-profile=srgb --metrics-recording-only --no-first-run --password-store=basic --use-mock-keychain --no-service-autorun --export-tagged-pdf --disable-search-engine-choice-screen --unsafely-disable-devtools-self-xss-warnings --edge-skip-compat-layer-relaunch --enable-automation --disable-infobars --disable-search-engine-choice-screen --disable-sync --enable-unsafe-swiftshader --no-sandbox --disable-blink-features=AutomationControlled --no-sandbox --disable-gpu --user-data-dir=D:\Hackathons\hackathon-0\silver\sessions\wa_fresh --remote-debugging-pipe about:blank
<launched> pid=18348
Call log:
  - <launching> C:\Program Files\Google\Chrome\Application\chrome.exe --disable-field-trial-config --disable-background-networking --disable-background-timer-throttling --disable-backgrounding-occluded-windows --disable-back-forward-cache --disable-breakpad --disable-client-side-phishing-detection --disable-component-extensions-with-background-pages --disable-component-update --no-default-browser-check --disable-default-apps --disable-dev-shm-usage --disable-extensions --disable-features=AvoidUnnecessaryBeforeUnloadCheckSync,BoundaryEventDispatchTracksNodeRemoval,DestroyProfileOnBrowserClose,DialMediaRouteProvider,GlobalMediaControls,HttpsUpgrades,LensOverlay,MediaRouter,PaintHolding,ThirdPartyStoragePartitioning,Translate,AutoDeElevate,RenderDocument,OptimizationHints --enable-features=CDPScreenshotNewSurface --allow-pre-commit-input --disable-hang-monitor --disable-ipc-flooding-protection --disable-popup-blocking --disable-prompt-on-repost --disable-renderer-backgrounding --force-color-profile=srgb --metrics-recording-only --no-first-run --password-store=basic --use-mock-keychain --no-service-autorun --export-tagged-pdf --disable-search-engine-choice-screen --unsafely-disable-devtools-self-xss-warnings --edge-skip-compat-layer-relaunch --enable-automation --disable-infobars --disable-search-engine-choice-screen --disable-sync --enable-unsafe-swiftshader --no-sandbox --disable-blink-features=AutomationControlled --no-sandbox --disable-gpu --user-data-dir=D:\Hackathons\hackathon-0\silver\sessions\wa_fresh --remote-debugging-pipe about:blank
  - <launched> pid=18348
  - [pid=18348] <gracefully close start>
  - [pid=18348] <kill>
  - [pid=18348] <will force kill>
  - [pid=18348] taskkill stderr: ERROR: The process "18348" not found.
  - [pid=18348] <process did exit: exitCode=21, signal=null>
  - [pid=18348] starting temporary directories cleanup
  - [pid=18348] finished temporary directories cleanup
  - [pid=18348] <gracefully close end>

2026-02-24 14:53:29,918 - whatsapp-action - WARNING - Session may be locked by another process (watcher?). Waiting and retrying...
2026-02-24 14:53:31,558 - whatsapp-action - INFO - Clicking compose box to ensure focus...
2026-02-24 14:53:36,651 - whatsapp-action - WARNING - Selector div[contenteditable="true"][data-tab="10"] failed: Page.wait_for_selector: Timeout 5000ms exceeded.
Call log:
  - waiting for locator("div[contenteditable=\"true\"][data-tab=\"10\"]") to be visible

2026-02-24 14:53:41,728 - whatsapp-action - WARNING - Selector div[contenteditable="true"]._ak1l failed: Page.wait_for_selector: Timeout 5000ms exceeded.
Call log:
  - waiting for locator("div[contenteditable=\"true\"]._ak1l") to be visible

2026-02-24 14:53:41,767 - whatsapp-action - INFO - Found compose box with selector: div[role="textbox"]
2026-02-24 14:53:42,801 - whatsapp-action - INFO - Compose box clicked and focused via JavaScript
2026-02-24 14:53:42,804 - whatsapp-action - INFO - Typing message...
2026-02-24 14:53:48,132 - whatsapp-action - ERROR - A critical error occurred: BrowserType.launch_persistent_context: Target page, context or browser has been closed
Browser logs:

<launching> C:\Program Files\Google\Chrome\Application\chrome.exe --disable-field-trial-config --disable-background-networking --disable-background-timer-throttling --disable-backgrounding-occluded-windows --disable-back-forward-cache --disable-breakpad --disable-client-side-phishing-detection --disable-component-extensions-with-background-pages --disable-component-update --no-default-browser-check --disable-default-apps --disable-dev-shm-usage --disable-extensions --disable-features=AvoidUnnecessaryBeforeUnloadCheckSync,BoundaryEventDispatchTracksNodeRemoval,DestroyProfileOnBrowserClose,DialMediaRouteProvider,GlobalMediaControls,HttpsUpgrades,LensOverlay,MediaRouter,PaintHolding,ThirdPartyStoragePartitioning,Translate,AutoDeElevate,RenderDocument,OptimizationHints --enable-features=CDPScreenshotNewSurface --allow-pre-commit-input --disable-hang-monitor --disable-ipc-flooding-protection --disable-popup-blocking --disable-prompt-on-repost --disable-renderer-backgrounding --force-color-profile=srgb --metrics-recording-only --no-first-run --password-store=basic --use-mock-keychain --no-service-autorun --export-tagged-pdf --disable-search-engine-choice-screen --unsafely-disable-devtools-self-xss-warnings --edge-skip-compat-layer-relaunch --enable-automation --disable-infobars --disable-search-engine-choice-screen --disable-sync --enable-unsafe-swiftshader --no-sandbox --disable-blink-features=AutomationControlled --no-sandbox --disable-gpu --user-data-dir=D:\Hackathons\hackathon-0\silver\sessions\wa_fresh --remote-debugging-pipe about:blank
<launched> pid=22644
Call log:
  - <launching> C:\Program Files\Google\Chrome\Application\chrome.exe --disable-field-trial-config --disable-background-networking --disable-background-timer-throttling --disable-backgrounding-occluded-windows --disable-back-forward-cache --disable-breakpad --disable-client-side-phishing-detection --disable-component-extensions-with-background-pages --disable-component-update --no-default-browser-check --disable-default-apps --disable-dev-shm-usage --disable-extensions --disable-features=AvoidUnnecessaryBeforeUnloadCheckSync,BoundaryEventDispatchTracksNodeRemoval,DestroyProfileOnBrowserClose,DialMediaRouteProvider,GlobalMediaControls,HttpsUpgrades,LensOverlay,MediaRouter,PaintHolding,ThirdPartyStoragePartitioning,Translate,AutoDeElevate,RenderDocument,OptimizationHints --enable-features=CDPScreenshotNewSurface --allow-pre-commit-input --disable-hang-monitor --disable-ipc-flooding-protection --disable-popup-blocking --disable-prompt-on-repost --disable-renderer-backgrounding --force-color-profile=srgb --metrics-recording-only --no-first-run --password-store=basic --use-mock-keychain --no-service-autorun --export-tagged-pdf --disable-search-engine-choice-screen --unsafely-disable-devtools-self-xss-warnings --edge-skip-compat-layer-relaunch --enable-automation --disable-infobars --disable-search-engine-choice-screen --disable-sync --enable-unsafe-swiftshader --no-sandbox --disable-blink-features=AutomationControlled --no-sandbox --disable-gpu --user-data-dir=D:\Hackathons\hackathon-0\silver\sessions\wa_fresh --remote-debugging-pipe about:blank
  - <launched> pid=22644
  - [pid=22644] <gracefully close start>
  - [pid=22644] <kill>
  - [pid=22644] <will force kill>
  - [pid=22644] taskkill stderr: ERROR: The process "22644" not found.
  - [pid=22644] <process did exit: exitCode=21, signal=null>
  - [pid=22644] starting temporary directories cleanup
  - [pid=22644] finished temporary directories cleanup
  - [pid=22644] <gracefully close end>

2026-02-24 14:53:48,133 - whatsapp-action - WARNING - Session may be locked by another process (watcher?). Waiting and retrying...
2026-02-24 14:54:09,242 - whatsapp-action - INFO - Attempting to send message...
2026-02-24 14:54:10,243 - whatsapp-action - INFO - Method 1: Trying direct button click...
2026-02-24 14:54:20,255 - whatsapp-action - WARNING - Method 1 failed: Page.wait_for_selector: Timeout 10000ms exceeded.
Call log:
  - waiting for locator("[data-testid=\"send\"]") to be visible

2026-02-24 14:54:20,255 - whatsapp-action - INFO - Method 2: Trying JavaScript click...
2026-02-24 14:54:20,266 - whatsapp-action - WARNING - Method 2 failed: Page.evaluate: TypeError: Cannot read properties of null (reading 'click')
    at eval (eval at evaluate (:290:30), <anonymous>:1:45)
    at eval (<anonymous>)
    at UtilityScript.evaluate (<anonymous>:290:30)
    at UtilityScript.<anonymous> (<anonymous>:1:44)
2026-02-24 14:54:20,266 - whatsapp-action - INFO - Method 3: Trying Enter key...
2026-02-24 14:54:20,331 - whatsapp-action - INFO - ✓ Sent via Enter key
2026-02-24 14:54:25,772 - whatsapp-action - INFO - Verifying message was sent...
2026-02-24 14:54:40,848 - whatsapp-action - ERROR - ✗ Message NOT verified - may not have been sent
2026-02-24 14:54:40,994 - whatsapp-action - ERROR - Verification failed: Message sending could not be verified
2026-02-24 14:54:40,994 - whatsapp-action - ERROR - Action failed on attempt 2: Message sending could not be verified
2026-02-24 14:54:41,489 - whatsapp-action - ERROR - A critical error occurred: Message sending could not be verified
2026-02-24 14:56:09,227 - whatsapp-action - INFO - Preparing to send WhatsApp message to +923212322687...
2026-02-24 14:56:12,352 - whatsapp-action - INFO - Navigating to WhatsApp Web...
2026-02-24 14:56:27,623 - whatsapp-action - INFO - WhatsApp Web loaded - chat pane visible
2026-02-24 14:56:32,630 - whatsapp-action - INFO - Dismissing any popups...
2026-02-24 14:56:39,164 - whatsapp-action - INFO - Searching for contact: +923212322687
2026-02-24 14:56:39,203 - whatsapp-action - INFO - Found search box with selector: div[contenteditable="true"][data-tab="3"]
2026-02-24 14:56:46,878 - whatsapp-action - INFO - Opening chat by clicking first result...
2026-02-24 14:56:51,884 - whatsapp-action - WARNING - Result selector div[role="listitem"] failed: Page.wait_for_selector: Timeout 5000ms exceeded.
Call log:
  - waiting for locator("div[role=\"listitem\"]") to be visible

2026-02-24 14:56:56,889 - whatsapp-action - WARNING - Result selector div[data-testid="cell-frame-container"] failed: Page.wait_for_selector: Timeout 5000ms exceeded.
Call log:
  - waiting for locator("div[data-testid=\"cell-frame-container\"]") to be visible

2026-02-24 14:56:56,890 - whatsapp-action - ERROR - Could not find search result to click
2026-02-24 14:56:56,890 - whatsapp-action - ERROR - Action failed on attempt 1: Search result not found
2026-02-24 14:56:57,816 - whatsapp-action - INFO - Retrying after a short delay...
2026-02-24 14:57:12,232 - whatsapp-action - ERROR - A critical error occurred: BrowserType.launch_persistent_context: Target page, context or browser has been closed
Browser logs:

<launching> C:\Program Files\Google\Chrome\Application\chrome.exe --disable-field-trial-config --disable-background-networking --disable-background-timer-throttling --disable-backgrounding-occluded-windows --disable-back-forward-cache --disable-breakpad --disable-client-side-phishing-detection --disable-component-extensions-with-background-pages --disable-component-update --no-default-browser-check --disable-default-apps --disable-dev-shm-usage --disable-extensions --disable-features=AvoidUnnecessaryBeforeUnloadCheckSync,BoundaryEventDispatchTracksNodeRemoval,DestroyProfileOnBrowserClose,DialMediaRouteProvider,GlobalMediaControls,HttpsUpgrades,LensOverlay,MediaRouter,PaintHolding,ThirdPartyStoragePartitioning,Translate,AutoDeElevate,RenderDocument,OptimizationHints --enable-features=CDPScreenshotNewSurface --allow-pre-commit-input --disable-hang-monitor --disable-ipc-flooding-protection --disable-popup-blocking --disable-prompt-on-repost --disable-renderer-backgrounding --force-color-profile=srgb --metrics-recording-only --no-first-run --password-store=basic --use-mock-keychain --no-service-autorun --export-tagged-pdf --disable-search-engine-choice-screen --unsafely-disable-devtools-self-xss-warnings --edge-skip-compat-layer-relaunch --enable-automation --disable-infobars --disable-search-engine-choice-screen --disable-sync --enable-unsafe-swiftshader --no-sandbox --disable-blink-features=AutomationControlled --no-sandbox --disable-gpu --user-data-dir=D:\Hackathons\hackathon-0\silver\sessions\wa_fresh --remote-debugging-pipe about:blank
<launched> pid=828
Call log:
  - <launching> C:\Program Files\Google\Chrome\Application\chrome.exe --disable-field-trial-config --disable-background-networking --disable-background-timer-throttling --disable-backgrounding-occluded-windows --disable-back-forward-cache --disable-breakpad --disable-client-side-phishing-detection --disable-component-extensions-with-background-pages --disable-component-update --no-default-browser-check --disable-default-apps --disable-dev-shm-usage --disable-extensions --disable-features=AvoidUnnecessaryBeforeUnloadCheckSync,BoundaryEventDispatchTracksNodeRemoval,DestroyProfileOnBrowserClose,DialMediaRouteProvider,GlobalMediaControls,HttpsUpgrades,LensOverlay,MediaRouter,PaintHolding,ThirdPartyStoragePartitioning,Translate,AutoDeElevate,RenderDocument,OptimizationHints --enable-features=CDPScreenshotNewSurface --allow-pre-commit-input --disable-hang-monitor --disable-ipc-flooding-protection --disable-popup-blocking --disable-prompt-on-repost --disable-renderer-backgrounding --force-color-profile=srgb --metrics-recording-only --no-first-run --password-store=basic --use-mock-keychain --no-service-autorun --export-tagged-pdf --disable-search-engine-choice-screen --unsafely-disable-devtools-self-xss-warnings --edge-skip-compat-layer-relaunch --enable-automation --disable-infobars --disable-search-engine-choice-screen --disable-sync --enable-unsafe-swiftshader --no-sandbox --disable-blink-features=AutomationControlled --no-sandbox --disable-gpu --user-data-dir=D:\Hackathons\hackathon-0\silver\sessions\wa_fresh --remote-debugging-pipe about:blank
  - <launched> pid=828
  - [pid=828] <gracefully close start>
  - [pid=828] <kill>
  - [pid=828] <will force kill>
  - [pid=828] taskkill stderr: ERROR: The process "828" not found.
  - [pid=828] <process did exit: exitCode=21, signal=null>
  - [pid=828] starting temporary directories cleanup
  - [pid=828] finished temporary directories cleanup
  - [pid=828] <gracefully close end>

2026-02-24 14:57:12,233 - whatsapp-action - WARNING - Session may be locked by another process (watcher?). Waiting and retrying...
2026-02-24 14:59:33,894 - whatsapp-action - INFO - Preparing to send WhatsApp message to +923212322687...
2026-02-24 14:59:37,501 - whatsapp-action - INFO - Navigating to WhatsApp Web...
2026-02-24 14:59:53,657 - whatsapp-action - INFO - Preparing to send WhatsApp message to Test Contact...
2026-02-24 14:59:54,871 - whatsapp-action - INFO - WhatsApp Web loaded - chat pane visible
2026-02-24 14:59:58,931 - whatsapp-action - ERROR - A critical error occurred: BrowserType.launch_persistent_context: Target page, context or browser has been closed
Browser logs:

<launching> C:\Program Files\Google\Chrome\Application\chrome.exe --disable-field-trial-config --disable-background-networking --disable-background-timer-throttling --disable-backgrounding-occluded-windows --disable-back-forward-cache --disable-breakpad --disable-client-side-phishing-detection --disable-component-extensions-with-background-pages --disable-component-update --no-default-browser-check --disable-default-apps --disable-dev-shm-usage --disable-extensions --disable-features=AvoidUnnecessaryBeforeUnloadCheckSync,BoundaryEventDispatchTracksNodeRemoval,DestroyProfileOnBrowserClose,DialMediaRouteProvider,GlobalMediaControls,HttpsUpgrades,LensOverlay,MediaRouter,PaintHolding,ThirdPartyStoragePartitioning,Translate,AutoDeElevate,RenderDocument,OptimizationHints --enable-features=CDPScreenshotNewSurface --allow-pre-commit-input --disable-hang-monitor --disable-ipc-flooding-protection --disable-popup-blocking --disable-prompt-on-repost --disable-renderer-backgrounding --force-color-profile=srgb --metrics-recording-only --no-first-run --password-store=basic --use-mock-keychain --no-service-autorun --export-tagged-pdf --disable-search-engine-choice-screen --unsafely-disable-devtools-self-xss-warnings --edge-skip-compat-layer-relaunch --enable-automation --disable-infobars --disable-search-engine-choice-screen --disable-sync --enable-unsafe-swiftshader --no-sandbox --disable-blink-features=AutomationControlled --no-sandbox --disable-gpu --user-data-dir=D:\Hackathons\hackathon-0\silver\sessions\wa_fresh --remote-debugging-pipe about:blank
<launched> pid=4396
Call log:
  - <launching> C:\Program Files\Google\Chrome\Application\chrome.exe --disable-field-trial-config --disable-background-networking --disable-background-timer-throttling --disable-backgrounding-occluded-windows --disable-back-forward-cache --disable-breakpad --disable-client-side-phishing-detection --disable-component-extensions-with-background-pages --disable-component-update --no-default-browser-check --disable-default-apps --disable-dev-shm-usage --disable-extensions --disable-features=AvoidUnnecessaryBeforeUnloadCheckSync,BoundaryEventDispatchTracksNodeRemoval,DestroyProfileOnBrowserClose,DialMediaRouteProvider,GlobalMediaControls,HttpsUpgrades,LensOverlay,MediaRouter,PaintHolding,ThirdPartyStoragePartitioning,Translate,AutoDeElevate,RenderDocument,OptimizationHints --enable-features=CDPScreenshotNewSurface --allow-pre-commit-input --disable-hang-monitor --disable-ipc-flooding-protection --disable-popup-blocking --disable-prompt-on-repost --disable-renderer-backgrounding --force-color-profile=srgb --metrics-recording-only --no-first-run --password-store=basic --use-mock-keychain --no-service-autorun --export-tagged-pdf --disable-search-engine-choice-screen --unsafely-disable-devtools-self-xss-warnings --edge-skip-compat-layer-relaunch --enable-automation --disable-infobars --disable-search-engine-choice-screen --disable-sync --enable-unsafe-swiftshader --no-sandbox --disable-blink-features=AutomationControlled --no-sandbox --disable-gpu --user-data-dir=D:\Hackathons\hackathon-0\silver\sessions\wa_fresh --remote-debugging-pipe about:blank
  - <launched> pid=4396
  - [pid=4396] <gracefully close start>
  - [pid=4396] <kill>
  - [pid=4396] <will force kill>
  - [pid=4396] taskkill stderr: ERROR: The process "4396" not found.
  - [pid=4396] <process did exit: exitCode=21, signal=null>
  - [pid=4396] starting temporary directories cleanup
  - [pid=4396] finished temporary directories cleanup
  - [pid=4396] <gracefully close end>

2026-02-24 14:59:58,932 - whatsapp-action - WARNING - Session may be locked by another process (watcher?). Waiting and retrying...
2026-02-24 14:59:59,877 - whatsapp-action - INFO - Dismissing any popups...
2026-02-24 15:00:05,381 - whatsapp-action - INFO - Searching for contact: +923212322687
2026-02-24 15:00:05,400 - whatsapp-action - INFO - Found search box with selector: div[contenteditable="true"][data-tab="3"]
2026-02-24 15:00:11,884 - whatsapp-action - INFO - Opening chat with Enter key...
2026-02-24 15:00:15,260 - whatsapp-action - INFO - Waiting for chat to load...
2026-02-24 15:00:16,336 - whatsapp-action - ERROR - A critical error occurred: BrowserType.launch_persistent_context: Target page, context or browser has been closed
Browser logs:

<launching> C:\Program Files\Google\Chrome\Application\chrome.exe --disable-field-trial-config --disable-background-networking --disable-background-timer-throttling --disable-backgrounding-occluded-windows --disable-back-forward-cache --disable-breakpad --disable-client-side-phishing-detection --disable-component-extensions-with-background-pages --disable-component-update --no-default-browser-check --disable-default-apps --disable-dev-shm-usage --disable-extensions --disable-features=AvoidUnnecessaryBeforeUnloadCheckSync,BoundaryEventDispatchTracksNodeRemoval,DestroyProfileOnBrowserClose,DialMediaRouteProvider,GlobalMediaControls,HttpsUpgrades,LensOverlay,MediaRouter,PaintHolding,ThirdPartyStoragePartitioning,Translate,AutoDeElevate,RenderDocument,OptimizationHints --enable-features=CDPScreenshotNewSurface --allow-pre-commit-input --disable-hang-monitor --disable-ipc-flooding-protection --disable-popup-blocking --disable-prompt-on-repost --disable-renderer-backgrounding --force-color-profile=srgb --metrics-recording-only --no-first-run --password-store=basic --use-mock-keychain --no-service-autorun --export-tagged-pdf --disable-search-engine-choice-screen --unsafely-disable-devtools-self-xss-warnings --edge-skip-compat-layer-relaunch --enable-automation --disable-infobars --disable-search-engine-choice-screen --disable-sync --enable-unsafe-swiftshader --no-sandbox --disable-blink-features=AutomationControlled --no-sandbox --disable-gpu --user-data-dir=D:\Hackathons\hackathon-0\silver\sessions\wa_fresh --remote-debugging-pipe about:blank
<launched> pid=780
Call log:
  - <launching> C:\Program Files\Google\Chrome\Application\chrome.exe --disable-field-trial-config --disable-background-networking --disable-background-timer-throttling --disable-backgrounding-occluded-windows --disable-back-forward-cache --disable-breakpad --disable-client-side-phishing-detection --disable-component-extensions-with-background-pages --disable-component-update --no-default-browser-check --disable-default-apps --disable-dev-shm-usage --disable-extensions --disable-features=AvoidUnnecessaryBeforeUnloadCheckSync,BoundaryEventDispatchTracksNodeRemoval,DestroyProfileOnBrowserClose,DialMediaRouteProvider,GlobalMediaControls,HttpsUpgrades,LensOverlay,MediaRouter,PaintHolding,ThirdPartyStoragePartitioning,Translate,AutoDeElevate,RenderDocument,OptimizationHints --enable-features=CDPScreenshotNewSurface --allow-pre-commit-input --disable-hang-monitor --disable-ipc-flooding-protection --disable-popup-blocking --disable-prompt-on-repost --disable-renderer-backgrounding --force-color-profile=srgb --metrics-recording-only --no-first-run --password-store=basic --use-mock-keychain --no-service-autorun --export-tagged-pdf --disable-search-engine-choice-screen --unsafely-disable-devtools-self-xss-warnings --edge-skip-compat-layer-relaunch --enable-automation --disable-infobars --disable-search-engine-choice-screen --disable-sync --enable-unsafe-swiftshader --no-sandbox --disable-blink-features=AutomationControlled --no-sandbox --disable-gpu --user-data-dir=D:\Hackathons\hackathon-0\silver\sessions\wa_fresh --remote-debugging-pipe about:blank
  - <launched> pid=780
  - [pid=780] <gracefully close start>
  - [pid=780] <kill>
  - [pid=780] <will force kill>
  - [pid=780] taskkill stderr: ERROR: The process "780" not found.
  - [pid=780] <process did exit: exitCode=21, signal=null>
  - [pid=780] starting temporary directories cleanup
  - [pid=780] finished temporary directories cleanup
  - [pid=780] <gracefully close end>

2026-02-24 15:00:16,337 - whatsapp-action - WARNING - Session may be locked by another process (watcher?). Waiting and retrying...
2026-02-24 15:00:17,263 - whatsapp-action - INFO - Clicking compose box to ensure focus...
2026-02-24 15:00:17,278 - whatsapp-action - INFO - Found compose box with selector: div[contenteditable="true"][data-tab="10"]
2026-02-24 15:00:18,303 - whatsapp-action - INFO - Compose box clicked and focused via JavaScript
2026-02-24 15:00:18,303 - whatsapp-action - INFO - Typing message...
2026-02-24 15:00:26,535 - whatsapp-action - INFO - Attempting to send message...
2026-02-24 15:00:27,542 - whatsapp-action - INFO - Method 1: Trying direct button click...
2026-02-24 15:00:37,557 - whatsapp-action - WARNING - Method 1 failed: Page.wait_for_selector: Timeout 10000ms exceeded.
Call log:
  - waiting for locator("[data-testid=\"send\"]") to be visible

2026-02-24 15:00:37,559 - whatsapp-action - INFO - Method 2: Trying JavaScript click...
2026-02-24 15:00:37,579 - whatsapp-action - WARNING - Method 2 failed: Page.evaluate: TypeError: Cannot read properties of null (reading 'click')
    at eval (eval at evaluate (:290:30), <anonymous>:1:45)
    at eval (<anonymous>)
    at UtilityScript.evaluate (<anonymous>:290:30)
    at UtilityScript.<anonymous> (<anonymous>:1:44)
2026-02-24 15:00:37,579 - whatsapp-action - INFO - Method 3: Trying Enter key...
2026-02-24 15:00:37,675 - whatsapp-action - INFO - ✓ Sent via Enter key
2026-02-24 15:00:42,884 - whatsapp-action - INFO - Verifying message was sent...
2026-02-24 15:00:47,910 - whatsapp-action - INFO - Message sent verified with indicator: span[data-icon="msg-dblcheck"]
2026-02-24 15:00:47,911 - whatsapp-action - INFO - ✓ Message VERIFIED sent to +923212322687
2026-02-24 15:05:28,723 - whatsapp-action - INFO - Preparing to send WhatsApp message to Test Contact...
2026-02-24 15:05:31,801 - whatsapp-action - INFO - Navigating to WhatsApp Web...
2026-02-24 15:05:45,270 - whatsapp-action - INFO - WhatsApp Web loaded - chat pane visible
2026-02-24 15:05:50,274 - whatsapp-action - INFO - Dismissing any popups...
2026-02-24 15:05:56,160 - whatsapp-action - INFO - Searching for contact: Test Contact
2026-02-24 15:06:01,518 - whatsapp-action - INFO - Opening chat...
2026-02-24 15:06:04,663 - whatsapp-action - INFO - Closing search bar with Escape...
2026-02-24 15:06:07,872 - whatsapp-action - INFO - Waiting for chat to load...
2026-02-24 15:06:10,873 - whatsapp-action - INFO - Clicking compose box to ensure focus...
2026-02-24 15:06:15,888 - whatsapp-action - WARNING - Selector div[contenteditable="true"][data-tab="10"] failed: Page.wait_for_selector: Timeout 5000ms exceeded.
Call log:
  - waiting for locator("div[contenteditable=\"true\"][data-tab=\"10\"]") to be visible

2026-02-24 15:06:20,895 - whatsapp-action - WARNING - Selector div[contenteditable="true"]._ak1l failed: Page.wait_for_selector: Timeout 5000ms exceeded.
Call log:
  - waiting for locator("div[contenteditable=\"true\"]._ak1l") to be visible

2026-02-24 15:06:20,920 - whatsapp-action - INFO - Found compose box with selector: div[role="textbox"]
2026-02-24 15:06:21,984 - whatsapp-action - INFO - Compose box clicked and focused via JavaScript
2026-02-24 15:06:21,985 - whatsapp-action - INFO - Typing message...
2026-02-24 15:06:47,793 - whatsapp-action - INFO - Attempting to send message...
2026-02-24 15:06:48,797 - whatsapp-action - INFO - Method 1: Trying direct button click...
2026-02-24 15:06:58,820 - whatsapp-action - WARNING - Method 1 failed: Page.wait_for_selector: Timeout 10000ms exceeded.
Call log:
  - waiting for locator("[data-testid=\"send\"]") to be visible

2026-02-24 15:06:58,820 - whatsapp-action - INFO - Method 2: Trying JavaScript click...
2026-02-24 15:06:58,826 - whatsapp-action - WARNING - Method 2 failed: Page.evaluate: TypeError: Cannot read properties of null (reading 'click')
    at eval (eval at evaluate (:290:30), <anonymous>:1:45)
    at eval (<anonymous>)
    at UtilityScript.evaluate (<anonymous>:290:30)
    at UtilityScript.<anonymous> (<anonymous>:1:44)
2026-02-24 15:06:58,826 - whatsapp-action - INFO - Method 3: Trying Enter key...
2026-02-24 15:06:58,887 - whatsapp-action - INFO - ✓ Sent via Enter key
2026-02-24 15:07:04,071 - whatsapp-action - INFO - Verifying message was sent...
2026-02-24 15:07:19,136 - whatsapp-action - ERROR - ✗ Message NOT verified - may not have been sent
2026-02-24 15:07:19,367 - whatsapp-action - ERROR - Verification failed: Message sending could not be verified
2026-02-24 15:07:19,367 - whatsapp-action - ERROR - Action failed on attempt 1: Message sending could not be verified
2026-02-24 15:07:21,030 - whatsapp-action - INFO - Retrying after a short delay...
2026-02-24 15:07:33,664 - whatsapp-action - INFO - Navigating to WhatsApp Web...
2026-02-24 15:07:47,227 - whatsapp-action - INFO - WhatsApp Web loaded - chat pane visible
2026-02-24 15:07:52,227 - whatsapp-action - INFO - Dismissing any popups...
2026-02-24 15:07:57,480 - whatsapp-action - INFO - Searching for contact: Test Contact
2026-02-24 15:08:02,919 - whatsapp-action - INFO - Opening chat...
2026-02-24 15:08:06,373 - whatsapp-action - INFO - Closing search bar with Escape...
2026-02-24 15:08:09,568 - whatsapp-action - INFO - Waiting for chat to load...
2026-02-24 15:08:12,571 - whatsapp-action - INFO - Clicking compose box to ensure focus...
2026-02-24 15:08:17,598 - whatsapp-action - WARNING - Selector div[contenteditable="true"][data-tab="10"] failed: Page.wait_for_selector: Timeout 5000ms exceeded.
Call log:
  - waiting for locator("div[contenteditable=\"true\"][data-tab=\"10\"]") to be visible

2026-02-24 15:08:22,614 - whatsapp-action - WARNING - Selector div[contenteditable="true"]._ak1l failed: Page.wait_for_selector: Timeout 5000ms exceeded.
Call log:
  - waiting for locator("div[contenteditable=\"true\"]._ak1l") to be visible

2026-02-24 15:08:22,629 - whatsapp-action - INFO - Found compose box with selector: div[role="textbox"]
2026-02-24 15:08:23,657 - whatsapp-action - INFO - Compose box clicked and focused via JavaScript
2026-02-24 15:08:23,657 - whatsapp-action - INFO - Typing message...
2026-02-24 15:08:36,655 - whatsapp-action - INFO - Preparing to send WhatsApp message to +923212322687...
2026-02-24 15:08:40,458 - whatsapp-action - ERROR - A critical error occurred: BrowserType.launch_persistent_context: Target page, context or browser has been closed
Browser logs:

<launching> C:\Program Files\Google\Chrome\Application\chrome.exe --disable-field-trial-config --disable-background-networking --disable-background-timer-throttling --disable-backgrounding-occluded-windows --disable-back-forward-cache --disable-breakpad --disable-client-side-phishing-detection --disable-component-extensions-with-background-pages --disable-component-update --no-default-browser-check --disable-default-apps --disable-dev-shm-usage --disable-extensions --disable-features=AvoidUnnecessaryBeforeUnloadCheckSync,BoundaryEventDispatchTracksNodeRemoval,DestroyProfileOnBrowserClose,DialMediaRouteProvider,GlobalMediaControls,HttpsUpgrades,LensOverlay,MediaRouter,PaintHolding,ThirdPartyStoragePartitioning,Translate,AutoDeElevate,RenderDocument,OptimizationHints --enable-features=CDPScreenshotNewSurface --allow-pre-commit-input --disable-hang-monitor --disable-ipc-flooding-protection --disable-popup-blocking --disable-prompt-on-repost --disable-renderer-backgrounding --force-color-profile=srgb --metrics-recording-only --no-first-run --password-store=basic --use-mock-keychain --no-service-autorun --export-tagged-pdf --disable-search-engine-choice-screen --unsafely-disable-devtools-self-xss-warnings --edge-skip-compat-layer-relaunch --enable-automation --disable-infobars --disable-search-engine-choice-screen --disable-sync --enable-unsafe-swiftshader --no-sandbox --disable-blink-features=AutomationControlled --no-sandbox --disable-gpu --user-data-dir=D:\Hackathons\hackathon-0\silver\sessions\wa_fresh --remote-debugging-pipe about:blank
<launched> pid=19284
Call log:
  - <launching> C:\Program Files\Google\Chrome\Application\chrome.exe --disable-field-trial-config --disable-background-networking --disable-background-timer-throttling --disable-backgrounding-occluded-windows --disable-back-forward-cache --disable-breakpad --disable-client-side-phishing-detection --disable-component-extensions-with-background-pages --disable-component-update --no-default-browser-check --disable-default-apps --disable-dev-shm-usage --disable-extensions --disable-features=AvoidUnnecessaryBeforeUnloadCheckSync,BoundaryEventDispatchTracksNodeRemoval,DestroyProfileOnBrowserClose,DialMediaRouteProvider,GlobalMediaControls,HttpsUpgrades,LensOverlay,MediaRouter,PaintHolding,ThirdPartyStoragePartitioning,Translate,AutoDeElevate,RenderDocument,OptimizationHints --enable-features=CDPScreenshotNewSurface --allow-pre-commit-input --disable-hang-monitor --disable-ipc-flooding-protection --disable-popup-blocking --disable-prompt-on-repost --disable-renderer-backgrounding --force-color-profile=srgb --metrics-recording-only --no-first-run --password-store=basic --use-mock-keychain --no-service-autorun --export-tagged-pdf --disable-search-engine-choice-screen --unsafely-disable-devtools-self-xss-warnings --edge-skip-compat-layer-relaunch --enable-automation --disable-infobars --disable-search-engine-choice-screen --disable-sync --enable-unsafe-swiftshader --no-sandbox --disable-blink-features=AutomationControlled --no-sandbox --disable-gpu --user-data-dir=D:\Hackathons\hackathon-0\silver\sessions\wa_fresh --remote-debugging-pipe about:blank
  - <launched> pid=19284
  - [pid=19284] <gracefully close start>
  - [pid=19284] <kill>
  - [pid=19284] <will force kill>
  - [pid=19284] taskkill stderr: ERROR: The process "19284" not found.
  - [pid=19284] <process did exit: exitCode=21, signal=null>
  - [pid=19284] starting temporary directories cleanup
  - [pid=19284] finished temporary directories cleanup
  - [pid=19284] <gracefully close end>

2026-02-24 15:08:40,458 - whatsapp-action - WARNING - Session may be locked by another process (watcher?). Waiting and retrying...
2026-02-24 15:08:50,003 - whatsapp-action - INFO - Attempting to send message...
2026-02-24 15:08:51,011 - whatsapp-action - INFO - Method 1: Trying direct button click...
2026-02-24 15:08:58,907 - whatsapp-action - ERROR - A critical error occurred: BrowserType.launch_persistent_context: Target page, context or browser has been closed
Browser logs:

<launching> C:\Program Files\Google\Chrome\Application\chrome.exe --disable-field-trial-config --disable-background-networking --disable-background-timer-throttling --disable-backgrounding-occluded-windows --disable-back-forward-cache --disable-breakpad --disable-client-side-phishing-detection --disable-component-extensions-with-background-pages --disable-component-update --no-default-browser-check --disable-default-apps --disable-dev-shm-usage --disable-extensions --disable-features=AvoidUnnecessaryBeforeUnloadCheckSync,BoundaryEventDispatchTracksNodeRemoval,DestroyProfileOnBrowserClose,DialMediaRouteProvider,GlobalMediaControls,HttpsUpgrades,LensOverlay,MediaRouter,PaintHolding,ThirdPartyStoragePartitioning,Translate,AutoDeElevate,RenderDocument,OptimizationHints --enable-features=CDPScreenshotNewSurface --allow-pre-commit-input --disable-hang-monitor --disable-ipc-flooding-protection --disable-popup-blocking --disable-prompt-on-repost --disable-renderer-backgrounding --force-color-profile=srgb --metrics-recording-only --no-first-run --password-store=basic --use-mock-keychain --no-service-autorun --export-tagged-pdf --disable-search-engine-choice-screen --unsafely-disable-devtools-self-xss-warnings --edge-skip-compat-layer-relaunch --enable-automation --disable-infobars --disable-search-engine-choice-screen --disable-sync --enable-unsafe-swiftshader --no-sandbox --disable-blink-features=AutomationControlled --no-sandbox --disable-gpu --user-data-dir=D:\Hackathons\hackathon-0\silver\sessions\wa_fresh --remote-debugging-pipe about:blank
<launched> pid=21068
Call log:
  - <launching> C:\Program Files\Google\Chrome\Application\chrome.exe --disable-field-trial-config --disable-background-networking --disable-background-timer-throttling --disable-backgrounding-occluded-windows --disable-back-forward-cache --disable-breakpad --disable-client-side-phishing-detection --disable-component-extensions-with-background-pages --disable-component-update --no-default-browser-check --disable-default-apps --disable-dev-shm-usage --disable-extensions --disable-features=AvoidUnnecessaryBeforeUnloadCheckSync,BoundaryEventDispatchTracksNodeRemoval,DestroyProfileOnBrowserClose,DialMediaRouteProvider,GlobalMediaControls,HttpsUpgrades,LensOverlay,MediaRouter,PaintHolding,ThirdPartyStoragePartitioning,Translate,AutoDeElevate,RenderDocument,OptimizationHints --enable-features=CDPScreenshotNewSurface --allow-pre-commit-input --disable-hang-monitor --disable-ipc-flooding-protection --disable-popup-blocking --disable-prompt-on-repost --disable-renderer-backgrounding --force-color-profile=srgb --metrics-recording-only --no-first-run --password-store=basic --use-mock-keychain --no-service-autorun --export-tagged-pdf --disable-search-engine-choice-screen --unsafely-disable-devtools-self-xss-warnings --edge-skip-compat-layer-relaunch --enable-automation --disable-infobars --disable-search-engine-choice-screen --disable-sync --enable-unsafe-swiftshader --no-sandbox --disable-blink-features=AutomationControlled --no-sandbox --disable-gpu --user-data-dir=D:\Hackathons\hackathon-0\silver\sessions\wa_fresh --remote-debugging-pipe about:blank
  - <launched> pid=21068
  - [pid=21068] <gracefully close start>
  - [pid=21068] <kill>
  - [pid=21068] <will force kill>
  - [pid=21068] taskkill stderr: ERROR: The process "21068" not found.
  - [pid=21068] <process did exit: exitCode=21, signal=null>
  - [pid=21068] starting temporary directories cleanup
  - [pid=21068] finished temporary directories cleanup
  - [pid=21068] <gracefully close end>

2026-02-24 15:08:58,908 - whatsapp-action - WARNING - Session may be locked by another process (watcher?). Waiting and retrying...
2026-02-24 15:09:01,015 - whatsapp-action - WARNING - Method 1 failed: Page.wait_for_selector: Timeout 10000ms exceeded.
Call log:
  - waiting for locator("[data-testid=\"send\"]") to be visible

2026-02-24 15:09:01,016 - whatsapp-action - INFO - Method 2: Trying JavaScript click...
2026-02-24 15:09:01,023 - whatsapp-action - WARNING - Method 2 failed: Page.evaluate: TypeError: Cannot read properties of null (reading 'click')
    at eval (eval at evaluate (:290:30), <anonymous>:1:45)
    at eval (<anonymous>)
    at UtilityScript.evaluate (<anonymous>:290:30)
    at UtilityScript.<anonymous> (<anonymous>:1:44)
2026-02-24 15:09:01,024 - whatsapp-action - INFO - Method 3: Trying Enter key...
2026-02-24 15:09:01,083 - whatsapp-action - INFO - ✓ Sent via Enter key
2026-02-24 15:09:06,222 - whatsapp-action - INFO - Verifying message was sent...
2026-02-24 15:09:15,708 - whatsapp-action - ERROR - ✗ Message NOT verified - may not have been sent
2026-02-24 15:09:15,714 - whatsapp-action - ERROR - Verification failed: Page.screenshot: Target page, context or browser has been closed
2026-02-24 15:09:15,714 - whatsapp-action - ERROR - Action failed on attempt 2: Page.screenshot: Target page, context or browser has been closed
2026-02-24 15:09:16,769 - whatsapp-action - ERROR - A critical error occurred: Page.screenshot: Target page, context or browser has been closed
2026-02-24 15:09:16,769 - whatsapp-action - WARNING - Session may be locked by another process (watcher?). Waiting and retrying...
2026-02-24 15:09:34,157 - whatsapp-action - INFO - Preparing to send WhatsApp message to +923212322687...
2026-02-24 15:09:41,870 - whatsapp-action - ERROR - A critical error occurred: BrowserType.launch_persistent_context: Target page, context or browser has been closed
Browser logs:

<launching> C:\Program Files\Google\Chrome\Application\chrome.exe --disable-field-trial-config --disable-background-networking --disable-background-timer-throttling --disable-backgrounding-occluded-windows --disable-back-forward-cache --disable-breakpad --disable-client-side-phishing-detection --disable-component-extensions-with-background-pages --disable-component-update --no-default-browser-check --disable-default-apps --disable-dev-shm-usage --disable-extensions --disable-features=AvoidUnnecessaryBeforeUnloadCheckSync,BoundaryEventDispatchTracksNodeRemoval,DestroyProfileOnBrowserClose,DialMediaRouteProvider,GlobalMediaControls,HttpsUpgrades,LensOverlay,MediaRouter,PaintHolding,ThirdPartyStoragePartitioning,Translate,AutoDeElevate,RenderDocument,OptimizationHints --enable-features=CDPScreenshotNewSurface --allow-pre-commit-input --disable-hang-monitor --disable-ipc-flooding-protection --disable-popup-blocking --disable-prompt-on-repost --disable-renderer-backgrounding --force-color-profile=srgb --metrics-recording-only --no-first-run --password-store=basic --use-mock-keychain --no-service-autorun --export-tagged-pdf --disable-search-engine-choice-screen --unsafely-disable-devtools-self-xss-warnings --edge-skip-compat-layer-relaunch --enable-automation --disable-infobars --disable-search-engine-choice-screen --disable-sync --enable-unsafe-swiftshader --no-sandbox --disable-blink-features=AutomationControlled --no-sandbox --disable-gpu --user-data-dir=D:\Hackathons\hackathon-0\silver\sessions\wa_fresh --remote-debugging-pipe about:blank
<launched> pid=24212
Call log:
  - <launching> C:\Program Files\Google\Chrome\Application\chrome.exe --disable-field-trial-config --disable-background-networking --disable-background-timer-throttling --disable-backgrounding-occluded-windows --disable-back-forward-cache --disable-breakpad --disable-client-side-phishing-detection --disable-component-extensions-with-background-pages --disable-component-update --no-default-browser-check --disable-default-apps --disable-dev-shm-usage --disable-extensions --disable-features=AvoidUnnecessaryBeforeUnloadCheckSync,BoundaryEventDispatchTracksNodeRemoval,DestroyProfileOnBrowserClose,DialMediaRouteProvider,GlobalMediaControls,HttpsUpgrades,LensOverlay,MediaRouter,PaintHolding,ThirdPartyStoragePartitioning,Translate,AutoDeElevate,RenderDocument,OptimizationHints --enable-features=CDPScreenshotNewSurface --allow-pre-commit-input --disable-hang-monitor --disable-ipc-flooding-protection --disable-popup-blocking --disable-prompt-on-repost --disable-renderer-backgrounding --force-color-profile=srgb --metrics-recording-only --no-first-run --password-store=basic --use-mock-keychain --no-service-autorun --export-tagged-pdf --disable-search-engine-choice-screen --unsafely-disable-devtools-self-xss-warnings --edge-skip-compat-layer-relaunch --enable-automation --disable-infobars --disable-search-engine-choice-screen --disable-sync --enable-unsafe-swiftshader --no-sandbox --disable-blink-features=AutomationControlled --no-sandbox --disable-gpu --user-data-dir=D:\Hackathons\hackathon-0\silver\sessions\wa_fresh --remote-debugging-pipe about:blank
  - <launched> pid=24212
  - [pid=24212] <gracefully close start>
  - [pid=24212] <kill>
  - [pid=24212] <will force kill>
  - [pid=24212] taskkill stderr: ERROR: The process "24212" not found.
  - [pid=24212] <process did exit: exitCode=21, signal=null>
  - [pid=24212] starting temporary directories cleanup
  - [pid=24212] finished temporary directories cleanup
  - [pid=24212] <gracefully close end>

2026-02-24 15:09:41,870 - whatsapp-action - WARNING - Session may be locked by another process (watcher?). Waiting and retrying...
2026-02-24 15:09:59,870 - whatsapp-action - INFO - Navigating to WhatsApp Web...
2026-02-24 15:10:19,097 - whatsapp-action - INFO - WhatsApp Web loaded - chat pane visible
2026-02-24 15:10:24,102 - whatsapp-action - INFO - Dismissing any popups...
2026-02-24 15:10:29,581 - whatsapp-action - INFO - Searching for contact: +923212322687
2026-02-24 15:10:29,598 - whatsapp-action - INFO - Found search box with selector: div[contenteditable="true"][data-tab="3"]
2026-02-24 15:10:36,045 - whatsapp-action - INFO - Opening chat with Enter key...
2026-02-24 15:10:39,415 - whatsapp-action - INFO - Waiting for chat to load...
2026-02-24 15:10:41,421 - whatsapp-action - INFO - Clicking compose box to ensure focus...
2026-02-24 15:10:41,529 - whatsapp-action - INFO - Found compose box with selector: div[contenteditable="true"][data-tab="10"]
2026-02-24 15:10:42,554 - whatsapp-action - INFO - Compose box clicked and focused via JavaScript
2026-02-24 15:10:42,554 - whatsapp-action - INFO - Typing message...
2026-02-24 15:10:47,652 - whatsapp-action - INFO - Waiting for send button to appear...
2026-02-24 15:10:50,860 - whatsapp-action - INFO - Attempting to send message...
2026-02-24 15:10:50,860 - whatsapp-action - INFO - Method 1: Trying direct button click...
2026-02-24 15:11:00,868 - whatsapp-action - WARNING - Method 1 failed: Page.wait_for_selector: Timeout 10000ms exceeded.
Call log:
  - waiting for locator("[data-testid=\"send\"]") to be visible

2026-02-24 15:11:00,868 - whatsapp-action - INFO - Method 2: Trying JavaScript click...
2026-02-24 15:11:00,875 - whatsapp-action - WARNING - Method 2 failed: Page.evaluate: TypeError: Cannot read properties of null (reading 'click')
    at eval (eval at evaluate (:290:30), <anonymous>:1:45)
    at eval (<anonymous>)
    at UtilityScript.evaluate (<anonymous>:290:30)
    at UtilityScript.<anonymous> (<anonymous>:1:44)
2026-02-24 15:11:00,875 - whatsapp-action - INFO - Method 3: Trying Enter key...
2026-02-24 15:11:01,434 - whatsapp-action - INFO - ✓ Pressed Enter key
2026-02-24 15:11:04,438 - whatsapp-action - INFO - Waiting for message to send...
2026-02-24 15:11:09,683 - whatsapp-action - INFO - Verifying message was sent...
2026-02-24 15:11:09,708 - whatsapp-action - INFO - Compose box content after send: '
'
2026-02-24 15:11:09,708 - whatsapp-action - INFO - ✓ Compose box is empty - message SENT successfully
2026-02-24 15:14:28,056 - whatsapp-action - INFO - Preparing to send WhatsApp message to Test Contact...
2026-02-24 15:14:32,452 - whatsapp-action - INFO - Navigating to WhatsApp Web...
2026-02-24 15:14:35,314 - whatsapp-action - ERROR - Action failed on attempt 1: Page.goto: net::ERR_NAME_NOT_RESOLVED at https://web.whatsapp.com/
Call log:
  - navigating to "https://web.whatsapp.com/", waiting until "load"

2026-02-24 15:14:36,607 - whatsapp-action - INFO - Retrying after a short delay...
2026-02-24 15:17:36,159 - whatsapp-action - INFO - Navigating to WhatsApp Web...
2026-02-24 15:18:23,443 - whatsapp-action - INFO - WhatsApp Web loaded - chat pane visible
2026-02-24 15:18:28,448 - whatsapp-action - INFO - Dismissing any popups...
2026-02-24 15:18:33,776 - whatsapp-action - INFO - Searching for contact: Test Contact
2026-02-24 15:18:39,137 - whatsapp-action - INFO - Opening chat...
2026-02-24 15:18:42,288 - whatsapp-action - INFO - Closing search bar with Escape...
2026-02-24 15:18:45,479 - whatsapp-action - INFO - Waiting for chat to load...
2026-02-24 15:18:48,483 - whatsapp-action - INFO - Clicking compose box to ensure focus...
2026-02-24 15:18:53,495 - whatsapp-action - WARNING - Selector div[contenteditable="true"][data-tab="10"] failed: Page.wait_for_selector: Timeout 5000ms exceeded.
Call log:
  - waiting for locator("div[contenteditable=\"true\"][data-tab=\"10\"]") to be visible

2026-02-24 15:18:58,505 - whatsapp-action - WARNING - Selector div[contenteditable="true"]._ak1l failed: Page.wait_for_selector: Timeout 5000ms exceeded.
Call log:
  - waiting for locator("div[contenteditable=\"true\"]._ak1l") to be visible

2026-02-24 15:18:58,522 - whatsapp-action - INFO - Found compose box with selector: div[role="textbox"]
2026-02-24 15:18:59,554 - whatsapp-action - INFO - Compose box clicked and focused via JavaScript
2026-02-24 15:18:59,555 - whatsapp-action - INFO - Typing message...
2026-02-24 15:19:30,559 - whatsapp-action - INFO - Attempting to send message...
2026-02-24 15:19:31,566 - whatsapp-action - INFO - Method 1: Trying direct button click...
2026-02-24 15:19:41,593 - whatsapp-action - WARNING - Method 1 failed: Page.wait_for_selector: Timeout 10000ms exceeded.
Call log:
  - waiting for locator("[data-testid=\"send\"]") to be visible

2026-02-24 15:19:41,594 - whatsapp-action - INFO - Method 2: Trying JavaScript click...
2026-02-24 15:19:41,608 - whatsapp-action - WARNING - Method 2 failed: Page.evaluate: TypeError: Cannot read properties of null (reading 'click')
    at eval (eval at evaluate (:290:30), <anonymous>:1:45)
    at eval (<anonymous>)
    at UtilityScript.evaluate (<anonymous>:290:30)
    at UtilityScript.<anonymous> (<anonymous>:1:44)
2026-02-24 15:19:41,608 - whatsapp-action - INFO - Method 3: Trying Enter key...
2026-02-24 15:19:41,693 - whatsapp-action - INFO - ✓ Sent via Enter key
2026-02-24 15:19:46,927 - whatsapp-action - INFO - Verifying message was sent...
2026-02-24 15:20:01,981 - whatsapp-action - ERROR - ✗ Message NOT verified - may not have been sent
2026-02-24 15:20:02,119 - whatsapp-action - ERROR - Verification failed: Message sending could not be verified
2026-02-24 15:20:02,119 - whatsapp-action - ERROR - Action failed on attempt 2: Message sending could not be verified
2026-02-24 15:20:02,765 - whatsapp-action - ERROR - A critical error occurred: Message sending could not be verified
2026-02-24 15:25:14,864 - whatsapp-action - INFO - Preparing to send WhatsApp message to Test Contact...
2026-02-24 15:25:17,550 - whatsapp-action - INFO - Navigating to WhatsApp Web...
2026-02-24 15:25:34,032 - whatsapp-action - INFO - WhatsApp Web loaded - chat pane visible
2026-02-24 15:25:39,034 - whatsapp-action - INFO - Dismissing any popups...
2026-02-24 15:25:44,303 - whatsapp-action - INFO - Searching for contact: Test Contact
2026-02-24 15:25:49,945 - whatsapp-action - INFO - Opening chat...
2026-02-24 15:25:53,082 - whatsapp-action - INFO - Closing search bar with Escape...
2026-02-24 15:25:56,597 - whatsapp-action - INFO - Waiting for chat to load...
2026-02-24 15:25:59,599 - whatsapp-action - INFO - Clicking compose box to ensure focus...
2026-02-24 15:26:04,608 - whatsapp-action - WARNING - Selector div[contenteditable="true"][data-tab="10"] failed: Page.wait_for_selector: Timeout 5000ms exceeded.
Call log:
  - waiting for locator("div[contenteditable=\"true\"][data-tab=\"10\"]") to be visible

2026-02-24 15:26:09,624 - whatsapp-action - WARNING - Selector div[contenteditable="true"]._ak1l failed: Page.wait_for_selector: Timeout 5000ms exceeded.
Call log:
  - waiting for locator("div[contenteditable=\"true\"]._ak1l") to be visible

2026-02-24 15:26:09,643 - whatsapp-action - INFO - Found compose box with selector: div[role="textbox"]
2026-02-24 15:26:10,671 - whatsapp-action - INFO - Compose box clicked and focused via JavaScript
2026-02-24 15:26:10,672 - whatsapp-action - INFO - Typing message...
2026-02-24 15:26:35,624 - whatsapp-action - INFO - Attempting to send message...
2026-02-24 15:26:36,627 - whatsapp-action - INFO - Method 1: Trying direct button click...
2026-02-24 15:26:46,636 - whatsapp-action - WARNING - Method 1 failed: Page.wait_for_selector: Timeout 10000ms exceeded.
Call log:
  - waiting for locator("[data-testid=\"send\"]") to be visible

2026-02-24 15:26:46,636 - whatsapp-action - INFO - Method 2: Trying JavaScript click...
2026-02-24 15:26:46,644 - whatsapp-action - WARNING - Method 2 failed: Page.evaluate: TypeError: Cannot read properties of null (reading 'click')
    at eval (eval at evaluate (:290:30), <anonymous>:1:45)
    at eval (<anonymous>)
    at UtilityScript.evaluate (<anonymous>:290:30)
    at UtilityScript.<anonymous> (<anonymous>:1:44)
2026-02-24 15:26:46,644 - whatsapp-action - INFO - Method 3: Trying Enter key...
2026-02-24 15:26:46,710 - whatsapp-action - INFO - ✓ Sent via Enter key
2026-02-24 15:26:51,842 - whatsapp-action - INFO - Verifying message was sent...
2026-02-24 15:27:06,900 - whatsapp-action - ERROR - ✗ Message NOT verified - may not have been sent
2026-02-24 15:27:07,045 - whatsapp-action - ERROR - Verification failed: Message sending could not be verified
2026-02-24 15:27:07,046 - whatsapp-action - ERROR - Action failed on attempt 1: Message sending could not be verified
2026-02-24 15:27:07,587 - whatsapp-action - INFO - Retrying after a short delay...
2026-02-24 15:27:20,544 - whatsapp-action - INFO - Navigating to WhatsApp Web...
2026-02-24 15:27:41,526 - whatsapp-action - INFO - WhatsApp Web loaded - chat pane visible
2026-02-24 15:27:46,527 - whatsapp-action - INFO - Dismissing any popups...
2026-02-24 15:27:54,449 - whatsapp-action - INFO - Searching for contact: Test Contact
2026-02-24 15:28:00,075 - whatsapp-action - INFO - Opening chat...
2026-02-24 15:28:03,325 - whatsapp-action - INFO - Closing search bar with Escape...
2026-02-24 15:28:10,560 - whatsapp-action - INFO - Waiting for chat to load...
2026-02-24 15:28:13,565 - whatsapp-action - INFO - Clicking compose box to ensure focus...
2026-02-24 15:28:18,583 - whatsapp-action - WARNING - Selector div[contenteditable="true"][data-tab="10"] failed: Page.wait_for_selector: Timeout 5000ms exceeded.
Call log:
  - waiting for locator("div[contenteditable=\"true\"][data-tab=\"10\"]") to be visible

2026-02-24 15:28:23,606 - whatsapp-action - WARNING - Selector div[contenteditable="true"]._ak1l failed: Page.wait_for_selector: Timeout 5000ms exceeded.
Call log:
  - waiting for locator("div[contenteditable=\"true\"]._ak1l") to be visible

2026-02-24 15:28:23,619 - whatsapp-action - INFO - Found compose box with selector: div[role="textbox"]
2026-02-24 15:28:24,652 - whatsapp-action - INFO - Compose box clicked and focused via JavaScript
2026-02-24 15:28:24,652 - whatsapp-action - INFO - Typing message...
2026-02-24 15:28:57,862 - whatsapp-action - INFO - Attempting to send message...
2026-02-24 15:28:58,868 - whatsapp-action - INFO - Method 1: Trying direct button click...
2026-02-24 15:29:08,878 - whatsapp-action - WARNING - Method 1 failed: Page.wait_for_selector: Timeout 10000ms exceeded.
Call log:
  - waiting for locator("[data-testid=\"send\"]") to be visible

2026-02-24 15:29:08,878 - whatsapp-action - INFO - Method 2: Trying JavaScript click...
2026-02-24 15:29:08,884 - whatsapp-action - WARNING - Method 2 failed: Page.evaluate: TypeError: Cannot read properties of null (reading 'click')
    at eval (eval at evaluate (:290:30), <anonymous>:1:45)
    at eval (<anonymous>)
    at UtilityScript.evaluate (<anonymous>:290:30)
    at UtilityScript.<anonymous> (<anonymous>:1:44)
2026-02-24 15:29:08,884 - whatsapp-action - INFO - Method 3: Trying Enter key...
2026-02-24 15:29:08,938 - whatsapp-action - INFO - ✓ Sent via Enter key
2026-02-24 15:29:17,385 - whatsapp-action - INFO - Verifying message was sent...
2026-02-24 15:29:32,450 - whatsapp-action - ERROR - ✗ Message NOT verified - may not have been sent
2026-02-24 15:29:35,783 - whatsapp-action - ERROR - Verification failed: Message sending could not be verified
2026-02-24 15:29:35,783 - whatsapp-action - ERROR - Action failed on attempt 2: Message sending could not be verified
2026-02-24 15:29:40,525 - whatsapp-action - ERROR - A critical error occurred: Message sending could not be verified
2026-02-24 15:29:53,636 - whatsapp-action - INFO - Preparing to send WhatsApp message to Cortex Agents (Agency)...
2026-02-24 15:29:57,331 - whatsapp-action - INFO - Navigating to WhatsApp Web...
2026-02-24 15:30:12,521 - whatsapp-action - INFO - WhatsApp Web loaded - chat pane visible
2026-02-24 15:30:17,522 - whatsapp-action - INFO - Dismissing any popups...
2026-02-24 15:30:23,152 - whatsapp-action - INFO - Searching for contact: Cortex Agents (Agency)
2026-02-24 15:30:28,520 - whatsapp-action - INFO - Opening chat...
2026-02-24 15:30:31,663 - whatsapp-action - INFO - Closing search bar with Escape...
2026-02-24 15:30:34,886 - whatsapp-action - INFO - Waiting for chat to load...
2026-02-24 15:30:37,887 - whatsapp-action - INFO - Clicking compose box to ensure focus...
2026-02-24 15:30:42,898 - whatsapp-action - WARNING - Selector div[contenteditable="true"][data-tab="10"] failed: Page.wait_for_selector: Timeout 5000ms exceeded.
Call log:
  - waiting for locator("div[contenteditable=\"true\"][data-tab=\"10\"]") to be visible

2026-02-24 15:30:47,907 - whatsapp-action - WARNING - Selector div[contenteditable="true"]._ak1l failed: Page.wait_for_selector: Timeout 5000ms exceeded.
Call log:
  - waiting for locator("div[contenteditable=\"true\"]._ak1l") to be visible

2026-02-24 15:30:47,940 - whatsapp-action - INFO - Found compose box with selector: div[role="textbox"]
2026-02-24 15:30:48,962 - whatsapp-action - INFO - Compose box clicked and focused via JavaScript
2026-02-24 15:30:48,963 - whatsapp-action - INFO - Typing message...
2026-02-24 15:31:18,946 - whatsapp-action - INFO - Attempting to send message...
2026-02-24 15:31:19,947 - whatsapp-action - INFO - Method 1: Trying direct button click...
2026-02-24 15:31:29,961 - whatsapp-action - WARNING - Method 1 failed: Page.wait_for_selector: Timeout 10000ms exceeded.
Call log:
  - waiting for locator("[data-testid=\"send\"]") to be visible

2026-02-24 15:31:29,961 - whatsapp-action - INFO - Method 2: Trying JavaScript click...
2026-02-24 15:31:29,978 - whatsapp-action - WARNING - Method 2 failed: Page.evaluate: TypeError: Cannot read properties of null (reading 'click')
    at eval (eval at evaluate (:290:30), <anonymous>:1:45)
    at eval (<anonymous>)
    at UtilityScript.evaluate (<anonymous>:290:30)
    at UtilityScript.<anonymous> (<anonymous>:1:44)
2026-02-24 15:31:29,979 - whatsapp-action - INFO - Method 3: Trying Enter key...
2026-02-24 15:31:30,038 - whatsapp-action - INFO - ✓ Sent via Enter key
2026-02-24 15:31:35,199 - whatsapp-action - INFO - Verifying message was sent...
2026-02-24 15:31:50,228 - whatsapp-action - ERROR - ✗ Message NOT verified - may not have been sent
2026-02-24 15:31:50,357 - whatsapp-action - ERROR - Verification failed: Message sending could not be verified
2026-02-24 15:31:50,357 - whatsapp-action - ERROR - Action failed on attempt 1: Message sending could not be verified
2026-02-24 15:31:50,800 - whatsapp-action - INFO - Retrying after a short delay...
2026-02-24 15:32:03,998 - whatsapp-action - INFO - Navigating to WhatsApp Web...
2026-02-24 15:32:17,478 - whatsapp-action - INFO - WhatsApp Web loaded - chat pane visible
2026-02-24 15:32:22,479 - whatsapp-action - INFO - Dismissing any popups...
2026-02-24 15:32:27,800 - whatsapp-action - INFO - Searching for contact: Cortex Agents (Agency)
2026-02-24 15:32:33,234 - whatsapp-action - INFO - Opening chat...
2026-02-24 15:32:36,439 - whatsapp-action - INFO - Closing search bar with Escape...
2026-02-24 15:32:39,648 - whatsapp-action - INFO - Waiting for chat to load...
2026-02-24 15:32:42,649 - whatsapp-action - INFO - Clicking compose box to ensure focus...
2026-02-24 15:32:47,656 - whatsapp-action - WARNING - Selector div[contenteditable="true"][data-tab="10"] failed: Page.wait_for_selector: Timeout 5000ms exceeded.
Call log:
  - waiting for locator("div[contenteditable=\"true\"][data-tab=\"10\"]") to be visible

2026-02-24 15:32:52,664 - whatsapp-action - WARNING - Selector div[contenteditable="true"]._ak1l failed: Page.wait_for_selector: Timeout 5000ms exceeded.
Call log:
  - waiting for locator("div[contenteditable=\"true\"]._ak1l") to be visible

2026-02-24 15:32:52,680 - whatsapp-action - INFO - Found compose box with selector: div[role="textbox"]
2026-02-24 15:32:53,712 - whatsapp-action - INFO - Compose box clicked and focused via JavaScript
2026-02-24 15:32:53,713 - whatsapp-action - INFO - Typing message...
2026-02-24 15:33:24,171 - whatsapp-action - INFO - Attempting to send message...
2026-02-24 15:33:25,175 - whatsapp-action - INFO - Method 1: Trying direct button click...
2026-02-24 15:33:35,201 - whatsapp-action - WARNING - Method 1 failed: Page.wait_for_selector: Timeout 10000ms exceeded.
Call log:
  - waiting for locator("[data-testid=\"send\"]") to be visible

2026-02-24 15:33:35,201 - whatsapp-action - INFO - Method 2: Trying JavaScript click...
2026-02-24 15:33:35,207 - whatsapp-action - WARNING - Method 2 failed: Page.evaluate: TypeError: Cannot read properties of null (reading 'click')
    at eval (eval at evaluate (:290:30), <anonymous>:1:45)
    at eval (<anonymous>)
    at UtilityScript.evaluate (<anonymous>:290:30)
    at UtilityScript.<anonymous> (<anonymous>:1:44)
2026-02-24 15:33:35,208 - whatsapp-action - INFO - Method 3: Trying Enter key...
2026-02-24 15:33:35,269 - whatsapp-action - INFO - ✓ Sent via Enter key
2026-02-24 15:33:40,400 - whatsapp-action - INFO - Verifying message was sent...
2026-02-24 15:33:55,451 - whatsapp-action - ERROR - ✗ Message NOT verified - may not have been sent
2026-02-24 15:33:55,596 - whatsapp-action - ERROR - Verification failed: Message sending could not be verified
2026-02-24 15:33:55,596 - whatsapp-action - ERROR - Action failed on attempt 2: Message sending could not be verified
2026-02-24 15:33:56,045 - whatsapp-action - ERROR - A critical error occurred: Message sending could not be verified
2026-02-24 15:39:10,270 - whatsapp-action - INFO - Preparing to send WhatsApp message to Cortex Agents (Agency)...
2026-02-24 15:39:14,662 - whatsapp-action - INFO - Navigating to WhatsApp Web...
2026-02-24 15:39:36,582 - whatsapp-action - INFO - WhatsApp Web loaded - chat pane visible
2026-02-24 15:39:41,587 - whatsapp-action - INFO - Dismissing any popups...
2026-02-24 15:39:47,128 - whatsapp-action - INFO - Searching for contact: Cortex Agents (Agency)
2026-02-24 15:39:52,566 - whatsapp-action - INFO - Opening chat...
2026-02-24 15:39:55,758 - whatsapp-action - INFO - Closing search bar with Escape...
2026-02-24 15:39:59,161 - whatsapp-action - INFO - Waiting for chat to load...
2026-02-24 15:40:02,168 - whatsapp-action - INFO - Clicking compose box to ensure focus...
2026-02-24 15:40:07,182 - whatsapp-action - WARNING - Selector div[contenteditable="true"][data-tab="10"] failed: Page.wait_for_selector: Timeout 5000ms exceeded.
Call log:
  - waiting for locator("div[contenteditable=\"true\"][data-tab=\"10\"]") to be visible

2026-02-24 15:40:12,191 - whatsapp-action - WARNING - Selector div[contenteditable="true"]._ak1l failed: Page.wait_for_selector: Timeout 5000ms exceeded.
Call log:
  - waiting for locator("div[contenteditable=\"true\"]._ak1l") to be visible

2026-02-24 15:40:12,203 - whatsapp-action - INFO - Found compose box with selector: div[role="textbox"]
2026-02-24 15:40:13,255 - whatsapp-action - INFO - Compose box clicked and focused via JavaScript
2026-02-24 15:40:13,257 - whatsapp-action - INFO - Typing message...
2026-02-24 15:41:15,162 - whatsapp-action - INFO - Attempting to send message...
2026-02-24 15:41:16,164 - whatsapp-action - INFO - Method 1: Trying direct button click...
2026-02-24 15:41:26,181 - whatsapp-action - WARNING - Method 1 failed: Page.wait_for_selector: Timeout 10000ms exceeded.
Call log:
  - waiting for locator("[data-testid=\"send\"]") to be visible

2026-02-24 15:41:26,181 - whatsapp-action - INFO - Method 2: Trying JavaScript click...
2026-02-24 15:41:26,188 - whatsapp-action - WARNING - Method 2 failed: Page.evaluate: TypeError: Cannot read properties of null (reading 'click')
    at eval (eval at evaluate (:290:30), <anonymous>:1:45)
    at eval (<anonymous>)
    at UtilityScript.evaluate (<anonymous>:290:30)
    at UtilityScript.<anonymous> (<anonymous>:1:44)
2026-02-24 15:41:26,189 - whatsapp-action - INFO - Method 3: Trying Enter key...
2026-02-24 15:41:26,248 - whatsapp-action - INFO - ✓ Sent via Enter key
2026-02-24 15:41:31,376 - whatsapp-action - INFO - Verifying message was sent...
2026-02-24 15:41:46,405 - whatsapp-action - ERROR - ✗ Message NOT verified - may not have been sent
2026-02-24 15:41:46,537 - whatsapp-action - ERROR - Verification failed: Message sending could not be verified
2026-02-24 15:41:46,537 - whatsapp-action - ERROR - Action failed on attempt 1: Message sending could not be verified
2026-02-24 15:41:47,124 - whatsapp-action - INFO - Retrying after a short delay...
2026-02-24 15:42:00,535 - whatsapp-action - INFO - Navigating to WhatsApp Web...
2026-02-24 15:42:14,308 - whatsapp-action - INFO - WhatsApp Web loaded - chat pane visible
2026-02-24 15:42:19,309 - whatsapp-action - INFO - Dismissing any popups...
2026-02-24 15:42:24,598 - whatsapp-action - INFO - Searching for contact: Cortex Agents (Agency)
2026-02-24 15:42:29,998 - whatsapp-action - INFO - Opening chat...
2026-02-24 15:42:33,294 - whatsapp-action - INFO - Closing search bar with Escape...
2026-02-24 15:42:36,520 - whatsapp-action - INFO - Waiting for chat to load...
2026-02-24 15:42:39,521 - whatsapp-action - INFO - Clicking compose box to ensure focus...
2026-02-24 15:42:44,533 - whatsapp-action - WARNING - Selector div[contenteditable="true"][data-tab="10"] failed: Page.wait_for_selector: Timeout 5000ms exceeded.
Call log:
  - waiting for locator("div[contenteditable=\"true\"][data-tab=\"10\"]") to be visible

2026-02-24 15:42:49,550 - whatsapp-action - WARNING - Selector div[contenteditable="true"]._ak1l failed: Page.wait_for_selector: Timeout 5000ms exceeded.
Call log:
  - waiting for locator("div[contenteditable=\"true\"]._ak1l") to be visible

2026-02-24 15:42:49,586 - whatsapp-action - INFO - Found compose box with selector: div[role="textbox"]
2026-02-24 15:42:50,640 - whatsapp-action - INFO - Compose box clicked and focused via JavaScript
2026-02-24 15:42:50,641 - whatsapp-action - INFO - Typing message...
2026-02-24 15:43:45,925 - whatsapp-action - INFO - Attempting to send message...
2026-02-24 15:43:46,927 - whatsapp-action - INFO - Method 1: Trying direct button click...
2026-02-24 15:43:56,937 - whatsapp-action - WARNING - Method 1 failed: Page.wait_for_selector: Timeout 10000ms exceeded.
Call log:
  - waiting for locator("[data-testid=\"send\"]") to be visible

2026-02-24 15:43:56,937 - whatsapp-action - INFO - Method 2: Trying JavaScript click...
2026-02-24 15:43:56,944 - whatsapp-action - WARNING - Method 2 failed: Page.evaluate: TypeError: Cannot read properties of null (reading 'click')
    at eval (eval at evaluate (:290:30), <anonymous>:1:45)
    at eval (<anonymous>)
    at UtilityScript.evaluate (<anonymous>:290:30)
    at UtilityScript.<anonymous> (<anonymous>:1:44)
2026-02-24 15:43:56,944 - whatsapp-action - INFO - Method 3: Trying Enter key...
2026-02-24 15:43:57,139 - whatsapp-action - INFO - ✓ Sent via Enter key
2026-02-24 15:44:02,273 - whatsapp-action - INFO - Verifying message was sent...
2026-02-24 15:44:17,379 - whatsapp-action - ERROR - ✗ Message NOT verified - may not have been sent
2026-02-24 15:44:17,724 - whatsapp-action - ERROR - Verification failed: Message sending could not be verified
2026-02-24 15:44:17,725 - whatsapp-action - ERROR - Action failed on attempt 2: Message sending could not be verified
2026-02-24 15:44:22,544 - whatsapp-action - ERROR - A critical error occurred: Message sending could not be verified
2026-02-24 15:49:43,909 - whatsapp-action - INFO - Preparing to send WhatsApp message to Cortex Agents (Agency)...
2026-02-24 15:49:46,476 - whatsapp-action - INFO - Navigating to WhatsApp Web...
2026-02-24 15:50:01,178 - whatsapp-action - INFO - WhatsApp Web loaded - chat pane visible
2026-02-24 15:50:06,180 - whatsapp-action - INFO - Dismissing any popups...
2026-02-24 15:50:11,764 - whatsapp-action - INFO - Searching for contact: Cortex Agents (Agency)
2026-02-24 15:50:17,227 - whatsapp-action - INFO - Opening chat...
2026-02-24 15:50:20,397 - whatsapp-action - INFO - Closing search bar with Escape...
2026-02-24 15:50:23,628 - whatsapp-action - INFO - Waiting for chat to load...
2026-02-24 15:50:26,629 - whatsapp-action - INFO - Clicking compose box to ensure focus...
2026-02-24 15:50:31,660 - whatsapp-action - WARNING - Selector div[contenteditable="true"][data-tab="10"] failed: Page.wait_for_selector: Timeout 5000ms exceeded.
Call log:
  - waiting for locator("div[contenteditable=\"true\"][data-tab=\"10\"]") to be visible

2026-02-24 15:50:36,677 - whatsapp-action - WARNING - Selector div[contenteditable="true"]._ak1l failed: Page.wait_for_selector: Timeout 5000ms exceeded.
Call log:
  - waiting for locator("div[contenteditable=\"true\"]._ak1l") to be visible

2026-02-24 15:50:36,690 - whatsapp-action - INFO - Found compose box with selector: div[role="textbox"]
2026-02-24 15:50:37,725 - whatsapp-action - INFO - Compose box clicked and focused via JavaScript
2026-02-24 15:50:37,726 - whatsapp-action - INFO - Typing message...
2026-02-24 15:51:37,176 - whatsapp-action - INFO - Attempting to send message...
2026-02-24 15:51:38,185 - whatsapp-action - INFO - Method 1: Trying direct button click...
2026-02-24 15:51:48,194 - whatsapp-action - WARNING - Method 1 failed: Page.wait_for_selector: Timeout 10000ms exceeded.
Call log:
  - waiting for locator("[data-testid=\"send\"]") to be visible

2026-02-24 15:51:48,194 - whatsapp-action - INFO - Method 2: Trying JavaScript click...
2026-02-24 15:51:48,205 - whatsapp-action - WARNING - Method 2 failed: Page.evaluate: TypeError: Cannot read properties of null (reading 'click')
    at eval (eval at evaluate (:290:30), <anonymous>:1:45)
    at eval (<anonymous>)
    at UtilityScript.evaluate (<anonymous>:290:30)
    at UtilityScript.<anonymous> (<anonymous>:1:44)
2026-02-24 15:51:48,205 - whatsapp-action - INFO - Method 3: Trying Enter key...
2026-02-24 15:51:48,292 - whatsapp-action - INFO - ✓ Sent via Enter key
2026-02-24 15:51:53,463 - whatsapp-action - INFO - Verifying message was sent...
2026-02-24 15:52:08,501 - whatsapp-action - ERROR - ✗ Message NOT verified - may not have been sent
2026-02-24 15:52:08,671 - whatsapp-action - ERROR - Verification failed: Message sending could not be verified
2026-02-24 15:52:08,671 - whatsapp-action - ERROR - Action failed on attempt 1: Message sending could not be verified
2026-02-24 15:52:09,670 - whatsapp-action - INFO - Retrying after a short delay...
2026-02-24 15:52:25,506 - whatsapp-action - INFO - Navigating to WhatsApp Web...
2026-02-24 15:52:52,102 - whatsapp-action - INFO - WhatsApp Web loaded - chat pane visible
2026-02-24 15:52:57,107 - whatsapp-action - INFO - Dismissing any popups...
2026-02-24 15:53:05,082 - whatsapp-action - INFO - Searching for contact: Cortex Agents (Agency)
2026-02-24 15:53:11,156 - whatsapp-action - INFO - Opening chat...
2026-02-24 15:53:14,407 - whatsapp-action - INFO - Closing search bar with Escape...
2026-02-24 15:53:19,615 - whatsapp-action - INFO - Waiting for chat to load...
2026-02-24 15:53:22,616 - whatsapp-action - INFO - Clicking compose box to ensure focus...
2026-02-24 15:53:27,624 - whatsapp-action - WARNING - Selector div[contenteditable="true"][data-tab="10"] failed: Page.wait_for_selector: Timeout 5000ms exceeded.
Call log:
  - waiting for locator("div[contenteditable=\"true\"][data-tab=\"10\"]") to be visible

2026-02-24 15:53:32,631 - whatsapp-action - WARNING - Selector div[contenteditable="true"]._ak1l failed: Page.wait_for_selector: Timeout 5000ms exceeded.
Call log:
  - waiting for locator("div[contenteditable=\"true\"]._ak1l") to be visible

2026-02-24 15:53:32,645 - whatsapp-action - INFO - Found compose box with selector: div[role="textbox"]
2026-02-24 15:53:33,669 - whatsapp-action - INFO - Compose box clicked and focused via JavaScript
2026-02-24 15:53:33,669 - whatsapp-action - INFO - Typing message...
2026-02-24 15:56:00,098 - whatsapp-action - INFO - Attempting to send message...
2026-02-24 15:56:01,105 - whatsapp-action - INFO - Method 1: Trying direct button click...
2026-02-24 16:06:10,324 - whatsapp-action - INFO - Preparing to send WhatsApp message to Cortex Agents (Agency)...
2026-02-24 16:06:12,755 - whatsapp-action - INFO - Navigating to WhatsApp Web...
2026-02-24 16:06:24,406 - whatsapp-action - INFO - WhatsApp Web loaded - chat pane visible
2026-02-24 16:06:29,407 - whatsapp-action - INFO - Dismissing any popups...
2026-02-24 16:06:35,183 - whatsapp-action - INFO - Searching for contact: Cortex Agents (Agency)
2026-02-24 16:06:35,222 - whatsapp-action - INFO - Found search box with selector: div[contenteditable="true"][data-tab="3"]
2026-02-24 16:06:42,494 - whatsapp-action - INFO - Opening chat with Enter key...
2026-02-24 16:06:45,820 - whatsapp-action - INFO - Waiting for chat to load...
2026-02-24 16:06:47,820 - whatsapp-action - INFO - Clicking compose box to ensure focus...
2026-02-24 16:06:47,849 - whatsapp-action - INFO - Found compose box with selector: div[contenteditable="true"][data-tab="10"]
2026-02-24 16:06:48,888 - whatsapp-action - INFO - Compose box clicked and focused via JavaScript
2026-02-24 16:06:48,889 - whatsapp-action - INFO - Typing message...
2026-02-24 16:07:41,733 - whatsapp-action - INFO - Waiting for send button to appear...
2026-02-24 16:07:44,923 - whatsapp-action - INFO - Attempting to send message...
2026-02-24 16:07:44,923 - whatsapp-action - INFO - Method 1: Trying direct button click...
2026-02-24 16:07:54,946 - whatsapp-action - WARNING - Method 1 failed: Page.wait_for_selector: Timeout 10000ms exceeded.
Call log:
  - waiting for locator("[data-testid=\"send\"]") to be visible

2026-02-24 16:07:54,947 - whatsapp-action - INFO - Method 2: Trying JavaScript click...
2026-02-24 16:07:54,959 - whatsapp-action - WARNING - Method 2 failed: Page.evaluate: TypeError: Cannot read properties of null (reading 'click')
    at eval (eval at evaluate (:290:30), <anonymous>:1:45)
    at eval (<anonymous>)
    at UtilityScript.evaluate (<anonymous>:290:30)
    at UtilityScript.<anonymous> (<anonymous>:1:44)
2026-02-24 16:07:54,960 - whatsapp-action - INFO - Method 3: Trying Enter key...
2026-02-24 16:07:55,554 - whatsapp-action - INFO - ✓ Pressed Enter key
2026-02-24 16:07:58,555 - whatsapp-action - INFO - Waiting for message to send...
2026-02-24 16:08:03,736 - whatsapp-action - INFO - Verifying message was sent...
2026-02-24 16:08:03,756 - whatsapp-action - INFO - Compose box content after send: '
'
2026-02-24 16:08:03,757 - whatsapp-action - INFO - ✓ Compose box is empty - message SENT successfully
2026-02-24 16:23:16,980 - whatsapp-action - INFO - Preparing to send WhatsApp message to Cortex Agents (Agency)...
2026-02-24 16:23:20,285 - whatsapp-action - INFO - Navigating to WhatsApp Web...
2026-02-24 16:23:36,691 - whatsapp-action - INFO - WhatsApp Web loaded - chat pane visible
2026-02-24 16:23:41,691 - whatsapp-action - INFO - Dismissing any popups...
2026-02-24 16:23:46,885 - whatsapp-action - INFO - Searching for contact: Cortex Agents (Agency)
2026-02-24 16:23:46,901 - whatsapp-action - INFO - Found search box with selector: div[contenteditable="true"][data-tab="3"]
2026-02-24 16:23:54,666 - whatsapp-action - INFO - Opening chat with Enter key...
2026-02-24 16:23:58,122 - whatsapp-action - INFO - Waiting for chat to load...
2026-02-24 16:24:00,122 - whatsapp-action - INFO - Clicking compose box to ensure focus...
2026-02-24 16:24:00,142 - whatsapp-action - INFO - Found compose box with selector: div[contenteditable="true"][data-tab="10"]
2026-02-24 16:24:01,172 - whatsapp-action - INFO - Compose box clicked and focused via JavaScript
2026-02-24 16:24:01,172 - whatsapp-action - INFO - Typing message...
2026-02-24 16:24:52,422 - whatsapp-action - INFO - Waiting for send button to appear...
2026-02-24 16:24:55,582 - whatsapp-action - INFO - Attempting to send message...
2026-02-24 16:24:55,582 - whatsapp-action - INFO - Method 1: Trying direct button click...
2026-02-24 16:25:05,595 - whatsapp-action - WARNING - Method 1 failed: Page.wait_for_selector: Timeout 10000ms exceeded.
Call log:
  - waiting for locator("[data-testid=\"send\"]") to be visible

2026-02-24 16:25:05,596 - whatsapp-action - INFO - Method 2: Trying JavaScript click...
2026-02-24 16:25:05,602 - whatsapp-action - WARNING - Method 2 failed: Page.evaluate: TypeError: Cannot read properties of null (reading 'click')
    at eval (eval at evaluate (:290:30), <anonymous>:1:45)
    at eval (<anonymous>)
    at UtilityScript.evaluate (<anonymous>:290:30)
    at UtilityScript.<anonymous> (<anonymous>:1:44)
2026-02-24 16:25:05,602 - whatsapp-action - INFO - Method 3: Trying Enter key...
2026-02-24 16:25:06,155 - whatsapp-action - INFO - ✓ Pressed Enter key
2026-02-24 16:25:09,156 - whatsapp-action - INFO - Waiting for message to send...
2026-02-24 16:25:14,378 - whatsapp-action - INFO - Verifying message was sent...
2026-02-24 16:25:14,397 - whatsapp-action - INFO - Compose box content after send: '
'
2026-02-24 16:25:14,397 - whatsapp-action - INFO - ✓ Compose box is empty - message SENT successfully
2026-02-24 16:38:43,460 - whatsapp-action - INFO - Preparing to send WhatsApp message to Cortex Agents (Agency)...
2026-02-24 16:38:46,439 - whatsapp-action - INFO - Navigating to WhatsApp Web...
2026-02-24 16:39:01,737 - whatsapp-action - INFO - WhatsApp Web loaded - chat pane visible
2026-02-24 16:39:06,738 - whatsapp-action - INFO - Dismissing any popups...
2026-02-24 16:39:12,391 - whatsapp-action - INFO - Searching for contact: Cortex Agents (Agency)
2026-02-24 16:39:12,409 - whatsapp-action - INFO - Found search box with selector: div[contenteditable="true"][data-tab="3"]
2026-02-24 16:39:19,951 - whatsapp-action - INFO - Opening chat with Enter key...
2026-02-24 16:39:23,361 - whatsapp-action - INFO - Waiting for chat to load...
2026-02-24 16:39:25,362 - whatsapp-action - INFO - Clicking compose box to ensure focus...
2026-02-24 16:39:25,381 - whatsapp-action - INFO - Found compose box with selector: div[contenteditable="true"][data-tab="10"]
2026-02-24 16:39:26,402 - whatsapp-action - INFO - Compose box clicked and focused via JavaScript
2026-02-24 16:39:26,403 - whatsapp-action - INFO - Typing message...
2026-02-24 16:39:35,084 - whatsapp-action - INFO - Waiting for send button to appear...
2026-02-24 16:39:38,271 - whatsapp-action - INFO - Attempting to send message...
2026-02-24 16:39:38,271 - whatsapp-action - INFO - Method 1: Trying direct button click...
2026-02-24 16:39:48,299 - whatsapp-action - WARNING - Method 1 failed: Page.wait_for_selector: Timeout 10000ms exceeded.
Call log:
  - waiting for locator("[data-testid=\"send\"]") to be visible

2026-02-24 16:39:48,299 - whatsapp-action - INFO - Method 2: Trying JavaScript click...
2026-02-24 16:39:48,312 - whatsapp-action - WARNING - Method 2 failed: Page.evaluate: TypeError: Cannot read properties of null (reading 'click')
    at eval (eval at evaluate (:290:30), <anonymous>:1:45)
    at eval (<anonymous>)
    at UtilityScript.evaluate (<anonymous>:290:30)
    at UtilityScript.<anonymous> (<anonymous>:1:44)
2026-02-24 16:39:48,313 - whatsapp-action - INFO - Method 3: Trying Enter key...
2026-02-24 16:39:49,158 - whatsapp-action - INFO - ✓ Pressed Enter key
2026-02-24 16:39:52,159 - whatsapp-action - INFO - Waiting for message to send...
2026-02-24 16:39:57,351 - whatsapp-action - INFO - Verifying message was sent...
2026-02-24 16:39:57,378 - whatsapp-action - INFO - Compose box content after send: '
'
2026-02-24 16:39:57,379 - whatsapp-action - INFO - ✓ Compose box is empty - message SENT successfully
2026-02-24 16:40:14,474 - whatsapp-action - INFO - Preparing to send WhatsApp message to Cortex Agents (Agency)...
2026-02-24 16:40:17,806 - whatsapp-action - INFO - Navigating to WhatsApp Web...
2026-02-24 16:40:34,280 - whatsapp-action - INFO - WhatsApp Web loaded - chat pane visible
2026-02-24 16:40:39,281 - whatsapp-action - INFO - Dismissing any popups...
2026-02-24 16:40:44,818 - whatsapp-action - INFO - Searching for contact: Cortex Agents (Agency)
2026-02-24 16:40:44,837 - whatsapp-action - INFO - Found search box with selector: div[contenteditable="true"][data-tab="3"]
2026-02-24 16:40:52,520 - whatsapp-action - INFO - Opening chat with Enter key...
2026-02-24 16:40:56,110 - whatsapp-action - INFO - Waiting for chat to load...
2026-02-24 16:40:58,111 - whatsapp-action - INFO - Clicking compose box to ensure focus...
2026-02-24 16:40:58,126 - whatsapp-action - INFO - Found compose box with selector: div[contenteditable="true"][data-tab="10"]
2026-02-24 16:40:59,141 - whatsapp-action - INFO - Compose box clicked and focused via JavaScript
2026-02-24 16:40:59,142 - whatsapp-action - INFO - Typing message...
2026-02-24 16:41:22,991 - whatsapp-action - INFO - Waiting for send button to appear...
2026-02-24 16:41:26,229 - whatsapp-action - INFO - Attempting to send message...
2026-02-24 16:41:26,230 - whatsapp-action - INFO - Method 1: Trying direct button click...
2026-02-24 16:41:36,248 - whatsapp-action - WARNING - Method 1 failed: Page.wait_for_selector: Timeout 10000ms exceeded.
Call log:
  - waiting for locator("[data-testid=\"send\"]") to be visible

2026-02-24 16:41:36,249 - whatsapp-action - INFO - Method 2: Trying JavaScript click...
2026-02-24 16:41:36,264 - whatsapp-action - WARNING - Method 2 failed: Page.evaluate: TypeError: Cannot read properties of null (reading 'click')
    at eval (eval at evaluate (:290:30), <anonymous>:1:45)
    at eval (<anonymous>)
    at UtilityScript.evaluate (<anonymous>:290:30)
    at UtilityScript.<anonymous> (<anonymous>:1:44)
2026-02-24 16:41:36,265 - whatsapp-action - INFO - Method 3: Trying Enter key...
2026-02-24 16:41:36,886 - whatsapp-action - INFO - ✓ Pressed Enter key
2026-02-24 16:41:39,887 - whatsapp-action - INFO - Waiting for message to send...
2026-02-24 16:41:45,130 - whatsapp-action - INFO - Verifying message was sent...
2026-02-24 16:41:45,156 - whatsapp-action - INFO - Compose box content after send: '
'
2026-02-24 16:41:45,156 - whatsapp-action - INFO - ✓ Compose box is empty - message SENT successfully
